pub,topic_code,topic_name,country,is_cn,year,func,scene,princ,in_degree
US20040102828A1,A61N1,电疗器械,美国,0,2003,刺激参数控制|植入颅内电极,神经刺激|脑电图分析,电极,244.0
US20060015153A1,A61N1,电疗器械,美国,0,2005,施加测试刺激信号|根据第一组刺激参数在第一时域上施加刺激|根据第二组刺激参数在第二时域上施加刺激|突发模式刺激|调节刺激参数,神经刺激,亚阈值、阈值和/或超阈值水平刺激|周期性、非周期性和/或伪随机方式刺激|固有脑电波频率,829.0
US20050021105A1,A61N1,电疗器械,美国,0,2004,对脑进行电刺激|将刺激部位神经元的静止膜电位增加到亚阈值水平|电信号递送|识别神经可塑性存在的位置|诱导神经可塑性,增强正常健康大脑的神经功能|治疗|神经治疗|脑深部刺激|脑疾病治疗,神经可塑性|静止膜电位增加到亚阈值水平,223.0
US20030130706A1,A61N1,电疗器械,美国,0,2002,将刺激部位神经元的静止膜电位增加到亚阈值水平|识别神经可塑性存在的位置|诱导神经可塑性|颅内电刺激,疼痛控制|脑损伤治疗|脑疾病治疗|认知增强,神经可塑性|脑的功能组织,238.0
US7146217B2,A61N1,电疗器械,美国,0,2002,使用电脉冲|对脑进行电刺激|将刺激部位神经元的静止膜电位增加到亚阈值水平|电信号递送|识别神经可塑性存在的位置,增强正常健康大脑的神经功能|治疗|神经治疗|脑深部刺激|脑疾病治疗,刺激部位神经元的静止膜电位增加到亚阈值水平|神经可塑性,204.0
US20080161879A1,A61B1,内窥镜检查,美国,0,2007,电脉冲刺激|识别神经可塑性存在的位置|诱导神经可塑性|颅内电刺激,增强正常健康大脑的神经功能|疼痛控制|脑损伤治疗|脑疾病治疗,亚阈值刺激|神经可塑性,86.0
US20080161880A1,A61N1,电疗器械,美国,0,2007,将刺激部位神经元的静止膜电位增加到亚阈值水平|识别神经可塑性存在的位置|诱导神经可塑性|颅内电刺激,增强正常健康大脑的神经功能|疼痛控制|脑损伤治疗|脑深部刺激|脑疾病治疗,亚阈值刺激|神经可塑性|脑的功能组织,80.0
US20080161881A1,A61N1,电疗器械,美国,0,2007,使用电脉冲|对脑进行电刺激|识别神经可塑性存在的位置|诱导神经可塑性,增强正常健康大脑的神经功能|治疗|神经治疗|脑深部刺激|脑疾病治疗,刺激部位神经元的静止膜电位增加到亚阈值水平|神经可塑性,101.0
US7010351B2,A61N1,电疗器械,美国,0,2001,将刺激部位神经元的静止膜电位增加到亚阈值水平|识别神经可塑性存在的位置|诱导神经可塑性|颅内电刺激,疼痛控制|脑损伤治疗|脑深部刺激|脑疾病治疗|认知增强,亚阈值刺激|神经可塑性|脑的功能组织,363.0
US20120041498A1,A61N1,电疗器械,美国,0,2011,周期性刺激施加|施加刺激信号|施加电磁刺激|调整刺激参数,患者|神经系统,亚阈值、阈值和/或超阈值水平刺激|电磁刺激|突发模式|降低的功耗,33.0
US20040019370A1,A61N1,电疗器械,美国,0,2003,施加测试刺激信号|监测患者响应|确定神经刺激阈值,长期监测和/或刺激,神经刺激阈值|第二神经刺激阈值,150.0
US20070043392A1,A61N1,电疗器械,美国,0,2006,施加测试刺激信号|生成第二刺激|确定神经刺激阈值,长期监测和/或刺激,神经刺激阈值|第二神经刺激阈值,87.0
US7620456B2,A61N1,电疗器械,美国,0,2006,施加测试刺激信号|生成第二刺激|确定神经刺激阈值,长期监测和/或刺激,,87.0
US20060200206A1,A61N1,电疗器械,美国,0,2006,电脉冲刺激|识别神经可塑性位置|诱导神经可塑性|颅内电刺激,疼痛控制|脑损伤治疗|脑深部刺激|脑疾病治疗|认知增强,刺激部位神经元的静止膜电位增加到亚阈值水平|神经可塑性,114.0
US7483747B2,A61N1,电疗器械,美国,0,2005,施加刺激信号|施加电磁刺激|采用周期性的、非周期性的(例如，混沌的)和/或伪随机的方式施加刺激,患者|神经系统,占空比、振幅、脉冲重复频率、脉冲宽度、时空和/或极性变化|电磁刺激|突发内刺激参数|突发间频率,333.0
US20060190056A1,A61N1,电疗器械,美国,0,2006,传感器与患者头部接触|刺激单元|可植入脉冲发生器,,信号极性偏置,113.0
US7684866B2,A61N1,电疗器械,美国,0,2004,以第一信号极性偏置|以第二信号极性偏置,神经刺激,,186.0
US20090182391A1,A61N1,电疗器械,美国,0,2008,信号极性偏置|可植入脉冲发生器|神经刺激,,刺激单元|导电元件|支撑构件|第一端子|第二端子,7.0
WO2006019764A2,A61N1,电疗器械,世界知识产权组织,0,2005,分时域刺激|周期性、非周期性（混沌）、伪随机方式刺激|改变intraburst刺激参数|改变占空周期、振幅、脉冲重复频率、脉冲宽度、时空、极性|施加亚阈值、阈值、suprathreshold水平的刺激|施加测试刺激信号|调节刺激参数,神经系统刺激,刺激信号提供减少功率消耗与至少足够的症状缓解|固有脑电波频率,61.0
US8126562B2,A61N1,电疗器械,美国,0,2008,传感器与患者头部接触|刺激单元|可植入脉冲发生器,,信号极性偏置|刺激部位,31.0
WO2004066820A2,,,世界知识产权组织,0,2004,测试程序|确定刺激阈值,神经刺激,神经刺激阈值|第二神经刺激阈值,38.0
CN111200967A,A61B5,身体诊断测量,中国,1,2018,产生刺激|在施加所述第一刺激期间至少部分地检测由植入所述大脑中的所述至少一个电极中的一个或多个处的神经元活动引起的在约200Hz与约500Hz之间的高频振荡(HFO)|施加刺激到电极|确定所述HFO的一个或多个波形特性,,,2.0
CN111200967B,A61B5,身体诊断测量,中国,1,2018,产生包括第二多个刺激突发的第二刺激，其中所述第二刺激的一个或多个波形特性取决于所述HFO的一个或多个波形特性|在施加所述第一刺激期间至少部分地检测由植入所述大脑中的所述至少一个电极中的一个或多个处的神经元活动引起的在约200Hz与约500Hz之间的高频振荡(HFO)|施加刺激到电极|确定所述HFO的一个或多个波形特性,,,0.0
EP3629913B1,A61B5,身体诊断测量,欧洲专利局,0,2018,施加第二刺激|生成第二刺激|确定波形特征|神经活动检测|递送第二刺激,大脑刺激监测,波形特征反馈调节刺激|神经元活动产生高频振荡,1.0
EP3629913C0,A61B5,身体诊断测量,欧洲专利局,0,2018,施加第二刺激|生成第二刺激|确定波形特征|神经活动检测|递送第二刺激,神经活动监测,刺激响应机制|高频振荡特征反馈,0.0
US6873872B2,A61N1,电疗器械,美国,0,2002,施加定向电场|测量神经元活性|细胞分化,帕金森病|感觉（味道或气味）|活动识别|癫痫,亚阈值电场有效减少脑的异常活动|电场的大小和极性响应于所测量的神经元活性而改变,192.0
US20090018609A1,A61N1,电疗器械,美国,0,2008,治疗参数产生|神经响应确定|神经控制系统|闭环控制,神经系统部件调节|精神疾病|颅内(IC)刺激,治疗参数产生|神经响应导出|闭环反馈驱动,194.0
WO2012088482A1,A61N1,电疗器械,世界知识产权组织,0,2011,度量值比较|神经响应确定|调节电流|输送电能量|选择电极配置|重复步骤,神经刺激,度量值与参考阈值比较|神经反应诱导预测,91.0
US11583678B2,A61B5,身体诊断测量,美国,0,2020,从神经信号检测神经反应的一个或多个属性|使用多个电极递送神经刺激能量|针对神经退行性疾病的一个或多个指示分析神经反应的检测到的一个或多个属性,患者,神经反应的一个或多个属性|神经退行性疾病的一个或多个指示,2.0
US20110313483A1,A61N1,电疗器械,美国,0,2011,捕获验证|检测诱发响应|调整刺激参数,神经刺激,通过检测诱发响应来验证刺激是否捕获迷走神经,101.0
US6819956B2,A61N1,电疗器械,美国,0,2001,感觉反馈|治疗参数导出|神经调制,神经疾病治疗|运动障碍治疗,治疗响应|神经活动调节|神经疾病状态,654.0
US20100023089A1,A61M37,药物导入装置,美国,0,2009,产生神经调节信号|从对先前递送的神经调制信号的神经响应中导出治疗参数|神经控制系统|通过一个或多个神经调节器递送到神经系统部件,神经系统,感测指示神经或精神状况的特定特征|神经调节信号控制神经状态,117.0
US6366813B1,A61N1,电疗器械,美国,0,1999,以感觉反馈形式的神经响应确定治疗参数|根据治疗参数产生神经调制信号|治疗参数导出,神经疾病|颅内刺激,神经活动调节,1108.0
US20080103547A1,A61N1,电疗器械,美国,0,2007,使用两个或多个电引线|用多根电极刺激受试者的丘脑腹侧中间核(VIM)和口腹侧核(VOA/VOP),代谢/进食障碍|治疗多种脑相关疾病|深部脑刺激(DBS)手术|疼痛控制|精神疾病|记忆障碍|运动相关疾病,,114.0
CN108309285A,A61B5,身体诊断测量,中国,1,2017,决定频率比例关系|取得脑电讯号|频域分析处理,生理共振刺激|电刺激,生理共振|频率比例关系,16.0
US8855775B2,A61N1,电疗器械,美国,0,2012,控制感测组件被供电以获取信号的时间与刺激组件被供电以刺激对象的时间显著不同,神经功能障碍检测,通过控制感测与刺激的时间间隔显著不同，减少刺激信号对感测信号的干扰,62.0
US8524311B1,A61N1,电疗器械,美国,0,2007,在绝缘体聚合物基层上沉积金属迹线层|处理绝缘体聚合物层|施加光刻胶层并图案化|沉积顶部绝缘体聚合物层|活化绝缘体聚合物基层,人工视觉|视网膜刺激,聚合物材料作为电极阵列体|通过图案化金属层产生电极和引线|通过涂覆第二层聚合物并图案化留下开口,19.0
US20050154435A1,A61N1,电疗器械,美国,0,2004,建立预期类型的刺激场分布|提供电刺激|监测神经电活动|监测配置,,,154.0
CN117180612B,A61N1,电疗器械,中国,1,2023,使递送电刺激的刺激触点和同时采集生理信号的采集触点相隔离|接收脉冲发生器的选通指令并生成开关控制信号|根据开关控制信号建立多路选通通道,植入式医疗设备,开关控制信号用于使递送电刺激的刺激触点和同时采集生理信号的采集触点相隔离|通过控制模块、阵列开关和电极阵列模块组成的电极,0.0
CN117180612A,A61N1,电疗器械,中国,1,2023,使递送电刺激的刺激触点和同时采集生理信号的采集触点相隔离|接收脉冲发生器的选通指令并生成开关控制信号|根据开关控制信号建立多路选通通道,植入式医疗设备,通过控制模块、阵列开关和电极阵列模块组成的电极，在患者体内同时实现电刺激和生理信号采集,6.0
WO2010055421A1,A61N1,电疗器械,世界知识产权组织,0,2009,制造和使用相同的方法|微电极阵列装置|高局部和高效的电刺激,动物神经系统|深的人的脑内,,112.0
US20240226565A9,A61N1,电疗器械,美国,0,2022,具有单独的通道连接的插入器导电地结合到单独的细长引线连接|基底设置|引线连接|柔性生物相容性聚合物使各个细长引线连接绝缘并支撑阵列|灌注通孔贯穿基板设置,临床使用,,0.0
US6665562B2,A66N1,未知分类,美国,0,2000,原位施加亚阈值和定向电场|响应于所测量的神经元活性改变电场大小和极性|施加定向电场|测量神经元活性,听觉活动恢复|帕金森病|感觉功能恢复|癫痫|药物测试|视觉活动恢复|身体活动恢复|运动活动恢复,亚阈值电场抑制异常活动|电场调制神经元活性,204.0
US10449357B2,A61N1,电疗器械,美国,0,2017,利用机器学习专家系统|基于神经活动的一个或多个特征预测|施加电刺激|记录神经活动的NRT测量值,神经系统,NRT测量值|决策树,0.0
US20040186532A1,A61N1,电疗器械,美国,0,2004,化学刺激|电刺激|组合的电和化学刺激,,,200.0
US12377274B2,A61N1,电疗器械,美国,0,2022,从信号中的每一个提取一个或多个波形特征|使用系列中的未被破坏的神经响应信号和/或问题神经响应信号的未被破坏的部分来内插用于被破坏的信号的波形特征的值|检查，以确定和分类记录的神经反应信号或其部分中的任何一个是否被破坏|记录一系列诱发神经反应信号,刺激参数优化|引线植入/定位|深部脑刺激治疗,使用未被破坏的信号或其部分来内插|波形特征可以用作生物标记和/或控制信号,0.0
US20250010078A1,A61N1,电疗器械,美国,0,2024,利用神经记录帮助确定神经刺激设置|测试神经刺激设置|测量神经刺激对神经活动的影响,脑深部刺激治疗癫痫,,0.0
US20110130615A1,A61N2,磁疗器械,美国,0,2010,使用多种治疗方式进行深部或浅部深部脑刺激|协调控制能量发射的方向、强度、会话持续时间、频率、脉冲串持续时间、相位和会话次数|辅助监测或成像来提供反馈,功能刺激|深部脑刺激|神经刺激疗法|经颅直流电刺激,影响一个神经回路中的多个点或多个神经回路中的一个或多个点|长期增强(LTP)或长期抑郁(LTD),76.0
US12376780B2,A61B5,身体诊断测量,美国,0,2021,从与目标结构接触地植入的至少一个电极获得神经测量|向脑的目标结构施加刺激|捕获在刺激开始后1.5-10ms的时间段内出现的神经反应,术中变化监测|深部脑刺激的治疗范围评估|疾病进展监测|药物疗效评估,晚期反应是有用的生物标志物,0.0
EP3684463A1,A61N1,电疗器械,欧洲专利局,0,2018,用至少一个自动处理器处理所确定的脑电波模式|确定反映熟练受试者神经元活动的脑电波模式|通过选自感觉刺激、外周刺激、经颅刺激和深部脑刺激的刺激使受检者训练经受脑夹带,,依赖于从反映熟练受试者神经元活动的脑电波中提取的经处理的时间模式|脑夹带,1.0
US2016220836A1,A61N1,电疗器械,美国,0,2016,估计期望的脑电图节律相位的下一次出现|使脑刺激脉冲与自然发生的脑节律同步定时发生|执行实时信号分析|提取频域相位信息|电刺激,神经系统疾病的治疗,同步定时|锁相|频域相位信息,0.0
CN110325237A,A61M21,精神治疗装置,中国,1,2017,刺激发生器|神经刺激|经皮递送,学习,神经调节,2.0
EP1335668A1,A61B5,身体诊断测量,欧洲专利局,0,2001,刺激患者的神经组织|植入深度电极|确定兴奋性和难治性参数,癫痫发作|神经功能障碍,基于测得的电生理参数进行识别|通过刺激神经组织确定参数,38.0
EP1335668B1,A61B5,身体诊断测量,欧洲专利局,0,2001,刺激神经组织|测定电生理参数|确定兴奋性和难治性参数,癫痫发作预测|神经功能障碍检测,兴奋性和难治性(或抑制周期)的参数与异常神经活性的关联,9.0
WO2021118383A1,A61H1,物理康复器械,世界知识产权组织,0,2019,以计算机屏幕上虚拟物体的运动形式提供视觉模态反馈|使用脉冲信号对手臂肌肉进行功能性电刺激|练习执行针对抓取、握持、转移和释放物体的循环运动,,,3.0
JP2023509633A,A61N1,电疗器械,日本,0,2020,定义刺激参数值|显示脑信号信息|递送电刺激,临床医生|患者,,0.0
EP4221819A1,A61N1,电疗器械,欧洲专利局,0,2021,显示脑信号信息及刺激参数值|检测电生理信号|管理电刺激治疗|识别电极组合,感测生理信号|电刺激治疗,,0.0
US20020072770A1,A61N1,电疗器械,美国,0,2001,传送非响应性电刺激信号|使异常同步的脑电活动不同步|电刺激信号传送,治疗疾病|癫痫,去同步化|降低癫痫发作的可能性,207.0
US20020077670A1,A61N1,电疗器械,美国,0,2001,传送非响应性电刺激信号|电刺激信号传送,治疗疾病|癫痫,刺激|非响应性电刺激,293.0
US7174213B2,A61N1,电疗器械,美国,0,2001,传送响应性电刺激信号|传送非响应性电刺激信号,治疗疾病|癫痫,刺激|非响应性电刺激信号被施加到中枢神经系统以降低癫痫发作可能性,106.0
US9440064B2,A61B5,身体诊断测量,美国,0,2014,刺激控制|聚焦刺激源|识别接口定位|识别附件|诱导神经调节,孤独症|抑郁症|昏迷|疼痛控制|癫痫|神经系统疾病的治疗|神经系统疾病的诊断|运动障碍|阿尔茨海默病,神经调节|颅骨/脑界面刺激,36.0
DE102012002437A1,A61N1,电疗器械,德国,0,2012,时间-延迟刺激|相-复位刺激|选择刺激触点,刺激患者的脑中神经元和/或脊髓,时间延迟刺激抑制病理同步振荡|相-复位机制,21.0
WO2023147514A1,A61N1,电疗器械,世界知识产权组织,0,2023,脉冲递送|随机化刺激,,,0.0
KR102928977B1,A61N1,电疗器械,韩国,0,2023,基于实时脑信号向需要康复治疗的对象诱导电刺激和触觉刺激|将测量的脑活动信号与预设的参考脑活动信号进行比较|检测需要进行康复治疗的脑活动感兴趣区域,康复治疗,通过向受试者的大脑施加电刺激来控制受试者的大脑活动|通过诱发被检体的触觉刺激行为，控制被检体的脑活动,0.0
US20230055962A1,A61N2,磁疗器械,美国,0,2022,将磁刺激与感官刺激组合,向患者施用多重刺激,影响人的EEG带的固有频率,11.0
US2020138324A1,A61N1,电疗器械,美国,0,2018,施加第二刺激|检测高频振荡(HFO)|生成第二刺激|确定波形特征|递送第二刺激,大脑神经活动监测,相-复位机制|高频振荡波形特征反馈调节刺激,0.0
US12409325B2,A61N1,电疗器械,美国,0,2022,刺激参数调整|基于感测到的生物电反应，推导出神经兴奋性曲线|感测受刺激的传入感觉神经纤维的生物电反应|脉冲递送,计算机脑接口设备,传入感觉神经纤维的非线性动态激发行为,0.0
WO2024178317A3,A61B5,身体诊断测量,世界知识产权组织,0,2024,刺激发生器|双重作用微型电极|局部放大和多路复用|感测组件|闭环可植入神经接口,外部处理单元|大脑内,信号引线|神经元生成的电信号|集成电子电路,0.0
US11992685B2,A61N1,电疗器械,美国,0,2021,将所选择的相位同步计算与神经学或神经生理学状况的预测或检测相关联|确定神经生理信号之间的相位同步性,向受试者递送刺激,相位同步性,6.0
CN108379736B,A61N1,电疗器械,中国,1,2015,时序关系的脉冲刺激|电压检测电路|诱发神经元爆发动作电位|输出控制电路,医疗器械领域|恢复具有生理功能的神经活动|激发神经活动,,0.0
WO2007049105A1,A61N1,电疗器械,世界知识产权组织,0,2006,刺激参数调整|确定反馈刺激参数|适应治疗连续地对该患者的临床状态|采集表征信号,神经刺激疗法|神经疾病治疗,基于表征信号确定反馈刺激参数|通过分析水平调整和优化生物电的信号,12.0
WO2023081218A1,A61N1,电疗器械,世界知识产权组织,0,2022,提供刺激|机器学习疼痛解码器模型|检测神经信号|监测脑电图信号,疼痛控制,疼痛指示,1.0
CA3237603A1,A61N1,电疗器械,加拿大,0,2022,机器学习疼痛解码器模型|检测神经信号|监测脑电图信号,疼痛控制,疼痛指示,0.0
US8412332B2,A61N1,电疗器械,美国,0,2008,产生脑刺激电流|感应电压|植入脑内,,电磁场感应|自包含系统,16.0
US8521294B2,A61N1,电疗器械,美国,0,2009,基于点处理模型确定校正电刺激信号的特征|施用校正的电刺激信号|预测未来的神经活动,,点处理模型,20.0
US11712564B2,A61N1,电疗器械,美国,0,2021,使用所述一个或多个客观度量和相关联的刺激参数集来生成患者特异性响应模型|使用每组刺激参数的患者数据来确定一个或多个客观度量|将优化算法应用于所生成的响应模型以确定一个或多个刺激参数的候选集合|接收患者数据和由神经刺激设备递送给患者的刺激相关联的刺激参数集合,脑深部刺激,,3.0
US20220266022A1,A61N1,电疗器械,美国,0,2022,从信号中提取一个或多个特征|使用一个或多个分类准则来处理和分析电信号|用作生物标记|神经刺激治疗|记录脑电图信号,协同复位神经调节|多位点刺激范例,本质上是振荡的和/或共振的被诱发的神经响应|闭环反馈控制,9.0
EP4429757A4,A61N1,电疗器械,欧洲专利局,0,2022,机器学习疼痛解码器模型|监测脑电图信号|闭环神经接口,,,0.0
JP5775066B2,A61N2,磁疗器械,日本,0,2010,交叉进行|治疗递送|认知训练,神经系统疾病的治疗,活化在预定的时间发生,3.0
US9199089B2,A61N1,电疗器械,美国,0,2012,闭环神经接口,,,49.0
US7050856B2,A61N1,电疗器械,美国,0,2002,刺激参数中的至少一个是伪随机变化的|基于具有伪随机变化的第一刺激参数并且基于规定第一参数中的变化如何影响第二参数的期望值的预定关系来改变第二刺激参数|改变刺激参数,,,168.0
WO2020003173A1,A61B5,身体诊断测量,世界知识产权组织,0,2019,改变自然刺激信号|脑电图测量|调整改变,神经病学病变|阿尔茨海默病,以诱发脑电波刺激的频率改变自然刺激信号,2.0
WO9745160A1,A61N1,电疗器械,世界知识产权组织,0,1997,经血管刺激神经或神经干|调节神经可塑性|迷走神经的电刺激,人类和动物中治疗持续性障碍的意识的调节,调节大脑神经的可塑性,59.0
WO2012129574A2,A61B5,身体诊断测量,世界知识产权组织,0,2012,与外部计算设备通信|使用传感器数据|电极装置放置,,,149.0
WO2022182892A1,A61N1,电疗器械,世界知识产权组织,0,2022,电刺激递送|递送电刺激,深部脑刺激,电刺激,0.0
WO2022033039A1,A61N1,电疗器械,世界知识产权组织,0,2021,利用光刺激的高度选择性|利用水凝胶电极的生物相容性和导光导电特性|将电刺激调整为亚阈值刺激状态,,基于脑电信号的光电组合刺激方式|水凝胶电极的生物相容性和导光导电特性,5.0
US20230381512A1,A61N1,电疗器械,美国,0,2023,个性化靶向非侵入性刺激|使用个体患者的数据来识别最佳治疗目标|数据处理|治疗递送|确定刺激强度、频率或波形,临床症状改善|神经刺激疗法|经颅电磁感应|脑代谢调节|认知功能恢复,局部脑代谢的变化|皮质兴奋性调节|神经可塑性|经颅电磁感应,10.0
US20140243931A1,A61N1,电疗器械,美国,0,2012,使用电极阵列和刺激的适当相对定时|在第一刺激之后的不应期内递送第二刺激|征募纤维群|施加被配置成在抑制心理物理副作用的同时产生治疗效果的刺激序列,神经刺激,不应期|同步或去同步|纤维群征募,96.0
WO2011013041A1,A61N1,电疗器械,世界知识产权组织,0,2010,加工所获得的信号|将空间分布的刺激幅度施加到阵列的刺激电极|接收所获得的信号|确定空间分布刺激的幅度,,,5.0
US20010029391A1,A61N1,电疗器械,美国,0,2000,响应于所测量的神经元活性改变施加电场的大小和极性|将亚阈值和定向电场原位施加到患者的脑|将定向电场施加到所述神经系统|测量神经元活性|通过与脑接触的场电极施加电场,听觉活动恢复|感觉恢复|脑疾病治疗|药物测试|视觉活动恢复|身体活动恢复|运动活动恢复,亚阈值电场|定向电场调制|电场响应机制,89.0
US20100130844A1,A61N1,电疗器械,美国,0,2008,在收缩配置和膨胀配置之间移动|触点与皮层表面接合,皮层刺激|皮层记录,柔性元件的收缩和膨胀配置|触点与皮层表面的接合,58.0
WO0141867A1,A61N1,电疗器械,世界知识产权组织,0,2000,改变电场大小和极性|施加定向电场|测量神经元活性,慢性疼痛治疗|癫痫|脑疾病治疗,亚阈值电场,34.0
US20040158298A1,A61N1,电疗器械,美国,0,2001,生成命令信号|确定期望刺激|确定期望配置|评估响应信号,感测位置|植入式医疗设备,,295.0
US6339725B1,A61N1,电疗器械,美国,0,2000,电刺激信号|调节脑的预选部分的活性|调节迷走神经|选择合适的人或动物受试者,人类和动物中治疗持续性障碍的意识的调节|改善从外伤性脑损伤的恢复|改善记忆和学习|治疗记忆障碍和慢性记忆障碍|调节脑神经可塑性|预防癫痫,迷走神经刺激|通过调节迷走神经的电活性来调节脑的预选部分的活性,449.0
US8489185B2,A61N1,电疗器械,美国,0,2009,定时控制|成对训练|神经刺激,中风|创伤后应激障碍|外伤性脑损伤|康复|提高成绩的训练|治疗|治疗耳鸣,大脑可塑性|迷走神经刺激影响皮层下区域,19.0
CN108379736A,A61N1,电疗器械,中国,1,2015,电压检测|电压比较|脉冲刺激|输出控制,医疗器械领域|激发和恢复某些具有生理功能的神经活动,刺激参数设置|神经元激活,0.0
US20070043401A1,A61N1,电疗器械,美国,0,2006,以差分方式增加、减少或以其它方式调制网络区域活动|使用脑网络建模的网络功能成像数据来启动/调整治疗|实现对与脑障碍相关联的一个或多个脑网络的治疗|链接规则在治疗的设置和随后的调整中进行指导,中枢神经系统疾病的治疗|脑障碍的治疗,电学或化学(相对)特性保持在特定的范围内|脑网络,115.0
US20080004660A1,A61N1,电疗器械,美国,0,2007,刺激激活和抑制脑中神经元|基于脑中天然存在的电和化学活性改变神经元的放电节律|建立通信,,神经元激活|通过反馈过程控制神经元的刺激,42.0
WO2018213872A1,A61B5,身体诊断测量,世界知识产权组织,0,2018,刺激施加第二到一个或多个所述至少一个电极植入脑中|施加第一的一个或多个的至少一个刺激电极植入脑中|检测高频振荡大约200Hz和大约500Hz之间由于神经元活动在一个或多个所述至少一个电极植入脑中的至少部分的过程中|生成包括多个突发脉冲串第二的第二刺激的刺激|确定这些HFO的一个或多个波形特性,,,26.0
WO2025083498A1,A61N1,电疗器械,世界知识产权组织,0,2024,与目标阈值进行比较|植入非血管内引线,神经刺激疗法试验,,0.0
US20090234419A1,A61N1,电疗器械,美国,0,2009,化学刺激|感测能力|电刺激|磁刺激|脑深部刺激|迷走神经刺激,癫痫治疗,增强症状缓解|神经元活动调节,150.0
US7555344B2,A61N1,电疗器械,美国,0,2005,优化治疗方案|化学刺激|感测能力|电刺激|磁刺激|脑深部刺激|迷走神经刺激,癫痫|神经刺激疗法,刺激脑的某些区域|神经元活动调节,34.0
WO2017143185A1,A61B5,身体诊断测量,世界知识产权组织,0,2017,传送电脉冲刺激|分析神经活动|无线神经刺激|检测神经活性|确定是否已经检测到事件,,,8.0
WO2021146774A1,A61N1,电疗器械,世界知识产权组织,0,2021,产生包括多个脉冲的治疗信号，所述多个脉冲中的至少两个脉冲由所述第一时间段分开|将探针信号施加到植入脑的目标神经结构中或其附近的电极|将治疗信号施加到植入目标神经结构中或其附近的电极或另一电极|检测由探针信号引起的来自目标神经结构的第一响应|确定所述探测信号的施加与所述响应的第一时间特征之间的第一时间段,,,2.0
WO2025264492A1,A61N1,电疗器械,世界知识产权组织,0,2025,感测脑电波信号|比较感测到的响应与期望目标响应|确定响应|调整刺激参数,神经刺激设备编程,脑电波信号反映对神经刺激的响应,0.0
US10596379B2,A61N1,电疗器械,美国,0,2016,基于具有饱和趋势的传递函数来控制刺激信号的至少一个参数|将该参数保持在预定的刺激范围内|感测脑电波信号|确定频带功率,,具有饱和趋势的传递函数|刺激参数设置,11.0
US2022152392A1,A61N1,电疗器械,美国,0,2020,分析第一子信号以获得固有频率序列|对脑电波信号进行分解|将固有频率序列和布尔信号作为一组刺激参数输出|将第二子信号转换为布尔信号,,,0.0
CN210843047U,A61B5,身体诊断测量,中国,1,2019,使电极头保持远离腔体的趋势|将电极头设成可相对腔体轴向移动|随受测者前额位置自动调节电极头与腔体的相对位置,脑电检测终端,电极位置调节,14.0
CN117398112A,A61B5,身体诊断测量,中国,1,2023,实时反馈|控制刺激参数|观察脑电活动变化|采集任务态的脑电数据|采集静息态的脑电数据,,,13.0
US8892208B2,A61N1,电疗器械,美国,0,2013,RF-DC转换|基于处理后的神经信号确定用于深部脑刺激的最佳刺激参数|处理信号|将信号编码和滤波到对数域|接收局部场电位神经信号|无线传输数据,,,22.0
US2018221620A1,A61N1,电疗器械,美国,0,2016,制定治疗方案|非侵入性刺激,治疗病症|调节中枢神经系统,感觉通路|脑网络,0.0
US10946165B2,A61N1,电疗器械,美国,0,2016,单独或组合使用|开发以期望方式修改神经振荡的治疗方案|非侵入性刺激,中枢神经系统|治疗病症|脑网络,感觉通路|脑网络,3.0
US9409030B2,A61N1,电疗器械,美国,0,2012,使用包含在所述输入信号中的电能产生一个或多个电脉冲|反馈信号|将反馈发送至偶极子天线|电辐射耦合接收输入信号,,电脉冲刺激|电辐射耦合,47.0
US20190091470A1,A61N1,电疗器械,美国,0,2018,分析反馈信号波形|反馈信号|基于所确定的参数来生成对应于所检测的反馈信号的激励信号,,,6.0
CN107995874A,A61N1,电疗器械,中国,1,2016,发送至体外便携处理装置|基于刺激控制信号生成刺激信号|感测信号|生成刺激控制信号,,,11.0
CN113101517B,A61N1,电疗器械,中国,1,2021,将顶柱插入嵌入槽以使顶板与底板接合|电极部件根据电场发生部件传输的交流信号产生交变电场,植入式电极装置|颅骨缺损区域,交变电场,1.0
WO2013011474A2,A61N1,电疗器械,世界知识产权组织,0,2012,产生三维电极阵列|刺激递送|处理各种活动的执行系统|将信号传递给其它部件|接收信号,,,13.0
US2018070847A1,A61B5,身体诊断测量,美国,0,2016,提取振荡活动电压幅度|施加神经刺激|检测神经元兴奋状态,神经反馈会话,相对较高的神经元兴奋状态对应于由提取器提取的相对较低的瞬时电压幅度,0.0
US2021031043A1,A61N1,电疗器械,美国,0,2020,检测神经反应属性,神经刺激系统,神经反应,0.0
US9248280B2,A61N1,电疗器械,美国,0,2007,在分析认知脑信号的基础上修改刺激参数|基于对所获取的生理信息的分析，刺激区域的轨迹相对于组织电子地移位|感知和分析认知脑信号|根据一个或多个刺激参数将电能输送到患者的组织|电极间传送电能|获取并分析来自患者的生理信息,组织内,刺激能量反馈,35.0
WO2026060925A1,A61N1,电疗器械,世界知识产权组织,0,2025,多频率电场协同配合|经颅交流电刺激|经颅近红外光照射,,经颅刺激|近红外光对多个疾病相关脑区进行全面且温和舒适的经颅物理治疗,0.0
US20100185256A1,A61N1,电疗器械,美国,0,2009,基于体积差异控制信号传递参数|测量功能活性神经组织体积,电磁刺激|神经刺激,功能和/或结构测量|功能活性神经组织体积的差异,31.0
CN104689470A,A61N1,电疗器械,中国,1,2015,基于电容充放电的主动电荷平衡功能|多通道的脉冲输出功能,,主动电荷平衡|电容充放电,21.0
US20050256539A1,A61N1,电疗器械,美国,0,2005,功能磁共振成像图扫描|定位神经回路|经颅磁刺激|诱导电流在脑中流动,认知性能增强|预定任务执行,神经元去极化|神经元激活|经颅刺激,144.0
US12102827B2,A61N1,电疗器械,美国,0,2019,反馈回路|状态信号指示故障|调整刺激能量控制|闭环控制,可植入神经刺激设备,刺激能量反馈|反馈信号指示故障,0.0
US9220897B2,A61N1,电疗器械,美国,0,2013,产生电脉冲|电辐射耦合接收输入信号,神经刺激,无线能量传输|电辐射耦合,89.0
CN121219043A,G06F3,输入输出装置,中国,1,2024,硬膜外电刺激|神经刺激|神经调控|脑脊髓接口|解码,神经病症|脊髓损伤,刺激命令转换|运动意图解码,0.0
US20210346699A1,A61N1,电疗器械,美国,0,2021,优化算法|生成患者特定响应模型|确定一个或多个客观度量,深脑刺激(DBS),客观度量表示震颤严重程度和/或IDE效应严重程度的评分或得分,7.0
US9744356B2,A61N1,电疗器械,美国,0,2015,决策树预测|利用机器学习专家系统|施加电刺激|记录神经反应遥测测量值,神经反应遥测|神经活动分析,典型阈值神经反应遥测水平|神经活动特征预测,8.0
US7236830B2,A61N1,电疗器械,美国,0,2002,施加神经刺激治疗|确定神经刺激参数,治疗疾病|神经刺激疗法,电刺激频率|第一时间间隔|第二频率的电刺激|非连续或间断,339.0
CN110495880A,A61B5,身体诊断测量,中国,1,2019,神经肌肉耦合分析|脑功能网络建模方法|脑肌电耦合特征与tDCS影响规律相关性研究,上肢运动功能康复|运动障碍康复,电刺激|神经可塑性|神经重塑规律,31.0
WO2010025226A1,A61N1,电疗器械,世界知识产权组织,0,2009,分布电刺激|封闭-环反馈|检测电生理信号|神经刺激,神经障碍治疗,电磁能量刺激,16.0
CN119970047A,A61B5,身体诊断测量,中国,1,2025,针刺型支架电极植入|鞘管和球囊相互配合植入,介入式脑机接口|脑区刺激治疗相关疾病,电极紧贴于血管壁，与目标脑区保持足够近的距离以保证信号质量|针刺型电极穿刺血管壁,0.0
US3841310A,A61B5,身体诊断测量,美国,0,1973,旋转块内第二组无摩擦流体轴承调节电极突起|活塞附接到套筒上减小接触力|流体轴承无摩擦安装|自动补偿电极相对于竖直方向的变化|重力操作的可变压力阀平衡装置,大脑皮层|神经电记录,流体轴承无摩擦原理|漂浮或骑乘在皮层表面|重力平衡原理,23.0
EP2617459B1,A61N1,电疗器械,欧洲专利局,0,2013,变薄的侧壁段|可变形段设计|靠墙段,可植入神经接口装置,换档力移动,2.0
WO2022174312A1,A61B5,身体诊断测量,世界知识产权组织,0,2022,分析传感器数据以确定活动度量|基于活动度量确定更新的刺激参数值|控制向对象递送电刺激,神经病症监测,光学传感|电刺激,5.0
WO2011046665A1,A61B5,身体诊断测量,世界知识产权组织,0,2010,,,,18.0
US12201841B2,A61N1,电疗器械,美国,0,2021,控制可变电阻器|控制多个开关|生成控制信号|设置电极阻抗,神经刺激|神经感测,基于控制信号选择性连接电极|基于电极目的或位置控制接触阻抗,0.0
US20130289683A1,A61N1,电疗器械,美国,0,2011,共享总线互连|对接总线触点形成电接触|选择性引导刺激和/或遥测指令和功率,体内植入物位置,电刺激|遥测,90.0
US8718778B2,A61N1,电疗器械,美国,0,2008,向第一多个电极和第二多个电极提供极性相反的电流|将第一多个电极和第二多个电极定位在受检者的颅骨上|植入电极,性能增强|提高认知能力|治疗疾病|神经障碍治疗,极性相反的电流|电极包围结构增强局灶刺激,18.0
US8386007B2,A61N1,电疗器械,美国,0,2008,在收缩配置和膨胀配置之间移动,皮层刺激|皮层记录,,5.0
WO2011136870A1,A61B5,身体诊断测量,世界知识产权组织,0,2011,基于植入位置和患者解剖结构数据|基于生物信号检测|基于生理模型|治疗领域模型,患者脑部电极植入|神经刺激疗法,生理模型,7.0
US10434302B2,A61N1,电疗器械,美国,0,2015,同轴关系彼此接合|放射可视特征指示取向|确定电极位置和取向,深部脑刺激|电刺激体内靶位点,可旋转地固定|放射可视,1.0
US20070100392A1,A61N1,电疗器械,美国,0,2005,化学刺激|感测能力优化治疗治疗方案|深部脑刺激|电刺激|磁刺激|迷走神经刺激,癫痫,调节神经元活性,261.0
US2019381317A1,A61N1,电疗器械,美国,0,2019,施加刺激|检测共振响应|确定波形特征,神经活动监测,刺激,0.0
CN102886102A,A61N1,电疗器械,中国,1,2012,利用健侧肢体进行功能性活动的若干肌群的肌电信号|利用生物信号放大器模拟肌电积分包络信号|经过处理产生肌电活动包络信号|调制和控制若干导联的功能性电刺激,运动康复,大脑功能调控与重建|镜像运动神经元参与运动控制的原理,37.0
WO2007042999A2,A61N1,电疗器械,世界知识产权组织,0,2006,模块化平面的微制造电极阵列连接到载体,,,38.0
US9364659B1,A61B5,身体诊断测量,美国,0,2015,微电极检测信号|闭环控制软件自动定位目标神经元位点|限制仅刺激目标神经元的电流,深部脑刺激,利用微电极检测到的信号定位目标神经元|目标神经元刺激,39.0
JP2024512411A,A61N5,放射治疗,日本,0,2022,诱导同步γ振荡|非侵入性感觉刺激,减缓脑萎缩|改善认知功能,减轻神经炎症|改善突触可塑性|目标神经元刺激,0.0
US20070265489A1,A61N2,磁疗器械,美国,0,2007,执行工作记忆任务|施加电磁信号|评估患者对电磁信号的响应|调整目标参数,神经刺激,患者功能特征|目标神经群体控制的功能,152.0
CN114849059B,A61N1,电疗器械,中国,1,2022,压电效应|压电阵列构成|整流电路转换,植入式生物医学设备|深部脑刺激,压电效应|谐振频率1MHz下最大输出功率,0.0
CN114849059A,A61N1,电疗器械,中国,1,2022,刺激电极作用于目标脑区|压电效应|接收体外超声发生器发射的脉冲超声信号|整流电路转换,植入式生物医学设备|深部脑刺激,压电效应|最大输出功率,4.0
WO2016196790A1,A61N1,电疗器械,世界知识产权组织,0,2016,比较估计信号与实际信号|测量神经信号|特征发生器|确定刺激信号|脑网络模型估计信号,脑深部刺激,闭环反馈系统,8.0
US9192767B2,A61N1,电疗器械,美国,0,2014,微制造,人脑的皮层区域|动物神经系统|长期监测和/或刺激,电刺激,13.0
US8738154B2,A61N1,电疗器械,美国,0,2011,可单独寻址|多路复用,神经刺激,密封集成电路控制器|电耦合到公共导体,62.0
US6539263B1,A61N1,电疗器械,美国,0,2000,施加电刺激|检测体内产生的运动|电刺激信号传递,深部脑刺激|生物反馈治疗|自我调节,广义传出复制信号的产生和控制,556.0
US20120277834A1,A61N1,电疗器械,美国,0,2010,微电极元件尺寸和形状设计|微电极阵列装置制造,人脑的皮层|动物神经系统,电刺激,101.0
US20110301665A1,A61N1,电疗器械,美国,0,2009,微电极元件尺寸和形状设计|微电极阵列装置制造,人脑中的深处|动物神经系统,电刺激,198.0
US12285613B2,A61N1,电疗器械,美国,0,2023,分析神经响应的属性|接收神经信号|检测神经响应的属性|递送神经刺激能量,神经刺激系统,神经退行性疾病的指示分析,0.0
US8788064B2,A61B5,身体诊断测量,美国,0,2009,微电极阵列装置及其制造和使用方法|沿着细长探针轴布置多个微电极元件,人脑中的深处|动物神经系统,以单个神经元、神经元组和神经组织为目标,66.0
US6161045A,A61N1,电疗器械,美国,0,1999,确定最佳电刺激参数的方法|颅内电刺激和监测过程,切除手术前识别癫痫区域|癫痫电刺激治疗装置植入前评估|绘制局部脑功能图|脑深部刺激,,296.0
WO2013117655A1,A61B5,身体诊断测量,世界知识产权组织,0,2013,控制和分析|施加刺激|时间延迟施加刺激|记录测试信号|验证刺激抑制效果,神经刺激治疗,抑制病理同步和振荡|相位重置,6.0
US20140277258A1,A61N1,电疗器械,美国,0,2014,微电极元件尺寸和形状设计|微电极阵列装置制造,人脑的皮层区域|动物神经系统|长期监测和/或刺激,电刺激,14.0
US20130085361A1,A61B6,放射诊断设备,美国,0,2011,使用|微电极阵列装置制造|组装,刺激神经元|脑深部,微电极元件和细长探头轴尺寸瞄准小体积神经元|突出轴封闭在细长探头轴内并可展开,146.0
US8774937B2,A61N1,电疗器械,美国,0,2010,微制造|微电极阵列装置,人脑的皮层区域|动物神经系统|长期监测和/或刺激,以单个神经元、神经元组和神经组织为目标,36.0
WO2013117656A2,A61N1,电疗器械,世界知识产权组织,0,2013,施加刺激|施加相-复位刺激|选择刺激触点|验证是否抑制,刺激病人的脑中神经元和/或与电刺激的脊髓|刺激神经元,时间延迟|相-复位刺激,5.0
US63564204P0,,,美国,0,2024,外部机械力引导|导丝驱动|柔性电极阵列植入|跟踪柔性导丝展开,脑机接口,柔性导丝引导展开机制,0.0
US2015223718A1,A61N1,电疗器械,美国,0,2013,插入针状基底|设置第一电极和第二电极|输入电活动|输出电刺激,神经刺激|脑电活动检测,电极位置配置|电极阻抗差异,0.0
WO2025224540A1,A61N1,电疗器械,世界知识产权组织,0,2025,基于事件数据识别感测数据的子集|基于感测数据的子集和事件数据确定值范围|接收事件数据|接收感测数据|控制医疗设备根据值范围内的至少一个阈值递送后续脑刺激疗法,脑刺激|自适应深部脑刺激,刺激参数调整,0.0
US2016287126A1,A61B5,身体诊断测量,美国,0,2014,从与目标结构接触植入的至少一个电极获得神经测量值|对大脑的目标结构施加刺激,术中变化|深部脑刺激的治疗范围|疾病进展|药物疗效,晚期反应可以是有用的生物标志物,0.0
CN112450939A,A61B5,身体诊断测量,中国,1,2020,光刺激|深层刺入电极记录|表层平面电极记录,脑机接口,光遗传学激活神经元|多空间尺度神经信号监测,28.0
CN121360335A,G06F3,输入输出装置,中国,1,2025,对第一电信号进行调制|按照电极矩阵的空间布局规律进行映射|接收第一电信号的调制信号|采集第一区域的预设采样区域对应位置上的第一电信号,植入式脑机接口,电信号调制|电极矩阵空间布局规律映射,0.0
WO2025189249A1,A61N1,电疗器械,世界知识产权组织,0,2025,渲染图形用户界面|表示目标值|调整目标值,闭环神经刺激治疗,反馈控制,0.0
US6915166B1,A61N1,电疗器械,美国,0,2002,使用植入电极测量对每个刺激的神经响应|提供不同刺激水平的一系列刺激|计算与激励电平和响应相关的值,耳蜗植入物,神经刺激响应与激励电平的关系,95.0
US10940316B2,A61N1,电疗器械,美国,0,2018,刺激施加|诱发反应检测|调整刺激参数,神经刺激,刺激捕获,4.0
CN222444132U,A61B5,身体诊断测量,中国,1,2024,将柔性电极的检测部与生物大脑皮层相接触|通过检测部获取生物脑部的电信号|通过电极的传输部和第一接口将电信号传输至转接装置|通过转接装置的第二接口传输至外部设备,植入式脑机接口,柔性电极适应性|第一接口与第二接口相互配合保证不伤害脑组织并避免排异反应|转接装置更适应于电信号的传输以及保证信号质量,0.0
US20100222844A1,A61N1,电疗器械,美国,0,2007,使用从刺激探针本身获得的各种信号|控制施加到电极的电流脉冲的参数,植入与神经组织接触的电极,在给定潜伏期后产生复合动作电位|神经组织能够产生动作电位并以给定速度传播,122.0
US20080300655A1,A61N1,电疗器械,美国,0,2007,周期性获取复合动作电位|实施神经刺激疗法|评估目标神经状况|递送电神经刺激,神经恢复监测|神经损伤监测,神经刺激响应,187.0
US9943689B2,A61N1,电疗器械,美国,0,2015,从肌肉收缩或运动导出神经数据|基于神经刺激参数递送神经刺激|基于神经数据导出神经状态评估|基于神经状态评估导出神经刺激参数,,,1.0
US20240335663A1,A61N1,电疗器械,美国,0,2024,产生刺激引线到优选引线位置的接近度的指示|感测诱发电位信号|检测诱发电位信号的变化|递送电神经刺激,可植入刺激引线连接|神经刺激设备操作,电刺激诱发神经反应,1.0
US11167134B2,A61N1,电疗器械,美国,0,2018,反向散射|开关控制|无线控制,生物电子植入物,极性切换|电容充放电,0.0
US20120310298A1,A61N1,电疗器械,美国,0,2012,将经皮或经颅电刺激应用于神经事件的位置|监测脑电模式|识别指示神经学事件的脑电模式的位置,亨廷顿病|偏头痛或头痛|双相障碍|多重人格障碍|帕金森病|恐惧症|抑郁症|抑郁症治疗|注意力缺陷多动障碍|焦虑|物质滥用|癫痫|脑震荡|进食障碍|阿尔茨海默病,电刺激,74.0
US20060173510A1,A61N1,电疗器械,美国,0,2005,施加经皮或经颅电刺激|监测脑电模式|识别指示神经学事件的脑电模式的位置|识别神经事件的发作,亨廷顿氏病|偏头痛或头痛|双相情感障碍|多个性障碍|恐惧症|慢性疼痛治疗|抑郁症|抑郁症治疗|注意力缺陷多动症|焦虑|物质滥用|癫痫|脑震荡|进食障碍|阿尔茨海默氏病,电刺激|经皮或经颅电刺激,513.0
CN115486848A,A61B5,身体诊断测量,中国,1,2022,激光刻蚀|碳基导电薄膜层设置|绝缘层覆盖,生物神经调控|脑刺激|脑组织探测,组织阻抗,0.0
US11771898B2,A61N1,电疗器械,美国,0,2022,感测诱发电位信号|提取特征|映射函数关联|测试阈值优化,刺激治疗|癫痫发作识别|神经刺激系统,刺激参数|神经事件检测|集成患者状态信息,0.0
CA2428116C,A61B5,身体诊断测量,加拿大,0,2001,使用兴奋性和难治性参数识别易感性|刺激神经组织以确定兴奋性和难治性参数,癫痫发作识别|神经功能障碍检测,兴奋性|难治性（抑制周期）,2.0
JP2020500567A,A61H23,振动按摩器,日本,0,2017,心轴到心轴的刺激|监视控制|缓慢地施加脑电波信号|缓慢振荡,便携式装置|性能评估方法刺激大脑|脑刺激,振动响应|海马依赖性记忆,7.0
US20100004705A1,A61F11,耳科治疗器具,美国,0,2009,同时提供训练和神经刺激|定时控制|成对训练,中风|创伤后应激障碍|外伤性脑损伤|耳鸣,"增强各种疗法的疗效|外源性电信号模拟和/或增强内源性传入活动,从而增强迷走神经诱发电位|诱导大脑的可塑性",36.0
US20100003656A1,G09B23,科学教学模型,美国,0,2009,定时控制|成对训练|神经刺激,中风|创伤后应激障碍|外伤性脑损伤|学习|康复|提高成绩的训练|治疗|治疗耳鸣,大脑可塑性|神经活动调节,104.0
JP7688170B2,A61N1,电疗器械,日本,0,2022,根据用户请求在初始刺激时段期间随时间将电刺激的持续时间或幅度从初始值增加到最终值,刺激患者的Meynert基底核|深部脑刺激,电刺激,0.0
JP2024508562A,A61N1,电疗器械,日本,0,2022,根据用户请求在初始刺激时段期间随时间将电刺激的持续时间或幅度从初始值增加到最终值,深部脑刺激,刺激Meynert基底核(NBM),0.0
US20110009922A1,A61N1,电疗器械,美国,0,2010,刺激激活和抑制脑中神经元|反馈过程控制,认知治疗,调节神经放电节律,18.0
US2018132747A1,A61N1,电疗器械,美国,0,2016,记录神经反应|评估记录的神经反应随时间变化的特征|重复施加电刺激,监测脑神经活动,信号检测|电刺激诱发神经反应,0.0
CN110381814A,A61B5,身体诊断测量,中国,1,2018,实时调整神经刺激干预方案|测量延迟|确定定向神经刺激干预的定时|神经刺激|连续监测,神经刺激干预,低延迟自动化闭环同步,7.0
CN114515381A,A61N1,电疗器械,中国,1,2020,以本质频率序列与布尔信号作为刺激参数输出|分析第一子信号获得本质频率序列|拆解脑波信号|转换第二子信号为布尔信号,刺激系统,,1.0
US8706241B2,A61N1,电疗器械,美国,0,2010,控制参数|提供化学物质|提供电磁信号|检测患者特征,患者交互神经刺激|机器人辅助肢体运动|物质递送,化学物质递送|神经刺激,70.0
US11752342B2,A61N1,电疗器械,美国,0,2020,参考触发器输入模块配置,神经调节,时间关系表征,0.0
US20160008620A1,A61N2,磁疗器械,美国,0,2015,根据刺激参数发射电磁脉冲|监测患者反馈|自动搜索例程,刺激治疗|诊断,神经调节|经颅刺激,118.0
CN112006685A,A61B5,身体诊断测量,中国,1,2020,微机电系统加工工艺,皮层癫痫监测,信号检测,16.0
US20180117331A1,A61N1,电疗器械,美国,0,2016,分析检测到的脑电活动|无线发送癫痫事件数据|植入盔下颅外位置,微创盔下颅外脑电图监护,电极阵列检测脑电活动|神经事件检测,43.0
US20100145176A1,A61B5,身体诊断测量,美国,0,2009,植入脑机接口电极阵列|耦合到咨询系统|识别脑叶|选择电极阵列|通过颅骨单开口植入并展开,癫痫发作咨询|脑活动监测,电极与脑叶接触检测信号|预定分散径向图案,123.0
CN108744268A,A61N1,电疗器械,中国,1,2018,利用碳纳米管电极阵列在较宽的波长区间内拥有高透光率|在拉伸状态下保持优良电化学性质和光学性质|柔性透明碳纳米管神经电极阵列应用,皮层癫痫监测|神经光电界面|神经系统机械活性系统电光界面|脑损伤监测,与组织完美贴合形成高效的大脑/电极界面|优越的柔性和可延展性|拉伸状态下仍可保持优良电化学性质和光学性质|碳纳米管电极阵列在较宽的波长区间内拥有高透光率,12.0
US62932906P0,,,美国,0,2019,分析电生理信号|刺激体内目标|检测电生理信号,癫痫,神经调节,4.0
US20210361950A1,A61N1,电疗器械,美国,0,2021,分析电生理信号|刺激体内靶点|检测电生理信号,癫痫,神经调节,24.0
US20220241596A1,A61N1,电疗器械,美国,0,2022,分析电生理信号|刺激体内靶点|检测电生理信号,癫痫,神经调节,9.0
US20230302282A1,A61N1,电疗器械,美国,0,2023,分析电生理信号|刺激体内目标|检测电生理信号,癫痫,神经调节,5.0
US63062633P0,,,美国,0,2020,分析电生理信号|刺激体内目标|检测电生理信号,癫痫,血管内神经调节,3.0
WO2021092462A1,A61N1,电疗器械,世界知识产权组织,0,2020,分析电生理信号|刺激体内靶点|检测电生理信号,癫痫,神经调节,16.0
CN115052657A,A61N1,电疗器械,中国,1,2020,分析电生理信号|刺激体内靶|检测电生理信号,癫痫,闭环神经调节,10.0
US11672986B2,A61N1,电疗器械,美国,0,2022,分析电生理信号|刺激体内目标|检测电生理信号,癫痫,闭环神经调节,4.0
US11883671B2,A61N1,电疗器械,美国,0,2021,分析电生理信号|刺激体内目标|检测电生理信号,癫痫,闭环神经调节,3.0
US12168135B2,A61N1,电疗器械,美国,0,2023,分析电生理信号|刺激体内目标|检测电生理信号,癫痫,闭环神经调节,0.0
CN101248992A,A61B5,身体诊断测量,中国,1,2007,三维有源组装|插接方式连接,测量人体脑部的生物电信号,三维有源电极阵列可以多角度获得相对更加准确的神经信号|便于加工组装，经济成本低廉,12.0
CN115363591B,A61B5,身体诊断测量,中国,1,2022,拉普拉斯电极和单点电极复合|电极阵列结构制备,脑疾病研究|脑科学,两种采集电极结构复合|拉普拉斯电极的同心圆环结构,0.0
CN115363591A,A61B5,身体诊断测量,中国,1,2022,拉普拉斯电极和单点电极复合|植入脑机接口电极阵列,脑疾病研究|脑科学,拉普拉斯电极的同心圆环结构,1.0
CN101006920A,A61B5,身体诊断测量,中国,1,2007,氧等离子轰击后叠加键合|浇注聚二甲基硅氧烷(PDMS)|电化学腐蚀,神经康复|神经疾病治疗|脑疾病研究,利用模具基片上的微细管道通过电化学腐蚀方法实现金属丝的定点断裂，并在断面处形成尖端|利用聚合后的PDMS形成夹持金属丝电极的底座支撑部分,26.0
CN102336386A,B81B7,微机械系统,中国,1,2011,电化学腐蚀,神经康复|神经电刺激|神经疾病治疗|脑疾病研究,绝缘柱为实心结构，从而保证电极能扎入刺激部位,18.0
CN112201324A,G06F3,输入输出装置,中国,1,2020,刺激瘫痪肢体神经|解码运动意念|读取用户的意识|采集大脑神经元电讯号|驱动生物反馈康复仪,脑机接口康复训练,生物反馈|脑机接口,3.0
WO2022226606A1,A61B5,身体诊断测量,世界知识产权组织,0,2021,EEG信号管理|个性化SD介导的抗癫痫发作响应|化学、物理、热或电刺激触发|皮层扩散抑制(SD)的慢波介导,癫痫治疗|脑可植入装置,沉默异常电活动|皮层扩散抑制(SD）的慢波自我传播,4.0
US20060129205A1,A61N1,电疗器械,美国,0,2006,向皮层组织提供矩形和/或复杂的电脉冲|硬膜外或硬膜下植入颅内电极,中风|帕金森病|神经障碍,电刺激神经,172.0
CN205252318U,A61N1,电疗器械,中国,1,2015,对称分布电极|集成不同功能的电极到芯片上,神经性疾病的治疗和研究,检测脑部特定区域的脑电信号和电化学信号|电脉冲刺激脑深部组织,4.0
CN120066269A,G06F3,输入输出装置,中国,1,2025,主控装置接收和处理数字信号|模拟信号转换为数字信号|电极阵列采集模拟信号,侵入式/半侵入式脑机接口,信号转换装置与电极阵列相邻以减少信号损耗|电极阵列设置于人体颅骨内采集信号,0.0
CN116269412A,A61B5,身体诊断测量,中国,1,2023,提取|模拟信号转换为数字信号|滤波,神经信号采集,忆阻器原理,0.0
WO2020249634A1,G01N33,生物材料分析,世界知识产权组织,0,2020,关断无源信道部件|控制逻辑激活采样电路和采样缓冲器|活动传感器检测电极信号事件|设置活动标志|调度和控制电极信号存储表示在数据总线上传输,微电极阵列|网络化配置|高分辨率MEA传感器,在电极电平处检测电极信号活性，从而策略性地控制电极信号采样活性,1.0
CN109460144A,G06K9,图像识别,中国,1,2018,信号处理|分割|指令编码和映射|机器学习算法|模式识别|特征提取|采集大脑神经元电讯号|降噪,脑机接口控制系统,发声神经电位信号反映大脑意识和控制命令,8.0
CN117363481A,C12M3,组织培养装置,中国,1,2023,双向通讯检测记录与刺激调控|微电极阵列制备|细胞培养腔室封装,神经活动解析|神经网络建模|计算神经元学习,多区神经活动相对关系检验电互连的形成,3.0
CN110368577A,A61N1,电疗器械,中国,1,2019,64通道双向电极阵列采集|人机交互终端设置|采集与刺激单元控制,刺激系统|脑电采集,双向电极采集刺激状态,25.0
US20080064946A1,A61N1,电疗器械,美国,0,2007,向完成的阵列施加适当量的热量产生曲线|在多个模具中重复加热柔性电路|在折叠内和折叠外添加附加材料|在柔性电路阵列中提供折叠或扭转|沿着边缘添加材料,人工感觉刺激|皮层刺激|神经刺激,热塑性聚合物热成型原理,39.0
US20080288037A1,A61N1,电疗器械,美国,0,2007,沉积聚合物顶层|沉积金属迹线|聚合物层隔开金属迹线,皮层刺激|耳蜗刺激以产生人工听觉|视网膜刺激以产生人工视觉,柔性电路电极阵列对神经组织施加压力影响电阻和电场分布|聚合物材料可用作神经刺激的电极阵列体,93.0
CN120203592A,A61B5,身体诊断测量,中国,1,2025,介电柔性基底|垂直碳纳米管阵列与碳层层叠设置|水凝胶层覆盖|金属纳米线分布于阵列单元间隙,神经活动解析|高性能脑机接口,低界面阻抗|多方面协同设计|高信号保真度,2.0
CN119165965A,G06F3,输入输出装置,中国,1,2024,加权融合|动态调节|噪声抑制|多模式融合|自校准反馈,脑机接口控制,多模式融合|自校准反馈机制,4.0
CN223169743U,A61B5,身体诊断测量,中国,1,2021,将电容呈阵列集中包裹在绝缘介质内|采用柔性微丝电极,生物医学工程技术领域|脑机接口系统,凸起使柔性微丝电极进入生物组织后能与生物组织保持相对固定|将处理神经元脉冲信号所需的大面积电容设置于绝缘介质内|柔性微丝电极具有与神经元轴突相当的弯曲刚度,0.0
CN119165965B,G06F3,输入输出装置,中国,1,2024,加权融合|动态调节|噪声抑制|多模式融合|自校准反馈,脑机接口控制,多模式融合|自校准反馈机制,0.0
US9433787B2,A61N1,电疗器械,美国,0,2012,制造替代神经组织的方法|制造电极阵列的方法|将柔性基底电极阵列植入替代神经组织中,监测脑神经活动|神经组织植入,生物相容性,4.0
CN120616550A,A61B5,身体诊断测量,中国,1,2025,定向冷冻诱导相分离技术,智能防护系统|柔性脑机接口|植入神经接口,多孔结构|开放导电网络结构电连接,0.0
WO2025227081A1,A61B5,身体诊断测量,世界知识产权组织,0,2025,生成将接收到的神经信号叠加在脑图像上的可视化图像|配准微电极阵列相对于脑表面的位置,定位特定皮质区域|植入神经接口|神经外科手术,基于基准标记配准,0.0
CN120616550B,A61B5,身体诊断测量,中国,1,2025,定向冷冻诱导相分离技术,智能防护系统|柔性脑机接口|植入神经接口,开放导电网络结构电连接,0.0
CN120420053B,A61B5,身体诊断测量,中国,1,2025,气动式驱动,脑机接口电极植入设备,气压变化控制活动推杆升降移动,0.0
US20250288242A1,A61B5,身体诊断测量,美国,0,2025,外部机械力引导|导丝驱动|跟踪柔性导丝展开,脑机接口,柔性电极阵列穿过颅骨切开术,0.0
CN122004879A,A61B5,身体诊断测量,中国,1,2026,尿嘧啶接枝的聚乙烯醇绝缘处理|湿法纺丝技术|组装,生物相容型脑机接口|脑机接口设备,与脑组织形成交融共生界面,0.0
US20250331928A1,A61B34,手术导航系统,美国,0,2025,生成将接收到的神经信号叠加在脑图像上的可视化图像|配准微电极阵列相对于脑表面的位置,定位特定皮质区域|植入神经接口|神经外科手术,基于基准标记配准,0.0
CN120420053A,A61B17,外科器械,中国,1,2025,气动式植入|气动式驱动,脑机接口电极植入设备,气压变化控制活动推杆升降移动,0.0
US10493297B2,A61N1,电疗器械,美国,0,2012,制造薄膜电极阵列的方法,神经接口系统|神经调控,被动生物活性剂递送,3.0
CN220385625U,A61N1,电疗器械,中国,1,2023,制造药物浓度差|电控释技术主动释放神经营养因子|被动释放抗炎药物,听觉脑机接口,序贯性释放多种药物|药物浓度差引导神经定向生长,2.0
CN120616552A,A61B5,身体诊断测量,中国,1,2025,外部机械力引导|跟踪导丝展开,脑机接口,,0.0
CN107024993A,H04R1,扬声器,中国,1,2017,根据微型麦克风阵列输出的基于声源的音频信号确定声源方位|确定脑电电极阵列中与声源方向相对应的脑电电极|调用与声源方向相对应的脑电电极输出触感信号,听力障碍用户交流,通过脑电电极输出触感信号，使感知声源方位,5.0
CN114642436A,A61B5,身体诊断测量,中国,1,2022,三维封装集成|堆叠设置,脑机接口,将平面的柔性神经电极进行集成，实现大面积覆盖的3D堆叠封装,3.0
US10357649B2,B29L31,塑料制品,美国,0,2017,同时激活电极位点以产生激活模式,周围神经|深部脑刺激|脊髓,,1.0
WO2018201779A1,G06F3,输入输出装置,世界知识产权组织,0,2018,根据微型麦克风阵列输出的基于声源的音频信号，确定出声源的方位|确定脑电电极阵列中与声源方向相对应的脑电电极|调用与声源方向相对应的脑电电极输出触感信号,交互系统,声源定位,1.0
CN121059174A,A61B5,身体诊断测量,中国,1,2025,回撤微针，完成电极阵列的阵列化植入|将微针阵列的所有微针矫直后，调整与电极阵列的对应关系，并使所有微针末端与电极固连|控制微针阵列向下运动使电极阵列与硅基底剥离|移动微针阵列至待植入位置，逐个将电极植入至待植入位置的预设深度,脑机接口电极植入,,0.0
US10369352B2,A61B5,身体诊断测量,美国,0,2017,传递刺激信号|初始放置听觉脑干植入电极阵列|定位电极阵列|感测传出神经信号|插入人工耳蜗电极阵列|确定最大响应位置|选择特定电极触点,听觉脑干植入,通过感测刺激信号诱发的传出神经信号来确定最佳刺激位置,0.0
KR102128092B1,A61N1,电疗器械,韩国,0,2018,光纤|深部脑刺激透明电极阵列|透明石墨烯神经电极,光刺激的神经细胞刺激及神经细胞光学成像的融合研究|深部脑电刺激|脑电图检测,光刺激实现神经细胞刺激及光学成像|透明石墨烯电极,2.0
CN120447729A,G06F3,输入输出装置,中国,1,2025,,,,0.0
CN116747429A,A61N1,电疗器械,中国,1,2023,序贯性释放多种药物|电控释技术|释放药物涂层,听觉脑机接口,主动释放神经营养因子|制造电极刺激触点至螺旋神经节从高到低的药物浓度差|被动释放抗炎药物,0.0
CN113589941A,G06F3,输入输出装置,中国,1,2021,多样化配置|无线通信|电极阵列布置,脑机接口,无线方式通信|电极阵列检测脑电波信号,5.0
KR20200016102A,A61B5,身体诊断测量,韩国,0,2018,光刺激|神经细胞的光学成像,深部脑电刺激|神经细胞刺激的融合研究|脑电波检测,透明石墨烯电极,18.0
US9604051B2,A61N1,电疗器械,美国,0,2014,同时激活电极位点以创建激活模式,周围神经|深部脑刺激|脊髓,,18.0
CN116747429B,A61N1,电疗器械,中国,1,2023,序贯性释放多种药物|电控释技术主动释放神经营养因子|被动释放抗炎药物,听觉脑机接口,制造电极刺激触点至螺旋神经节从高到低的药物浓度差|引导神经定向生长,0.0
US20050075680A1,A61N1,电疗器械,美国,0,2004,电信号传递,颅内神经刺激|颅内神经感测,电信号经颅骨孔传输,257.0
US7302298B2,A61N1,电疗器械,美国,0,2003,刺激参数控制|植入颅内电极,神经刺激|脑电图分析,电极,109.0
US8718777B2,A61N1,电疗器械,美国,0,2009,颅内信号传输,颅内感测|颅内神经刺激,电接触|电绝缘,35.0
US20090292344A1,A61N1,电疗器械,美国,0,2009,通过颅骨中的孔传送电信号,颅内神经刺激|颅内神经感测,电信号经颅骨孔传输,11.0
US20190321639A1,A61N1,电疗器械,美国,0,2019,基于检测到的运动和/或肌肉活动产生刺激模式|检测残余运动和/或肌肉活动|检测脑信号和递送偶然刺激|用刺激模式刺激对象的脑|递送成对的连续刺激模式到两个脑部位,中风|脑损伤,基于残余运动/肌肉活动递送刺激诱导神经可塑性,15.0
US11617887B2,A61N1,电疗器械,美国,0,2019,刺激大脑|检测残余运动和/或肌肉活动|检测脑信号和递送偶然刺激|生成刺激模式|递送成对的连续刺激模式到两个脑部位,中风|脑损伤恢复,基于残余运动/肌肉活动递送刺激诱导神经可塑性,2.0
US8761889B2,A61N1,电疗器械,美国,0,2008,可植入患者颅骨中的装置提供界面|形成穿过或部分穿过颅骨的一个或多个孔|感测大脑状态|通道被配置成用于电信号的离子传导,颅骨/大脑接口系统,DC或近DC地刺激目标神经元|能量传递,46.0
US12515048B2,A61N1,电疗器械,美国,0,2018,感测生物电信号|生成刺激治疗脉冲的多个突发|递送刺激治疗脉冲,患者治疗,基于生物电信号的一个或多个振荡的频率选择突发间频率|调制与生物电信号的一个或多个振荡相关联的患者的状态,0.0
US20090131995A1,A61M37,药物导入装置,美国,0,2008,微装置定位|接口引导信号或流体|柔性支撑构件附接,神经刺激,,118.0
US10188860B2,A61N1,电疗器械,美国,0,2016,使用附件|将刺激源聚焦通过颅骨/脑界面|控制刺激特征|识别颅骨/脑界面位置,抑郁症|昏迷|疼痛控制|痴呆|癫痫|神经疾病的诊断和治疗|运动障碍|阿尔茨海默病,神经调节,9.0
US8538537B2,A61N1,电疗器械,美国,0,2008,施加电刺激|植入刺激电极,靶向神经刺激治疗,靶向神经刺激,17.0
US8965513B2,A61N1,电疗器械,美国,0,2008,在颅骨中形成孔|引导和聚焦信号|植入通道装置,成像|测量|热传递|神经疾病的诊断和治疗|神经调节,信号引导和聚焦,37.0
US9597494B2,A61N7,超声治疗,美国,0,2016,在颅骨中形成孔|引导和聚焦信号|植入通道装置,成像|测量|热传递|神经疾病的诊断和治疗|神经调节,信号引导和聚焦,17.0
US11298070B2,A61N1,电疗器械,美国,0,2018,产生第二刺激|施加第二刺激|确定波形特征|神经活动检测|递送第二刺激,脑神经活动监测,神经元活动引起高频振荡,1.0
US7231254B2,A61N1,电疗器械,美国,0,2004,刺激递送|治疗参数导出|闭环控制,神经调节,闭环反馈控制,651.0
CN118592963B,H01R13,连接器结构,中国,1,2024,在电极触点和焊点的暴露面设置不同材料,脑机接口,不同材料能够充分发挥各自的优势,0.0
US20090076567A1,A61N1,电疗器械,美国,0,2008,施加电信号刺激|植入电极装置|识别目标神经结构,脑疾病治疗,电极轴线偏离目标神经结构以减少侵入性|通过电信号刺激目标神经结构,59.0
US6647296B2,A61N1,电疗器械,美国,0,2001,信号调节|可编程性|多电极闭环响应|多通道记录|识别神经生理事件,偏头痛|帕金森病|癫痫,反馈控制|感觉输入|电刺激|药物释放,482.0
CN119868794A,A61N5,放射治疗,中国,1,2025,光刺激|电刺激,脑机接口,产生刺激信号,0.0
US12613624B2,A61N1,电疗器械,美国,0,2020,图形呈现|计算|选择,神经调节系统,,0.0
CN116077829B,A61N1,电疗器械,中国,1,2023,刺激模式启动指令|控制脉冲发生模块产生电镀脉冲信号|获取电镀脉冲配置参数,植入装置|电刺激器,电刺激脉冲信号|电镀脉冲信号对电极进行电镀,0.0
KR101610939B1,A61N1,电疗器械,韩国,0,2015,向人类大脑的初级体感皮层施加诱导刺激|将生成的脑刺激信号施加到目标区域|生成调节人类对诱导刺激感觉的脑刺激信号|确定脑反应变化程度最明显的位置作为目标区域,通过脑刺激调节感觉,通过调节人类对刺激的脑活动模式，将适当的感觉传达给相应人员,3.0
US7107097B2,A61N1,电疗器械,美国,0,2004,以不同方式定位于神经解剖学位点|多个部分、段、桨叶和/或板彼此空间发散放置|植入关节电极组件,患者体内神经电活动监测|皮质和/或其它神经解剖学部位,刺激场分布|空间发散放置能力,142.0
US8078281B2,A61B5,身体诊断测量,美国,0,2006,分析来自邻近刺激电极本身的组织的生物电信号|特征信号用于确定刺激参数的反馈,神经系统疾病治疗|脑深部刺激,局部生物电作用|慢性适应性脑刺激,35.0
US20120302856A1,A61B5,身体诊断测量,美国,0,2010,SAR ADC转换|无线发射|皮肤内通信,微电极技术领域,轨到轨操作,43.0
US11684781B2,A61N1,电疗器械,美国,0,2021,,,,0.0
US8116875B2,A61N1,电疗器械,美国,0,2007,利用AC和/或DC激励|基于运动诱发电位(MEP)的神经调节|根据规定的治疗方案联合工作,神经调节|神经调节和/或神经刺激系统,可调节偏置构件或弹簧|电极至脉冲发生器的远端部分之间的调节,76.0
US9179850B2,A61B18,外科电热器械,美国,0,2007,形成开口|感测大脑状态|电信号的离子传导|通过孔口形成接口,神经调节|颅骨/大脑接口系统,直流或近直流刺激|离子传导,35.0
WO2024178317A2,A61B5,身体诊断测量,世界知识产权组织,0,2024,本地放大和复用,深部脑刺激,双角色微电极感测电信号并接收刺激信号,0.0
CN109260591B,A61N1,电疗器械,中国,1,2018,确定刺激信号序列|获取第一频率和第二频率|输出刺激信号,经颅刺激,刺激信号的输出频率为第二频率且刺激信号的幅值变化的频率为第一频率,0.0
CN109260591A,A61N1,电疗器械,中国,1,2018,确定刺激信号序列|获取第一频率和第二频率|输出刺激信号,经颅刺激,刺激信号的输出频率为第二频率且刺激信号的幅值变化的频率为第一频率,14.0
US20230277851A1,A61N1,电疗器械,美国,0,2023,人工智能指导的治疗策略|闭环电刺激,神经疾病的诊断和治疗,同时进行刺激和感测,3.0
US20070112393A1,A61N1,电疗器械,美国,0,2006,施加神经刺激治疗|确定神经刺激参数,治疗疾病|神经刺激疗法,电刺激频率|第二频率的电刺激,51.0
EP4000683A1,A61N1,电疗器械,欧洲专利局,0,2020,分析第一子信号以获得本征频率序列|分解脑电波信号|将第二子信号转换为布尔信号|输出本征频率序列和布尔信号到刺激器,刺激系统,本征频率序列和布尔信号作为刺激参数,0.0
US20030028072A1,A61N1,电疗器械,美国,0,2002,低频时变电刺激|施加电信号刺激|磁场感应电流,神经病症的诊断和治疗,低频能量施加到患者脑组织|磁场在患者脑中感应电流,435.0
US11123548B2,A61N1,电疗器械,美国,0,2019,微制造|微电极阵列器件制造|植入,人脑内部深处|动物神经系统,电刺激,0.0
US10406350B2,A61N1,电疗器械,美国,0,2016,微电极元件尺寸和形状设计|微电极阵列器件制造,人脑中的深处|动物神经系统,电刺激,6.0
US20220240846A1,A61B5,身体诊断测量,美国,0,2022,人工智能指导的治疗策略|闭环电刺激,神经病症的诊断和治疗,自导向,9.0
US20230051757A1,A61B5,身体诊断测量,美国,0,2022,人工智能指导的治疗策略|闭环电刺激,神经疾病的诊断和治疗,闭环功能,7.0
US2019262612A1,A61B5,身体诊断测量,美国,0,2017,接收神经信号|生成刺激模式|确定误差信号|调整神经模型|输出刺激模式到神经系统,人类患者|健全个体,基于神经模型计算刺激模式|自适应补偿|诱导新神经连接,0.0
US11219766B2,A61N1,电疗器械,美国,0,2019,刺激参数控制|完成反馈环路|实时采集脑电信号|导出反馈变量|施加神经刺激,神经刺激,反馈控制|反馈环路自适应补偿,2.0
US10500399B2,A61N1,电疗器械,美国,0,2015,刺激参数控制|反馈环路|实时采集脑电信号|导出反馈变量|施加神经刺激,神经刺激,反馈控制|自适应补偿,50.0
WO2021194104A1,A61N1,电疗器械,世界知识产权组织,0,2021,分析神经信号中的神经触发信号的形态|自适应地施加神经刺激信号,神经刺激系统,基于神经信号处理的自适应神经刺激,0.0
EP3915470A1,A61B5,身体诊断测量,欧洲专利局,0,2020,基于传感器信号检测功能障碍|触发神经调节,治疗患者的方法|神经调节和/或神经刺激系统,神经刺激|神经调节,1.0
US6459936B2,A61N1,电疗器械,美国,0,2001,信号调节|可编程性|多电极闭环响应|多通道记录|感觉输入|电刺激|药物释放|识别神经生理事件,治疗疾病|神经疾病治疗,反馈控制|响应性刺激|神经事件检测,365.0
US6360122B1,A61B5,身体诊断测量,美国,0,2000,信号调节|可编程性|多通道记录|识别神经生理事件,偏头痛|帕金森病|癫痫,反馈控制|感觉输入|电刺激|药物释放,577.0
US6134474A,A61N1,电疗器械,美国,0,2000,信号调节|可编程性|多电极闭环响应|多通道记录|识别神经生理事件,偏头痛|帕金森病|癫痫,dc或近dc刺激|反馈控制|感觉输入|药物释放,557.0
US6128538A,A61N1,电疗器械,美国,0,1999,信号调节|可编程性|多电极闭环响应系统|多通道记录|识别神经生理事件,偏头痛|帕金森病|治疗疾病|癫痫,反馈控制|感觉输入|电刺激|神经学事件检测|药物释放,530.0
US6016449A,A61N1,电疗器械,美国,0,1997,信号调节|可编程性|多电极闭环响应系统|多通道记录|神经学事件检测,偏头痛|帕金森病|癫痫|神经系统疾病治疗,反馈控制|最小延迟反馈|神经学事件检测,1446.0
US20010056290A1,A61N1,电疗器械,美国,0,2001,信号调节|可编程性|多电极闭环响应|多通道记录|识别神经生理事件,偏头痛|帕金森病|癫痫,感觉输入|电刺激|药物释放|闭环响应机制,106.0
US20010051819A1,A61N1,电疗器械,美国,0,2001,信号调节|外部设备可编程|多电极闭环响应|多通道记录|识别神经生理事件,偏头痛|帕金森病|癫痫,感觉输入|电刺激|药物释放|闭环响应机制,285.0
US2019269917A1,A61N1,电疗器械,美国,0,2019,前馈组件|单输入单输出模型|多人输入单输出模型|实时自动控制算法,促进和恢复运动|神经运动障碍后的运动恢复,反馈控制|基于神经信号处理的自适应神经刺激,0.0
US10265525B2,A61B5,身体诊断测量,美国,0,2014,前馈组件|单输入单输出模型(SISO)|多输入单输出模型(MISO)|实时自动控制算法,神经运动障碍后的运动恢复,反馈控制|最小延迟反馈|生物信号传感器接收生物信号数据,8.0
US20160228693A1,A61N1,电疗器械,美国,0,2015,,深部脑刺激,,17.0
US20070032834A1,A61N1,电疗器械,美国,0,2006,自动优化,神经刺激,,209.0
US20120109262A1,A61N1,电疗器械,美国,0,2011,基于刺激数据确定电场梯度的优选位置和取向|计算指定的电流分布,神经刺激,电场梯度,38.0
US11766560B2,A61B5,身体诊断测量,美国,0,2020,使用|微电极阵列装置制造|组装,刺激神经元|脑深部区域,微电极元件和细长探针轴的尺寸设计以靶向小体积神经元|突出轴被包围在细长的探针轴内，可以从外壳中伸出,1.0
US10695556B2,A61N1,电疗器械,美国,0,2016,使用|微电极阵列器件的制造|组装,刺激神经元|脑深部区域,凸出轴被封闭在细长的探针轴内，并且可以从它们的外壳膨胀,3.0
CN113413157B,A61B5,身体诊断测量,中国,1,2021,多模联运|集成,与人工视觉系统、可穿戴设备或其它外部设备进行通讯|信息处理和控制中心|物质递送|脑部与外界的光声电等多种信息的智能交互,颅骨上允许安装更大面积的电路系统,0.0
CN113413157A,A61B5,身体诊断测量,中国,1,2021,多模联运|集成,人工视觉系统|信息处理和控制中心|可穿戴设备|外部设备通讯|物质递送|脑部与外界的光声电等多种信息的智能交互,颅骨上允许安装更大面积的电路系统,1.0
EP1684861B1,A61B5,身体诊断测量,欧洲专利局,0,2004,化学传感|化学输送|基因物质输送|电刺激|细胞递送|记录,中枢神经系统|大脑,,0.0
US20120296444A1,A61B5,身体诊断测量,美国,0,2012,刺激递送|处理数据|记录神经活动|通过线圈从外部系统发送和接收数据或信号,运动假体感觉反馈|运动假体控制,电刺激信号经不同刺激点交替输出以刺激视皮层神经组织|诱导新神经连接,138.0
ATE849235T1,A61N1,电疗器械,其他,0,2008,形成开口|经颅骨聚焦|脑机接口|通过接口控制刺激,孤独症|抑郁症|癫痫|老年性痴呆|耳鸣|运动障碍,神经刺激|经颅聚焦,0.0
DE602008047702T2,A61N1,电疗器械,德国,0,2008,控制刺激|经颅通道|经颅骨聚焦|脑机接口的开口形成,孤独症|抑郁症|癫痫|老年性痴呆|耳鸣|运动障碍,神经刺激|脑机接口,0.0
EP2205313B1,A61N1,电疗器械,欧洲专利局,0,2008,经颅通道|经颅骨聚焦|脑机接口,孤独症|抑郁症|癫痫|老年性痴呆|耳鸣|运动障碍,基于神经模型计算刺激模式,23.0
WO2021011401A1,A61N1,电疗器械,世界知识产权组织,0,2020,外部佩戴设备通过无线或系绳与基站计算机通信|将柔性电极连接到圆柱形传感器设备|通过串行电缆连接到皮下中继器,脑机接口（BMI）,模拟神经电压转换为数字信号，反之亦然,1.0
KR102035265B1,A61B5,身体诊断测量,韩国,0,2018,凹槽连接|螺纹连接,颅骨,,0.0
EP3731925A1,A61N1,电疗器械,欧洲专利局,0,2018,处理感测到的电信号|存储数据|感测|控制感测和刺激|无线传输|电刺激|能量收集,脑机接口系统,参考电极|电极植入颅骨的外板和内板之间|能量收集装置供电,0.0
US7532935B2,A61N1,电疗器械,美国,0,2005,传感能力优化治疗|化学刺激|深部脑刺激|电刺激|磁刺激|脑神经刺激,心境障碍治疗|焦虑症,调节神经元活性,45.0
US20070027500A1,A61N1,电疗器械,美国,0,2005,传感能力优化治疗|化学刺激|深部脑刺激|电刺激|磁刺激|脑神经刺激,心境障碍治疗|焦虑症,调节神经元活性,211.0
US20150374999A1,A61N1,电疗器械,美国,0,2015,施加刺激序列|选择性同步或去同步所诱发的响应的上升或下降截击|递送第二刺激,神经刺激,不应期|征募纤维群,77.0
US20170001017A9,A61N1,电疗器械,美国,0,2015,施加刺激序列|选择性同步或去同步所诱发的响应的上升或下降截击|递送第二刺激,神经刺激,不应期|征募纤维群|脊髓回路和/或背根的多极时空刺激,65.0
US20180117335A1,A61N1,电疗器械,美国,0,2017,施加刺激序列|递送第二刺激,神经刺激,不应期|征募纤维群,104.0
US20100174329A1,A61F11,耳科治疗器具,美国,0,2009,产生光刺激信号|产生电刺激信号|光和电联合神经刺激,,,80.0
EP4084861A1,A61N1,电疗器械,欧洲专利局,0,2020,协助临床医生识别电极组合|显示脑信号信息及刺激参数值,感测生理信号|电刺激治疗,,0.0
US11529517B2,A61N1,电疗器械,美国,0,2020,显示脑信号信息|检测电生理信号|管理电刺激治疗|识别电极组合,感测生理信号|电刺激治疗,,0.0
CA2702944C,A61N1,电疗器械,加拿大,0,2008,引导和聚焦信号|成像|测量|热转印|经颅骨聚焦|脑机接口|识别定位|通过接口控制刺激,成像|热转印|神经刺激|脑信号测量|诊断和治疗神经疾病|颅骨/脑机接口,经颅聚焦|聚焦信号或能量传输|脑机接口,0.0
US20060106430A1,A61N1,电疗器械,美国,0,2004,施加电信号刺激|植入电极装置|识别目标神经结构,脑疾病治疗,电极植入颅骨的外板和内板之间,220.0
US20090112278A1,A61N1,电疗器械,美国,0,2008,将刺激源聚焦通过颅骨/脑界面|控制刺激特征|识别定位,抑郁症|昏迷|疼痛控制|痴呆|癫痫|神经疾病的诊断和治疗|运动障碍|阿尔茨海默氏病,神经调节|经颅刺激,264.0
US20110046470A1,A61B5,身体诊断测量,美国,0,2010,化学传感|化学取样|化学递送|电刺激|细胞递送|记录|遗传物质递送,中枢神经系统|大脑,,6.0
US6006124A,A61B5,身体诊断测量,美国,0,1998,在颅骨外部制作凹槽|填充粘合剂材料|放置盖子|放置螺旋线圈|钻毛刺孔,放置脑电极|颅内神经接口系统,"通过凹槽和毛刺孔固定导线,避免弯曲|通过凹槽和毛刺孔固定导线，避免弯曲",383.0
US7979105B2,A61B5,身体诊断测量,美国,0,2009,化学传感|化学取样|化学递送|电刺激|细胞递送|记录|遗传物质递送,中枢神经系统|大脑,微创平台,32.0
US8078252B2,A61B5,身体诊断测量,美国,0,2010,化学传感|化学取样|化学递送|电刺激|细胞递送|记录|遗传物质递送,中枢神经系统|大脑,微创平台,12.0
US8412302B2,A61N1,电疗器械,美国,0,2011,化学传感|化学取样|化学递送|电刺激|细胞递送|记录|遗传物质递送,颅内神经接口系统,,4.0
WO2009067323A1,A61N1,电疗器械,世界知识产权组织,0,2008,引导和聚焦信号|成像|测量|热转印|特征控制刺激传送|聚焦的源的刺激诱导的神经调节|识别定位|辅料使用,孤独症|抑郁症|昏迷|疼痛控制|癫痫|诊断和治疗神经疾病|运动失调|阿尔茨海默氏病,聚焦信号或能量传输|阻断外周神经结构中的传导,28.0
WO2024086346A1,A61N1,电疗器械,世界知识产权组织,0,2023,确定电生理状态|记录信号|递送电刺激,脊髓刺激,基于确定的电生理状态通过刺激阵列向目标刺激部位递送电刺激，以便影响电生理状态,1.0
US20090112277A1,A61B18,外科电热器械,美国,0,2007,DC或近DC刺激|形成穿过或部分穿过颅骨的一个或多个孔|植入装置提供界面|通过界面感测脑的状态特征参数|通道配置为电信号的离子传导,神经调节|颅骨/脑机接口,DC或近DC刺激|离子传导,56.0
EP4015033A1,A61N1,电疗器械,欧洲专利局,0,2020,,深部脑刺激|皮层刺激,,2.0
EP4523731A1,A61N1,电疗器械,欧洲专利局,0,2023,电极阵列包含多个由还原氧化石墨烯制成的电极|闭环系统,皮层或皮层下神经接口|闭环解码与神经调控/神经刺激系统,微电极元件和细长探针轴的尺寸设计以靶向小体积神经元,0.0
US2025251794A1,G06F3,输入输出装置,美国,0,2025,桥接电极阵列与神经接口相应电子设备之间细间距连接,硬膜下植入|神经接口,生物相容性,0.0
WO2025166163A1,A61N1,电疗器械,世界知识产权组织,0,2025,电连接第一焊盘和第二焊盘,硬膜下植入的神经接口,生物相容性,0.0
US8954144B2,A61N1,电疗器械,美国,0,2012,混合聚类,神经接口系统,,11.0
US20110264178A1,A61N1,电疗器械,美国,0,2011,单独可寻址电极的三维布置|引导刺激电流通过相邻神经组织的宽范围路径,神经组织刺激,增加对插入后探针错位或移动的容差|靶向神经刺激治疗,12.0
US12239833B2,A61N1,电疗器械,美国,0,2024,接收感测信号|确定目标刺激模式|递送刺激信号|递送预设目标刺激模式库,深部脑刺激,基于感测信号的至少一个特征来确定目标刺激模式,0.0
WO2011067297A1,A61N1,电疗器械,世界知识产权组织,0,2010,显微制造,神经刺激|长期监测和/或刺激,电刺激,36.0
US20110028859A1,A61B5,身体诊断测量,美国,0,2009,比较基线和治疗I/O特性|调整治疗的某些方面|递送输入和记录输出响应|通过电刺激促进干细胞分化,神经系统监测|细胞治疗,比较基线和治疗I/O特性|电刺激促进干细胞分化,145.0
US8073546B2,A61N1,电疗器械,美国,0,2010,检测大脑中响应神经活动|触发神经信号,电刺激治疗,通过电刺激产生预期的神经活动,34.0
CN101058004A,A61N1,电疗器械,中国,1,2007,将刺激信号通过选定的超微电极耦合到视皮层神经组织|将电刺激信号经不同刺激点交替输出|通过选择刺激信号和刺激单元中超微刺激点的连接方式来调控皮层刺激模式,视皮层神经组织的刺激,电刺激信号经不同刺激点交替输出以刺激视皮层神经组织,17.0
WO2008109298A2,A61N1,电疗器械,世界知识产权组织,0,2008,产生激活模式|同时激活电极位点的基团,任何其它合适的解剖位置|周围神经|外周神经|神经刺激疗法|脊柱脐带,参考电极,42.0
US12251557B2,A61N1,电疗器械,美国,0,2021,导线布置于第一层内并固定到电极触点|层叠结构,植入式电极装置,,0.0
EP4445832A2,A61B5,身体诊断测量,欧洲专利局,0,2021,传输电力|施加电刺激|无线连接|电刺激信号传送|获取和存储神经活动信号记录|设置刺激参数,深部脑刺激,基于第一无线连接的激活建立第二无线连接,0.0
WO2020099921A3,A61N1,电疗器械,世界知识产权组织,0,2019,建立复合刺激波形结构(SWS)|电刺激|确定同步重置(SR)参数|获得突发刺激分量|识别噪声结构(NS)和NS滤波参数,神经刺激治疗,交叉频率耦合|同步重置|噪声结构滤波|突发刺激分量对神经状况的选择作用,1.0
US20150148869A1,A61N1,电疗器械,美国,0,2013,电极控制,深部脑刺激,电荷控制,54.0
US12623080B2,A61N1,电疗器械,美国,0,2023,刺激参数更新|参数存储|神经调节程序,神经调节,可交替访问的存储器使可植入脉冲发生器能够存储第二神经调节程序同时根据第一神经调节程序提供神经调节,0.0
US20150088212A1,A61N1,电疗器械,美国,0,2014,产生突发模式刺激|突发模式刺激,神经疾病治疗,改变预定部位的神经元活动,53.0
US9242094B2,A61N1,电疗器械,美国,0,2014,电刺激,前庭神经刺激,,5.0
US9211408B2,A61N1,电疗器械,美国,0,2013,刺激模式|刺激组合,神经调节,刺激或波形的复合模式,1.0
US9878161B2,A61N1,电疗器械,美国,0,2012,将第一频率的电刺激递送到患者的脑|将递送的电刺激从第一频率调节到第三频率|电刺激,将电刺激疗法递送至患者的大脑,夹带患者的生物电脑信号|将生物电脑信号振荡改变到不同于第二频率的第四频率,0.0
WO2015153675A1,A61N2,磁疗器械,世界知识产权组织,0,2015,参数存储|发射电磁脉冲|根据刺激参数，如脉冲频率或脉冲串重复频率或其它参数|用户接口提供给允许操作者方便地选择合适的参数|识别自动搜索例程期间的病人反馈监测,无创脑刺激|治疗或诊断系统|神经调节,电磁脉冲刺激患者的脑或神经系统,19.0
US2020069959A1,A61B5,身体诊断测量,美国,0,2018,经颅光生物调节疗法|经颅刺激,治疗大脑功能障碍,神经可塑性|频率与目标脑波匹配,0.0
US10758739B2,A61B5,身体诊断测量,美国,0,2018,刺激组合|磁刺激|经颅光生物调节疗法(PBMT)|经颅磁刺激,大脑神经通路重构,神经可塑性,0.0
US20040138578A1,A61B5,身体诊断测量,美国,0,2003,提供双向反馈特征|认知-情绪简档|选择性控制经颅磁刺激|采集和处理生物电和/或EEG数据,神经反馈|精神状况治疗|非治疗干预,双向反馈机制|经颅磁刺激驱动治疗和非治疗刺激干预,265.0
US20080033503A1,A61N1,电疗器械,美国,0,2007,施加电信号刺激|植入电极装置|识别目标神经结构,脑疾病治疗,电极轴线偏离目标神经结构,126.0
US20080046035A1,A61N1,电疗器械,美国,0,2007,使轴线偏离目标神经结构|将电极装置植入患者颅骨内|电信号施加|目标定位,脑疾病治疗,神经刺激,121.0
US9155892B2,A61N1,电疗器械,美国,0,2012,募集纤维群|施加刺激序列|选择性同步或去同步所诱发的响应的上升或下降截击|递送第二刺激,神经刺激,不应期|纤维群募集|诱发的响应的方向控制,127.0
CN117547357A,A61B34,手术导航系统,中国,1,2023,以不同刺激参数进行刺激|在该精准定位区域实施治疗|目标定位|神经介入方式从人体外微创进入体内|通过位于颅外的神经定位系统控制或调整脑机接口的刺激参数,治疗大脑功能障碍|颅内介入手术,神经定位|脑机接口,1.0
US8762065B2,G01N33,生物材料分析,美国,0,2005,治疗参数导出|神经调制信号递送|闭环控制,神经调节|精神状况治疗,反馈控制|神经调节机制,61.0
US11691015B2,A61N1,电疗器械,美国,0,2020,信号传输|刺激模式,神经刺激|神经调节,以预编程方式随时间变化的刺激参数,9.0
US20070142874A1,A61N1,电疗器械,美国,0,2007,产生期望的矢量场|刺激参数设置|刺激施加|根据内源性节律设计算法|粗纱化部分信号以产生粗纱矢量场,各种医学病症的刺激治疗|神经刺激器系统|经颅磁刺激器,匹配或避免内部活动模式和节律|相对于症状的比例发生率粗纱化参数值|部分信号的时间和频谱分布相加以产生期望的矢量场,474.0
US9949376B2,A61N1,电疗器械,美国,0,2014,刺激递送|反馈回路|记录神经活动,局部场电位(LFP)|皮层电图(ECoG)|神经调节治疗,闭环反馈回路中的神经记录刺激大脑,7.0
US20180185649A1,A61N1,电疗器械,美国,0,2018,刺激参数调制|闭环控制,深部脑刺激(DBS),反馈驱动,13.0
US20060058856A1,A61N1,电疗器械,美国,0,2004,刺激施加|响应的治疗能力|预定的治疗能力,其它发育障碍|创伤后应激障碍|双相情感障碍|强迫性障碍|成瘾|抑郁症治疗|治疗|焦虑|痴呆,反应性治疗,87.0
US2014194771A1,A61B5,身体诊断测量,美国,0,2012,施加探测刺激|施加电刺激|根据残余神经反应估计神经募集|测量神经信号,植入式设备,神经募集与残余神经反应的关系,0.0
CA3098311A1,A61N1,电疗器械,加拿大,0,2019,传输患者数据|植入|记录生理参数信息,神经接口,,7.0
KR102140137B1,A61B5,身体诊断测量,韩国,0,2018,碳材料互连器|透明电极阵列设计|金属材料电极位点,深部脑刺激|神经信号检测,生物相容性介电基底|电极位点与互连器材料选择,2.0
AU2024203319A1,A61N1,电疗器械,澳大利亚,0,2024,反馈控制变量|基于加速度计信号预测神经特征|神经特征预测模型|闭环控制,亚感知治疗|脊髓刺激治疗,神经特征作为反馈控制变量|神经特征预测模型用于预测神经特征,4.0
WO2021141163A1,A61N1,电疗器械,世界知识产权组织,0,2020,检测脑电波|电刺激,磁共振成像中电刺激深脑部分并检测脑电波,互连器连接|导电触点设置|生物相容性介电基底|电极位点设置,15.0
JP2012508635A,A61N1,电疗器械,日本,0,2009,制造和使用相同的方法|微电极阵列装置,动物神经系统|深的人的脑内,电刺激,20.0
EP4424358A1,A61N1,电疗器械,欧洲专利局,0,2023,刺激或阻断皮层操作|感应耦合,中风受试者的运动皮层|神经调节,感应耦合|神经调节,0.0
CN118452935A,A61B5,身体诊断测量,中国,1,2024,宏电极位点记录|微电极位点记录|植入组件包括辅助植入部、微电极部、宏电极部和引线部|采用柔性材料制成,神经活动记录,宏电极位点用于记录局部场电位信息|微电极位点用于记录单细胞动作电位信息|柔性材料减少对神经组织的损伤,8.0
EP1940508B1,A61N1,电疗器械,欧洲专利局,0,2006,连续地通过该分析水平是调整和优化|适应所述治疗连续地对该患者的临床状态,神经刺激疗法,刺激参数,10.0
US20090112279A1,A61N1,电疗器械,美国,0,2008,使用可植入颅骨中的通道装置|使用颅骨中的孔,传热|成像|测量|神经病症的治疗和诊断|神经调节,定向和聚焦,33.0
US20110144716A1,A61N1,电疗器械,美国,0,2008,向第一多个电极和第二多个电极提供极性相反的电流|将第一多个电极和第二多个电极定位在受检者的颅骨上|植入电极,性能增强|提高认知能力|治疗疾病|神经障碍治疗,极性相反的电流|第一多个电极中的至少一个电极被第二多个电极中的至少两个电极包围,85.0
US11571576B2,A61N1,电疗器械,美国,0,2020,定义刺激参数值|显示脑信号信息|识别电极组合,感测生理信号|神经调节治疗|脑刺激,,0.0
US62873745P0,,,美国,0,2019,将模拟神经电压转换为数字信号|无线通信|通过串行电缆连接到皮下继电器,脑-机接口(BMI),外部可佩戴通信和电源装置|皮下无线中继,0.0
US10206597B2,A61B5,身体诊断测量,美国,0,2016,,,,0.0
US20170020403A1,A61B5,身体诊断测量,美国,0,2016,刺穿神经外周并插入神经,神经探针阵列,柔性材料连接器|电极形成于探针主体,7.0
US8364273B2,A61N1,电疗器械,美国,0,2008,产生突发和紧张刺激的组合|改变预定位点的神经元活动,神经系统疾病治疗,神经活动调节,152.0
CN120549502A,A61B5,身体诊断测量,中国,1,2025,压缩状态输送|支撑电极片接触血管壁|自动膨胀,神经介入|脑机接口技术领域,信号采集部支撑电极片接触非狭窄部位血管壁|支架本体一体设置狭窄支撑部与信号采集部|狭窄支撑部径向尺寸小于信号采集部|狭窄支撑部支撑血管狭窄部位,0.0
US20050004621A1,A61N1,电疗器械,美国,0,2004,可再充电电池|可编程植入脉冲发生器|外部刺激器|植入式刺激接收器|磁体操作|组合可植入装置|脉冲电刺激|遥测装置联网|高值电容器存储电荷,偏头痛|抑郁症|焦虑症|痴呆|癫痫|神经性疼痛|肥胖症|进食障碍,神经电刺激,253.0
US20110092882A1,A61N5,放射治疗,美国,0,2010,控制参数|提供化学物质|提供电磁信号|检测患者特征,患者交互神经刺激|物质递送,化学物质递送|神经刺激,114.0
US10953230B2,A61B5,身体诊断测量,美国,0,2017,将相位同步计算与状况关联|确定相位同步|记录神经信号,神经刺激,相位同步,0.0
US20040181263A1,A61N1,电疗器械,美国,0,2003,将神经刺激直接施加到所述部位|皮质刺激|确定患者大脑皮层上与患病身体部位的运动障碍相关的部位|神经活性关联,帕金森病|运动障碍,通过皮质刺激治疗运动障碍,200.0
US20190001140A1,A61N1,电疗器械,美国,0,2016,序列刺激中的重复图案|神经刺激|连续周期方式,刺激神经元,刺激参数,9.0
US10709378B2,A61B5,身体诊断测量,美国,0,2016,响应性刺激|提供感觉反馈|检测神经信号,康复设备,闭环神经活动触发,0.0
US20220016415A1,A61N1,电疗器械,美国,0,2021,施加电刺激|无线连接|记录神经信号|设置一个或多个刺激参数,深部脑刺激,基于第一无线连接的激活建立第二无线连接,8.0
US11986649B2,A61N1,电疗器械,美国,0,2020,基于同步模式生成大脑状态参数|基于测量的功率密度或光谱的变化识别标记|开环或闭环方式实现|确定中介程序以调整慢波振荡强度|磁刺激,睡眠和觉醒增强|脑刺激和监测|记忆巩固,慢波和纺锤体同步性增强记忆巩固|慢波振荡强度调整增强同步性,0.0
US20060212090A1,A61N1,电疗器械,美国,0,2006,化学刺激|植入|电刺激,认知障碍治疗,神经调节,161.0
US11998748B2,A61N1,电疗器械,美国,0,2021,确定脑活动变化|选择目标治疗递送部位|递送电刺激信号,医疗系统|治疗患者状况,相对高频率的电刺激信号|脑活动的变化,0.0
US20170120043A1,A61N1,电疗器械,美国,0,2016,基于感测数据调整治疗|导出连接规则并调整治疗|考虑网络动态和耦合效应|评估候选位置|选择目标治疗递送部位,神经活性调节|脑疾病治疗,神经调节|网络动态和耦合效应|间接刺激,41.0
US20110307030A1,A61N1,电疗器械,美国,0,2011,基于感测数据调整治疗|导出连接规则并调整治疗|考虑网络动态和耦合效应|评估候选位置|选择目标治疗递送部位,神经调节|脑疾病治疗,神经活动调节|通过在不同脑区域处的刺激间接调节,122.0
WO2024229479A1,A61N1,电疗器械,世界知识产权组织,0,2024,多电极刺激|施加低频波形,神经障碍治疗,恢复网络内和之间的正常相关或反相关通信连接,1.0
US20190217116A1,A61N2,磁疗器械,美国,0,2018,产生个性化加速theta突发刺激目标|放置TMS装置|施加TMS,神经障碍治疗,加速theta突发刺激协议,16.0
US8457747B2,A61N1,电疗器械,美国,0,2008,使用至少第一电极将电信号施加到脑神经|将至少第一电极耦合到患者的脑神经和电信号发生器|提供电信号发生器|用电信号发生器产生电信号,治疗疾病,电信号持续时间小于患者的心脏周期，并且在患者的心脏周期期间,28.0
US20150297444A1,A61H23,振动按摩器,美国,0,2013,以时间延迟施加刺激|确定相位同步|递送第二刺激|验证刺激抑制,刺激神经元|非侵入性去同步神经刺激,去同步神经刺激|相位重置,59.0
US20150018898A1,A61N1,电疗器械,美国,0,2013,确定相位同步|选择刺激触点|验证刺激抑制,刺激神经元,相位重置,30.0
US20160022168A1,A61B5,身体诊断测量,美国,0,2015,施加电刺激|施加药物刺激|检测脑电波|近实时分析,神经康复|神经病症的治疗和诊断|神经训练,刺激治疗|脑可塑性状态指示,59.0
US20140107728A1,A61N1,电疗器械,美国,0,2011,位点特异性刺激|刺激电极|在信息处理的特定阶段进行刺激|植入颅内深度电极,脑深部刺激,低于后放电阈值的电流刺激|内嗅区刺激,31.0
US20070027499A1,A61N1,电疗器械,美国,0,2005,传感能力用于优化治疗方案|脑刺激|脑神经刺激,治疗患者状况,调节神经元活性,108.0
US20210031034A1,A61N1,电疗器械,美国,0,2019,靶向神经刺激,脑疾病治疗,,12.0
US20080269836A1,A61N1,电疗器械,美国,0,2006,分析来自邻近刺激电极本身的组织的生物电信号|确定刺激参数的反馈|连续地适应患者的临床状态,深部脑刺激|神经障碍治疗,作为局部生物电位函数的慢性适应性脑刺激,58.0
US20130046358A1,A61N1,电疗器械,美国,0,2012,控制刺激组件和感测组件对电源的使用|控制感测组件被供电以获取信号的时间与刺激组件被供电以刺激对象的时间显著不同,神经功能障碍检测,时序分离供电以降低刺激伪影,20.0
US12605548B2,A61N1,电疗器械,美国,0,2022,分配和跟踪潜在的电极-组织变化的可能性|更新反馈控制模态|确定神经反应的形态学的变化|闭环反馈控制,脊髓刺激,刺激治疗|形态学变化指示刺激环境的变化程度,0.0
US11172864B2,A61B5,身体诊断测量,美国,0,2014,响应性刺激|施加刺激|记录神经信号,术中改变的治疗范围|深部脑刺激|疾病进展|药物功效,迟发性响应|迟发性响应在ECAP结束之后产生,12.0
US9974455B2,A61B5,身体诊断测量,美国,0,2012,施加探测刺激|施加电刺激|根据残余神经反应估计神经募集,植入式设备,神经募集与残余神经反应的关系,88.0
CA3082656A1,G06F3,输入输出装置,加拿大,0,2018,机器学习技术|训练用于估计神经信号,神经接口,神经活动与神经信号关联,4.0
KR101356625B1,G01N27,电化学检测,韩国,0,2012,测量神经电信号|生成新的刺激波形|选择性地提供刺激波形,神经可塑性研究|神经活性调节|脑-计算机接口(BCI),实时反馈,0.0
US20180133459A1,A61N1,电疗器械,美国,0,2016,定位电极|施加电刺激|记录神经响应|评估配合,脑刺激和监测,对侧大脑半球对应目标结构,94.0
US20150273206A1,A61B19,手术辅助器械,美国,0,2015,接通相邻电极同时关断电极|电极移位,DBS|TEN|内部器官|心脏|皮肤|脑,电极移动,10.0
US8180460B2,A61N1,电疗器械,美国,0,2007,沉积金属迹线|聚合物层隔开|聚合物顶层覆盖,皮层刺激|耳蜗刺激以产生人工听觉|视网膜刺激以产生人工视觉,柔性电路电极阵列|聚合物材料用作电极阵列体,54.0
US8014878B2,A61N1,电疗器械,美国,0,2005,在多个模具中重复加热柔性电路|在折叠部的内部和外部添加额外的材料|在柔性电路阵列中提供折叠或扭转|施加适当的热量产生曲线|沿边缘添加材料,皮层刺激|神经刺激|耳蜗刺激以产生人工听觉|视网膜刺激以产生人工视觉,热塑性聚合物热成型原理,47.0
US20160144165A1,A61N1,电疗器械,美国,0,2015,薄膜固定到载体芯|远端延伸部分缠绕载体芯,生物电信号的感测|神经刺激|脑深部刺激,固定元件将薄膜远端固定到载体芯,24.0
CN101522256A,A61N1,电疗器械,中国,1,2007,将各植入式组装部件层叠合在一起|将各植入式组装部件层熔融|用激光或机械方法切割出单独的植入式组装部件层|聚结形成神经刺激线路,神经刺激线路,导体和末端衬垫被封装在连续的高分子绝缘膜内,25.0
US6343226B1,A61N1,电疗器械,美国,0,1999,同时的微电极记录|电刺激|记录神经响应,外周神经系统疾病治疗|帕金森病|疼痛治疗|癫痫|神经病症的治疗和诊断|神经组织刺激|神经障碍,深部脑刺激|电极组织接触表面积差异导致电流密度分布变化,397.0
CN121360335B,A61N1,电疗器械,中国,1,2025,对第一电信号进行调制|按照电极矩阵的空间布局规律进行映射|采集第一电信号|重新定向,植入式脑机接口,电极矩阵空间布局规律映射|调制信号施加至靶向区域,0.0
US2013090542A1,A61B5,身体诊断测量,美国,0,2011,涂覆材料,植入式设备|监测或刺激生物体大脑、脊柱、神经或器官中的神经活动|神经探针,导电区域|导电芯材料,0.0
US8958890B2,A61N1,电疗器械,美国,0,2013,在载体侧壁中提供至少一个可变形段|采用薄化侧壁段或开缝壁段的形式,植入式神经接口装置,可变形段比载体侧壁的其余部分更柔韧，以响应于身体组织中的移位力而移动,12.0
CN121795928B,A61B5,身体诊断测量,中国,1,2026,控制训练外设执行训练方案|根据康复指标信号获取训练有效性指标|神经信号解码,神经康复,以训练外设的执行结果为标准，统一了脑电信号质量对于康复结果的评估标准|实时反馈,0.0
US20150157862A1,A61N1,电疗器械,美国,0,2014,刺激递送|反馈回路|发送和接收数据或信号|记录神经活动,局部场电位(LFP)信号|皮层电图(ECoG)|神经调节治疗|脑刺激,闭环反馈回路中的神经记录来刺激大脑,172.0
CN121795928A,A61B5,身体诊断测量,中国,1,2026,控制训练外设执行训练方案|根据康复指标信号获取训练有效性指标|神经信号解码,神经康复,以训练外设的执行结果为标准，统一了脑电信号质量对于康复结果的评估标准,0.0
WO2019211314A1,A61N1,电疗器械,世界知识产权组织,0,2019,发送和接收数据或信号|接收数据|记录生理参数信息,神经接口,,54.0
US20030009207A1,A61N1,电疗器械,美国,0,2001,具有可移动延伸部的可植入医用引线|具有标记的可植入医用导线,植入式神经接口装置|神经刺激,,173.0
US20250366767A1,A61B5,身体诊断测量,美国,0,2022,将电极部位置于第一绝缘层和第二绝缘层中的至少一个的外表面上|通过绝缘层中的通孔实现电极部位与导线的电耦合,中枢神经系统,,0.0
US20170035316A1,A61B5,身体诊断测量,美国,0,2015,分析检测到的脑电活动|无线发送癫痫事件数据|生成癫痫事件数据,微创盔下颅外脑电图监护,处理器分析脑电活动确定癫痫事件|电极阵列检测脑电活动,42.0
JP2020074993A,G06F3,输入输出装置,日本,0,2018,可变形基板上布置多个电极|沿方向延伸,活体大脑皮层脑活动信息获取,参考信号|接地电位,0.0
US7892182B2,A61B5,身体诊断测量,美国,0,2007,响应于测量和其它观察到的状况调节脑血流|增加灌注|调节脑血流,癫痫|神经障碍,脑灌注调节,8.0
US7341562B2,A61B5,身体诊断测量,美国,0,2004,响应于测量和其它观察到的状况|调节脑血流,癫痫|神经障碍,脑灌注调节,43.0
US20060265022A1,A61N1,电疗器械,美国,0,2006,增加灌注|调节脑血流,癫痫|神经障碍,脑灌注调节,282.0
US20060129204A1,A61N1,电疗器械,美国,0,2004,增加灌注|调节脑血流,癫痫|神经障碍,脑灌注调节,65.0
US20240408396A1,A61N1,电疗器械,美国,0,2024,多电极刺激|施加低频波形,神经障碍治疗,恢复网络内和之间的正常相关或反相关通信连接,0.0
CN104225790A,A61N1,电疗器械,中国,1,2014,上位机算法处理|嵌入式算法处理数据|无线通信模块传输数据,动物研究|神经系统疾病治疗|闭环刺激方法的临床研究,反馈控制,71.0
JP2016510230A5,A61M21,精神治疗装置,日本,0,2014,利用多个参数|听觉刺激,诱导睡眠,各种频带，例如，高频率和低频率幅度指示脑部活动中的脑活动,0.0
JP2016510230A,A61M21,精神治疗装置,日本,0,2014,利用多个参数|听觉刺激|多个强度刺激基于所述参数调节,睡眠诱导,高频率和低频率幅度指示脑部活动中的脑活动,3.0
JP2023536763A,A61N1,电疗器械,日本,0,2021,提取相位空间|施加低频刺激(LFS)|施加刺激频率|测量诱发化合物活性(ECA)|测量高频振荡(HFO)|确定频率范围|确定高于预定阈值的诱发HFO频率|选择治疗频率,脑刺激,HFO频率阈值|基于ECA提取相位空间,0.0
WO2022226211A1,A61B5,身体诊断测量,世界知识产权组织,0,2022,使用超声波进行通信|分析系统数据|施加刺激,帕金森病|颅内植入,深部脑刺激|超声波通信,1.0
CN119345607B,A61N1,电疗器械,中国,1,2024,协同刺激|模块化应用|选择性使用|闭环神经调控,泌尿系统并发症治疗|脊髓相关疾病|脑部疾病|运动功能重建,脑部、脊髓及腰骶部协同调控,1.0
CN119345607A,A61N1,电疗器械,中国,1,2024,协同刺激|模块化应用|选择性使用|闭环神经调控,泌尿系统并发症治疗|脊髓相关疾病|脑部疾病|运动功能重建,脑部、脊髓及腰骶部协同调控,0.0
WO2023250309A3,A61B5,身体诊断测量,世界知识产权组织,0,2023,接收数据|施加电信号|直接控制瘫痪肌肉、肢体或末端|获取皮层脑电图信号,运动和感觉恢复,脑机接口,0.0
CA2428116A1,A61B5,身体诊断测量,加拿大,0,2001,刺激神经组织|植入深度电极|测定兴奋性和难治性参数,癫痫发作预测|神经功能障碍检测,兴奋性和难治性（抑制周期）参数与异常神经活性的关联,39.0
US7561918B2,A61N1,电疗器械,美国,0,2005,向神经递送电刺激|确定预定状况是否发生|调节刺激参数|重复递送、确定和调节直到出现预定条件,神经电刺激治疗,,105.0
US20060212093A1,A61N1,电疗器械,美国,0,2006,基于传感器测量计算推断设备状态|根据过去时间和一天的时间变化,神经疾病治疗,生理或其它环境驱动治疗递送,123.0
US11944806B2,A61N1,电疗器械,美国,0,2021,刺激电流包络|反馈信号动态调节刺激波形|多脉冲序列|高电流水平电荷平衡交流电信号,刺激系统|焦虑抑郁失眠治疗,神经夹带|诱发神经元代谢反应,3.0
US11363981B2,A61B5,身体诊断测量,美国,0,2020,产生刺激波形|计算EEG谱密度|计算功率谱密度|频率随时间呈指数变化的信号调制,治疗性神经调节,频率随时间呈指数变化的信号调制,0.0
US62758363P0,,,美国,0,2018,神经植入物|简单递送方法,神经活动记录|神经障碍治疗|脑机接口,与天然轴突束相似的尺寸、动力学和空间分布|细胞规模自然整合,0.0
US62640752P0,,,美国,0,2018,神经植入物|简单递送方法,神经活动记录|神经障碍治疗|脑机接口,与天然轴突束相似的尺寸、动力学和空间分布|细胞规模自然整合,0.0
US2018333587A1,A61N1,电疗器械,美国,0,2018,人工智能驱动|电生理刺激|电生理神经信号的电信号和光信号接收与传输,植入人体内以与脑组织相互作用,电学和光学耦合,0.0
US9302110B2,A61N1,电疗器械,美国,0,2015,接收表示电流场的偏移的用户输入|确定第二刺激参数集|移动电流场|设置刺激设备|输出第二刺激参数集,深部脑刺激,电流场偏移,29.0
US9084896B2,A61N1,电疗器械,美国,0,2012,接收用户输入|确定第二刺激参数集|移动电流场,深部脑刺激,电流场偏移,28.0
US20220355115A1,A61N1,电疗器械,美国,0,2022,基于临床响应指示符确定基本刺激设置|识别电极配置和引线的参数值的搜索空间|远程控制的治疗滴定装置修改基础刺激设置,神经调节治疗,基于临床响应指示符评估,13.0
US20030004429A1,A61B5,身体诊断测量,美国,0,2002,施加修改脉冲|施加响应刺激|记录脑电波活动,,仅当脑电波状态基本上满足预选的响应标准时才施加刺激,37.0
WO2009055127A1,A61B5,身体诊断测量,世界知识产权组织,0,2008,开环或闭合回路系统|植入药物疗法药物泵|电逻辑刺激|量化脑信号功效,植入程序|疼痛治疗|脑外部监测,脑中的信号量化电逻辑刺激的功效,48.0
US20090105784A1,A61N1,电疗器械,美国,0,2008,感应电压产生脑刺激电流|递送到刺激元件,深部脑刺激(DBS)治疗,电磁感应,83.0
US20050154426A1,A61N1,电疗器械,美国,0,2005,脉冲电迷走神经刺激|远程询问和编程|重复经颅磁刺激,神经精神疾病治疗|认知障碍治疗,传入神经调节,338.0
CN121371498B,A61B5,身体诊断测量,中国,1,2025,切换工作模式|实时采集脑电信号|施加干预刺激脉冲|确定特征参数|调节刺激参数,植入式闭环神经刺激系统,功耗管理|闭环刺激,0.0
CN121371498A,A61N1,电疗器械,中国,1,2025,切换工作模式|实时采集脑电信号|施加干预刺激脉冲|确定特征参数|自适应调整干预刺激脉冲参数,植入式闭环神经刺激系统,功耗管理|闭环刺激,0.0
US20230071069A1,A61N2,磁疗器械,美国,0,2022,可变脉冲电刺激|可变脉冲磁刺激|固体磁体刺激|电磁刺激,向有需要的患者施用可变脉冲电或磁刺激|神经调节,基于生物变量的一个或多个平均值和标准差而变化,1.0
CN118001586A,A61N1,电疗器械,中国,1,2024,插值处理|滤波处理|短时傅里叶变换|筛选|计算功率谱密度|计算相干性系数,神经精神疾病治疗,多频段自适应同步调制|跨频耦合,8.0
WO2024204823A1,A61N1,电疗器械,世界知识产权组织,0,2024,提取γ频带的信号成分|求出波形的发生率|生成具有与发生率对应的频率和振幅的驱动信号,深部脑刺激,发生率越高，驱动信号的频率越高，驱动信号的振幅越高,0.0
US7422555B2,A61B17,外科器械,美国,0,2004,电神经刺激(ENS)|监测大脑生理反应|磁神经刺激(MNS)|迷走神经刺激(VNS)|选择性适配磁场参数,抑郁症治疗|神经精神疾病治疗|精神分裂症治疗,ENS和MNS串联或交替顺序给药|磁场刺激大脑,61.0
US20250242167A1,A61N2,磁疗器械,美国,0,2023,分析大脑记录|基于全局优化的时间预测框架|实时分析个体大脑状态|训练预测算法|预测生物标志物的出现,脑刺激设备向受试者的大脑提供神经刺激|闭环神经刺激,实时同步|预测生物标志物的出现,6.0
CN122097849A,A61N1,电疗器械,中国,1,2026,判断脑电信号是否达到预期脑电状态|确定目标经颅电刺激方案|频谱分析,刺激系统,基于脑电特征的经颅电刺激,0.0
CN120478839A,A61N1,电疗器械,中国,1,2025,多通道刺激控制|实时相位检测,家庭环境下的个性化神经调控,神经振荡相位同步|跨区域锁相刺激,4.0
US10478086B2,A61B5,身体诊断测量,美国,0,2016,传达瞬时电压幅度的变化、增加、减少或维持|提取具有不对称分布峰值/谷值幅度的偏置振荡活动的瞬时电压幅度|施加神经刺激,神经反馈会话,相对较高的神经元兴奋状态对应于相对较低的瞬时电压幅度,0.0
JP7784741B2,A61N1,电疗器械,日本,0,2021,传输电力|施加电刺激|无线连接|电刺激信号传送|获取和存储神经活动信号记录|设置刺激参数,深部脑刺激,基于神经活动信号记录设置刺激参数,0.0
US20130281890A1,A61N7,超声治疗,美国,0,2013,交叉超声波束|成形或导向超声|无线神经调制反馈控制|超声冲击神经回路,浅部神经调节|深部脑刺激|脊髓神经调节,上调或下调|超声能量对脊髓的无创性神经调节作用|长期增强(LTP)|长期抑制(LTD),149.0
US8303480B2,A61N1,电疗器械,美国,0,2011,感应电场刺激|磁场刺激大脑,抑郁症|研究神经刺激的效果|认知障碍改善,感应电场|磁场刺激大脑,3.0
US7282021B2,A61N1,电疗器械,美国,0,2006,感应电场刺激|磁场刺激大脑,研究神经刺激的效果,感应电场|磁场刺激大脑,47.0
US9433789B2,A61N1,电疗器械,美国,0,2014,RF发射器单元辐射能量|无线神经调制反馈控制|植入的神经调制电路将能量转换成电波形,基于运动或情绪的病症|帕金森病|疼痛控制|癫痫|阿尔茨海默氏症,神经元激活或抑制介导|通过植入的神经调制电路将能量转换成电波形以激活脑中的目标神经元,1.0
CN118592963A,A61B5,身体诊断测量,中国,1,2024,在电极触点和焊点的暴露面设置不同材料,脑机接口,不同材料能够充分发挥各自的优势,4.0
KR101645852B1,A61B5,身体诊断测量,韩国,0,2015,传输到外部|插入颅骨,脑科学,,7.0
US20220007985A1,A61B5,身体诊断测量,美国,0,2020,将接地电极和参比电极定位在电安静位置|神经植入物,床头|颅内EEG记录,接地电极和参比电极定位在电安静位置以记录持久高保真信号,1.0
US62948712P0,,,美国,0,2019,产生时变电场|使用共形电极阵列产生视觉感知,神经工程|视觉感知产生,时变电场|电刺激,0.0
US62948723P0,,,美国,0,2019,产生时变电场|使用共形电极阵列产生视觉感知|将电极阵列置于心室系统或脑静脉窦内,神经系统疾病治疗|脑机接口|视觉感知产生,微创技术|时变电场,0.0
US9326720B2,A61B5,身体诊断测量,美国,0,2012,减轻伪迹的影响|接收数据|确定患者的神经状态,脑电图系统,,19.0
US12491359B2,A61N1,电疗器械,美国,0,2023,固定结构固定电极体|表面处理扩大有效刺激表面|载体材料包围电极体|钎焊、粘接、焊接或其它连接技术连接导体,头骨和头皮之间的点|电刺激生物组织|神经刺激,交流脉冲和/或直流脉冲产生电刺激,0.0
CN118948291A,A61B5,身体诊断测量,中国,1,2024,固定相对位置|植入目标组织|直接电连接,微电极技术领域,刺激组件与采集组件集成，通过定型剂固定位置,1.0
CN109222956A,A61B5,身体诊断测量,中国,1,2018,光刺激和电记录集成|加入PEDOT/PSS/MWCNT神经电极修饰材料|载体材料包围电极体,微电极技术领域|神经工程|脑科学,与脑组织相似的弹性模量|更低的阻抗和良好的伏安特性|良好的生物相容性,21.0
WO2020205677A1,A61B5,身体诊断测量,世界知识产权组织,0,2020,将接地电极和参比电极定位在电安静位置|神经植入物,床头|颅内EEG记录,通过特定设计将接地电极和参比电极定位在电安静位置以记录持久高保真信号,1.0
US20210361235A1,A61B5,身体诊断测量,美国,0,2019,中空腔室容纳导电介质|可拉伸覆盖体安装固定座|导电迹线传输信号,脑电图检测,导电迹线传输信号|电极感测单元通过导电介质采集信号,9.0
KR20200063478A,A61B5,身体诊断测量,韩国,0,2018,存储个性化学习数据|提取用户特定特征|机器学习计算模型分类|脑电波检测,认知障碍改善,基于脑区域脑电波估计认知状态|用户特异性激活的脑区域,0.0
WO2025253119A1,G06F3,输入输出装置,世界知识产权组织,0,2025,定义兼容单元库并选择单元连接至电总线|电总线提供电力、模拟信号和数字信号传输路径,神经接口,模块化单元通过总线互连实现可定制架构|通过多路径电总线实现电力与信号分离传输,0.0
KR102014516B1,A61B5,身体诊断测量,韩国,0,2018,感测特定操作|提供补偿|施加刺激|根据预定算法控制|测量脑信号,动物本体感觉实验,本体感觉诱导机制,8.0
WO2025034993A1,A61N1,电疗器械,世界知识产权组织,0,2024,机器学习模型|根据预定算法控制|检测和分类神经活动模式|记录|输送电刺激,深部脑刺激治疗运动迟缓,神经特征辅助DBS编程|预期运动相关的神经活动模式,4.0
CN114224366B,A61B5,身体诊断测量,中国,1,2021,信号放大|多路选择模块选择信号输出|恒流刺激模块生成神经刺激信号|数字控制模块输出数字采样信号|模数转换模块转换,脑机接口设备|芯片技术领域,多路选择降低能耗与噪声|神经信号测量与刺激功能兼容,0.0
CN114224366A,A61B5,身体诊断测量,中国,1,2021,信号放大|多路选择模块选择信号输出|恒流刺激模块生成神经刺激信号|数字控制模块输出数字采样信号|模数转换模块转换,脑机接口设备|芯片技术领域,多路选择降低能耗与噪声|神经信号测量与刺激功能兼容,0.0
US9878155B1,A61B5,身体诊断测量,美国,0,2016,实时神经影像感测|生成评估|确定高清经颅电刺激|调整神经刺激,团队执行行为任务,目标大脑状态与特定脑区相关|诱导目标大脑状态,19.0
EP4193909A1,A61B5,身体诊断测量,欧洲专利局,0,2021,上行链路传输数据|下行链路传输|植入硬脑膜层下方的感测和/或刺激单元|植入颅骨中的数据收发单元,脑机接口,下行链路和上行链路信道|高空间集成单元用于感测和/或刺激大脑区域,0.0
CN113426007A,A61N1,电疗器械,中国,1,2021,信号放大与滤波|动作捕捉|生成电刺激指令|脑电采集|闭环控制,上肢功能恢复|康复训练,基于人体自身意志主动调制神经活动,10.0
CN119200848A,G06F3,输入输出装置,中国,1,2024,信号处理|分片处理|动作电位信号检测处理|建立与上位机之间的通信连接|生成双极性刺激电流|获取刺激电流参数和信号采集参数|进行脑电波刺激处理,动物机器人行为调控|脑电信号研究,双极性刺激电流|无线植入式脑机接口,2.0
CN113057657A,A61B5,身体诊断测量,中国,1,2021,元迁移学习框架训练|对脑电信号进行预处理|机器学习模型|滑动窗口切分|计算锁相值|采集诱发态下的32导联脑电信号,情绪分类,元迁移学习|多尺度连通性特征|锁相值,14.0
CN113057657B,A61B5,身体诊断测量,中国,1,2021,元迁移学习框架训练|机器学习模型|滑动窗口切分|计算锁相值|采集诱发态下的32导联脑电信号|预处理,情绪分类,元迁移学习|多尺度连通性特征|捕捉不同人脑区域的情感交互|连通性特征与情绪状态之间的关系,0.0
EP4569511A1,G10L15,语音识别,欧洲专利局,0,2023,加权有限状态转换器语言模型|动作电位尖峰分箱|卷积神经网络|音素解码器,脑机接口,神经信号解码为音素,0.0
WO2024036213A1,G10L15,语音识别,世界知识产权组织,0,2023,加权有限状态转换器语言模型|动作电位尖峰分箱|循环神经网络(RNN)|音素解码器,脑机接口|语音解码,神经信号解码为音素|语言模型约束音素序列,2.0
US63370920P0,,,美国,0,2022,使用加权有限状态换能器的语言模型|使用音素解码器生成估计的预期语音|动作电位尖峰分箱|将分格提供给递归神经网络(RNN),脑机接口,加权有限状态换能器语言模型|递归神经网络(RNN)处理时间序列,0.0
US2025248636A1,A61B5,身体诊断测量,美国,0,2025,植入电极装置|皮层映射|监测脑信号|确定置信水平|记录神经活动,脑机接口,神经活动与动作之间的对应关系,0.0
WO2025170999A1,A61B5,身体诊断测量,世界知识产权组织,0,2025,植入电极装置|皮层映射|监测脑信号|确定置信水平|记录神经活动,皮层映射|脑机接口,神经活动与动作之间的对应关系,0.0
US63549722P0,,,美国,0,2024,植入电极装置|皮层映射|监测脑信号|确定置信度水平|记录神经活动,最佳脑机接口性能,神经活动和动作之间的对应关系,0.0
JP5041584B2,A61B5,身体诊断测量,日本,0,2007,电刺激神经|神经活动信号转换,神经细胞信号|神经细胞电刺激,半导体集成电路信号选择|绝缘膜覆盖|金属针探针阵列植入通孔,6.0
CN110432900B,A61B5,身体诊断测量,中国,1,2019,多视图学习|特征节点提取网络|独热编码|预测网络,侵入式脑机接口|多视图学习场景,多视图解码,0.0
CN110432900A,A61B5,身体诊断测量,中国,1,2019,多视图学习|特征节点提取网络|独热编码|预测网络,侵入式脑机接口|多视图学习场景,多视图解码,2.0
IN202411020509A,G08B21,状态报警器,印度,0,2024,信号处理|机器学习模型分类|监督学习训练|自适应重新训练|降噪算法,事故预防|驾驶员疲劳检测,神经信号与警觉状态的关联|脑机接口(BCI)技术,0.0
IN202541038393A,G06N3,神经网络,印度,0,2025,卷积神经网络(CNNs)|基于深度学习的神经解码|训练基于CNN的模型,神经康复|脑-计算机接口系统|脑机接口(BMI)|视觉假肢|认知神经科学,IT皮层编码视觉信息|学习神经活动模式和相应视觉输入之间的复杂映射,0.0
CN110755041A,A61B5,身体诊断测量,中国,1,2019,分类器聚合样本|梯度性评价|神经活动数据统计|选择受试者练习工作记忆任务|采集神经活动数据,医疗设备|认知神经科学,基于脑血流|模拟失重训练,6.0
CN110755041B,A61B5,身体诊断测量,中国,1,2019,分类器聚合|工作记忆任务|梯度性评价|模拟失重训练|神经活动数据统计,医疗设备|认知神经科学,基于脑血流,0.0
US12447349B2,A61N1,电疗器械,美国,0,2021,上行链路传输数据|下行链路传输,脑-计算机接口系统,下行链路和上行链路信道,0.0
US2022176136A1,A61N1,电疗器械,美国,0,2021,上行链路传输|下行链路传输,脑机接口系统,功率和数据传输机制,0.0
CN111281379A,A61B5,身体诊断测量,中国,1,2020,tDCS阴极电极放置于另一侧|使用tDCS阳极电极刺激一侧背外侧前额叶皮层|在屏幕指定区域随机呈现若干长度的字符串|记录反应时间和答案正误|采集脑电信号,注意力广度实验,tDCS阳极刺激背外侧前额叶皮层|经颅直流电刺激,7.0
CN120324785A,A61N1,电疗器械,中国,1,2025,康复训练分析|监测肌电信号|运动诱发电位测定|迭代康复训练,上肢功能恢复|康复训练,皮质脊髓通路兴奋度评估|脑肌耦合性分析|迷走神经电刺激,7.0
CN118177832A,A61B5,身体诊断测量,中国,1,2023,K阶有向动态升阶学习模块进行特征融合|学习策略|局部特征提取模块提取通道间特征相关的成对关系|注意力机制自更新|计算锁相值,,互相关性|全局脑功能区特征图|脑功能区内部连通性,4.0
CN118177832B,A61B5,身体诊断测量,中国,1,2023,K阶有向动态升阶学习模块进行特征融合|分类|学习策略|局部特征提取模块提取通道间特征相关的成对关系|提取一阶隐藏特征|注意力机制自更新|融合剩余脑功能区得到全局脑功能区特征图|计算脑功能区内部连通性强弱的相关性分数|计算锁相值,,互相关性|注意力机制|脑功能区内部连通性|通道间特征相关,0.0
WO2022013827A2,A61N1,电疗器械,世界知识产权组织,0,2021,传输能量|定义刺激参数|施加电刺激|无线连接|电刺激信号传送|神经活动信号转换,深部脑刺激,无线连接,4.0
US12572208B1,H04W4,无线业务,美国,0,2025,机器学习模型提取模式|编码,可穿戴脑机接口设备|电信网络传输通信,动作意图识别,0.0
CN120815287A,G06N3,神经网络,中国,1,2025,动态调整电针刺激参数|深度学习模型构建|特征提取|脑机接口信号采集|预处理,医疗器械领域|电针治疗,深度学习算法|脑机接口,0.0
CN114504730A,A61N1,电疗器械,中国,1,2022,动作意图想象|深度学习|电刺激|脑电信号辨识,康复训练|手部运动机能康复,动作意图识别|神经电刺激|脑机接口,10.0
CN206507945U,A61B5,身体诊断测量,中国,1,2016,微弱生物信号的采集|无线传输|皮层和深部神经电刺激|预处理,神经外科疾病如癫痫的监测与治疗,低功耗|体积小|允许体内植入|无线传输技术|长期使用,9.0
CN121846521A,A61N1,电疗器械,中国,1,2025,控制电极进行经颅电刺激|获取多个电极采集的脑电信号|设置电刺激参数|调整每个电极对经颅电刺激的贡献程度,经颅电刺激设备|脑机接口技术领域,基于多个电极所采集的脑电信号调整贡献程度,0.0
CN111046764A,G06K9,图像识别,中国,1,2019,将电脉冲转换为数字电脉冲|数模转换|甄别模块识别匹配|电平比较器转换|阈值设置,脑机接口,数字电脉冲不受杂波干扰|电脉冲形状识别匹配,0.0
CN119499546A,A61N1,电疗器械,中国,1,2024,提取脑电信号特征|确定参数配置信息|确定患者状态类型|计算脑电信号指数特征|调整迷走神经电刺激设备参数,迷走神经刺激治疗管理,脑电特征与患者状态关联|闭环调整机制,7.0
CN119405966A,A61M21,精神治疗装置,中国,1,2024,基于第一神经刺激参数、第二神经刺激参数和预设刺激信号参数生成并输出自适应的一种或多种刺激类别的神经刺激信号|确定神经刺激参数|采集脑电信号,睡眠优化,相位特征|睡眠分期|自适应神经调节,1.0
CN109364370A,A61N1,电疗器械,中国,1,2018,声学刺激信号通过人体耳蜗转化为电信号|异步参数可调的物理声电刺激干预|深脑电信号刺激与浅脑电脉冲刺激的同步跟随|电信号通过听觉神经传入中枢神经及周边系统|电脉冲刺激模块发出的电脉冲通过贴在体表的电极刺激浅脑神经,神经精神疾病治疗,声电互相调控、跟随耦合刺激|电脉冲调节声学信号,12.0
CN120679086A,A61N1,电疗器械,中国,1,2025,刺激参数优化|动态识别运动意图类别|意图控制|构建脑电意图判别模型|采集脑电信号数据,康复训练|智能康复控制,脑电意图实时识别与神经肌肉电刺激闭环优化控制,1.0
CN120679086B,A61N1,电疗器械,中国,1,2025,刺激参数优化|动态识别运动意图类别|意图控制|构建脑电意图判别模型|采集脑电信号数据,康复训练|智能康复控制,脑电意图实时识别与神经肌肉电刺激闭环优化控制,0.0
CN115212422A,A61M21,精神治疗装置,中国,1,2022,带动摇床摇晃|确定摇晃刺激参数|确定用户的睡眠状态|采集脑电信号|预处理,人体脑电信号处理与脑调控技术领域|失眠用户,摇晃刺激,6.0
CN115591113A,A61N1,电疗器械,中国,1,2022,持续检测|控制电刺激|提取脑电信号特征|构建样本集|脑电信号采集|输入多种机器学习模型同时进行训练|输入训练好的脑电信号分类模型|输出大脑活动的类别|选择大脑活动分类准确率最高的模型|采集脑电信号及其脑电活动模式|预处理,,检测-刺激-检测的闭环机制,4.0
CN122075018A,A61B5,身体诊断测量,中国,1,2026,深度学习模型解码|语言编码与刺激映射|非侵入式神经刺激,人与宠物双向语义交流|宠物狗,直接解读脑信号|非侵入式神经刺激,0.0
US20250114597A1,A61N1,电疗器械,美国,0,2024,特征提取|精神状态评估模型|脑电信号采集|自适应动态调整刺激参数|预处理,头盔,迷走神经刺激,0.0
CN117323537A,A61M21,精神治疗装置,中国,1,2023,特征提取|精神状态评估模型|脑电信号预处理|自适应动态调整刺激参数,精神状态调节,迷走神经电刺激,3.0
CN115212455A,A61N1,电疗器械,中国,1,2022,分类|接收传感器传输的信号|控制电刺激|特征提取和融合|预处理,脑深部电刺激器控制,多神经生理信号的特征向量分类,2.0
CN114901351A,A61N1,电疗器械,中国,1,2020,接收用户输入|确定频率|获取脑信号信息|输出引线图标|选择感测电极组合,临床医生辅助|神经刺激疗法|脑科学,用户界面交互选择|电极组合与频率关联,5.0
CN115644892A,A61B5,身体诊断测量,中国,1,2022,信号分类|深度学习|脑影像数据融合|颅内电极脑影像数据三维重构,癫痫病灶区定位,正常电极与癫痫致痫区电极分类|脑结构异常与脑代谢异常区域确定,15.0
CN1977997A,G06F19,医疗信息处理,中国,1,2006,产生功能电刺激开关控制信号|产生功能电刺激驱动信号|谱分析和模式识别|采集和处理脑电信号,中风后的偏瘫患者康复训练|医疗康复|康复生物医学领域,功能电刺激驱动肌肉收缩|脑-机接口控制,8.0
CN1985758A,A61N1,电疗器械,中国,1,2006,功能电刺激开关控制信号产生|模式识别|神经数据处理|脑电信号处理|脑电信号采集,中风后偏瘫患者康复训练|医疗康复|截瘫患者康复,利用脑电信号导出主观运动意识信息|自主运动意识驱动下肢步行,5.0
CN100536958C,G06F19,医疗信息处理,中国,1,2006,产生功能电刺激驱动信号|功能电刺激开关控制信号产生|模式识别|神经数据处理|脑电信号采集和处理,中风后偏瘫患者康复训练|医疗康复|康复生物医学领域|运动功能恢复,刺激周边运动神经|功能电刺激驱动肌肉收缩|脑-机接口控制,0.0
CN117653148A,A61B5,身体诊断测量,中国,1,2023,将脑电信号输入预先训练好的脑电匹配模型，获取用户注视的视频的帧率|设置视频组，包含多个帧率不同、时长相同的视频|采集用户注视视频时产生的脑电信号,脑电刺激,神经网络模型分析脑电信号,0.0
CN117653148B,A61B5,身体诊断测量,中国,1,2023,获取注视视频帧率|设置视频组|输入脑电匹配模型|采集脑电信号,脑电刺激,神经网络模型分析脑电信号,0.0
CN110585593A,A61N1,电疗器械,中国,1,2019,信号放大|数模转换|模数转换|滤波放大|脑电信号处理,认知障碍,电刺激|粉红噪声|脑电信号反馈|迷走神经刺激,17.0
US11896852B2,A61N7,超声治疗,美国,0,2020,产生同期神经刺激数据|使用预先记录的神经刺激数据递送经颅刺激|经颅感测局部磁场,神经活动记录|经颅刺激,感测器官、前庭系统和记忆重新产生反应|经颅刺激引起局部磁场,0.0
CN121371491A,A61N1,电疗器械,中国,1,2025,经颅电刺激参数反馈调整|脑电信号采集,脑机接口技术领域,神经兴奋性诱发,1.0
US20250072811A1,A61B5,身体诊断测量,美国,0,2024,显示脑信号信息|检测电生理信号|电刺激疗法|识别电极组合,神经调节治疗|脑科学,,0.0
WO2021138543A1,A61N1,电疗器械,世界知识产权组织,0,2020,接收用户输入选择引线图标|确定电极组合的相应频率|获取脑信号信息|输出引线图标|选择感测电极组合,感测生理信号|管理电刺激治疗,基于脑信号信息确定频率,5.0
US20210196958A1,A61N1,电疗器械,美国,0,2020,显示脑信号信息|检测电生理信号|电刺激疗法|识别电极组合,感测生理信号|神经调节治疗,,18.0
US20220096841A1,A61N1,电疗器械,美国,0,2020,显示脑信号信息|检测电生理信号|管理电刺激治疗|识别电极组合,感测生理信号|电刺激治疗,,1.0
US12144637B2,A61B5,身体诊断测量,美国,0,2020,显示脑信号信息|检测电生理信号|电刺激疗法,感测生理信号|神经调节治疗,,0.0
CN118576215A,A61B5,身体诊断测量,中国,1,2024,信号连接|植入介入式脑电采集和电刺激装置|脑电信号处理|设置电刺激参数|采集颅内脑电信号|释放电刺激信号,生物技术领域,只激活刺激电极|只激活采集电极,4.0
CN113289249A,A61N1,电疗器械,中国,1,2021,人工修正|使用FSL软件进行组织分割|有限元三角面片化处理|计算电场分布矩阵|采集T1加权MRI头部影像数据,医疗组织刺激,有限元分析|电场分布计算,12.0
CN121422395A,A61N1,电疗器械,中国,1,2025,中枢-外周融合解码|机器学习模型|生成功能性电刺激的前馈指令|轨迹校正,神经康复工程,动态目标轨迹|生理协同模式|融合型教师信号,0.0
CN121422395B,A61N1,电疗器械,中国,1,2025,中枢-外周融合解码|机器学习模型|构建融合型教师信号|计算轨迹误差|轨迹校正|预测协调肌电模式和协调运动轨迹,神经康复工程,前馈指令生成|反馈校正指令生成|生理协同模式,0.0
US20030097161A1,A61N1,电疗器械,美国,0,2002,电脉冲刺激|识别神经可塑性位置|诱导神经可塑性|颅内电刺激,疼痛控制|脑损伤治疗|脑深部刺激|脑疾病治疗|认知增强,刺激部位神经元的静止膜电位增加到亚阈值水平|神经可塑性,238.0
US20020087201A1,A61N1,电疗器械,美国,0,2001,电脉冲刺激|识别神经可塑性存在的位置|诱导神经可塑性|颅内电刺激,增强正常健康大脑的神经功能|疼痛控制|脑损伤治疗|脑疾病治疗,亚阈值刺激|神经可塑性,321.0
US20060195155A1,A61N1,电疗器械,美国,0,2006,电脉冲刺激|识别神经可塑性位置|诱导神经可塑性|颅内电刺激,增强正常健康大脑的神经功能|疼痛控制|脑损伤治疗|脑深部刺激|脑疾病治疗,神经可塑性|静息膜电位亚阈值增加,49.0
US20140222113A1,A61N1,电疗器械,美国,0,2013,施加测试刺激信号|根据第一组刺激参数在第一时域上施加刺激|根据第二组刺激参数在第二时域上施加刺激|调节刺激参数|采用突发模式,神经刺激,刺激参数变化|周期性、非周期性和/或伪随机方式|突发间频率对应于固有脑波频率|阈值以下、阈值和/或阈值以上水平施加刺激,36.0
US20080071323A1,A61N1,电疗器械,美国,0,2007,刺激参数控制|植入颅内电极,神经刺激|脑电图分析,电极,107.0
US20080215112A1,A61N1,电疗器械,美国,0,2007,电脉冲刺激|识别神经可塑性位置|诱导神经可塑性|颅内电刺激,神经功能改善|脑深部刺激,神经可塑性|静息膜电位亚阈值增加,68.0
US7577481B2,A61N1,电疗器械,美国,0,2006,颅内电刺激,增强正常健康大脑的神经功能|疼痛控制|脑损伤治疗|脑深部刺激|脑疾病治疗,神经可塑性,70.0
JP2009202020A,A61N1,电疗器械,日本,0,2009,使用电脉冲神经元的静息膜的电位增加在刺激点到亚阈值水平|评估预定脑区域中的神经结构的神经可塑性|识别一个位置，其中这种神经重构受损的存在,神经功能中实行变化的患者|脑深部刺激,持久神经刺激活性|神经可塑性改变或重组,15.0
US20230414157A1,A61B5,身体诊断测量,美国,0,2021,无线传输|植入|连接方式|骨内定位,日常生活中,光信号发射|光信号检测|光生物调制|功能性近红外光谱|感测来自大脑的电信号|电刺激,0.0
US20180085573A1,A61N1,电疗器械,美国,0,2016,容纳在绝缘导管中|金属涂覆导线,神经功能中实行变化的患者|脑刺激,导电空心颅骨螺钉传导电流,24.0
US20180014772A1,A61B5,身体诊断测量,美国,0,2015,刺激预定脑区域以治疗认知障碍状况|测量对刺激的神经活动响应|评估预定脑区域中的神经结构的神经可塑性,认知障碍|阿尔茨海默病,神经可塑性,16.0
US9854987B2,A61B5,身体诊断测量,美国,0,2010,SAR ADC转换|人工修正|无线传输,微电极技术领域|神经接口系统,电极接触脑膜外表面|轨到轨操作,3.0
US8000794B2,A61N1,电疗器械,美国,0,2004,施加条件刺激|施加电刺激|条件刺激计时,神经功能障碍治疗,减少或增强与神经放电相关联的结果|抑制性时域|易化性时域,192.0
US20100004717A1,A61N1,电疗器械,美国,0,2009,定时控制|成对训练|神经刺激,中风|创伤后应激障碍|外伤性脑损伤|学习|康复|提高成绩的训练|治疗|治疗耳鸣,"外源性电信号模拟和/或增强内源性传入活动,从而增强迷走神经诱发电位|诱导大脑的可塑性",26.0
WO2024175218A1,A61N1,电疗器械,世界知识产权组织,0,2023,使用感测到的数据匹配、调整或避免刺激治疗|模式检测|电刺激大脑区域|神经调节生物标志物利用,患者监测|治疗涉及癫痫发作的脑疾病|癫痫,动态优化检测能力|破坏癫痫网络建立的过程|降低神经元超同步化的可能性,0.0
US7623928B2,A61N1,电疗器械,美国,0,2007,刺激递送|治疗参数导出,癫痫|神经控制,神经调节,81.0
US8862236B2,A61N1,电疗器械,美国,0,2013,状态转换|电刺激疗法,神经系统功能恢复,广义神经可塑性|靶向神经可塑性,22.0
US7974696B1,A61N1,电疗器械,美国,0,2005,神经调节生物标志物利用|递送神经调制信号,代谢疾病|神经疾病,闭环自主神经调节,147.0
US7403820B2,A61N1,电疗器械,美国,0,2005,产生神经调节信号|刺激递送|感测神经响应,神经调节,闭环反馈,229.0
US7324851B1,A61N1,电疗器械,美国,0,2004,治疗参数导出|神经调节信号递送|闭环控制,神经调节,神经响应感测,395.0
US9138579B2,A61N1,电疗器械,美国,0,2014,状态转换|电刺激疗法,神经功能改善|神经系统功能恢复,广义神经可塑性|靶向神经可塑性,36.0
CN116077829A,A61N1,电疗器械,中国,1,2023,刺激模式启动指令|控制脉冲发生模块产生电镀脉冲信号|获取电镀脉冲配置参数,植入装置|电刺激器,电刺激脉冲信号|电镀脉冲信号对电极进行电镀,2.0
WO2022112908A1,A61B5,身体诊断测量,世界知识产权组织,0,2021,容纳在绝缘导管中|无线传输|植入|电极装置放置,实际生活设置|日常生活中,光信号发射|光信号检测|光生物调节|功能近红外光谱|感测来自大脑的电信号|电刺激脑部,0.0
US20200330749A1,A61N1,电疗器械,美国,0,2018,处理感测到的电信号|存储数据|感测电信号|无线传输数据|植入颅骨|电刺激大脑区域|能量收集,脑机接口系统,感测来自大脑的电信号|无线传输|电刺激|能量收集,14.0
US9113801B2,A61B5,身体诊断测量,美国,0,2006,刺激递送|感测神经反应|调节神经控制系统,神经系统组件,指示神经或精神状况的特定特征|神经反应,35.0
US20210007602A1,A61B5,身体诊断测量,美国,0,2020,无线通信|模拟神经电压转换|系绳通信|通过串行电缆连接,脑机接口,无线通信原理|电磁感应供电,9.0
US20060149337A1,A61N1,电疗器械,美国,0,2006,使用感测到的数据匹配、调整或避免刺激治疗|改变刺激参数|用部分信号刺激，部分信号相加以产生治疗向量场,医疗组织刺激|神经病症的刺激治疗,内源性脑活动匹配特性|独特时间模式和低或高频谱内容,742.0
US7734340B2,A61N1,电疗器械,美国,0,2005,产生多组尖峰脉冲|突发模式刺激,神经疾病治疗,改变预定部位的神经元活动,550.0
US2018333582A1,A61B5,身体诊断测量,美国,0,2018,刺激参数优化|处理技术|计算模型|记录相关神经活动,深部脑刺激（DBS）,非规则刺激模式,0.0
US20140296646A1,A61N1,电疗器械,美国,0,2014,控制通过接口递送的刺激的特征|聚焦刺激源|识别颅骨/脑接口定位,孤独症|抑郁症|昏迷|疼痛控制|癫痫|神经系统疾病诊断和治疗|运动障碍|阿尔茨海默病,神经调节,35.0
CN113457008A,A61N1,电疗器械,中国,1,2020,基于比较结果控制是否施加电刺激|检测生理活动信号|比较信号与预设条件,对患者进行神经刺激,异常生理活动信号的检测与比较,11.0
US9339654B2,A61N1,电疗器械,美国,0,2014,定时控制|成对训练|神经刺激,中风|创伤后应激障碍|外伤性脑损伤|康复|提高成绩的训练|治疗|耳鸣,"增强疗效|外源性电信号模拟和/或增强内源性传入活动,从而增强迷走神经诱发电位|诱导大脑可塑性",13.0
US9272145B2,A61N1,电疗器械,美国,0,2013,定时控制|成对训练|神经刺激,中风|创伤后应激障碍|外伤性脑损伤|康复|提高成绩的训练|治疗|耳鸣,"增强各种疗法的疗效|外源性电信号模拟和/或增强内源性传入活动,从而增强迷走神经诱发电位|诱导大脑的可塑性",13.0
US9089707B2,A61N1,电疗器械,美国,0,2009,刺激神经|定时控制|配对训练,中风|创伤后应激障碍|外伤性脑损伤|学习|康复|提高成绩的训练|治疗|治疗耳鸣,神经活动调节|诱导大脑的可塑性,14.0
US8934967B2,A61N1,电疗器械,美国,0,2009,刺激神经|同时提供训练和神经刺激|定时控制|成对训练,实际生活设置|康复|治疗,增强各种疗法的疗效|神经活动调节|诱导大脑的可塑性,14.0
US2018093093A1,A61B5,身体诊断测量,美国,0,2017,前馈组件|单输入单输出模型|多输入多输出模型|实时自动控制算法,神经康复,反馈控制|生物信号传感器接收生物信号数据|自适应电刺激,0.0
DE102012002436A1,A61N1,电疗器械,德国,0,2012,复位病理刺激的相|施加时间延迟|记录测试信号|递送第二刺激|验证刺激抑制效果,刺激神经元,时间延迟刺激,23.0
CN118723920B,B81C1,微结构制造,中国,1,2024,激光打孔|聚二甲基硅氧烷层的预处理|聚偏氟乙烯滤膜的预处理|过滤纳米线图案|键合,脑电信号采集|脑部电极固定,同一行电极点共用同一根引线|行列寻址,0.0
CN118723920A,B81C1,微结构制造,中国,1,2024,激光打孔|聚二甲基硅氧烷层的预处理|聚偏氟乙烯滤膜的预处理|过滤纳米线图案|键合,脑电信号采集,同一行电极点共用同一根引线|引线数量从N²减少到2N|行列寻址,0.0
US20220347473A1,A61N1,电疗器械,美国,0,2022,控制刺激特征|聚焦刺激源|识别颅骨/脑接口定位,代谢疾病|抑郁症|昏迷|疼痛控制|痴呆|癫痫|神经系统疾病诊断和治疗|阿尔茨海默氏病,聚焦刺激源诱导神经调节,1.0
CN110215605A,A61N1,电疗器械,中国,1,2018,颅孔固定装置,脑部电极固定,弧面贴合颅骨|颅孔环厚度更薄,13.0
US9867978B1,A61M27,引流装置,美国,0,2017,折叠成轴向构型|精确定位|精确电刺激|通过窄圆柱形通道展开,微创平台|脑的心室系统,共形电极阵列|柔性脚手架,30.0
US2025114024A1,A61B5,身体诊断测量,美国,0,2024,处理|显示|神经信号采集,指导诊断和治疗行动|脑机接口,薄膜皮层表面电极记录,0.0
WO2019130248A1,A61N1,电疗器械,世界知识产权组织,0,2018,处理感测到的电信号|存储数据|控制感测和刺激|无线传输|植入颅骨,脑机接口系统,能量收集装置供电,8.0
US2015045642A1,A61N1,电疗器械,美国,0,2014,将信号模式应用于患者的大脑|无线传输皮层电图记录,治疗|诊断,,0.0
WO2020095111A1,A61B5,身体诊断测量,世界知识产权组织,0,2019,感测神经活动信号|施加电刺激|比较定量关系与平衡关系|确定定量关系|获得平衡关系,神经障碍治疗,定量关系指示存在病理性神经病症|平衡关系指示神经元活动之间的选择平衡水平,7.0
US12070603B2,A61N1,电疗器械,美国,0,2022,分类标准|处理感测到的电信号|提取特征|记录脑电图信号,多位点刺激范例|神经刺激程序,振荡和/或共振的诱发神经反应|生物标记,0.0
US8412335B2,A61N1,电疗器械,美国,0,2012,确定期望配置|自动优化刺激参数|评估响应信号,神经刺激,,43.0
US20240285953A1,A61N1,电疗器械,美国,0,2024,双作用电极,神经接口,双作用电极感测神经元电信号并传送，同时接收刺激信号,0.0
US11738192B2,A61N1,电疗器械,美国,0,2022,支撑梳,,,0.0
US11464980B2,A61N1,电疗器械,美国,0,2022,刺激参数控制|完成反馈环路|实时采集脑电信号|导出反馈变量|施加神经刺激,神经刺激,反馈控制|反馈环路自适应补偿,1.0
JP2022521830A,A61B5,身体诊断测量,日本,0,2020,将接地电极和参比电极定位在电安静位置|插入颅内电极阵列,床头颅内EEG记录,电安静位置定位原理,0.0
CN109645991A,A61B5,身体诊断测量,中国,1,2019,实时检测电极与大脑皮质的接触状态,脑电采集,梳状结构有利于电极良好接触大脑皮质并保持相对位置固定,11.0
US8914119B2,A61N1,电疗器械,美国,0,2012,以多个不同刺激频率向大脑递送电刺激|基于生物电信号的振荡参数识别共振响应|基于识别的生物电共振响应设置刺激频率参数|神经信号采集|识别大脑对电刺激的生物电共振响应,大脑电刺激|脑电治疗,生物电共振响应,67.0
US20070208212A1,A61M21,精神治疗装置,美国,0,2007,产生神经调节信号|治疗参数导出|递送神经调节剂,神经系统组件,控制神经状态|调节神经系统组件的活性,153.0
US20070167991A1,A61N1,电疗器械,美国,0,2006,治疗参数导出,神经调节治疗,神经调节信号控制神经状态,220.0
US20060293720A1,A61N1,电疗器械,美国,0,2005,治疗参数导出|神经调节信号递送|闭环控制,外周神经结构|神经调节,神经调节|闭环反馈控制,359.0
US20070161919A1,A61B5,身体诊断测量,美国,0,2006,刺激递送|导出治疗参数,神经控制,神经调节,238.0
US20070088403A1,A61N1,电疗器械,美国,0,2005,施加第二刺激|检测响应|电刺激|递送第二刺激,神经刺激,自适应电刺激,141.0
US20120035684A1,H10P14,半导体器件,美国,0,2010,多路复用|集成控制电路,神经刺激,密封集成控制电路|电耦合,122.0
US20110213266A1,A61N1,电疗器械,美国,0,2010,刺激指令发送|响应于检测到的神经信号刺激|检测神经信号,康复,感觉反馈|神经活动触发,41.0
US7974705B2,A61N1,电疗器械,美国,0,2009,多路复用|密封集成电路控制|电耦合到公共导体,神经刺激,多路复用,192.0
US8639344B2,A61N1,电疗器械,美国,0,2006,在多个模具中重复加热柔性电路|在折叠部的内部和外部添加额外的材料|在柔性电路阵列中提供折叠或扭转|施加适当的热量产生曲线|沿边缘添加材料,皮层刺激|耳蜗刺激以产生人工听觉|视网膜刺激以产生人工视觉,热塑性聚合物热成型原理,55.0
EP4011438A1,A61N1,电疗器械,欧洲专利局,0,2020,电连接,神经组织,,0.0
US2018178013A1,A61B5,身体诊断测量,美国,0,2016,测量神经信号|特征生成器|脑网络模型估计|连续比较,深部脑刺激,闭环反馈,0.0
US20080004676A1,A61N1,电疗器械,美国,0,2007,可植入脉冲发生器植入颅骨|电极与脉冲发生器远端部分关联|神经调节|网络式神经刺激器联合工作|调节装置调节偏压,神经刺激|神经调节|脑损伤恢复,AC和/或DC激励|atbs方案,94.0
US20190217113A1,A61N2,磁疗器械,美国,0,2018,外科植入神经刺激器|将刺激方案应用于脑|确定患者脑上植入神经刺激器的位置|获取大脑图像数据,患者监测,ATBS方案,12.0
US20250205489A1,A61N1,电疗器械,美国,0,2023,分析信号|收集信号|经由电极引导非侵入性刺激脉冲|递送与训练方案协调的刺激治疗,神经康复,诱导神经元可塑性,1.0
US20040073273A1,A61N1,电疗器械,美国,0,2003,原位施加亚阈值和定向电场|施加定向电场|测量神经元活性,听觉活动恢复|帕金森病|感觉功能恢复|癫痫|视觉活动恢复|身体活动恢复|运动活动恢复,亚阈值和定向电场的量能够有效地减少脑的异常活动|电场的大小和极性响应于所测量的神经元活性而改变,190.0
US20030114886A1,A61N1,电疗器械,美国,0,2002,原位施加亚阈值和定向电场|施加定向电场|测量神经元活性,恢复听觉活动|恢复视觉活动|恢复运动功能|治疗帕金森病|癫痫|运动功能恢复,亚阈值和定向电场的量能够有效地减少脑的异常活动|电场的大小和极性响应于所测量的神经元活性而改变,125.0
US11413460B2,A61N1,电疗器械,美国,0,2022,在第一刺激物之后的不应期内递送第二刺激物|施加被配置为产生治疗效果同时抑制心理物理副作用的刺激序列|选择性同步或不同步所诱发的响应的上升或下降卷,神经刺激,不应期|相对定时|纤维群体补充,0.0
US20160001096A1,A61N7,超声治疗,美国,0,2014,交叉超声波束|分阶段递送的超声|多种治疗方式优化|无创性超声—神经调节技术控制血脑屏障通透性|模式神经调节|治疗计划|聚焦超声或导向超声|辅助刺激|非侵入性脑深部或浅部神经调节的引导反馈控制,整个头部的神经调节|治疗疾病|深部或浅部脑刺激|脊髓神经调节,影响神经回路中的一个或多个点|超声能量对脊髓的无创性神经调节作用|长期增强(LTP)|长期抑制(LTD),216.0
US7006859B1,A61B5,身体诊断测量,美国,0,2003,三维多位点记录|电极线插入/收回,脑状态监测,三维电极结构提供支撑和锚固,372.0
US7551951B1,A61B5,身体诊断测量,美国,0,2006,三维多位点记录|套管轴向移动|电极线插入/收回,脑状态控制|脑状态监测,三维电极结构提供支撑和锚固|影响神经回路中的一个或多个点,48.0
US20080045775A1,A61N2,磁疗器械,美国,0,2004,施加电刺激|神经调节,特定脑区,抑制性时域|纤维群体补充,108.0
US20100262205A1,A61N1,电疗器械,美国,0,2010,产生突发模式刺激|改变神经元活动|突发模式刺激,神经疾病治疗,突发刺激包括具有100毫秒的最大尖峰间间隔的多组尖峰脉冲|组间间隔包括至少5秒,68.0
US10413235B2,A61N1,电疗器械,美国,0,2015,传递刺激|响应性脑刺激|意图控制|神经数据处理,脑-脑接口,反馈控制,2.0
US11890489B2,A61N5,放射治疗,美国,0,2022,测量脑电图信号|获取大脑图像数据,神经系统疾病治疗|神经障碍治疗,基于所测量的EEG信号发射辐射,0.0
US2019143120A1,A61N1,电疗器械,美国,0,2018,施加刺激|检测共振响应|确定波形特征,神经活动监测,刺激,0.0
US11344745B2,A61N5,放射治疗,美国,0,2021,基于测量的EEG信号向脑内发射辐射|将刺激装置定位在患者身上|测量脑电信号,神经疾病治疗|神经障碍治疗,基于测量的EEG信号发射辐射以治疗神经障碍,5.0
US20210213279A1,A61N1,电疗器械,美国,0,2020,折叠成适于通过狭窄的圆柱形通道展开的轴向构型|电极阵列置于脑的心室系统、脑部血管或其它体腔,其他体腔|微创平台|脑的心室系统|脑部血管,柔性支架上的电极和集成电子装置,20.0
EP4701716A1,G06F3,输入输出装置,欧洲专利局,0,2024,收集和解码ECoG信号|硬膜外电刺激（EES）|转发刺激命令到脉冲发生器|转换解码的运动意图为刺激命令|递送神经调节剂,神经康复|运动功能恢复,脑-脊髓接口（BSI）,0.0
US20240390676A2,A61N1,电疗器械,美国,0,2023,微创插入记录阵列|收集信号|确定大脑的电生理状态|递送电刺激,脊髓刺激,基于电生理状态影响电生理状态,0.0
US11944440B2,A61B5,身体诊断测量,美国,0,2022,施加具有短脉冲宽度的探针刺激|根据残余神经反应估计神经募集|测量神经信号,植入式设备,刺激电极控制刺激施加|探针刺激诱发残余神经反应,0.0
US2017043167A1,A61N1,电疗器械,美国,0,2015,传递刺激|控制刺激|无线通信|神经数据处理,响应性脑刺激|脑-脑接口,基于电生理状态影响电生理状态,0.0
US7636602B2,A61N1,电疗器械,美国,0,2004,事件触发的闭环控制|检测响应|选择性供电|递送刺激脉冲,神经障碍|足下垂,反馈控制|相对定时,295.0
US20030050549A1,A61B5,身体诊断测量,美国,0,2001,连接多个电引线|闭合连接器壳体实现电接触,植入,电连接构件将电极引线连接电连接到TO管脚,110.0
US2018235704A1,A61B90,手术辅助配件,美国,0,2018,接收假设|显示可视化|确定坐标|选择电极,神经系统疾病|配置立体脑电图程序,立体脑电图靶向大规模神经网络中的特定脑区域,0.0
US20020177882A1,A61N1,电疗器械,美国,0,2001,感觉反馈|治疗参数导出|神经调制信号递送,神经疾病治疗|运动障碍治疗,治疗响应|神经活动调节|神经疾病状态,269.0
US2020222010A1,A61N1,电疗器械,美国,0,2020,信号编码|生成模型,操纵细胞结构|映射神经元结构|脑接口|认知和脑增强,ac和/或dc激励,0.0
US10058263B2,A61B5,身体诊断测量,美国,0,2015,分析信号|发送信号|测量神经活动,神经接口,,5.0
US9320900B2,A61N1,电疗器械,美国,0,2006,从对先前递送的神经调制信号的神经响应中导出治疗参数,神经系统部件调节|神经调节治疗,探针刺激诱发残余神经反应,32.0
US10413724B2,A61N1,电疗器械,美国,0,2018,实时调整神经刺激干预方案|确定目标神经刺激干预的定时|触发神经刺激的给药|诱发动作电位|连续比较,神经刺激干预,低等待时间自动闭环同步,8.0
US10933243B2,A61B5,身体诊断测量,美国,0,2019,放大电位差|滤除刺激伪迹|离散时间信号处理,电刺激治疗,全差分开关电容电路,7.0
US20020002390A1,A61N1,电疗器械,美国,0,2001,信号调节|可编程性|多通道记录|识别神经生理事件,偏头痛|帕金森病|治疗神经疾病|癫痫,反馈控制|感觉输入|电刺激|药物释放,268.0
EP2939706A1,A61B5,身体诊断测量,欧洲专利局,0,2015,发送信号|测量脑电信号|确定当前用户的与大脑相关联的频率|确定电流频率之间的差值和目标频率,认知增强,"立体脑电图靶向大规模神经网络中的特定脑区域|通过调整刺激参数降低或增加刺激脉冲的能量水平,从而在目标组织中诱发具有与参考诱发动作电位基本相同的相应特性的动作电位",8.0
US11697020B2,A61N1,电疗器械,美国,0,2020,固有频率系列分析|布尔信号转换|脑电波信号分解,刺激系统,,0.0
US20110093052A1,A61N1,电疗器械,美国,0,2010,,,,75.0
WO2026089575A1,A61N1,电疗器械,世界知识产权组织,0,2025,,电刺激|神经信号分析,诱导神经元可塑性,0.0
CN113101517A,A61N1,电疗器械,中国,1,2021,将顶柱插入嵌入槽使顶板与底板接合|根据电场发生部件传输的交流信号产生交变电场|电极布置,交变电场治疗|植入式电极装置|颅骨缺损区域,交变电场,3.0
US7548775B2,A61B5,身体诊断测量,美国,0,2004,化学传感|化学取样|化学递送|电刺激|细胞递送|记录|遗传物质递送,中枢神经系统|大脑,,107.0
US20110224752A1,A61N1,电疗器械,美国,0,2009,分布式电刺激|检测电生理信号|电刺激|神经刺激|闭环反馈,神经系统疾病治疗,神经刺激|闭环反馈,42.0
CN120549502B,A61F2,植入假体,中国,1,2025,压缩状态输送|自动膨胀,神经介入|脑机接口,信号采集部支撑电极片充分接触非狭窄部位血管壁|狭窄支撑部支撑血管狭窄部位,0.0
US10668283B2,A61B5,身体诊断测量,美国,0,2015,比较脑网络活动模式|获取脑网络活动模式,脑刺激,,1.0
US9345880B1,A61N1,电疗器械,美国,0,2006,神经调制信号递送|闭环控制,神经调节|脑状态控制,计算神经建模,16.0
US12011591B2,A61N1,电疗器械,美国,0,2023,产生高电流水平、电荷平衡的交流电信号|利用不同频率的多个系列脉冲|经颅交流动态频率刺激|结合反馈信号动态调整刺激波形,痴呆|阿尔茨海默病,引起神经元中的代谢反应|神经夹带,0.0
US8332046B2,A61N1,电疗器械,美国,0,2010,卷成三维形状|图案化导电迹线|电极布置,神经接口系统,全差分开关电容电路,23.0
CN114447725B,H01R35,旋转连接器,中国,1,2021,固定互连|精准连接,医疗器械技术领域|脑机接口,限位槽与限位部匹配,1.0
CN222510401U,A61N1,电疗器械,中国,1,2024,双形态设计|弹性聚合层与第二涂层的配置|金属层与第一涂层的组合,植入式脑机接口,通过弹性聚合层与第二涂层的配置增强柔软性，减少对脑组织的损伤|通过金属层与第一涂层的组合提供所需的机械强度，适合稳定植入,0.0
CN121730831A,A61B90,手术辅助配件,中国,1,2025,弹性支撑结构缓冲多方向的变形力|径向压缩状态与膨胀状态|电极布置,医疗器械|脑机接口技术领域,信号采集部支撑电极片充分接触非狭窄部位血管壁,0.0
WO2022020045A1,A61N1,电疗器械,世界知识产权组织,0,2021,刺激电流包络|多个脉冲序列|电荷平衡的交流电信号|经颅交流动态频率刺激|闭环反馈,痴呆|阿尔茨海默病,实时维持电荷平衡|神经元代谢反应|神经夹带,2.0
US6690974B2,A61N1,电疗器械,美国,0,2001,传送非响应性电刺激信号|使异常同步的脑电活动不同步|电刺激信号传送,治疗疾病|癫痫,刺激|非响应性电刺激,518.0
US6529774B1,A61B5,身体诊断测量,美国,0,2000,响应性电刺激|感测脑中的电信号|电刺激|硬膜外施加的电体感刺激|非响应性电刺激,中枢神经系统电刺激|体感刺激|脑刺激,异常同步的脑电活动不同步,491.0
US2019247662A1,A61B5,身体诊断测量,美国,0,2018,脑波夹带|脑波模式处理,任务表现|技能学习,刺激引起的脑波夹带|神经元活动反映,0.0
US12263336B2,A61N1,电疗器械,美国,0,2021,产生高电流水平、电荷平衡的交流电信号|利用不同频率的多个系列脉冲|刺激电流包络限定特定频率和持续时间的一个或多个系列脉冲|结合反馈信号动态调整刺激波形,刺激系统|治疗OUD和SUD,实时维持电荷平衡|引起神经元中的代谢反应|神经夹带,0.0
US20030097159A1,A61N1,电疗器械,美国,0,2002,施加电刺激|检测运动|电刺激信号传递,治疗|深部脑刺激,广义传出复制信号|生物反馈|自我调节,162.0
US10463860B2,A61N1,电疗器械,美国,0,2018,施加刺激|检测共振响应|确定波形特征,神经活动监测,刺激,17.0
US2018345019A1,A61B5,身体诊断测量,美国,0,2018,传递电脉冲|发送和接收数据或信号|处理数据|记录神经活动,治疗疾病|神经刺激,电脉冲刺激|神经活动记录,0.0
WO2024124045A1,A61N1,电疗器械,世界知识产权组织,0,2023,发送神经刺激信号|接收并记录电活动信号|生成神经行为的开始时间的预测,脑状态监测,刺激信号抑制神经行为,8.0
US20070067003A1,A61N1,电疗器械,美国,0,2006,刺激干预效果分析|实时提取神经元放电特征,癫痫发作的预测和预防,刺激输出信号直接提供给异常神经元活性区域|神经元放电特征确定刺激干预时机,266.0
US11826154B2,A61N1,电疗器械,美国,0,2019,神经刺激|脑电监测|诱发电位活动监测,慢性疼痛来源识别|慢性疼痛治疗,神经通路刺激引起慢性疼痛反应|诱发电位活动作为神经通路识别依据,0.0
US20080255582A1,A61B19,手术辅助器械,美国,0,2007,使用模板在颅骨预定位置形成孔或开口,植入|监测脑活动信号|递送神经调节治疗,,106.0
US20050070810A1,A61B5,身体诊断测量,美国,0,2003,使用信号控制应用|发送到远程接收器|检查信号的电压电平和持续时间|检测神经信号,控制应用,差动电位检测,19.0
US11801004B2,A61B5,身体诊断测量,美国,0,2019,生成大脑模型|生成大脑状态参数|生成控制信号,刺激|脑状态监测|颅内测量,,1.0
WO2011123150A2,A61B5,身体诊断测量,世界知识产权组织,0,2010,SARADC转换|无线传输,微电极技术领域|神经接口,内-皮肤通信|轨道到轨道操作,8.0
US20220409049A1,A61B5,身体诊断测量,美国,0,2021,注射器注射式植入,脑信号测量|脑刺激,柔性元件接触皮层表面测量信号或传送刺激|集成电路发射/接收信号,0.0
US20100161017A1,A61B6,放射诊断设备,美国,0,2009,刺激信号施加|控制电极单元阻抗|检测电生理信号,光诱导神经元活动测量|脑刺激,信号施加单元与电极单元一体形成，使施加位置近似于测量位置,23.0
US20050143790A1,A61N1,电疗器械,美国,0,2004,化学传感|化学取样|化学递送|电刺激|细胞递送|记录|遗传物质递送,中枢神经系统|大脑,跨模式神经接口,181.0
DE102019209096A1,A61N1,电疗器械,德国,0,2019,发送神经刺激信号|确定神经刺激信号|获得关于个人姿势的信息|获得神经元起搏信号,本体感受信息传达|神经刺激|运动信息传达|运动指示,基于所获得的信息确定施加到传入轴突的神经刺激信号|第一和第二神经刺激信号共同施加到皮层,11.0
US6591138B1,A61N1,电疗器械,美国,0,2000,低频时变电刺激|施加电信号刺激|磁场感应电流,神经组织,低频能量施加,411.0
US20240285937A1,A61N1,电疗器械,美国,0,2024,接收感测信号|确定目标刺激模式|递送刺激信号|递送预设目标刺激模式库,深部脑刺激,基于感测信号的至少一个特征来确定目标刺激模式,0.0
US20220111222A1,A61N2,磁疗器械,美国,0,2021,以随机可变的脉冲间隔用TMS装置进行经颅磁刺激|电刺激,成瘾(SUD)|治疗PTSD|自闭症谱系障碍|阿尔茨海默氏病,随机可变脉冲间隔的磁刺激,2.0
US2017020448A1,A61N1,电疗器械,美国,0,2016,刺激指令发送|刺激身体部位|提供感觉反馈|检测神经信号,康复装置,神经活动触发|闭环,0.0
US9486389B2,A61F7,热疗冷疗器具,美国,0,2013,以时间延迟施加所选的第一刺激|选择引起相位重置的第一刺激|递送第二刺激|验证刺激是否抑制病理性同步和振荡神经活动,非侵入性去同步神经刺激,病理性同步和振荡神经活动的抑制|相位重置,19.0
CN103002947A,A61N1,电疗器械,中国,1,2011,产生神经刺激信号|治疗场模型表示治疗区域|生理模型,患者脑部|脑深部刺激,治疗场模型表示治疗区域|生物电信号指示电极与目标组织部位的距离|生理模型指示接近电极的患者组织特性,57.0
US20070118197A1,A61N1,电疗器械,美国,0,2006,刺激信号施加|记录脑电图信号,深部脑刺激|神经障碍治疗,,33.0
CN114431880A,A61B5,身体诊断测量,中国,1,2021,测量电极置于皮肤表面|脑电信号经由硬脑膜、颅骨嵌入物、皮肤、测量电极的路线传递,医疗器械技术领域,信号传递稳定，实现长时程植入|通过颅骨嵌入物传递脑电信号减少干扰|颅骨嵌入物具有导电性,3.0
CN115253072A,A61N1,电疗器械,中国,1,2022,电刺激与脑电采集工作模式|自适应监测与刺激调节,电子信息技术领域,刺激反馈检测模式|脑电采集终端在整个刺激过程都参与到工作,14.0
US20210196964A1,A61N1,电疗器械,美国,0,2020,显示脑信号信息及刺激参数值|检测电生理信号|电刺激疗法|识别电极组合,感测生理信号|神经调节治疗,,18.0
CA2251852C,A61N1,电疗器械,加拿大,0,1998,产生响应|信号调理|多电极闭环响应系统|多通道记录EEG|识别神经生理事件,偏头痛|头痛|慢性疼痛治疗|癫痫|神经疾病的治疗,关闭-环响应|感觉输入|电刺激|神经事件检测|药物释放,4.0
US8874218B2,A61N1,电疗器械,美国,0,2013,施加电信号到脑神经,向患者提供电神经刺激治疗,持续时间小于患者的心动周期并且在患者的心动周期期间,29.0
EP3787735A1,A61N1,电疗器械,欧洲专利局,0,2019,传输|接收|植入|记录,神经接口系统,,0.0
WO2022072341A1,A61N1,电疗器械,世界知识产权组织,0,2021,显示脑信号信息|检测电生理信号|管理电刺激治疗|识别电极组合,感测生理信号|电刺激治疗,,0.0
US2025311954A1,G06F3,输入输出装置,美国,0,2025,传输|接收|植入|记录,神经接口系统,,0.0
KR101430557B1,A61B5,身体诊断测量,韩国,0,2012,利用患者的刺激脑电信号|检测脑活性,脑刺激治疗领域,脑血流量变化与脑刺激的实时反馈机制,3.0
WO2004016165A1,A61B5,身体诊断测量,世界知识产权组织,0,2003,感觉刺激|检测脑活性,功能性疾病的诊断与治疗|脑神经元活性调节,通过感觉刺激调节脑神经元节律活性,10.0
US9033861B2,A61N2,磁疗器械,美国,0,2009,低频时变电刺激|施加电信号刺激|磁场感应电流,神经组织,低频能量施加|磁场在患者脑中感应电流,44.0
US2019358465A1,A61N2,磁疗器械,美国,0,2019,分析接收到的信息|生成治疗协议|生成空间图|获得频谱,神经系统电磁治疗,神经网络频率指示功能受损|空间图比较,0.0
US2019209856A1,A61N2,磁疗器械,美国,0,2017,分析接收到的信息|生成空间图|获得频谱|识别治疗频率,脑电治疗,神经网络频率指示功能受损,0.0
CN120305568B,A61N1,电疗器械,中国,1,2025,双阶段经颅交流电信号输出|提取目标脑波特征参数|脑电信号重构|识别治疗频率,失眠|焦虑干预|经颅交流电刺激技术领域,生理先验|相位锁定|相邻脑区关联信息|通用与个体化先验|邻接矩阵或图拉普拉斯算子,0.0
WO2024223898A1,G06F3,输入输出装置,世界知识产权组织,0,2024,硬膜外电刺激(EES)|解码ECoG信号为运动意图|解码ecog信号为运动意图|递送神经调节剂,神经疾病的治疗|脊髓损伤(SCI),脑-脊髓接口(BSI),0.0
US20230211159A1,A61N1,电疗器械,美国,0,2022,第一组合刺激，根据预定的第一频率重复地接通/断开信号，根据第一频率的接通信号作为根据预定的第二频率的刺激被施加|经颅交流电刺激(tACS),基于实时脑电信号监测通过夹带同步振荡刺激脑电波的定制TACS装置,夹带同步振荡,3.0
CN120305568A,A61N1,电疗器械,中国,1,2025,双阶段经颅交流电信号输出|提取目标脑波特征参数|脑电信号重构|识别治疗频率,失眠|焦虑|经颅交流电刺激技术领域,生理先验|相位锁定|相邻脑区关联信息|通用与个体化先验|邻接矩阵或图拉普拉斯算子,2.0
US10478085B2,A61N1,电疗器械,美国,0,2018,插入大脑的针状基座|输入核团的电活动|输出电刺激,,第一阻抗,1.0
EP4140533B1,A61N1,电疗器械,欧洲专利局,0,2022,将特征与多个模板进行比较|接收表示多个信号的信息,感测生理信号|电刺激治疗,模板匹配,0.0
CN104324446A,A61N1,电疗器械,中国,1,2014,即用即插方式安装|螺钉紧固,大鼠颅脑电刺激,电刺激,13.0
US5938689A,A61N1,电疗器械,美国,0,1998,使用电流幕包围脑的特定区域|将多个脑表面电极电连接在一起,刺激脑组织|脑神经起搏,神经元去极化,269.0
WO2010147599A1,G06F17,数据处理,世界知识产权组织,0,2009,将特征与多个模板进行比较|施加刺激|检测脑状态发作,感知增强|脑状态监测|认知增强,脑状态与刺激关联|脑状态基于功能脑信号数据值范围,3.0
EP4196003A4,A61B5,身体诊断测量,欧洲专利局,0,2021,基于相空间确定频率范围|施加低频刺激(LFS)|施加刺激频率|测量诱发化合物活性(ECA)|测量高频振荡(HFO),深部脑刺激,低频刺激诱发化合物活性|相空间分析|高频刺激,0.0
CN111840803A,A61N2,磁疗器械,中国,1,2020,产生频率控制信号|使用电流幕包围脑的特定区域|提取神经电信号主频序列,,变频磁刺激|生物电反馈,4.0
US20160331968A1,A61N1,电疗器械,美国,0,2016,密封电子设备封装|柔性电路电极阵列,皮质视觉假体,刺激视觉皮层,14.0
US11583656B2,A61M21,精神治疗装置,美国,0,2019,信号耦合模块算法|参数调整|声刺激和电刺激的耦合,诊断和/或治疗神经退行性疾病和神经障碍,声信号耦合到电脉冲|深部脑电刺激,0.0
EP4364791A3,A61N1,电疗器械,欧洲专利局,0,2019,焊接|表面处理|连接技术,电刺激生物的组织|神经刺激,电脉冲电刺激,0.0
KR102618142B1,A61B5,身体诊断测量,韩国,0,2022,丝涂覆|基于相空间确定频率范围,记录指示神经活动的信号,丝涂层在电极插入后熔化并消失|使用简单电极减少插入损伤,0.0
JP7529685B2,A61B5,身体诊断测量,日本,0,2020,插入组合的颅内电极阵列|特定设计定位接地电极和参考电极,床边颅内脑电图记录,电安静位置定位原理,0.0
US2021015392A1,A61N1,电疗器械,美国,0,2019,制造支撑杆,深部颅内电极|脑电图仪,形状记忆或预成型原理,0.0
CN112450939B,A61B5,身体诊断测量,中国,1,2020,光刺激|深层刺入电极记录|表层平面电极记录,脑机接口,光遗传学刺激激活神经元|多空间尺度神经信号同步监测,0.0
US11998740B2,A61N1,电疗器械,美国,0,2023,使用个体患者的数据识别最佳治疗目标|经皮神经电刺激|经颅电磁感应|经颅磁刺激,阿尔茨海默病和相关痴呆的治疗,修饰可塑性改变的机制|诱导局部脑代谢的变化|调节皮质兴奋性或反应性,1.0
US2018064950A1,A61N2,磁疗器械,美国,0,2016,分析接收到的信息|生成治疗协议|生成空间图|获得频谱,神经系统电磁治疗,神经网络频率对应受损功能|空间图比较识别治疗频率,0.0
WO2008011721A1,A61N1,电疗器械,世界知识产权组织,0,2007,切割|堆叠|熔化,神经刺激,连续聚合物绝缘膜包封,43.0
CN114129893B,A61N1,电疗器械,中国,1,2021,定向刺激方法|特定设计定位接地电极和参考电极,医疗器械领域|脑深部刺激,神经刺激协议|空间分辨率高,0.0
CN114129893A,A61N1,电疗器械,中国,1,2021,刺激域调控|定向刺激方法|特定设计定位接地电极和参考电极,医疗器械领域|脑深部刺激,位置参数解耦|空间分辨率高,2.0
KR102552199B1,A61N1,电疗器械,韩国,0,2021,使用tACS的缓冲模式|使用tDCS的主模式,无创脑刺激医疗保健,电刺激,0.0
JP2009512505A,A61N1,电疗器械,日本,0,2006,产生神经刺激信号|控制神经刺激器|通过超声信号充电,可植入医疗装置,神经刺激协议,69.0
CN118948291B,A61B5,身体诊断测量,中国,1,2024,固定相对位置|植入目标组织|直接电连接,微电极技术领域,刺激组件与采集组件分别通过电极端子连接，定型剂固定相对位置,0.0
CN117042678A,A61B5,身体诊断测量,中国,1,2022,传输更新的刺激指令|分析测量信号|刺激指令发送|基于活动量度确定更新的刺激参数值|控制向受试者递送电刺激|神经信号采集,神经病症监测,光学传感|电刺激,1.0
US20110021943A1,A61B5,身体诊断测量,美国,0,2009,刺激区域|记录信号,假体|神经接口,细胞外信号指示微通道中的轴突中的动作电位|细胞外刺激电流在微通道中的轴突中诱导动作电位,173.0
US7127301B1,A61N1,电疗器械,美国,0,2003,体微机械加工|电镀金属,可植入视网膜假体|感测|神经假体|神经刺激,弹簧柔性附接|生物相容性,84.0
US7308317B1,A61N1,电疗器械,美国,0,2005,体微机械加工|电镀金属,可植入视网膜假体|感测|神经假体|神经刺激,弹簧柔性连接,36.0
US20180193647A1,A61B5,身体诊断测量,美国,0,2018,动态电流分配,神经刺激器,电荷平衡,13.0
US6993392B2,A61N1,电疗器械,美国,0,2002,组装阵列的方法,神经假体|脑机接口系统,,79.0
US20030176905A1,A61N1,电疗器械,美国,0,2002,组装阵列,神经假体|脑机接口系统,,28.0
US7983756B2,A61N1,电疗器械,美国,0,2005,组装阵列的方法,神经假体|脑机接口系统,,6.0
KR20200022687A,A61N1,电疗器械,韩国,0,2018,微通道电极,神经信号采集|神经刺激,电极与神经胶质层物理分离|神经元生长因子促进再生,0.0
WO2012027791A1,A61N1,电疗器械,世界知识产权组织,0,2011,共享的总线互连|分布可植入神经刺激|控制操作每个电极|电极细胞获得电动力和命令信号,神经刺激系统,通过总线对接的触点到形成电接触,52.0
US10688298B2,A61N1,电疗器械,美国,0,2017,在互连结构和锚定结构上沉积绝缘材料层|在基层上形成互连件|在基层上形成锚定结构|在绝缘层上形成电极层|暴露互连结构的一部分,神经接口,,0.0
WO2022266953A1,A61B5,身体诊断测量,世界知识产权组织,0,2021,在绝缘介质上设置往背离绝缘介质延伸方向倾斜的凸起|将电容呈阵列集中包裹在绝缘介质内|采用柔性微丝电极,生物医学工程|脑机接口系统,凸起使柔性微丝电极进入生物组织后能与生物组织保持相对固定|将处理神经元脉冲信号所需的大面积电容设置于绝缘介质内|柔性微丝电极具有与神经元轴突相当的弯曲刚度,4.0
US12645297B2,G06F3,输入输出装置,美国,0,2025,使用插入器桥接电极阵列与电子器件|电连接,硬膜下植入的神经接口,生物相容性,0.0
CN121918688A,G06F3,输入输出装置,中国,1,2024,通过辅助针带动多根柔性探针同时运动，植入神经组织内的目标位置,脑机接口技术领域,辅助针带动多根柔性探针同时运动，避免多次植入损伤,0.0
CN113589941B,H04W4,无线业务,中国,1,2021,多样化配置|无线通信|电极阵列布置,脑机接口,基于大脑上的不同区域、不同的通信频段实现电信号在检测、传输、接收等多个环节的多样化配置,0.0
US20140094674A1,A61B5,身体诊断测量,美国,0,2013,信号获取|发送和接收遥测数据,植入体内,无线传输|生物相容,126.0
US5178161A,A61N1,电疗器械,美国,0,1991,微电极刺激|选择微电极形状使其在远离另一微电极处尺寸至少与靠近处一样大|通过行和列选择线、开关和多路复用器仅向选定的微电极对传递电流,神经刺激系统|神经系统部分的刺激和记录,双极模式降低噪声|通过增加离子通量线数目增强刺激效果,251.0
US5314495A,A61F2,植入假体,美国,0,1992,微电极刺激|选择微电极形状使其在远离另一微电极处尺寸至少与靠近处一样大|通过行和列选择线、开关和多路复用器仅向选定的微电极对传递电流,中枢神经系统|神经系统部分的刺激和记录,双极和单极刺激模式|通过增加离子通量线数目增强刺激效果,222.0
US7706888B2,A61N1,电疗器械,美国,0,2006,信号源连接到载体一侧的电极之一，返回路径连接到载体另一侧的对应电极|设置至少两个导电电极在载体的相对侧,神经刺激器,低阻抗电极,35.0
US9215298B2,A61B5,身体诊断测量,美国,0,2014,刺激区域|测量神经元活动,患者控制的大脑修复系统|脑机接口系统,调节患者大脑中的觉醒水平,17.0
US9872990B2,A61N1,电疗器械,美国,0,2015,施加刺激序列|选择性同步或去同步所诱发的响应的上升或下降截击|递送第二刺激,神经刺激,不应期|刺激的相对定时|纤维群征募,104.0
US2021267523A1,A61B5,身体诊断测量,美国,0,2019,传输|处理|接收|植入,患者神经接口,,0.0
KR101817016B1,A61B5,身体诊断测量,韩国,0,2016,传递突触刺激|信号获取|分析测量信号|控制神经刺激器,患者神经接口,放电活动|突触刺激类型,0.0
US2018020972A1,A61B5,身体诊断测量,美国,0,2016,以延迟的方式施加刺激|刺激施加|沿着路径扫描患者的身体表面|选择两个或多个区域,刺激神经元,相位同步具有局部最大值,0.0
US63321650P0,,,美国,0,2022,分析神经反应测量|记录信号并传输记录的信号,脑机接口,直接神经连接确定|神经信号转发,0.0
US63325973P0,,,美国,0,2022,分析神经反应测量|记录信号并传输记录的信号,脑机接口,直接神经连接确定|神经信号转发,0.0
CN118902466A,A61B5,身体诊断测量,中国,1,2024,经颈动脉导管探测,经颈动脉颅内脑电信号探测,通过导管进入血管采集脑电信号,2.0
US20230363690A1,A61B5,身体诊断测量,美国,0,2023,生成大脑模型|生成大脑状态参数|生成控制信号|获得测量值,脑状态监测|颅内测量,,1.0
EP1534125A2,A61B5,身体诊断测量,欧洲专利局,0,2003,血管方法|部署纳米电极|随血流携带感测端,脑机接口,感测端位于靠近或与血管相交的神经处|近端神经支配的几何关系,0.0
CN113436170B,G06T7,图像分析,中国,1,2021,有限元计算|经颈动脉导管探测|脑部三维建模|设计效果预估,基于磁共振影像的医学影像处理|经颅电刺激个体化优化,二次矩阵优化计算原理|有限元分析,0.0
CN111939472A,A61N1,电疗器械,中国,1,2020,以激光器作为光源|将柔性深部脑电极附着于柔性光纤的表面|结合柔性光纤材料|采用蚕丝蛋白作为柔性深部脑电极的衬底层、绝缘层和封装层的主要材料,颅内刺激记录,光脉冲神经刺激与神经电生理信号采集功能于一体|光遗传学兴奋和抑制|改善植入器件对脑组织的机械顺应性,19.0
CN111973874A,A61N1,电疗器械,中国,1,2020,信号融合与预处理|刺激施加|多传感融合的光电组合刺激方式,脊髓损伤导致的运动功能丧失或部分丧失的病人,亚阈值电刺激和光刺激的神经选择性|靶向刺激激活,8.0
KR1020130119620A,A61N1,电疗器械,韩国,0,2012,伪影检测|初始电刺激|电刺激参数控制|神经信号定量分析,关闭环脑电刺激|脑电刺激,关闭环基上的反应信号|神经递质信号分析|适应性分析,12.0
KR101325368B1,A61B5,身体诊断测量,韩国,0,2012,伪影检测|初始电刺激|单段和局部神经信号定量分析|电刺激参数控制|随机脑产生,脑电刺激装置,适应性分析|闭环控制原理,2.0
CN111973874B,A61N1,电疗器械,中国,1,2020,信号融合与预处理|刺激施加|多传感融合的光电组合刺激方式,脊髓损伤导致的运动功能丧失或部分丧失的病人,亚阈值电刺激和光刺激的神经选择性|靶向刺激激活,0.0
US9119583B2,A61B5,身体诊断测量,美国,0,2013,测量神经元活动|生成脉冲|确定激励频率,减轻或消除功能紊乱症状|诊断性脑功能紊乱查明,去同步化|夹带|感觉刺激,24.0
CN121065412A,G06F3,输入输出装置,中国,1,2025,定义刺激单元集合|实时采集感受电极信号|执行闭环控制流程|获取基线校正参数|配置感受与刺激电极区域,生物电信号调控|类脑类器官电刺激,刺激-响应-调节的闭环控制,0.0
US8983628B2,A61N1,电疗器械,美国,0,2012,刺激神经|调节神经信号|非侵入性传输能量,COPD|哮喘|抑郁|焦虑|癫痫|纤维肌痛,激活神经通路以释放抑制性神经递质,83.0
US8918178B2,A61N1,电疗器械,美国,0,2012,刺激神经|调节神经信号|非侵入性传输能量,COPD|哮喘|抑郁|焦虑|癫痫|纤维肌痛,激活神经通路以释放抑制性神经递质,95.0
US6466822B1,A61N1,电疗器械,美国,0,2000,传送非响应性电刺激信号|诱导癫痫样活动|递送感觉刺激|递送电刺激信号,治疗疾病|癫痫,去同步化,428.0
US20230166072A1,A61M21,精神治疗装置,美国,0,2023,调整、控制或管理神经振荡的频率|音频和视觉刺激的神经刺激,MCI|阿尔茨海默病,感觉γ刺激|神经振荡频率的调节,16.0
CN117440778A,A61B5,身体诊断测量,中国,1,2021,调整、控制或管理神经振荡的频率|音频和视觉刺激的神经刺激|音频和视觉大脑刺激的组合和/或序列,MCI|阿尔茨海默病,向大脑的认知状态或认知功能提供有益影响|神经振荡频率的调节,3.0
US20090221896A1,A61B5,身体诊断测量,美国,0,2007,刺激传输|检测神经元活动|电极与神经元电磁相互作用,大脑与数据处理设备之间数据传输,电磁相互作用,70.0
WO2020061517A1,A61N2,磁疗器械,世界知识产权组织,0,2019,相位-幅度耦合|计算重复磁脉冲|识别可激发相位,重复经颅磁刺激,通过放大目标振荡产生伽马波活性或其它神经学响应,7.0
US10821285B2,A61N1,电疗器械,美国,0,2018,对偶绑带算法|更新反馈奖励值|记录反馈|迭代重复|选择刺激臂,神经调节治疗,刺激臂相关指数,1.0
US20150297108A1,A61B5,身体诊断测量,美国,0,2014,刺激参数优化|发送信号|检测神经元活动|确定频率|确定频率差,认知能力提高,信号频率可操作以将当前频率向目标频率修改|利用反馈刺激用户脑以尝试实现目标脑状态,43.0
IN202541042586A,A61B5,身体诊断测量,印度,0,2025,动态图重新着色|量子辅助优化,个性化脑机接口（BCI）治疗|中风康复|运动学习应用,动态重新着色|将突触连接表示为图,0.0
CN116212231B,A61N1,电疗器械,中国,1,2023,图像辨别|学习、回忆和判断图像信息|磁刺激|脑机接口,记忆力实验|记忆增强,经颅直流电刺激配合脑机接口轮次向头皮固定点位施加电刺激,0.0
CN116212231A,A61B5,身体诊断测量,中国,1,2023,图像辨别|学习、回忆和判断图像信息|磁刺激|脑机接口,记忆力实验|记忆增强,经颅直流电刺激配合脑机接口轮次向头皮固定点位施加电刺激|记忆巩固,0.0
CN111870813A,A61N1,电疗器械,中国,1,2020,EEG信号解码和预处理|刺激指令发送|机器学习算法判断睡眠阶段|递送电刺激信号,睡眠时,促进特定神经元(ABNs)的同步从而增强记忆|睡眠时慢波频率脑电刺激,9.0
IN202541039300A,A61B5,身体诊断测量,印度,0,2025,低功耗设计原则|基于SNN的自适应算法|持续学习范式|模块化框架|神经信号处理,假肢控制|神经康复|脑控智能环境|认知增强|辅助移动设备,事件驱动特性|生物合理的认知模型|神经启发计算架构|脉冲神经网络（SNN）|闭环反馈,0.0
KR1020240074637A,G09B19,教学科目,韩国,0,2023,功率谱分析|提供学习方法|提取θ波|确定记忆能力,,θ波与记忆能力相关,0.0
CN117972412A,G06F18,模式识别,中国,1,2023,半监督学习|增强|数据增强|骨干网络,睡眠脑电信号处理,动态调整阈值|半监督学习,0.0
CN120162567A,G06N5,知识推理,中国,1,2025,GCN与BiLSTM结合|图驱动的脑电信号非欧编码|基于先验生成的小样本脑电特征增强|跨任务迁移学习的脑电表征学习,脑电信号分类|脑电信号预测|跨任务迁移领域,先验生成|深度模型|空间特征与时序特征联合建模|迁移学习|非欧几何编码,0.0
US2017340262A1,A61B5,身体诊断测量,美国,0,2015,分类为多个簇|指定簇|生成分类器|确定脑疾病|获取学习数据项,脑疾病诊断辅助系统,基于簇内疾病信息生成分类器,0.0
IN202441085806A,A61B5,身体诊断测量,印度,0,2024,实时监测|数据增强|机器学习模型|特征提取|生成对抗网络（GAN）,个性化人机界面|人机交互|界面自适应,基于生成对抗网络增强数据|持续监测神经生理状态并调整界面|捕捉人类脑活动潜在模式和变化,0.0
IN202541115913A,B60W20,混合动力控制,印度,0,2025,SMOTE过采样|Shapley加法解释|信号解码和预处理|基于强化学习的增强|幅度缩放|时间扭曲|注意力加权融合|深度学习|自适应数据增强|集成分类|高斯噪声添加,人机交互|心理健康监测|神经反馈系统,Shapley加法解释|强化学习|迁移学习,0.0
CN121502352A,G06N3,神经网络,中国,1,2025,半监督学习|基于特征空间的主动学习方法|数据增强|选择性标注机制,脑机接口技术领域,主动学习的选择性标注机制|半监督学习,0.0
CN117093877A,G06F18,模式识别,中国,1,2023,对比学习分析|损失计算|提取差分熵特征|数据增强|特征连接|训练情绪识别模型|采集脑电样本,情绪识别,判别器损失|对比学习损失|差分熵特征|相似度矩阵,6.0
CA3038970A1,A61B1,内窥镜检查,加拿大,0,2017,向癫痫发作病灶施加电流并阻止癫痫发作进展|感测癫痫样活动|脑电信号增强,癫痫检测和治疗|神经血管信号管理,从传统的EEG改进的用于癫痫的应用特异性工具,3.0
CN116746929A,A61B5,身体诊断测量,中国,1,2023,增强|时序对比学习|混合增强|跨视图预测任务,脑电情绪识别,挖掘脑电信号的时序信息|通过同时减少正对之间的距离和增加负对之间的距离来学习可判别表征,7.0
US20200029849A1,A61B5,身体诊断测量,美国,0,2017,感测癫痫样活动|施加电流|脑电信号增强|血管内脑电,癫痫检测|癫痫治疗|神经血管信号管理,微创|永久植入,8.0
US12193827B1,A61B5,身体诊断测量,美国,0,2023,基于深度学习的筛查模型|数据增强|训练模型|预测,脑障碍患者分类,深度学习,1.0
US20250000426A1,A61B5,身体诊断测量,美国,0,2023,基于深度学习的筛查模型|数据增强,脑部疾病诊断,脑电图分析,1.0
CN119587890A,A61N1,电疗器械,中国,1,2024,实时采集刺激期间脑电信号并动态调整刺激参数|将脑电信号与行为表现标签对齐|提取频段特征生成刺激参数|获取相位同步性最高的通道对|采集并预处理多通道内源性脑电信号,认知任务期间,前额叶和顶叶之间的相位同步性|闭环反馈控制,2.0
CN119587890B,A61N1,电疗器械,中国,1,2024,实时采集刺激期间脑电信号并动态调整刺激参数|将脑电信号与行为表现标签对齐|提取频段特征生成刺激参数|获取相位同步性最高的通道对|采集并预处理多通道内源性脑电信号,工作记忆增强|认知任务期间,前额叶和顶叶之间的相位同步性|闭环反馈控制,0.0
US20070233192A1,A61N1,电疗器械,美国,0,2007,与ECG的QRS波部分同步|将外源性电信号传送到迷走神经|将电脉冲组织或图案化为一系列微脉冲串|模拟和/或增强内源性传入活动,抑郁症|癫痫,外源性电信号模拟和/或增强源自患者心脏和/或肺的内源性传入活动|迷走神经将来自心脏和肺的动作电位传导到脑的各种结构，从而引发迷走神经诱发电位,148.0
US20120191158A1,A61N1,电疗器械,美国,0,2012,与ECG的QRS波部分同步|向迷走神经传递外源性电信号|将电脉冲组织或图案化为一系列微脉冲串|模拟和/或增强内源性传入活动|每个微脉冲串包括2至20个脉冲,治疗|癫痫,外源性电信号模拟和/或增强内源性传入活动，从而增强迷走神经诱发电位|迷走神经将起源于心脏和肺的动作电位传导到大脑的不同结构，从而引发迷走神经诱发电位,20.0
US8150508B2,A61N1,电疗器械,美国,0,2007,外源性电信号模拟和/或增强内源性传入活动|将电脉冲组织或图案化为一系列微脉冲串|微脉冲串与ECG的QRS波部分同步|植入的电信号发生器向迷走神经传递外源性电信号|每个微脉冲串包括2至20个脉冲,抑郁症|癫痫,外源性电信号模拟和/或增强源自患者心脏和/或肺的内源性传入活动|迷走神经将起源于心脏和肺的动作电位传导到大脑的不同结构，从而引发迷走神经诱发电位,43.0
US8280505B2,A61N1,电疗器械,美国,0,2009,一系列被组织或图案化为一系列微脉冲串的电脉冲|向迷走神经传递外源性电信号|外源性电信号模拟和/或增强源自患者心脏和/或肺的内源性传入活动|每个微脉冲串与ECG的QRS波部分同步,抑郁症|癫痫,外源性电信号模拟和/或增强内源性传入活动，从而增强迷走神经诱发电位|迷走神经将起源于心脏和肺的动作电位传导到大脑的不同结构，从而在这些结构中引发迷走神经诱发电位,35.0
US9289599B2,A61N1,电疗器械,美国,0,2012,一系列被组织或图案化为一系列微脉冲串的电脉冲|向迷走神经传递外源性电信号|外源性电信号模拟和/或增强源自患者心脏和/或肺的内源性传入活动|每个微脉冲串与ECG的QRS波部分同步|每个微脉冲串包括2至20个脉冲,抑郁症治疗|癫痫治疗,外源性电信号模拟和/或增强内源性传入活动，从而增强迷走神经诱发电位|迷走神经将起源于心脏和肺的动作电位传导到大脑的不同结构，从而在这些结构中引发迷走神经诱发电位,12.0
CN114306944A,A61N2,磁疗器械,中国,1,2022,光刺激|同时进行磁刺激和光刺激|磁刺激,住院治疗,功能脑区神经网络交互作用|增强脑电波的γ频段和θ频段|神经可塑性,6.0
CN115212454B,A61N1,电疗器械,中国,1,2022,在睡眠期间释放刺激信号|在记忆练习过程中对小脑进行电刺激|根据用户指令与信号特点对刺激单元进行控制|采集个体睡眠状态的脑电数据|采集个体非睡眠状态时的小脑脑电信号,经颅交流电刺激技术领域|辅助人脑程序性记忆的快速增强,经颅直流电刺激|记忆巩固,0.0
CN115212454A,A61N1,电疗器械,中国,1,2022,在睡眠期间释放刺激信号|在记忆练习过程中对小脑进行电刺激|根据用户指令与信号特点对刺激单元进行控制|采集个体睡眠状态的脑电数据|采集个体非睡眠状态时的小脑脑电信号,经颅交流电刺激技术领域|辅助人脑程序性记忆的快速增强,程序性记忆快速编码|记忆巩固,1.0
KR102055558B1,G06F3,输入输出装置,韩国,0,2019,神经可塑性反馈|脑波融合反馈,健康帽,脑波融合反馈神经可塑性,0.0
KR101470588B1,A61B5,身体诊断测量,韩国,0,2013,推断形状|检测基准形状|检测超声刺激参数组合|脑电图测量|非侵入性地照射聚焦超声,脑-脑接口,脑神经功能及按神经部位匹配的基准形状|脑神经功能及按神经部位匹配的超声刺激参数组合|非侵入性且空间精度高的超声刺激,1.0
KR20140137870A,A61N7,超声治疗,韩国,0,2013,推断形状|检测基准形状|检测超声刺激参数组合|测量脑电图信号|非侵入性地照射聚焦超声,脑-脑接口,根据意图认知对象意图的颅神经（或认知）信息，通过具有高空间精度的非侵入性超声刺激,12.0
US12214140B2,A61M21,精神治疗装置,美国,0,2024,动态用户表示|多模态深度学习方法|实时定制的生成式通信|符号语言输入|闭环反馈系统,精神活性治疗之外的应用|精神活性疗法,5-HT2A激动剂|心理治疗框架|情感状态|神经可塑性窗口识别|解离剂,0.0
CN120459532A,A61N1,电疗器械,中国,1,2025,反馈精准地刺激输出时刻|向目标脑区域施加电刺激|在任一目标脑区域的场电位波形满足预设触发条件的情况下发送控制信号|跨尺度同步植入大脑海马多子区及颞叶皮层的微电极|采集目标对象脑部与记忆认知相关的多个脑区域的场电位波形,医疗设备|记忆增强,脑机接口|跨尺度同步植入|闭环反馈控制,2.0
KR1020230171533A,G16H20,治疗方案,韩国,0,2022,基于大数据的人工智能分析|基于脑地图的EEG测量|脑刺激信号传输,大脑发育系统|学习能力提升,脑电波刺激大脑发育,2.0
KR102743336B1,G16H20,治疗方案,韩国,0,2022,刺激大脑以发育大脑|基于大数据和AI分析脑电波|基于脑地图的EEG测量值,大脑发育系统|学习者脑电波测量,基于脑地图的EEG测量值|脑电波刺激大脑发育,0.0
US11369770B2,A61M21,精神治疗装置,美国,0,2017,根据脑电波信号中包括的慢振荡的产生，向脑施加纺锤状刺激,脑刺激,纺锤状刺激,2.0
US20200139113A1,A61N1,电疗器械,美国,0,2017,控制和监视脑刺激设备|根据脑电波信号中包括的慢振荡的产生，向脑施加纺锤状刺激|评估脑刺激装置的性能,便携式设备|脑刺激装置,慢振荡|海马依赖性记忆|纺锤状刺激,26.0
CN109963609A,A61M21,精神治疗装置,中国,1,2017,脑波测量|轴状刺激施加,痴呆治疗|脑刺激|记忆增强,慢振荡,5.0
IN202641050100A,G06N3,神经网络,印度,0,2026,信号分割|合成信号生成|噪声滤波|归一化|智能数据增强|深度学习|集成卷积神经网络和递归神经网络的混合深度学习架构,人机交互|便携式设备|医疗保健|实时精神状态监测|神经反馈,低延迟和高效性能|提取空间和时间特征|泛化能力提升,0.0
IN202421079453A,A61B5,身体诊断测量,印度,0,2024,强化学习（RL）算法|循环神经网络（RNN）|神经动力学信息（NDI）机器学习算法|长短期记忆（LSTM）网络,医疗康复|控制神经假体|控制通信工具|认知增强|辅助技术,大脑内在神经动力学|实时动态调整|捕捉神经信号复杂时变性质,0.0
CN120544439A,G09B5,视听教学,中国,1,2025,交互式内容生成|情境模拟|情感识别与响应|脑电波反馈学习优化|评估与反馈|集体互动与协作学习,人机交互训练|学习能力提升,增强记忆力|实时监测注意力水平|自我调节脑电波,0.0
IN202541125967A,G06N3,神经网络,印度,0,2025,CNN提取深层时空模式|CSP|ICA|LSTM-注意力模块|PSD|小波去噪|梯度提升|深度学习|混合机器学习和深度学习框架|边缘计算,医疗保健|控制电动轮椅|控制神经假体|控制通信工具|智能家居系统,云端更新|序列动态捕获|混合方法|特征融合|边缘计算设计|迁移学习增强,0.0
US2018146916A1,A61N1,电疗器械,美国,0,2018,模拟记忆回放|生成行为表现预测|记忆增强干预,睡眠状态,神经模型|记忆巩固,0.0
IN202411023369A,G06F3,输入输出装置,印度,0,2024,实时反馈|数据收集|机器学习|特征提取|虚拟现实或增强现实|输出控制|预处理,幻肢痛治疗,机器学习|脑机接口|虚拟现实,0.0
WO2018182827A1,G06F9,程序控制,世界知识产权组织,0,2018,基于实时脑电图数据和神经模型模拟记忆回放|生成行为表现预测|记忆增强干预,睡眠状态|记忆改善干预系统,神经模型|记忆巩固|预测阈值比较,5.0
IN202521020645A,A61B5,身体诊断测量,印度,0,2025,刺激模块提供编码信息|自适应学习实时调整信息传递方式|非侵入式传感器阵列检测|高度复杂的算法确定信息传递最佳时机,人机交互训练|学习能力提升|改进教育方法学|认知康复,在睡眠特定阶段向大脑传递特定信息来巩固记忆和技能|实时动态调整|通过大脑睡眠的自然过程改善学习,0.0
IN202341046071A,A61F2,植入假体,印度,0,2023,人工智能（AI）|多模型方法|强化学习|机器学习（ML）|神经网络,假肢领域|手臂截肢者和瘫痪患者|智能假肢,基于神经网络的AI模块分析数据并生成控制信号|基于脑电图（EEG）的脑机接口（BCI）|强化学习,0.0
US10736561B2,A61B5,身体诊断测量,美国,0,2018,基于实时脑电图数据和神经模型模拟记忆回放|生成行为表现预测|记忆增强干预|阈值比较,睡眠状态下的记忆改善干预,记忆巩固|记忆重放,2.0
IN202411028052A,A61B5,身体诊断测量,印度,0,2024,实时反馈|数据收集|机器学习|特征提取|虚拟现实或增强现实|输出控制|预处理,幻肢痛治疗,机器学习|脑机接口|虚拟现实,0.0
IN202641049330A,G06N99,人工智能其他,印度,0,2026,神经形态计算|脉冲神经网络|量子启发优化技术|量子密码方法,下一代无线网络|实时精神状态监测|智能家居系统|神经假体|认知通信系统,模拟生物神经架构|量子密码学|量子并行性,0.0
EP3602287A1,G06F3,输入输出装置,欧洲专利局,0,2018,基于实时脑电图数据和神经模型模拟记忆回放|神经模型生成行为表现预测|记忆增强干预|阈值比较,睡眠状态下的记忆改善干预,记忆重放|预测行为表现以决定干预,0.0
CN111832416A,G06K9,图像识别,中国,1,2020,加入改进的Adaboost算法|时序切片|构建CNN模型|采用STFT对信号进行时频分析|采集大脑皮层上对应电极通道的运动想象脑电信号数据并预处理,癫痫检测,Adaboost算法|增强卷积神经网络|时频分析,32.0
CN111832416B,G06F18,模式识别,中国,1,2020,STFT时频分析|改进的Adaboost算法|时序切片|构建CNN模型|采集大脑皮层上对应电极通道的运动想象脑电信号数据并预处理,癫痫检测,adaboost算法|增强卷积神经网络|泛化能力提升,0.0
CN112545532B,A61B5,身体诊断测量,中国,1,2020,对抗生成网络|幅度放缩|模型训练|脑电信号混合,脑电信号分类识别|脑电目标识别,数据增强,0.0
CN112545532A,A61B5,身体诊断测量,中国,1,2020,对抗生成网络|幅度放缩|模型训练|脑电信号混合,脑电信号处理|脑电目标识别,数据增强,16.0
CN114841192A,G06K9,图像识别,中国,1,2022,transformer注意力机制|基于多智能体强化学习的干扰去除决策|时空注意力建模|时空间关系建模,脑电信号分类识别,强化学习|时序连续性与空间关联性,16.0
US12586479B2,G09B5,视听教学,美国,0,2023,提供重复学习|测量脑信号|识别遗忘项目,再学习过程|检索期间,电生理特征,0.0
WO2020218013A1,A61B10,采样及活体检查,世界知识产权组织,0,2020,将脑电波数据输入到学习模型中|机器学习,脑部疾病诊断,通过机器学习痴呆类型与各种类型痴呆患者的脑电波数据之间的关系,3.0
CN201275369Y,A61N1,电疗器械,中国,1,2008,同频刺激|同频电压刺激|测量大脑脑电波,协助学习记忆的电子产品技术领域,大脑始终处在a波最佳记忆状态|经皮神经刺激,5.0
US20140057232A1,G09B19,教学科目,美国,0,2013,在睡眠周期的特定阶段期间递送刺激|记录环境感觉输入|识别睡眠周期的时机周期|递送与学习材料配对的感觉刺激|重放环境感觉刺激,睡眠状态|记忆改善干预系统,调节用户的睡眠阶段、睡眠质量和/或睡眠的特定阶段期间的脑节律的质量或强度|通过适时的生理时段递送刺激来改变记忆和/或认知功能,269.0
IN202541098688A,A61B5,身体诊断测量,印度,0,2025,人工智能|数字孪生模拟引擎预测生物力学响应|混合大脑信号采集|神经可塑性反馈机制|认知意图解码,认知康复,用户神经参与指数(NEI)|神经可塑性增强的生物数字反馈机制,0.0
CN120636693A,G06N20,机器学习,中国,1,2025,Lempel-Ziv复杂度评估|强化学习|时频域联合分析|脑电信号采集|遗传算法动态闭环优化,交感神经型颈椎病治疗|神经调节修复技术领域,双靶点分级调控|自主神经平衡指数反馈,0.0
US10932688B2,A61B5,身体诊断测量,美国,0,2018,神经调控刺激信号|脑电图数据处理|自适应学习系统|闭环神经调控,感觉运动学习,使监测脑电图信号接近目标脑电图信号参数,0.0
US2019069796A1,A61B5,身体诊断测量,美国,0,2018,根据监测的脑电图信号调整学习时间表|神经调控刺激信号|脑电图数据处理|自适应学习系统|闭环神经调控,感觉运动学习,使监测脑电图信号接近目标脑电图信号参数,0.0
CN121731667A,A61N1,电疗器械,中国,1,2026,无监督目标条件强化学习|深度学习模型分析|脑电信号预处理|自预测表征|逆动力学建模,深度学习交叉技术领域|神经调控,协同训练|脑电慢波动态状态表征,0.0
CN121731667B,A61N1,电疗器械,中国,1,2026,无监督目标条件强化学习|深度学习模型分析|脑电信号预处理|自预测表征|逆动力学建模,深度学习交叉技术领域|神经调控,协同训练|脑电慢波动态状态表征,0.0
US2024036649A1,G06F3,输入输出装置,美国,0,2023,数据处理|机器学习技术|生成神经刺激信号|生成神经数据估计,神经接口,机器学习技术被训练用于估计神经刺激信号|机器学习技术被训练用于生成神经数据估计,0.0
KR101939537B1,A61B5,身体诊断测量,韩国,0,2018,判断脑反应激活程度|接收神经信号|推导脑反应信号形态或时间特征点|施加刺激信号|测量脑反应信号|计算特征点|计算记忆准确度|评估记忆能力|选择脑皮层目标区域,脑刺激,神经刺激与声音输出关联|脑反应激活程度|脑活动变化,0.0
KR102149615B1,A61F2,植入假体,韩国,0,2019,刺激脑区|控制外部设备运动|生成神经刺激信号|读取控制意图|采集脑神经信号,学习,神经细胞偏好方向,6.0
CN120673986A,G16H20,治疗方案,中国,1,2025,同步采集分析脑电信号|多模态协同定位|自适应调整治疗参数|运动意图解析|闭环康复交互,康复训练|神经功能康复治疗,神经可塑性|脑机接口|运动想象|闭环神经调控,1.0
US10596382B2,A61N1,电疗器械,美国,0,2016,传递声音输出|控制声音输出和神经刺激的传递定时|提示心理排练声音模式|神经刺激,个人计算设备,神经刺激与声音输出关联,0.0
US20180169412A1,A61N1,电疗器械,美国,0,2016,传递声音输出|传递学习增强神经刺激|控制声音输出和神经刺激的传递定时|提示心理排练声音模式,个人计算设备|学习,经皮神经刺激,15.0
US20090062629A1,A61B5,身体诊断测量,美国,0,2008,分析来自暴露于不同时间和空间位置的刺激材料的受试者的神经反应测量|选择位置,印刷广告|商店货架|图像|广告|物理位置|视频流,神经响应测量,160.0
US20090063256A1,G06F17,数据处理,美国,0,2008,多模态数据采集|数据分析|神经响应测量,消费者体验刻画效果评估,神经响应测量评估,152.0
US20110046502A1,A61B5,身体诊断测量,美国,0,2009,分布式机制|处理|数据传输|数据收集,家庭|市场研究|环境,,137.0
US20110046504A1,A61B5,身体诊断测量,美国,0,2010,分布式神经响应数据采集|数据处理,娱乐|环境|营销材料,神经响应数据,117.0
US20090030930A1,G16Z99,信息其他应用,美国,0,2008,分析|可视化|存储|报告生成|查询,设计,,240.0
US20090036756A1,A61B5,身体诊断测量,美国,0,2008,分析神经响应数据,体验|图像|定价|概念|消息|营销材料|通信|音频,刺激属性共振,147.0
US20090036755A1,A61B5,身体诊断测量,美国,0,2008,实体和关系评估和提取|神经响应测量,娱乐|广告|营销,神经响应数据,156.0
US20110046503A1,A61B5,身体诊断测量,美国,0,2009,使用带子、弹性帽、弹簧型材料、胶带等附接到头皮|每个外壳可以提供用于数据分析的一个或多个聚集信号|每个电极具有用于头皮放置的多个触点|锯齿形、角形、梳形等形状的支撑壳体,脑电图(EEG)系统,可以忽略来自单个触点的信号|每个电极可以被放置在邻近电极的附近,147.0
US8392251B2,G06Q30,商业交易系统,美国,0,2010,修改刺激材料|呈现位置感知刺激材料|基于位置和路径信息传递|收集神经响应数据|评估神经响应有效性|识别用户的位置,商店监视器|广告牌|无线设备|显示器,个性化|位置感知|神经响应评估,88.0
US20090030303A1,A61B5,身体诊断测量,美国,0,2008,分析|数据清理|结合评估,广告分析|观众反应分析,多模态数据结合评估,160.0
US20090082643A1,A61B5,身体诊断测量,美国,0,2008,快速傅里叶变换|数据收集|数据清除|跨模态响应合成,娱乐|营销,多模态数据结合评估,137.0
US2018353096A1,A61B5,身体诊断测量,美国,0,2018,导电材料覆盖第二端|爪式结构穿透头发|电极腿弹性弯曲,可穿戴设备|脑电图信号采集,弹性接触|电极穿过头发|腿对称附接,0.0
US10842404B2,A61B5,身体诊断测量,美国,0,2018,导电材料覆盖第二端|电极腿弹性弯曲|连接,可穿戴设备|脑电图信号采集,弹性接触|电极穿过头发,2.0
KR1020150036904A,A61B5,身体诊断测量,韩国,0,2013,干电极设计,无线脑电极模块对计算机接口|脑机接口,弹性接触|有源干电极,4.0
CN104799853A,A61B5,身体诊断测量,中国,1,2015,制备方法|爪式结构穿透头发,脑电图信号采集,信号质量指标|柔韧性,22.0
US10140628B2,A61B3,眼科诊断器械,美国,0,2012,从脑电图数据确定神经响应数据|基于神经响应确定共鸣|识别对象的精神行为属性,广告分析,脑电数据频带交互,25.0
US20140288406A1,A61B5,身体诊断测量,美国,0,2013,梳梳和推开头发,,,8.0
US2023346284A1,A61B5,身体诊断测量,美国,0,2023,爪式结构穿透头发,提供神经刺激|皮肤表面|记录EEG信号,头皮接触结构,0.0
CN112541668A,G06F3,输入输出装置,中国,1,2020,划分兴趣区域|接收眼动信号|接收脑电信号|评估视觉元素,产品体验评估,基于脑电计算情绪指标|聚类分析,6.0
CN102334989A,A61B5,身体诊断测量,中国,1,2011,异平面微针电极阵列|爪式结构穿透头发,脑电信号采集,MEMS工艺|机械适应性|神经通路,18.0
US12340018B2,G06F3,输入输出装置,美国,0,2024,应用权重|提供视觉刺激|特征调制|神经响应测量|自适应校准方法|调整神经信号模型权重和显示对象显示调制,脑机接口,注意力机制|神经反应与调制相关,1.0
EP3753486A3,A61B5,身体诊断测量,欧洲专利局,0,2020,弹性装置|连接|连接方式,生物电测量,弹性装置由导电材料构成或包括导电材料，用于传送电信号,0.0
US2023359275A1,G06F3,输入输出装置,美国,0,2020,提供视觉刺激|注意力度量|测量用户对观看对象的神经反应|视觉刺激特征调制,脑机接口,对视觉刺激的神经反应与调制相关|注意力机制,0.0
US12422927B2,G06F3,输入输出装置,美国,0,2020,神经反应与调制相关性分析|视觉刺激特征调制,脑机接口,神经反应与刺激的相关性,1.0
US7546158B2,A61B5,身体诊断测量,美国,0,2004,处理信号|检测指示大脑活动的信号|注意力度量|生成刺激,,基于脑机接口|注意机制,90.0
WO2024050545A3,A61B5,身体诊断测量,世界知识产权组织,0,2023,利用神经反馈|基于阈值的神经反馈协议|监测脑信号|获取神经反馈,生物反馈|神经反馈,大脑功能隐喻,0.0
US2016242669A1,G01R33,磁共振测量,美国,0,2015,提供反馈|计算神经判别器|评估受试者表现|选择任务条件进行判别,识别和追踪棒球投球轨迹,迷走神经诱发电位,0.0
US2016242699A1,A61B5,身体诊断测量,美国,0,2014,分割脑电图数据为多个时隙|接收脑电图数据|提取特征|调整神经信号模型权重,,聚类分析|频域和时域特征表示,0.0
US12236014B2,G06N3,神经网络,美国,0,2022,信号分类|实时连续分类|训练神经网络,脑机接口|虚拟现实系统,微针电极提供改进的接触表面积和降低的电极阻抗密度|软电子器件局部安装在电极附近以减少干扰性布线,1.0
KR20210045467A,A61B5,身体诊断测量,韩国,0,2019,应用权重|应用训练好的模型|数据处理|深度学习模型|训练第二识别模型,精神行为属性识别,基于脑电计算情绪指标,1.0
US20260083375A1,A61B5,身体诊断测量,美国,0,2025,封装为数据结构|生成数据集|脑电监测,认知健康评估,事件相关电位|注意机制,0.0
JP2020502683A,G06T7,图像分析,日本,0,2017,基于神经生理事件的识别|训练图像分类神经网络,图像分类,事件相关电位偏好识别,1.0
JP2020502683A5,G06T7,图像分析,日本,0,2017,训练图像分类神经网络|识别神经生理事件,图像分类,事件相关电位偏好识别,0.0
US9558499B2,G06F17,数据处理,美国,0,2010,多次呈现视觉刺激|存储用户反应|接收输入|确定主导情绪特征,心理特性评估,脑状态关系信息,6.0
US2019294915A1,G16H20,治疗方案,美国,0,2019,呈现视觉刺激|处理神经生理信号|计算机视觉程序|识别神经生理事件,图像分类,稳态视觉诱发电位|脑机接口,0.0
US2025213170A1,G06F3,输入输出装置,美国,0,2024,多任务学习|检测指示大脑活动的信号|确定推断|训练机器学习模型,脑电信号处理,神经反应与刺激的相关性,0.0
WO2013080992A1,A61B5,身体诊断测量,世界知识产权组织,0,2012,,,,19.0
CN120392104A,A61B5,身体诊断测量,中国,1,2025,暴露采集脑电信号区域的头皮,,脑电信号采集接触|通过毛发拨动构件将毛发收拢，使得头皮区域暴露,0.0
US2019090776A1,A61B5,身体诊断测量,美国,0,2017,同步处理|基于分数发出神经反馈|计算相关性分数,神经康复,脑电数据频带交互,0.0
US20190269328A1,A61B5,身体诊断测量,美国,0,2019,报告生成|提供反馈|确定当前状态|确定脑状态|采集生物统计信号,调节生理状态,神经度量|神经通路,15.0
EP3304255B1,G06N3,神经网络,欧洲专利局,0,2016,呈现视觉刺激|处理神经生理信号|计算机视觉程序|识别神经生理事件,图像分类,神经信号与视觉注意,0.0
KR20250107978A,G06V40,生物识别,韩国,0,2020,基于神经信号确定用户的焦点|施加刺激序列|检测精神状态|视觉刺激特征调制,视觉脑机接口,神经信号与视觉注意,0.0
US20260064204A1,G06F3,输入输出装置,美国,0,2025,提供具有特征性调制的视觉刺激|相关性分析|神经反应与调制相关性分析,脑机接口,视觉刺激的特征性调制与神经反应的相关性,0.0
US20250341894A1,G06F3,输入输出装置,美国,0,2025,基于神经信号确定用户的焦点|接收神经信号|施加刺激序列|检测精神状态|特征调制应用于视觉刺激的高空间频率分量,,神经信号包含与用户视觉注意力所指向的视觉刺激的特征调制相关的信息,0.0
KR20250090371A,G06F3,输入输出装置,韩国,0,2021,同步处理|提供视觉刺激|神经响应测量,脑机接口,特征调制|神经反应与调制相关,0.0
US20110144519A1,A61B5,身体诊断测量,美国,0,2009,,医学诊断|改进神经病学状态的分类和治疗,,64.0
US9798796B2,G16H10,医疗数据管理,美国,0,2012,事件相关电位脑电波数据|多次呈现视觉刺激|线性判别分析,市场研究,事件相关电位偏好识别,0.0
CN121306437A,G16H20,治疗方案,中国,1,2025,可视化脑状态|模型训练|脑电图数据处理|脑电采集|预处理,神经反馈训练,神经反馈训练目标|脑电大模型,0.0
US20210090460A1,G09B19,教学科目,美国,0,2020,可视化脑状态|确定脑状态|脑状态关联,康复程序,脑状态关系信息,0.0
US2023032492A1,G06F3,输入输出装置,美国,0,2021,将神经响应与调制相关|提供视觉刺激|神经反应与调制相关性分析,脑机接口,神经信号包含与用户视觉注意力所指向的视觉刺激的特征调制相关的信息|视觉刺激特征调制,0.0
AU2020102578A4,A61B5,身体诊断测量,澳大利亚,0,2020,两段硫化|加入导电纳米材料混合分散均匀|加热加压固化,军事|医院|学校|心理健康咨询|脑机接口,增加干电极与皮肤的接触面积，降低接触阻抗|导电材料,0.0
KR20170074427A,A61B5,身体诊断测量,韩国,0,2015,多级滤波|放大器电路处理,,电极材料工艺,2.0
US2020281530A1,A61B5,身体诊断测量,美国,0,2019,,脑电图(EEG)头戴设备,,0.0
US2021015393A1,A61B5,身体诊断测量,美国,0,2019,弹性口袋固定|弹性带固定,脑电图检测,腿对称附接,0.0
US5649061A,A61B5,身体诊断测量,美国,0,1995,人工神经网络|处理|处理eeg数据|眼动追踪,仅通过眼睛注视点来控制来自视频显示器的计算机化机械,注视属性与诱发电位参数作为神经网络输入|离线训练人工神经网络表示心理决策|诱发电位参数,359.0
CN108968955A,A61B5,身体诊断测量,中国,1,2018,光学晶体调制|数据传输|柔性干电极阵列采集,测量,光电检测,15.0
WO2016193979A1,G16H20,治疗方案,世界知识产权组织,0,2016,呈现候选图像区域作为视觉刺激|处理神经生理信号|计算机视觉程序|识别神经生理事件,图像分类,稳态视觉诱发电位|脑机接口,41.0
EP3151742A1,A61B5,身体诊断测量,欧洲专利局,0,2015,电极定位调节|集成电磁屏蔽,脑机接口系统,信号质量指标,0.0
WO9518565A1,A61B5,身体诊断测量,世界知识产权组织,0,1994,visumotor存储器任务|脑状态关联|规范测量|试验评分,精神行为属性识别,正常精神的努力标准,34.0
US2017123495A1,A61B5,身体诊断测量,美国,0,2015,电极定位调节|电磁屏蔽集成,脑机接口(BCI)系统,减少电磁干扰|透气性,0.0
WO2018230445A1,A61B5,身体诊断测量,世界知识产权组织,0,2018,多个电极构件提供这样一种方式为刷状突出从支撑件|导电橡胶包括液体硅橡胶室温固化，团聚银粉和片状银粉,脑电波测量,刷状突出结构增加接触稳定性|导电橡胶的导电性,32.0
JP2016501049A,A61B5,身体诊断测量,日本,0,2013,测量传送的数据单元|用于接收测量数据|电极测量方法,皮肤表面,电极和皮肤表面之间牢固地附着形成导电接触|皮肤表面轮廓一致的所述主体部分的非导电材料的含基体电极结构,8.0
US20040059241A1,A61B5,身体诊断测量,美国,0,2003,分类|指导样本选择|治疗|诊断|远程评估,临床试验中的样本选择|远程评估和治疗,神经生理学信息用于分类、诊断和治疗,119.0
CN118742876A,G06F3,输入输出装置,中国,1,2023,生成听觉反馈|生成神经反馈图形用户界面|生成触觉反馈|记录大脑活动,神经反馈训练,神经反馈,0.0
WO0027279A1,A61B5,身体诊断测量,世界知识产权组织,0,1999,可拉伸的弹性帽|导电记录电极|导电铅导线|电极定位系统|软橡胶电极夹持器,功能性磁共振成像(MRI)|脑电波测量,无铁磁材料的使用,36.0
CN111938633B,A61B5,身体诊断测量,中国,1,2020,使用改性后的丝蛋白水凝胶作为电极的外部衬底|划分和设计头皮脑电极|根据大脑皮层的各功能区在头皮表面的位置映射|电极区的拆分和组合使用|确定电极区的数量和形状,脑电信号探测,脑功能分区映射|高柔性和高贴附性,0.0
CN111938633A,A61B5,身体诊断测量,中国,1,2020,使用改性后的丝蛋白水凝胶作为电极的外部衬底|根据大脑皮层的各功能区在头皮表面的位置映射以及各功能区在大脑颅骨上对应区域的弧度，确定电极区的数量和形状|电极区的拆分和组合使用,脑电信号探测,脑功能分区映射|高柔性和高贴附性,4.0
US5243517A,A61B5,身体诊断测量,美国,0,1988,分析EEG的α和β频率振幅内容|计算总体结果|记录脑电图活动|过滤ERP并测量峰值幅度和潜伏期,产品广告比较|商业广告评价|娱乐材料生理评价,ERP电位幅度和潜伏期决定理解、价值、意图和记忆|α和β频率振幅反映注意力认知,292.0
GB2221759B,A61B5,身体诊断测量,英国,0,1989,分析EEG信号处理计算机|计算相比不同的商业广告节目|过滤的峰值振幅和延迟测量|频率振幅,商业序列|商业评估|广告商|广告期间,振幅和/或延迟确定商业理解|注意力和认识等级,6.0
CN108537574A,G06Q30,商业交易系统,中国,1,2018,播放多媒体广告|获取用户的输入信号|调整三维模型的参数,广告分析,根据输入信号调整三维模型参数,10.0
CN108960937A,G06Q30,商业交易系统,中国,1,2018,人工智能的机器学习|兴趣物图片的积累、分类、标记|眼动追踪|脑电波感应,AR智能眼镜进行产品兴趣分析和广告的精准智能推送|可穿戴智能设备技术应用领域,基于视线追踪技术|用户个性化兴趣数据库特征模型作为匹配依据,34.0
US20120078820A1,G06F15,数字计算机,美国,0,2010,使用基于文本的计算机脚本语言文件|基于脑电波读数的算法|将脑波数据传送到媒体播放器|指示播放器播放适当的场景或时间代码|根据精神状态使用预定义的替代结果,个人计算机|手持设备|数字视频光盘|电影文件|电影院屏幕|视频广告|视频应用|视频控制台|视频播放,脑电信号|预定义替代结果与精神状态关联,11.0
WO2025160631A1,G10L13,语音合成,世界知识产权组织,0,2025,传输图像到视频显示器|基于注视点确定选择的词语或功能|接收第一图像和第二图像|显示与检测到的对象相关联的词语|检测对象|确定注视点|验证注视点,便携式通信设备,基于EEG信号验证注视点,0.0
WO2023232268A1,A61G5,轮椅及移动,世界知识产权组织,0,2022,执行算法以检测对象或路径|捕获数字视频或图像|显示视觉刺激|检测稳态视觉诱发电位|脑电图数据记录,移动系统|辅助技术,稳态视觉诱发电位,0.0
GR1010460B,A61B5,身体诊断测量,其他,0,2022,处理EEG数据|执行算法以检测对象或路径|捕获数字视频或图像|控制显示器显示视觉刺激|检测稳态视觉诱发电位|记录EEG数据,移动系统,稳态视觉诱发电位,0.0
US2025344989A1,A61G5,轮椅及移动,美国,0,2022,执行算法以检测对象或路径|捕获数字视频或图像|显示视觉刺激|检测稳态视觉诱发电位|脑电图数据处理|脑电图数据记录,移动系统|辅助技术,稳态视觉诱发电位,0.0
EP4531786A1,G06F3,输入输出装置,欧洲专利局,0,2022,执行算法以检测对象或路径|捕获数字视频或图像|显示视觉刺激|检测稳态视觉诱发电位|记录EEG数据,移动系统|辅助技术,稳态视觉诱发电位,0.0
US2022334641A1,G06F3,输入输出装置,美国,0,2021,显示视觉刺激|生成控制信号,驾驶监控,脑电信号,0.0
US11556175B2,G06F3,输入输出装置,美国,0,2021,基于脑电图信号生成控制信号|显示视觉刺激,驾驶监控,脑电信号,2.0
KR1020200072099A,A61B5,身体诊断测量,韩国,0,2018,接收刺激控制信号|提供右手/右手足和左手/左手足运动|神经刺激治疗,Alzzimer型痴呆治疗,左右脑与左右侧肢体交叉对应原理,16.0
US9885869B2,G09G5,显示驱动,美国,0,2015,文本到语音转换|模数转换|缩小,头戴式显示器,响应于触发信号,0.0
US2014303511A1,A61B5,身体诊断测量,美国,0,2014,线性信号处理,,,0.0
CN109483572B,G06F3,输入输出装置,中国,1,2018,EEG+FNIRS联合|ErrP检测|SSVEP刺激范式|运动想象,残障人士的家庭生活|科研,SSVEP刺激范式|脑-控机器人|运动想象,0.0
CN109483572A,B25J13,机械手控制,中国,1,2018,EEG+FNIRS联合|ErrP检测|SSVEP刺激范式|运动想象,残障人士的家庭生活|科研,SSVEP刺激范式|脑-控机器人|运动想象,7.0
CN106030642A,G06Q30,商业交易系统,中国,1,2015,生成人机界面|确定递送内容的定时|神经信号采集|管理内容植入|选择递送内容,广告插入递送定时|数字游戏|科研|视频应用|驾驶员或飞行员辅助,情感状态|认知状态,16.0
CN115358777A,G06Q30,商业交易系统,中国,1,2022,广告投放检测|情绪检测处理|确定投放广告|计算匹配度,娱乐,多模态情绪特征|情绪等级,2.0
CN115358777B,G06Q30,商业交易系统,中国,1,2022,广告投放检测|情绪检测处理|确定投放广告|计算匹配度,娱乐,多模态情绪特征|情绪等级,0.0
US4861154A,A61B3,眼科诊断器械,美国,0,1986,乘积检测器检测|修改刺激图像的光学系统|控制处理器控制刺激发生器|模数转换器监控|闪烁视觉刺激,处方校正|自动视觉测试|视觉刺激诱发电位监测|视觉系统故障诊断,在不改变亮度的情况下改变图像的对比度|快速互补或闪烁模式|真正的双色和多色模式操作|稳态视觉诱发电位刺激|视觉刺激频率闪烁,108.0
US5052401A,A61B5,身体诊断测量,美国,0,1989,修改刺激图像的光学系统|在不同频率闪烁的图像|确定响应幅度|闪烁视觉刺激|频率检测,自动视觉测试|视觉刺激诱发电位监测,乘积检测器检测稳态诱发电位信号的电平|产生最高输出的产品检测器指示观察者聚焦的显示器,127.0
US20230029127A1,A61B5,身体诊断测量,美国,0,2022,接收原始分辨率信号|接收视图参数|生成静态图像|计算值集合|计算每像素列原始信号点数量,客户端计算设备显示器观看|脑电信号,基于信号区段内原始信号点数量的离散连续序列表征|根据视图参数和节段长度计算显示参数,0.0
US11701053B2,G06K11,数据识别,美国,0,2022,接收原始分辨率信号|接收视图参数|生成静态图像|计算值集合|计算每像素列原始信号点数量,移动访问|脑电信号,基于信号区段内原始信号点数量的离散连续序列表征|根据视图参数和节段长度计算显示参数,0.0
CN111343917A,A61B5,身体诊断测量,中国,1,2018,接收信号|接收视图参数|生成静态图像|计算值集|计算每像素列的原始信号点数量,移动访问|脑电信号,基于视图参数和片段长度计算信号点数量|对离散连续序列计算表征值,1.0
US20030158495A1,A61B5,身体诊断测量,美国,0,2002,动态重复地将EEG信号转换成颜色|将EEG信号的一个或多个通道的一个方面转换为颜色,神经反馈,EEG信号的频率或振幅转换|基于颜色的反馈提示,26.0
US20040210156A1,A61B5,身体诊断测量,美国,0,2004,修改刺激图像的光学系统|将EEG信号的一个或多个通道的一个方面转换为颜色|重复地将EEG信号转换成颜色,神经反馈,神经反馈训练目标,26.0
US6795724B2,A61B5,身体诊断测量,美国,0,2002,将EEG信号的一个或多个通道的一个方面转换为颜色|文本到语音转换,神经反馈,基于颜色的反馈提示,118.0
US7035686B2,A61B5,身体诊断测量,美国,0,2004,动态重复地将EEG信号转换成颜色|将EEG信号的一个或多个通道的一个方面转换为颜色,神经反馈训练,神经反馈训练目标,103.0
CN115249379A,G06V40,生物识别,中国,1,2021,事件相关电位技术|多模态数据融合|平面广告评测卷积神经网络模型|机器学习|检测眨眼,平面广告评测,事件相关电位|注视点信息|脑电地形分布图,4.0
KR20250067418A,G16H40,医疗设备信息,韩国,0,2023,BCI技术|SSVEP技术识别刺激|分析脑电波并提供反馈|提供康复内容刺激,最小意识状态患者的康复训练,利用最小意识状态患者能够良好反应的刺激|结合SSVEP技术识别刺激并使其能够集中注意力|通过提供各种刺激的反馈来提高注意力,0.0
KR101788969B1,G06F3,输入输出装置,韩国,0,2016,功率谱分析|检测眨眼|确定响应幅度|视觉刺激频率闪烁|计算机视觉技术识别对象,增强现实系统|狭窄空间|难以使用手的情况,稳态视觉诱发电位|视觉刺激频率闪烁,9.0
WO2021141262A1,G16H20,治疗方案,世界知识产权组织,0,2020,发送内容|执行用于改善认知功能的应用|接收并分析第一感测数据|识别认知功能改善信息,可穿戴显示器,,0.0
WO2019240564A1,A61B5,身体诊断测量,世界知识产权组织,0,2019,使用用户的注视位置信息和脑电波信息控制头戴式显示器的功能|检测和分析脑电波或注视运动的特异性,虚拟现实图像检查,接触用户的皮肤以获取生物统计数据,10.0
WO2020159093A1,H04N21,视频分发,世界知识产权组织,0,2020,推断用户情绪状态|检测用户注意到的部分内容|生成高亮图像,多媒体内容,基于情绪状态生成高亮图像|基于生物特征数据检测注意力,0.0
US2022067376A1,G06K9,图像识别,美国,0,2020,推断用户情绪状态|检测用户注意到的部分内容|生成高亮图像,多媒体内容,基于情绪状态生成高亮图像|基于生物数据检测注意力,0.0
CN119509540A,G01C21,导航定位测量,中国,1,2024,实时采集雷达数据和图像数据|智能导航模型|深度强化学习|眼动数据获取|脑电数据采集,智能导航,人机融合智能|辅助决策,0.0
US20220175275A1,A61B5,身体诊断测量,美国,0,2021,增强现实|机器学习模型|步态数据与虚拟场景视频比较|脑机接口|脑电图信号量化,下肢康复系统|步态康复训练,脑波中的电流变化检测|脑电信号,2.0
US20020117176A1,A61M16,呼吸通气装置,美国,0,2001,EEG信号采集|功率谱分析|诊断指数计算|高阶谱分析,麻醉控制,临床预定系数阵列|功率谱分析|高阶谱分析,57.0
US10524683B2,A61B5,身体诊断测量,美国,0,2015,分组设定频率|生成高亮图像|闪烁视觉刺激|频率检测,脑机接口,根据想象解码原始意图形状|谐波检测,2.0
US2016192858A1,A61B5,身体诊断测量,美国,0,2015,从测量的脑电图信号中检测一个或多个（其谐波或组合）频率分量|基于检测到的一个或多个频率分量和设定频率，根据用户的想象解码原始意图形状|将多个发光点（或线）分成多个组，并为各组设定设定频率,脑机接口,视觉刺激|谐波检测,0.0
US4579125A,A61B5,身体诊断测量,美国,0,1984,时域到频域变换|模数转换|采样|频带振幅求和,脑电图(EEG)信号分析,伪影识别|频率检测|频谱分析,158.0
WO2023214413A1,G16H20,治疗方案,世界知识产权组织,0,2023,接收和分析脑电信号|计算警觉性指数|诊断指数计算|迭代提供反馈模式,大脑能力测试训练,通过成像执行运动动作来训练大脑能力,3.0
CN112860073A,G06F3,输入输出装置,中国,1,2021,从视觉闭环反馈和情绪闭环反馈两个相互锲合的角度构建鼠标标识管控的基础型反馈系统|从身体运动方向信号、眼电信号及脑电信号三个维度定义完成鼠标标识的点击动作|辅助从注意力水平直观显示和模拟阈值形成的过滤作用角度矫正工作状态,人机交互,模拟阈值形成的过滤作用|注意力水平直观显示|闭环反馈,2.0
CN120129492A,G16H20,治疗方案,中国,1,2023,修改显示器上数字内容的呈现|情感强度度量生成|接收原始脑电图信号|认知状态度量生成,显示器,α波段|β波段|认知状态,0.0
WO2024107111A1,A61B5,身体诊断测量,世界知识产权组织,0,2023,接收原始EEG信号|显示控制器模块修改数字内容呈现|认知状态度量生成|训练好的多层感知器(MLP)网络生成生理分数,显示器,α和β波段相关的EEG信号特征训练|持续注意认知状态和注意力不集中认知状态相关的EEG信号训练,9.0
KR20170013092A,G06F3,输入输出装置,韩国,0,2015,控制闪烁频率|检测频率|模式识别处理|测量脑电图信号|输出线阵列,脑机接口,不同设定频率闪烁|频率检测,4.0
US5119816A,A61B5,身体诊断测量,美国,0,1990,将受试者头部的测量缩放到相同头部形状类别的头部模型|根据预定头部形状类别自动定义头部形状|测量EEG电极的物理位置|获得标准交叉方向线,脑电增强|脑电空间定位,头部形状类别匹配与缩放|标准交叉方向线测量,165.0
CN122048449A,G06Q30,商业交易系统,中国,1,2025,将广告信息编码为目标脑波信号|推送至用户大脑|测量脑波信号,门禁控制,基于脑波特征匹配用户心理状态和兴趣偏好|脑机接口无感交互,0.0
KR102358741B1,G16H20,治疗方案,韩国,0,2019,大数据分析,痴呆治疗,,1.0
JP2004275619A,A61B5,身体诊断测量,日本,0,2003,根据预先设定的程序在显示器上短时间显示字母、文字或图画|检测刺激开始后300至600毫秒之间的脑电波中是否产生正电位(P300)|选择被检测者想要传达的信息,人机交流|脑电波动画,刺激产生正电位(P300),34.0
US11432757B2,G06K11,数据识别,美国,0,2018,产生静态图像|接收原始分辨率信号|接收观看参数|计算每像素列原始信号点数量|计算表征信号中原始信号点数量的离散连续序列的值集,移动访问高分辨率脑电数据|脑电信号,基于视图参数和脑电测试片段长度计算像素列信号点数|对信号段内原始信号点数量的离散连续序列进行值集表征,1.0
CN105578954B,A61B5,身体诊断测量,中国,1,2014,关节处理|加盖时间戳|呈现虚拟表示|测量脑电图|测量身体部位的位置/运动,中风康复,非侵入式基于EEG的大脑-计算机-接口,2.0
IN467517B,A61B5,身体诊断测量,印度,0,2016,时间戳标记|联合处理|虚拟表示反馈,中风康复|脑机接口,非侵入性EEG的脑机接口,0.0
US10877647B2,G06F3,输入输出装置,美国,0,2017,估计位置|接收眼动追踪信号|接收脑电信号|确认估计的位置,虚拟现实/增强现实,,0.0
CN110178102A,G06F3,输入输出装置,中国,1,2017,使用眼动追踪信号估计位置|基于眼睛追踪信号和EEG信号来确认所估计的位置|接收眼睛追踪信号|接收脑电图仪(EEG)信号,虚拟现实/增强现实,,0.0
US2019377477A1,G06F3,输入输出装置,美国,0,2017,估计位置|接收眼动追踪信号|接收脑电信号|确认估计的位置,虚拟现实/增强现实,,0.0
EP3545388A1,G06F3,输入输出装置,欧洲专利局,0,2017,使用眼动追踪信号估计位置|基于眼动追踪信号和脑电图信号确认估算的位置|接收眼动追踪信号|接收脑电信号,虚拟现实/增强现实,,0.0
CN105578954A,A61B5,身体诊断测量,中国,1,2014,关节处理|加盖时间戳|呈现虚拟表示|测量脑电图|测量身体部位的位置/运动,中风康复,非侵入式基于EEG的大脑-计算机-接口,60.0
WO2018174854A1,A61B5,身体诊断测量,世界知识产权组织,0,2017,使用眼动追踪信号估计位置|基于眼动追踪信号和eeg信号确认估计的位置,增强现实|虚拟现实,,1.0
WO2025216156A1,A61B3,眼科诊断器械,世界知识产权组织,0,2025,显示控制|根据闪烁频率和脑电波频率分量确定视野范围|频率分量检测,,不同闪烁频率对应不同视野位置|视觉刺激诱发脑电波信号,0.0
EP3545388A4,G06F3,输入输出装置,欧洲专利局,0,2017,基于眼跟踪信号和EEG信号确定估计位置|接收眼睛跟踪信号|接收脑电信号,虚拟现实/增强现实,,0.0
EP3545388B1,A61B3,眼科诊断器械,欧洲专利局,0,2017,使用眼动追踪信号估计位置|基于眼睛跟踪信号和EEG信号确认估计的位置|接收眼睛跟踪信号|接收脑电信号,虚拟现实/增强现实,,0.0
KR1020250041363A,G16H20,治疗方案,韩国,0,2023,确定有助于改善心理健康的空间|确定部件的特性|设置用户的目标建筑物|输出所确定的空间和部件,个性化推送,基于用户的EEG信号确定空间和部件特性,0.0
US4498080A,G09G1,显示控制,美国,0,1983,乘以预定系数并求和|从存储器寻址所选输入|内插|将单独的值显示为不同的颜色,多通道EEG数据地形显示,存储|帧时间内确定显示元件,44.0
US2020329884A1,A61B5,身体诊断测量,美国,0,2020,脉冲电磁场发生器|计算机根据用户当前状态操作|集成传感器,媒体体验|日常生活,生物反馈|电磁生物反馈,0.0
US2020077915A1,A61H15,按摩滚轮,美国,0,2019,估计情绪|执行设置更改|测量脑波信号|语音输出问题消息,按摩机,基于脑电图仪测量的脑波估计情绪,0.0
EP3714353A1,G06F3,输入输出装置,欧洲专利局,0,2018,获取生物信号|采取行动,产品控制|外部设备控制,用户生理数据,0.0
US2019155226A1,A61B3,眼科诊断器械,美国,0,2017,获取生物信号|触发命令|采取行动,产品控制|外部设备控制,用户生理数据,0.0
WO2019103841A1,A61B5,身体诊断测量,世界知识产权组织,0,2018,获取生物信号|触发产品准备接收命令|采取行动,产品控制|外部设备控制,用户生理数据,1.0
CN103052351A,A61B5,身体诊断测量,中国,1,2011,以预定数据信号输出由XYZ轴构成的3轴方向的加速度值|分析6种脑波信号及根据头部倾斜方向的信号|将脑波检测单元输出的信号转换为无线信号后发送|数值显示输入到显示器装置的值|测量脑波信号|设定其值而能精密地控制设备|通过戴在使用者的头部来检测脑波,便携式脑波检测|控制与脑波相关的设备的方向及速度|连接于电脑或控制与脑波相关的近/远距离外部设置,利用加速度传感器检测头部移动|通过无线信号传输控制设备|通过非浸湿方法检测微弱的脑波信号,12.0
US20250349092A1,G06T19,增强现实,美国,0,2025,投射输出|用户意图处理,AR头戴式设备|增强现实|脑机接口,脑机接口,0.0
KR20170096284A,G06Q30,商业交易系统,韩国,0,2016,产品分析|接收eeg信号|脑电波分析|路径形成,购物诱导,,0.0
GB2564865A,A61B5,身体诊断测量,英国,0,2017,实时监测|无线发送到远程设备进行分析|生物反馈,头戴设备|头盔|棒球帽|游泳帽,alpha和/或theta频带可用于确定与运动表现相关的精神或情绪状态,1.0
US6654633B2,A61B5,身体诊断测量,美国,0,2001,可编程逻辑器件封装分组|多路复用电路组合信号|模拟发射机调制RF信号|模数转换器转换数字信号|软件算法多路分解,移动式神经信号数据采集,RF信号调制与解调|分组封装|多路复用与多路分解|模数转换,15.0
CN111798974A,G16H50,医学决策支持,中国,1,2019,ANT(注意网络测试)任务|EEG(脑电图)/ERP(事件相关电位)分析,酒类产品评价,客观测量消费者醉酒后反应无意识表现,6.0
CN309976664S,,,中国,1,2025,人工智能算法|信号采集|分析,个性化推送,,0.0
CN108836320A,A61B5,身体诊断测量,中国,1,2018,基于遗传算法的支持向量机|模式识别|特征提取|脑电图谱信息获取|非线性特性分析|预处理,感官评价,LZC复杂度|样本熵|谱熵|非线性特性分析,3.0
US2021142657A1,G08C23,红外遥控,美国,0,2019,光信号调制|控制器管理光信号调制|电信号检测,诊断系统,光电转换|电信号检测,0.0
US11727792B2,G08C23,红外遥控,美国,0,2019,光信号调制|控制器管理光信号的调制|电信号检测|电信号检测与评估,仿体|心电图（ECG）诊断系统|肌电图（EMG）诊断系统|脑电图（EEG）诊断系统|脑磁图（MEG）诊断系统,光电转换|电信号模拟生物信号,1.0
WO2021096559A1,A61B5,身体诊断测量,世界知识产权组织,0,2020,光信号调制|控制器管理光信号调制|电信号检测与评估,心电图(ECG)诊断系统|肌电图(EMG)诊断系统|脑电图(EEG)诊断系统|脑磁图(MEG)诊断系统,信号调制与解调|电信号检测,0.0
US20090062681A1,A61B5,身体诊断测量,美国,0,2008,响应数据分析|标记共振和启动水平信息|评估刺激材料,广告时段的内容选择|广告间隙插入,共振和启动水平,165.0
US8386312B2,G06Q30,商业交易系统,美国,0,2008,允许有效的查询、报告生成、分析和/或可视化|存储,设计,,198.0
US8386313B2,G06Q30,商业交易系统,美国,0,2008,分析商店货架|分析广告|分析物理位置|分析视频流|测量神经响应,印刷广告|商店货架|图像|广告|物理位置|视频流,神经响应测量,91.0
US20110105937A1,A61B5,身体诊断测量,美国,0,2009,使用挑战性任务引导受控注意力|分析神经反应测量|插入附加刺激材料,刺激材料分析,受控注意和自动注意机制|显著性注意测量,84.0
US9336535B2,A61B5,身体诊断测量,美国,0,2014,同步数据|基于同步数据确定有效性,刺激响应,,50.0
US20140164095A1,G06Q30,商业交易系统,美国,0,2014,同步第一神经响应数据、第二神经响应数据和刺激材料以生成同步数据|基于同步数据确定有效性,刺激响应,神经反应与刺激同步性,11.0
WO2020014780A1,A61B5,身体诊断测量,世界知识产权组织,0,2019,封装为数据结构|生成数据集|监测用户状态,认知健康评估,事件相关电位|注意力机制,3.0
CA3102455A1,A61B5,身体诊断测量,加拿大,0,2019,封装为数据结构|生成数据集|监测用户状态,认知健康评估,事件相关电位|注意力机制,0.0
US20250370541A1,G06F3,输入输出装置,美国,0,2025,提供视觉刺激|根据注意力度量变化反馈元素|测量脑信号|特征调制,脑机接口,注意力相关性|神经反应与刺激同步性,0.0
US2025217676A1,G06N5,知识推理,美国,0,2024,确定推断|训练机器学习模型|输入脑电图数据和环境数据到机器学习模型,机器学习,环境刺激,0.0
US20140164056A1,G06Q30,商业交易系统,美国,0,2013,与随后的动作直接统计相关|在检测到的物体上划分感兴趣区域(AOI)|将眼动信息与时间编码生物传感器信息相结合|识别与每个标定的AOI相关的相对生理效应,市场研究|设计,生物敏感性反应评估,27.0
US2024304098A1,G09B5,视听教学,美国,0,2024,以感官形式提供记录数据|将信号与记录数据部分配对|将记录数据表示为索引序列|收集神经信号|测量神经信号,个性化推送,信号与诱发点的配对重组|感官形式有意识地体验,0.0
JPWO2020138012A1,A61B5,身体诊断测量,日本,0,2019,从检测视觉刺激的存在的观点来检测视觉信息|基于触发开始点的视频的视觉刺激生成定时|检测来自事件相关电位的脑信号,,事件相关电位,0.0
US20110004412A1,A61B5,身体诊断测量,美国,0,2008,分解神经生理数据和EEG信号|形成多个信号特征|确定波形特征,临床应用,,38.0
CN109923529A,H04N21,视频分发,中国,1,2017,分析内容评估信息|生成评估信息|结合脑波信号与图像再现控制信息生成评估信息|获取分析信息,图像呈现|感官评价,基于观察图像的用户的脑波信号来生成评估信息,2.0
US12511872B2,A61B5,身体诊断测量,美国,0,2022,功能性磁共振成像扫描|确定相似性指数|被动观看|视觉呈现视觉刺激,商标相似度判定系统,感知相似性水平,0.0
US20110313308A1,G08B21,状态报警器,美国,0,2010,搜索匹配存储的脑活动模式|检索与匹配存储的脑活动模式相关联的标记,,脑活动模式与计算机可读标记相关联,38.0
KR102191966B1,G06F3,输入输出装置,韩国,0,2013,呈现刺激|基于脑电图信号控制显示设备|测量脑电图信号,外部设备控制,利用用户环境信息呈现刺激|根据用户意图控制,1.0
US9730642B2,G06K9,图像识别,美国,0,2015,创建神经心理流模式的知识库|基于特定行为过程的似然性对可能路径进行排序|基于附加约束减少排序后的可能路径数量|定位参与特定行为过程的活动源|将获取的信号与知识库进行比较|更新现有知识库|获取特定行为过程的信号|识别所识别模式集的所有可能路径|识别行为过程的脑活动模式集,心理评估,似然性排序|神经心理流模式识别|附加约束,0.0
US10772527B2,G16H50,医学决策支持,美国,0,2017,人工智能|心理生理刺激测试|深度学习|相关性分析|神经网络,心理评估,将组的特征/响应共性减少为模板|通过心理生理对刺激的反应进行匹配,0.0
US12045389B2,G06F3,输入输出装置,美国,0,2020,应用权重|提供视觉刺激|特征调制|确定相关性|神经响应测量|自适应校准方法|自适应调整,脑机接口,当注意力集中在视觉刺激上时，相关性更强,0.0
US2023116214A1,A63B22,健身训练器械,美国,0,2022,利用物联网平台进行数据采集和存储|双任务刺激|应用疗法|生成环境模型和跟踪模型|确定训练方案|脑波同步|评估个人的认知和身体状况,神经功能治疗|神经活动分析|虚拟现实系统,双任务刺激|脑波同步,0.0
US2018192907A1,A61B5,身体诊断测量,美国,0,2017,呈现一系列视觉刺激|基于定时周期以定向序列呈现|生成对应于偏移存在的VEP|记录并处理EEG信号,,棱镜诱发偏移存在|视觉刺激诱发EEG信号,0.0
CN118340502A,G06V10,图像特征提取,中国,1,2024,将认知特征参量输入至深度网络模型|计算第一延迟时间、第二延迟时间和反馈延迟时间|输出认知分类结果,心理评估,事件打标|人机交互|眼动追踪|脑活动采集|视觉刺激,7.0
US20220125368A1,A61B5,身体诊断测量,美国,0,2020,传送集成的EEG和脑模型到显示器|将EEG数据转换成图形EEG模型|将EEG模型与脑模型集成|接收EEG数据|生成图形化脑模型,神经活动分析,图形化建模|数据转换|模型集成,3.0
WO2012145142A3,G06F17,数据处理,世界知识产权组织,0,2012,建立控制输入或减少的可能动作集|测量神经信号|确定关系,电子设备控制,基于神经活动水平确定用户身体部位与预期交互之间的关系,0.0
CN119759205A,A61B5,身体诊断测量,中国,1,2020,基于神经信号确定关注点|对屏幕对象的图形数据进行滤波|接收神经信号|提取高空间频率HSF分量|显示视觉刺激|生成视觉刺激|识别感兴趣对象,图形用户界面GUI|屏幕对象,特性调制被应用于基本图像的HSF分量|神经信号包括与视觉注意力所指向的视觉刺激的特性调制相关联的信息|高空间频率HSF分量具有高于预定高空间频率阈值的空间频率,0.0
US20190138885A1,G06N3,神经网络,美国,0,2017,将脑电信号与训练好的脑电信号分布图部分进行比较|根据匹配强度确定实体是否是人|采集脑电信号,人体检测,匹配强度|脑电信号,9.0
EP3304255A1,G16H20,治疗方案,欧洲专利局,0,2016,呈现视觉刺激|处理神经生理信号|应用计算机视觉程序检测候选图像区域|收集神经信号|识别神经生理事件,图像分类,稳态视觉诱发电位|脑机接口,0.0
WO2024050545A2,A61N1,电疗器械,世界知识产权组织,0,2023,基于阈值的神经反馈协议|显示视觉、听觉和/或触觉刺激|监测脑信号,神经反馈|脑机接口,生物反馈|视觉隐喻,1.0
US10653330B2,A61B5,身体诊断测量,美国,0,2019,基于模型的推断|特征-事件合并|特征提取|近似器变换,,特征事件统计|特征提取模块的行为模型|生物电信号的先验知识,13.0
EP3994554A1,G06F3,输入输出装置,欧洲专利局,0,2020,利用Actor循环神经网络策略|利用生成性序列解码器的深度递归神经网络生成和评估控制信号的预测序列|基于内在生物特征奖励信号提供给Critic模型|将神经信号变换到共同表示空间,免持装置|脑机接口系统,公共表示空间作为状态表示|基于内在生物特征的奖励信号,0.0
CN114207556B,G06F3,输入输出装置,中国,1,2020,利用Actor递归神经网络策略|利用生成性序列解码器的深度递归神经网络生成和评估控制信号的预测序列|基于内在生物特征奖励信号提供给critic模型|将神经信号变换到共同表示空间,免持装置|脑机接口系统,共同表示空间|基于内在生物特征的奖励信号,0.0
US20150005839A1,A61N1,电疗器械,美国,0,2014,基于测量调节脑神经刺激参数|基于身体参数数据确定同步性测量,脑神经刺激治疗癫痫性障碍,自主神经系统与中枢神经系统之间的同步性,21.0
JP7781766B2,G06F3,输入输出装置,日本,0,2021,在检测到第二变化时或之后发送输入命令|检测神经相关信号的变化,控制设备|软件控制,神经相关信号的变化,0.0
JP2023519968A,G06F3,输入输出装置,日本,0,2021,传输输入命令|检测神经相关信号的变化,控制设备|软件控制,神经相关信号的变化,3.0
US8350804B1,G09G5,显示驱动,美国,0,1997,人工智能|用户档案维护|磁源成像（MSI）|脑部刺激|身体刺激,动物应用|精神病学|认知研究,刺激/思维模式的利用|心理影响|思维刺激的接受标准|生物反馈|脑活动定位与识别,38.0
US20130204153A1,G08B23,特定报警器,美国,0,2012,对脑波模式进行分类|检测脑波模式|生成报警信号,工作或过程调度|管理决策|统计分析,脑电波模式与精神和/或物理状态相关联,41.0
CN119274789A,G16H50,医学决策支持,中国,1,2024,多模态数据获取|定量评估,意识障碍患者脑功能评估,意识障碍苏醒预测模型|神经多模态监测技术,11.0
US10542904B2,A61N1,电疗器械,美国,0,2016,执行分析|提供神经刺激|放大信号|放置电极记录信号|无线传输,家庭神经监测,,8.0
US11609633B2,G10L25,语音处理,美国,0,2020,提取特征|生成确定输出|输入机器学习模型|预处理数据,基于用户佩戴的耳机|计算设备执行动作,机器学习模型分析|电极检测电压,18.0
US2015079560A1,G02B27,光学元件系统,美国,0,2014,利用测量的差异导出注意力指示信号|投影图像接收神经反馈数据|脑电图测量,娱乐|现实世界,神经反馈,0.0
US2017340230A1,A61B5,身体诊断测量,美国,0,2015,二维平面或三维空间显示|维度压缩,评估与多个感觉刺激相关的脑信息相似性,认知处理相关的脑电波数据包括选择目标刺激时的脑电波数据以及由非目标刺激事件引起的脑电波数据,0.0
US2016282940A1,B60K35,车辆仪表显示,美国,0,2015,将识别结果应用于设备控制过程|显示视觉刺激信号和基本视觉信息|根据预定频率将视觉刺激信号插入基本视觉信息中|识别用户意图|识别用户的眼睛,显示设备|车辆,通过识别用户的眼睛来识别用户的意图,0.0
KR20210058496A,A61B5,身体诊断测量,韩国,0,2019,使用神经网络提取EEG特征|使用神经网络提取图像特征|将EEG特征映射到图像特征上|接收脑电图数据,观看图像的用户,认知信息与视觉信息之间的相关性分析,1.0
IN2015MN02988A,A61B5,身体诊断测量,印度,0,2015,主成分分析|分类时间近似的空间加权表示|投影到主成分|放大时空表示|线性判别分类器独立分类时间点|计算时空判别权重,含目标图像和非目标图像的一系列图像,主成分分析|相位同步,0.0
KR20260000942A,G16H50,医学决策支持,韩国,0,2024,基于医学图像分析模型获取医学图像分析数据|基于眼动追踪数据和脑电图数据设置医学图像分析模型|提供医学图像分析数据|获取眼动追踪数据和脑电图数据,医学图像分析,,0.0
KR102363723B1,A61B5,身体诊断测量,韩国,0,2019,使用神经网络提取图像特征|利用神经网络从EEG数据提取EEG特征|将EEG特征与图像特征进行映射,观看图像的用户认知分析,认知信息与视觉信息之间的相关性分析,0.0
KR1020220051613A,G06F3,输入输出装置,韩国,0,2020,公共空间模式构造方法|基于LP范数的CSP-LP|鲁棒LP范数,基于脑电的运动图像脑机接口(BCI),LP范数对噪声具有鲁棒性|与传统的CSP-L1相比表现出优异的噪声性能,6.0
CN102389306A,A61B5,身体诊断测量,中国,1,2011,伪差可疑区间标识|对脑电信号进行分析处理|对视频信号进行分析|通过摄像装置采集视频信号|通过电极采集脑电信号,脑电图检测,视频情形与伪差的相关性分析,12.0
RU2467384C1,A61B5,身体诊断测量,俄罗斯,0,2011,小波分析|形成临床结论|训练人工神经网络|记录EEG|频谱分析,医学诊断|药物,人工神经网络|偏差平方总和最小化|小波变换,7.0
CN113436728A,G16H50,医学决策支持,中国,1,2021,根据预测结果确定预测结论和分析结果|特征提取|获取原始脑电图信号|输入到预先训练的第一预测模型、第二预测模型、第三预测模型和受孕龄预测模型中进行分析|预处理,新生儿临床视频脑电图自动分析,受孕龄预测模型|预先训练的预测模型,3.0
JP7675526B2,G06F3,输入输出装置,日本,0,2021,估计用户想要输入的文本并提出多个文本选项|依次提示构成单词|分析事件相关电位|对构成单词按顺序分类|识别用户意图,文本输入,事件相关电位包含在脑电图信号中,0.0
KR1020180065709A,A61M21,精神治疗装置,韩国,0,2016,图像处理|脑电图测量|视频内容再现|训练重复加工,健脑发育障碍改善|神经反馈训练系统|视频内容训练,L-谷氨酸|生物反馈|阈值补偿,16.0
US5571057A,G06F3,输入输出装置,美国,0,1994,分析EEG信号以确定其幅度|当幅度落在对应于幅度阈值电压的值范围内时向玩家发送信号|测量脑电图信号|生成视觉刺激,视频和电影游戏,玩家在精神上专注于显示器并影响EEG信号幅度的变化，该变化根据幅度变化改变正在显示的视觉图像序列,99.0
KR20240116093A,G06N3,神经网络,韩国,0,2023,人工神经网络|学习数据生成|密码槽生成|脑电图测量|认证信息生成,用户认证,人工神经网络分析脑电图信号,0.0
RU2742071C1,A61B5,身体诊断测量,俄罗斯,0,2020,EEG模式分析|P300电位识别|三个难度级别任务|实践训练|心理任务呈现|情感功能训练|意志功能训练|智力功能训练|注意力训练|社交化和沟通训练|神经动力学过程训练|脑机接口|视觉反馈|认知训练|训练,中风患者的康复|医学|神经病学,EEG模式分类器|P300电位出现识别响应正确性|运动想象信号提取,6.0
KR20220011573A,A61B5,身体诊断测量,韩国,0,2021,处理收集的多个脑电图信号|脑电图像生成|记录脑电图,机器学习,,0.0
CN121614026A,G06F3,输入输出装置,中国,1,2025,EEG信号预处理|动态加权融合策略|特征提取及分析|特征解码处理|节律性视觉刺激图像生成,v-BCI实际应用场景|脑机感知增强,周围视野节律性调控|神经调控,0.0
CA2909017C,A61B5,身体诊断测量,加拿大,0,2014,主成分分析|主成分投影|二元决策序列生成|时空判别权重放大|时空表示获取|线性判别分类器独立分类时间点,视觉刺激下的脑电图信号分类,主成分分析|相位同步,0.0
IN499659A1,,,印度,0,2015,主成分分析PCA|空间加权表示|线性判别分析|获取EEG信号的时空表示|计算时空判别权重,人体受试者脑电信号分类|含目标图像和非目标图像的一系列图像,PCA降维|二元判决|时空判别权重增强时空表示|空间加权分级表示,0.0
CA2909017A1,A61B5,身体诊断测量,加拿大,0,2014,主成分分析(PCA)|时间近似|空间加权表示|线性判别分析|降维,目标图像识别,PCA投影|相位同步|空间-时间表示,1.0
CN116712085B,A61B5,身体诊断测量,中国,1,2023,使用MNE库将脑电图数据转换为CSD图像和PSD图像|双线性插值扩充图像|合并图像形成三维张量|输入诊断模型进行预测|采集脑电信号数据,阿尔茨海默和额颞叶痴呆诊断,优化模型的结构和参数|将预测结果与诊断标准进行分类和比较,0.0
CN110495881A,A61B5,身体诊断测量,中国,1,2019,方向预测模型分析|脑电图像生成,运动方向预测,脑电数据的空间分辨性,2.0
CN113435234A,G06K9,图像识别,中国,1,2021,基于双模态数据进行预测|提取二维EEG注意力特征|提取视频图像中的低层特征|搭建EEG注意力特征初始化框架|融合二维EEG注意力特征和视频图像低层特征|采集EEG信号|预处理EEG信号,驾驶员视觉显著性区域预测,双模态数据融合|视觉注意力特征提取,18.0
CN116712085A,A61B5,身体诊断测量,中国,1,2023,使用MNE库将脑电图数据转换为CSD图像和PSD图像|将扩充后的CSD图像和PSD图像合并形成三维张量|将预测结果与诊断标准进行分类和比较|输入诊断模型进行预测|采用双线性插值的方法将CSD图像和PSD图像扩充|采集脑电信号数据,阿尔茨海默和额颞叶痴呆诊断,基于脑电图的信号分析|通过优化模型的结构和参数,3.0
WO2014170897A1,A61B5,身体诊断测量,世界知识产权组织,0,2014,PCA投影|主成分分析(PCA)|二进制决定系列|时空判别权重放大|空间-时间EEG信号表示|空间加权表示|线性判别分析,视觉刺激响应分类,时间域PCA|空间-时间表示|维度还原,22.0
CN114601476A,A61B5,身体诊断测量,中国,1,2022,EEG信号采集|卷积神经网络分类|小波包变换|特征提取|预处理脑电图信号,情感脑机接口|脑电信号情感识别,卷积神经网络|微分熵特征,4.0
CN121564129A,G06T11,图像生成,中国,1,2025,基于3D-CTNet模型的场景级语义特征提取|基于YOLOv9模型的目标级语义特征提取及视觉注意权重分配|多语义驱动扩散模型的图像重建|脑电数据采集,图像重建,多语义驱动扩散模型|视觉注意权重分配,0.0
KR20200054069A,G06F3,输入输出装置,韩国,0,2019,对抗学习|次要用户选择|特征提取|类别估计|预处理,脑机接口,基于对抗学习|静息期脑电图信号相似度比较,6.0
KR20210052986A,G06F3,输入输出装置,韩国,0,2019,学习分类器|提取两个脑电图信号的相关系数作为特征|提取特征|预处理脑电图信号,认知图像分类,相关系数,2.0
US2020357303A1,G06F3,输入输出装置,美国,0,2018,听觉显示|感兴趣区域控制|视频输入,盲导,通过感兴趣区域的设置感知图像的全局信息或局部细节信息,0.0
US9503772B2,H04N21,视频分发,美国,0,2013,传输EEG信号|发送控制信号|处理EEG信号|感测EEG信号|选择预录视频片段,媒体呈现,预定频率或预定频率组合的EEG信号在阈值水平以上持续预定时间段,5.0
CN119847336A,G06N3,神经网络,中国,1,2024,时标驱动的字级-EEG同步方法|时空频融合EEG-文本自监督学习编码模型|预训练模型引导的集束搜索中文连续语言动态解码模型,脑机接口|自然语言处理|语言康复,时空频融合|自监督学习|集束搜索,0.0
KR20210051055A,B60W50,车辆控制诊断,韩国,0,2019,从多个通道收集EEG信号|使用人工智能模型生成图像|基于第一图像选择第二图像|控制移动性,移动性,,0.0
US2015071600A1,H04N21,视频分发,美国,0,2013,传输脑电图信号|发送控制信号|处理接收到的脑电图信号|感测脑电图信号|选择下一个预录制视频片段,视频片段播放器控制,预定频率或预定频率组合的脑电图信号超过阈值水平并持续预定时间段,0.0
CN122066822A,G06T12,图像变换,中国,1,2026,图卷积与时空卷积提取特征|块对角状态矩阵|生成式循环一致性约束|频率导向的Mamba架构,脑机接口|计算机视觉,双向潜空间扩散|显式建模神经振荡动力学|跨模态语义对齐,0.0
US2021076970A1,G02B5,光学滤光片,美国,0,2020,呈现一系列视觉刺激以诱发EEG信号|基于定时周期以定向序列呈现图像的视觉刺激|生成与移位存在对应的VEP|记录和处理EEG信号,图像视觉记忆的客观确定,棱镜导致的视觉刺激移位诱发VEP变化|视觉诱发电位(VEP)与图像视觉记忆的相关性,0.0
KR20220098533A,A61B5,身体诊断测量,韩国,0,2021,elm模型分解|提取耳脑电图特征矩阵和头皮脑电图特征矩阵|测量头皮脑电图数据|测量耳脑电图数据|特征矩阵映射,脑机接口|语音图像监测,头皮周电极测量|耳周电极测量|言语想象,2.0
KR102758528B1,B60W50,车辆控制诊断,韩国,0,2019,使用人工智能模型生成图像|判断图像相似性|基于判断结果控制移动|感测脑电图信号,移动载具内,人工智能模型,0.0
KR101797375B1,A61B5,身体诊断测量,韩国,0,2016,基于脑图像信息转换为三维坐标系|映射到三维头部模型|测量标记探针位置|生成三维头部模型|获取电极支架位置信息,脑电图电极放置,,2.0
KR20180130172A,A61B5,身体诊断测量,韩国,0,2017,机器学习技术|测量脑电图,心理护理,根据脑电波状态提供基于虚拟现实的个性化治疗图像内容,6.0
KR20190062285A,A61B5,身体诊断测量,韩国,0,2018,共同空间模式(CSP)技术|区域设置|学习分类器|特征提取|部分脑电图信号生成,运动图像分类,共同空间模式(CSP),3.0
CN108334766A,G06F3,输入输出装置,中国,1,2018,匹配人脸图像模板|匹配脑电图模板|生成脑电图|获取脑电图模板|识别情绪|采集人脸图像|采集脑电信号数据,电子设备控制,人脸图像匹配|脑电图模板匹配,10.0
KR102366534B1,A61B5,身体诊断测量,韩国,0,2021,处理脑电图信号|感测脑电图信号|生成脑电图图像,机器学习,,0.0
KR101566788B1,A61N1,电疗器械,韩国,0,2013,按频率区间检测脑电波|数字滤波|检测脑电图|检测脑电集中度指标|比较脑电集中度指标与阈值|生成FES刺激信号|计算功率谱,步态功能康复|腿功能康复,脑机接口|脑电集中度指标与阈值比较,1.0
CN108334766B,G06F3,输入输出装置,中国,1,2018,匹配人脸图像模板|匹配脑电图模板|生成脑电图|获取脑电图模板|识别情绪|采集人脸图像|采集脑电信号数据,电子设备控制,人脸图像匹配|脑电图模板匹配,0.0
GB2514726A,H04N21,视频分发,英国,0,2013,传输EEG信号|发送控制信号|处理EEG信号|感测EEG信号|选择预录视频片段,媒体呈现,预定频率或预定频率组合的EEG信号超过阈值水平持续预定时间段,0.0
CN119847336B,G06N3,神经网络,中国,1,2024,时标驱动的字级-EEG同步方法|时空频融合EEG-文本自监督学习编码模型|预训练模型引导的集束搜索中文连续语言动态解码模型,自然语言处理,充分揭示脑电信号与文本特征之间的联系,0.0
KR20210051056A,A61B5,身体诊断测量,韩国,0,2019,从多个通道收集EEG信号|使用人工智能模型生成图像|基于判断结果控制移动|确定生成的第一图像是否与预设的第二图像相似,移动性,人工智能模型对EEG信号的解析|脑电波信号与图像生成的相关性,1.0
US11468789B2,H04S1,立体声系统,美国,0,2018,听觉显示|脑电图信号控制感兴趣区域|视频输入,盲人引导,通过脑电图设置当前视频中的感兴趣区域，提供灵活的听觉显示分辨率和控制方法,0.0
IN202431034971A,G06F3,输入输出装置,印度,0,2024,基于图形用户界面的键盘操作|运动想象EEG信号分类|集成单元通信,文本输入,运动想象EEG信号下的用户意图转换为控制命令,0.0
IN202531120857A,G06F3,输入输出装置,印度,0,2025,处理EEG信号以生成控制命令|实时文本输入|获取EEG信号|通过共享存储器传输控制命令,人机交互|文本输入|运动障碍者通信,彩色视觉诱发电位控制|脑机接口,0.0
KR1020220098533A,G06F3,输入输出装置,韩国,0,2021,ELM模型分解|特征矩阵映射|语音图像测量,脑机接口,言语想象,2.0
KR1020190062285A,A61B5,身体诊断测量,韩国,0,2018,共同空间模式(csp)技术|分类|局部信道区域分析|特征提取,运动图像分类,公共空间模式（CSP）,4.0
WO2023098303A1,A61B5,身体诊断测量,世界知识产权组织,0,2022,交互式协同标注|报警|数据处理|模型选择|癫痫发作检测,癫痫监测,癫痫发作检测模型的特征学习,10.0
CN114767130A,A61B5,身体诊断测量,中国,1,2022,2DCNN模型提取图像的高维特征|多尺度成像|多模态特征融合方法|将脑电图信号转换为图像|时间序列成像算法,情感识别,多尺度算法减少计算量|机器视觉优势|高维信息编码到图像,5.0
KR102365613B1,A63B71,运动辅助用品,韩国,0,2020,基于P300检测次数测量浓度|提供浓度反馈|通过EEG测量P300波形,视频游戏运动康复,P300波形触发与检测|浓度与P300检测次数关联,0.0
US11642068B2,A61B5,身体诊断测量,美国,0,2020,呈现一系列视觉刺激|基于定时周期的取向序列呈现|记录和处理EEG信号,,视觉诱发电位(VEP)对应于移位的存在而生成,0.0
CN114242202A,G16H20,治疗方案,中国,1,2021,将40导联电极的位置从3维空间投影到2维平面|将二维灰度脑电信号图像转化为二维彩色脑电信号图像|将频谱功率值归一化并与电极位置匹配获得离散图像|快速傅里叶变换|提取EEG频谱中的θ，α，β频带|输入至训练完成的运动信号卷积神经网络模型,脑卒中手部康复,运动想象,3.0
JP2022099933A,G06F3,输入输出装置,日本,0,2020,发射周期性闪烁的光|施加光刺激|检测SSVEP|测量视觉皮层的脑电波|生成空中图像,非接触操作,SSVEP（稳态视觉诱发电位）,0.0
CN114242202B,G16H20,治疗方案,中国,1,2021,将40导联电极的位置从3维空间投影到2维平面|将二维灰度脑电信号图像转化为二维彩色脑电信号图像|将频谱功率值归一化并与电极位置匹配获得离散图像|快速傅里叶变换|提取EEG频谱中的θ，α，β频带|输入至训练完成的运动信号卷积神经网络模型,脑卒中手部康复,卷积神经网络|运动想象,0.0
JP7563745B2,G06F3,输入输出装置,日本,0,2020,发射周期性闪烁的光|检测SSVEP|测量视觉皮层的脑电波|生成空中图像,,SSVEP,0.0
US9489732B1,G06T7,图像分析,美国,0,2014,EEG信号解码|P300检测|创建第一RSVP序列|插入视觉注意力分散器|重新排序生成第三RSVP序列,脑电图快速连续视觉呈现,P300检测,14.0
CN108852350A,A61B5,身体诊断测量,中国,1,2018,深度学习中的LRCN网络|自动提取时间特征信息和空间特征信息,脑电信号探测,将癫痫脑电图像分为正常、发作前期、发作高峰以及发作后期四个阶段|结合癫痫发作过程的特点依次出现四个阶段,10.0
CN108852350B,A61B5,身体诊断测量,中国,1,2018,LRCN网络|机器学习技术|自动提取时间特征信息和空间特征信息,脑电信号探测,将癫痫脑电图像分为正常、发作前期、发作高峰以及发作后期四个阶段|结合癫痫发作过程的特点依次出现四个阶段,0.0
CN109190658A,G06K9,图像识别,中国,1,2018,SBMLR算法|标准化处理|特征选择,视频觉醒度分类,脑电图信号特征反映觉醒度,2.0
CN112200912A,G06T17,三维建模,中国,1,2020,提取脑电图频域特征|构建脑部三维图像|生成有限元剖分图像|生成脑电图时域波形|计算阻抗分布函数|采集脑电信号数据,脑部成像,电阻抗成像|脑电信号分析,0.0
CN112203083A,H04N17,电视测试,中国,1,2020,利用迁移学习算法对第一子数据集和第二子数据集进行处理|基于多个初始EEG数据确定初始EEG数据集|获取多个初始EEG数据,数据处理,脑电信号分析,5.0
CN112203083B,H04N17,电视测试,中国,1,2020,迁移学习算法,数据处理,,0.0
CN121814971A,H04N19,视频编码,中国,1,2026,双塔掩码自编码器|多条件引导|视觉感知通路|语义通路,视频神经解码,视觉感知一致性,0.0
KR1020220011573A,A61B5,身体诊断测量,韩国,0,2021,处理EEG信号|收集EEG信号|生成EEG图像,学习人工智能模型,,3.0
US20080082019A1,A61B5,身体诊断测量,美国,0,2006,发送警告信号|存储EEG和/或视频数据|检测脑电图|激活图像捕获装置|生成EEG数据,癫痫检测,EEG数据指示癫痫事件|电活动生成EEG数据,181.0
US20080226255A1,H04N5,电视信号处理,美国,0,2008,多摄像头视频和音频记录同步|长期动态脑电图监控,视频监控,,13.0
US20090281446A2,A61B5,身体诊断测量,美国,0,2006,发送警告信号|存储EEG和/或视频数据|检测脑电图|激活图像捕获装置|生成EEG数据,癫痫检测,图像处理|电活动检测,22.0
US7885706B2,A61B5,身体诊断测量,美国,0,2006,EEG数据检测|图像捕获|视频数据存储|警告信号传输,癫痫监测,电活动检测|癫痫事件触发,37.0
WO2019046799A1,G06F19,医疗信息处理,世界知识产权组织,0,2018,产生静态图像|接收视图参数|计算每像素列原始信号点数量|计算表征原始信号点数量的离散连续序列的值集,数据处理,基于视图参数和脑电图测试的片段的长度,14.0
CN112233199A,G06T11,图像生成,中国,1,2020,双塔掩码自编码器|图像重构模型|条件自回归模型,fMRI视觉重构,条件自回归|离散表征,6.0
CN112233199B,G06T11,图像生成,中国,1,2020,图像重构模型|构建fMRI脑信号到图像离散表征的条件自回归模型|构建fMRI视觉重构数据集|构建图像重构模型,,条件自回归|离散表征,0.0
KR1020220022390A,H04N13,立体电视,韩国,0,2020,TCP/IP通信|眼睛跟踪|瞳孔调节(校准)|视场数据应用,MRI环境|fMRI拍摄,基于实时视场变化跟踪,0.0
RU2013110218A,A61B3,眼科诊断器械,俄罗斯,0,2013,"使用立体图像I1，I2，D和3,4进行训练|光栅图像观察|比较EEG活性在扁平stnom和三-维感知下的差异|登记EEG在交叉stnom和三-维感知的图像",视觉训练,θ-，α-节律的功率变化与三-维感知相关|立体深度感知与扁平感知的EEG活性对比,1.0
US20220160291A1,A61B5,身体诊断测量,美国,0,2021,基于EEG馈送或视频记录或IR坐标或其组合促进癫痫发作事件的检测和记录|基于IR坐标或视频记录或其组合识别对象位置|基于ir坐标或视频记录或其组合识别对象位置|基于对癫痫发作事件的检测提供癫痫发作事件报告,癫痫监测,红外定位|视频追踪,2.0
WO2013057928A1,A61B5,身体诊断测量,世界知识产权组织,0,2012,呈现视频同时呈现听觉刺激|测量脑电图信号|确定视频尺寸使得观察角度大于2度小于14度|获取事件相关电位,药物,通过控制视频的观察角度来降低唤醒变化对听觉事件相关电位的影响,1.0
CN109816630A,G06T7,图像分析,中国,1,2018,构造动态损失函数训练全连接层响应模型|深度卷积神经网络模型提取CNN特征|深度学习|视觉编码模型,图像处理,深度神经网络特征提取|非线性映射,14.0
CN109816630B,G06T7,图像分析,中国,1,2018,构造动态损失函数训练全连接层响应模型|深度卷积神经网络模型提取CNN特征|深度学习|视觉编码模型,图像处理,利用在大数据集上训练得到的深度神经网络模型提取fMRI视觉实验刺激的特征|非线性映射,0.0
CN119205731A,G06T7,图像分析,中国,1,2024,构建fMRI-Image映射模型|生成图像文本描述|语言映射模型|预处理fMRI信号,文本生成|计算机视觉|认知神经科学,CLIP针对复杂场景获取图像特征向量和文本特征向量|fMRI信号与图像特征向量和文本特征向量的映射|预训练语言模型生成文本描述,1.0
CN119205731B,G06T7,图像分析,中国,1,2024,构建fMRI-Image映射模型|生成图像文本描述|语言映射模型|预处理,文本生成|计算机视觉|认知神经科学,将fMRI信号与经CLIP针对各种复杂场景获取的图像特征向量和文本特征向量形成映射,0.0
US8392255B2,G06Q30,商业交易系统,美国,0,2008,响应数据分析|标记共振和启动水平信息|神经响应分析|评估刺激材料,广告时段的内容选择|视频广告插入,共振水平|启动水平,100.0
US2020364741A1,A61B5,身体诊断测量,美国,0,2020,共振测量值|差分事件相关功率谱扰动|神经反应识别|计算差分事件相关电位测量值,广告交换,刺激属性共振估计,0.0
US20130073396A1,G06Q30,商业交易系统,美国,0,2012,事件相关电位|匹配广告时隙与广告|确定广告时隙特性|计算微分测量,广告交换,受试者共振,6.0
US10303971B2,A61B5,身体诊断测量,美国,0,2016,呈现候选图像区域作为视觉刺激|处理神经生理信号|计算机视觉程序|识别神经生理事件,图像分类,脑机接口,5.0
KR20190090577A,G16H40,医疗设备信息,韩国,0,2018,基于处方执行条件反馈|提供处方|生成脑波信息|生成融合脑波内容|脑波测量,脑功能信息库系统,脑神经可塑性,1.0
CN107595283B,A61B5,身体诊断测量,中国,1,2017,干电极和电极帽分离|选择长电极或短电极|采用双层电路板结合金属探针形成封闭的法拉第笼,神经性疾病诊疗|肢体康复|脑机接口,弹簧结构接触|法拉第笼屏蔽电磁干扰,0.0
WO2014116826A1,G06F3,输入输出装置,世界知识产权组织,0,2014,将脑活动信息与刺激信息进行比较|生成反馈信息,移动式神经辅助个人助理,,14.0
CN113974637B,A61B5,身体诊断测量,中国,1,2021,电极位移限定元件倾斜固定干电极单元|脑电信号传输,脑电监测,弹性支撑元件用于传输脑电信号|电极探头元件与头皮接触的面为曲面,0.0
CN113974637A,A61B5,身体诊断测量,中国,1,2021,电极位移限定元件倾斜固定干电极单元|脑电信号传输,脑电监测,电极探头元件与头皮接触的面为曲面,12.0
CN115607163A,A61B5,身体诊断测量,中国,1,2022,干电极式|无线连接|模块化多导联,健康监护|脑机交互,,6.0
CN107788977A,A61B5,身体诊断测量,中国,1,2017,在干电极上设置可伸缩结构|实时且同时采集双通道信号,脑电采集技术领域,使电极紧随头皮运动,5.0
CN112043267A,A61B5,身体诊断测量,中国,1,2020,使用多根电极柱|使用弹性膜结构|干电极|电极前端排列根据接触面形状自动调整,头皮接触面复杂的情况|脑电采集,多根电极柱自适应头皮形状|弹性膜结构保证舒适度|电极与头皮接触,1.0
US2017095176A1,A61B5,身体诊断测量,美国,0,2016,干电极|旋转固定传感器|齿状表面钩住皮肤,脑电监测,传感器旋转固定并电连接皮肤|电极间隔约20毫米或更小,0.0
US10921888B2,G06F3,输入输出装置,美国,0,2018,提取幅度值|触发计算机处理|计算统计关系,安全警告|广告|教育材料|脑机交互,感觉诱发反应,6.0
CN114176608A,A61B5,身体诊断测量,中国,1,2021,旋转连接单元相对安装单元转动使干电极触点穿过头发接触头皮|设置弹性件保证干电极与头皮充分接触,脑电采集,弹性件和安装单元配合起到缓冲作用|降低阻抗,3.0
WO2020056925A1,A61B5,身体诊断测量,世界知识产权组织,0,2018,导电织物贴覆在弹性支撑体上,附着到人体皮肤上,,4.0
CN108937924A,A61B5,身体诊断测量,中国,1,2018,电极伸缩,脑电采集,弹簧贴合在螺母的四周，通过伸缩结构调节电极与头皮接触,1.0
US11324436B2,A61B5,身体诊断测量,美国,0,2021,提供刺激|检测脑波响应,,P-300信号|P-300反应,0.0
DE602020044142T2,G06F3,输入输出装置,德国,0,2020,特征调制被应用于视觉刺激的高空间频率HSF分量|神经信号|神经信号接收|经由显示器的图形用户界面GUI显示视觉刺激|脑电信号生成,,特征调制与视觉注意力相关|高空间频率HSF分量诱导神经反应,0.0
ATE1756927T1,G06F3,输入输出装置,其他,0,2020,产生具有特征调制的视觉刺激|基于神经信号确定用户的焦点|将特征调制应用于视觉刺激的高空间频率HSF分量|接收神经信号|经由图形用户界面GUI显示视觉刺激,视觉注意跟踪,特征调制与视觉注意力指向相关联|高空间频率分量诱导神经反应,0.0
DE602020066949T2,G06F3,输入输出装置,德国,0,2020,基于神经信号确定用户的焦点|将特征调制应用于视觉刺激的高空间频率HSF分量|接收神经信号|经由图形用户界面GUI显示视觉刺激|脑电信号生成,可视脑机接口,特征调制被应用于视觉刺激的高空间频率HSF分量，可以在用户的大脑中诱导神经反应|神经信号与视觉注意力相关,0.0
CN2930616Y,A61B5,身体诊断测量,中国,1,2006,其他|单独调整|电极伸缩,脑电监测,通过气泵使电极伸缩与头皮良好接触|降低阻抗,18.0
EP3558102A4,G06F3,输入输出装置,欧洲专利局,0,2017,训练图像分类神经网络|识别神经生理事件,图像分类,基于神经生理事件的识别来训练神经网络,0.0
EP3558102B1,G06F3,输入输出装置,欧洲专利局,0,2017,训练图像分类神经网络|识别神经生理事件,图像分类,基于神经生理事件的识别来训练神经网络,0.0
US2022276707A1,G06K9,图像识别,美国,0,2020,提供视觉刺激|测量用户对观看对象的神经反应|神经信号|自适应校准方法,脑机接口,对视觉刺激的神经反应与调制相关，当注意力集中在视觉刺激上时相关性更强|视觉刺激的至少一部分具有特征调制,0.0
EP3903323A4,G16H50,医学决策支持,欧洲专利局,0,2020,传送集成模型到显示器|将EEG数据转换成图形EEG模型|将EEG模型与脑模型集成|接收EEG数据|生成图形化脑模型,神经活动分析,图形化建模|数据转换|模型集成,0.0
US20220142546A1,A61B5,身体诊断测量,美国,0,2022,封装为数据结构|生成数据集|跟踪个体大脑对特定刺激序列的电活动|跟踪特定响应类型,认知健康评估,前注意脑反应|注意力机制,1.0
US20200012346A1,G06F3,输入输出装置,美国,0,2018,刺激选择|提取感觉诱发反应的幅度值|触发计算机的进一步处理|计算神经反应与信号特征之间的统计关系,安全警告|广告|教育材料|脑机交互,感官诱发反应,15.0
US2019290211A1,A61B5,身体诊断测量,美国,0,2018,控制|脑电图信号,场所相关服务的可控设备控制|智能手机使用,控制指令生成控制数据信号|控制操作与检测到的脑电图信号一致性判断,0.0
US2021030297A1,A61B5,身体诊断测量,美国,0,2019,处理信号|模数转换|滤波,脑电图测量装置,有源电极|柔性支撑件贴合头骨局部区域,0.0
WO2019173558A1,A61B5,身体诊断测量,世界知识产权组织,0,2019,体感刺激|听觉刺激|气味刺激|监测脑电图信号,神经功能测量,神经反应诱发,1.0
KR20150036904A,A61B5,身体诊断测量,韩国,0,2013,干电极,脑机接口,弹性紧密贴合|有源干电极,2.0
US4537198A,A61B5,身体诊断测量,美国,0,1983,冠状折片折叠|可独立定位的接合突片|多面板结构|微可调接触接合,脑电图分析,柔性电极|电极板适配器用于将电极连接到放大器和读出仪器,200.0
AU2015200496A1,G09B19,教学科目,澳大利亚,0,2015,其他|存储用户反应|确定主导情绪特征|视觉刺激,心理特性评估,大脑活动最初时刻的反应,2.0
US2019294244A1,G06F3,输入输出装置,美国,0,2018,使用存储的数据分析实时检测到的信号|控制,场所相关服务的可控设备控制,将大脑的多个预定信号集中的每一个与至少一个控制指令相关联,0.0
WO2017200891A1,A42B1,帽子头饰,世界知识产权组织,0,2017,将电极插入柔性材料基层的孔中|设置电屏蔽层|通过电极插孔接收导线,电刺激|记录脑电信号,电刺激和记录原理|电屏蔽原理,11.0
US20150310750A1,G09B5,视听教学,美国,0,2013,导出ERP的分量|导出事件相关去同步(ERD)|导出事件相关电位|导出脑波曲线的就绪电位|将反应时间任务分配给测试对象并测量反应|通过功能成像方法描绘脑区域,神经功能测量,反应时间任务与脑信号关联,14.0
EP3229678A1,A61B5,身体诊断测量,欧洲专利局,0,2015,提交属性数据给计算推理模型|提供计算推理模型|脑电数据标记|评估计算推理模型,密集触摸板使用|智能手机使用,状态转换模型,0.0
IL256068A,G06V10,图像特征提取,以色列,0,2017,神经生理事件识别|神经生理信号处理|视觉刺激呈现|计算机视觉程序,脑机接口,观察者大脑对目标的神经响应,0.0
US11763340B2,G06Q30,商业交易系统,美国,0,2022,差分事件相关|神经反应识别|计算差分事件相关电位测量值,娱乐|广告,刺激属性共振估计,0.0
KR20200057214A,G06F3,输入输出装置,韩国,0,2018,刺激选择|确定刺激物属性|视觉刺激,增强现实内容创作,视觉刺激诱发脑电波,4.0
US2021321897A1,G06F3,输入输出装置,美国,0,2020,判别函数|加权分类结果求和|因子分析|相关统计差异标准计算,医学|电子监控技术领域,基于个人反应的记录处理获得的数据|基于哪个因子具有最大值将受访者分组,0.0
EP4650916A1,G06F3,输入输出装置,欧洲专利局,0,2024,脑电信号分类|脑电数据标记|训练数据获取|训练神经网络|运动预测,脑机接口,基于运动参考数据的分类自动标记脑电图数据|神经网络根据脑电图数据预测运动,0.0
US8391966B2,A61B5,身体诊断测量,美国,0,2010,将脑电图与重复呈现的感觉刺激在时域中同步|脑电信号刺激响应确定|脑电图信号,感觉诱发电位信号处理,刺激锁定脑电图的生成,56.0
US2020390358A1,A61B5,身体诊断测量,美国,0,2020,修改训练课程列表|提供标记训练课程|提供警报|检测脑活动|确定负面启动,检测和调节用户心理状态,启动效应,0.0
US2019246929A1,A61B5,身体诊断测量,美国,0,2019,基于模型的推断|特征-事件合并|特征提取|近似器变换,,特征事件统计|特征提取模块的行为模型|生物电信号的先验知识,0.0
JP2013166005A,A61B5,身体诊断测量,日本,0,2013,弹性构件激励,小动物脑电图测量,导电的柔性或可拉伸投影通过金属材料形成，利用弹性构件的弹性激励凸起,12.0
AU2024267113A1,A61B5,身体诊断测量,澳大利亚,0,2024,优化电极设计|信号处理算法|干电极技术|机器学习技术|脑电信号传输|降低头皮阻抗,不同场景下采集脑电信号|日常使用|移动监测,头皮阻抗监测|并行处理,0.0
CN217408826U,A61B5,身体诊断测量,中国,1,2021,通过干电极采集人脑脑电数据|通过脑电波传感器探测并自动分析观察到的脑电波,脑电采集技术领域,随着佩戴者的情绪起伏，由显示薄屏做出相应的数据变化,3.0
CN118576224A,A61B5,身体诊断测量,中国,1,2024,SPI协议|放大处理|角度姿态融合算法|降噪|高输入阻抗采集,脑电图脑机接口|非屏蔽环境,低噪声低输出阻抗|高输入阻抗梳状主动干电极,5.0
CN117204865A,A61B5,身体诊断测量,中国,1,2023,固定步长能量参数优化|欠阻尼二阶随机共振模型|脑电信号检测评估,检测和调节用户心理状态,随机共振通过噪声共振增强微弱信号，抑制噪声，提高信噪比,3.0
US9078584B2,A61B5,身体诊断测量,美国,0,2011,电极插入通孔|电极部分以导线形式形成|糊剂填充|绝缘管设置,小动物脑电图测量,电极部分以导线形式形成，并以从头皮或脑表面直立的方式设置在填充于管内的糊剂中,12.0
CN121891024A,A61B5,身体诊断测量,中国,1,2026,放大处理|模数转换|滤波处理|特征提取与分类|非侵入式采集,电子监控技术领域|脑机接口,时域、频域或时频特征分析|脑机接口,0.0
CN119279589A,A61B5,身体诊断测量,中国,1,2024,优化电极设计|信号处理算法|干电极技术|机器学习技术|脑电信号传输|降低头皮阻抗,不同场景下采集脑电信号|日常使用|移动监测,头皮阻抗监测|并行处理|机器学习提高数据分析准确性,3.0
CN114003129B,G06F3,输入输出装置,中国,1,2021,双向实时交互|可视化映射|意念控制数据计算|神经生理信号处理|脑电数据采集,沉浸式交互环境,脑电信号与虚实融合场景双向实时交互,0.0
CN114003129A,G06F3,输入输出装置,中国,1,2021,便携式干电极脑电采集|可视化映射|神经生理信号处理,沉浸式交互环境|脑电波诱导,增强现实显示反馈|脑电信号计算产生意念控制数据|非侵入式脑机接口,5.0
US8392250B2,G06Q30,商业交易系统,美国,0,2010,刺激呈现|感官信息输出|收集神经响应数据|虚拟现实场景调整,商店货架|市场过道|虚拟现实环境|陈列室地板,用户活动和响应用于修改营销材料和/或虚拟现实环境,128.0
US8635105B2,G06Q30,商业交易系统,美国,0,2008,多模态数据采集|数据分析|神经响应测量,消费者体验评估,刺激类型,93.0
US20090063255A1,G06F17,数据处理,美国,0,2008,数据分析|神经响应测量,产品评估,神经响应,157.0
US20090025023A1,H04H60,广播分配,美国,0,2008,响应集成|心电图(EKG)测量|情绪识别|皮肤电反应(GSR)测量|眼电描记术(EOG)测量|神经响应数据采集|脑电图(EEG)测量,多市场计划|营销信息设计质量评估,神经响应测量,164.0
JP2010537738A5,A61B5,身体诊断测量,日本,0,2008,成分分析|神经响应测量,消费者体验评估,神经响应,0.0
US20090327068A1,G06Q10,管理资源系统,美国,0,2008,分析神经响应数据|刺激靶向,多市场计划,神经生理学和神经行为学,132.0
US9314185B2,A61B5,身体诊断测量,美国,0,2015,梳梳和推开头发,,电极,7.0
US9314184B2,A61B5,身体诊断测量,美国,0,2015,梳梳和推开头发,头皮接触面复杂的情况,电极,7.0
US2018348863A1,G06F3,输入输出装置,美国,0,2018,修改内容参数|处理生物信号数据|用户状态确定,虚拟现实环境,反馈模块呈现内容|生物信号传感器接收生物信号数据,0.0
EP4492343A2,G06V40,生物识别,欧洲专利局,0,2020,基于神经信号确定用户的焦点|将特征调制应用于视觉刺激的高空间频率分量|接收神经信号|施加刺激序列|检测精神状态,视觉脑机接口,神经信号与视觉注意力相关|神经反应诱发,0.0
AU2014275189A1,G06F3,输入输出装置,澳大利亚,0,2014,传送参考标识符和脑活动数据到远程服务器|捕获参考标识符|接收脑活动数据|显示虚拟对象|选择虚拟对象,增强现实,思维操控,0.0
WO2014197392A1,G06F19,医疗信息处理,世界知识产权组织,0,2014,传输到远程服务器|捕获参考标识符|接收脑活动数据|显示虚拟对象|选择虚拟对象,增强现实,思维操控,4.0
US9996155B2,G09G5,显示驱动,美国,0,2016,显示虚拟对象|脑活动监测|识别物理对象|识别第二虚拟对象,增强现实,眼动追踪,1.0
EP3629912A1,A61B5,身体诊断测量,欧洲专利局,0,2018,响应于用户状态修改VR环境中内容的参数|用户状态确定,可穿戴计算设备|虚拟和增强现实系统,反馈模块在VR环境中呈现内容|生物信号传感器接收生物信号数据,0.0
US2023248936A1,A61M21,精神治疗装置,美国,0,2023,呈现视觉和/或音频场景|测量用户的生理数据|调整一个或多个视觉和/或音频场景,多感官呈现|感觉提示的递送|虚拟现实,基于用户生理数据调整场景以控制用户状态,0.0
CN106933348A,G06F3,输入输出装置,中国,1,2017,对比瞬时能量值与脑电基线调整虚拟现实场景参数|得到脑电信号的瞬时能量值|施加经颅直流电刺激|结合VR脚本和剧情采集分析脑电信号状态|脑电基线分析|采集静息态或舒缓场景下患者的脑电信号,康复训练|神经反馈训练,神经反馈|虚拟现实,74.0
US2023012960A1,G16H20,治疗方案,美国,0,2022,测量用户的生理数据|调整一个或多个视觉和/或音频场景,感觉提示的递送|虚拟现实,用户生理数据,0.0
IL274608B1,G06F21,安全防护,以色列,0,2020,使用脑机接口表征与虚拟对象的交互|基于与交互相关的改进分类器调制虚拟对象特征,数字和物理环境|新媒体内容|虚拟现实/增强现实,脑活动解码,0.0
US12147603B2,G06F3,输入输出装置,美国,0,2023,使用脑机接口表征与虚拟对象的交互|基于与交互相关的改进分类器调节虚拟对象特征|快速定制虚拟对象,增强现实|定制内容交付|物理环境|虚拟环境|虚拟现实,主成分分析|脑机接口,0.0
US20180136725A1,G06F3,输入输出装置,美国,0,2016,测量脑活动|生成与电活动相对应的电信号|电活动操纵,虚拟和增强现实系统|虚拟环境,生物反馈,9.0
JP5277405B2,A61B5,身体诊断测量,日本,0,2010,信号传输|芯片部抵接,脑电图测量,具有导电性的投影，柔性和弹性,3.0
EP4078341A1,G06F3,输入输出装置,欧洲专利局,0,2020,提供视觉刺激|特征调制|相关性分析|神经响应测量,脑机接口,注意力机制,0.0
US9383819B2,G16H50,医学决策支持,美国,0,2013,传输到远程服务器|修改虚拟图像|捕获参考标识符|接收脑活动数据|接收虚拟对象数据|改变虚拟对象状态|显示,增强现实,运动想象,6.0
CA2986204A1,G16H20,治疗方案,加拿大,0,2016,呈现视觉刺激|处理神经生理信号|计算机视觉程序|识别神经生理事件,图像分类,稳态视觉诱发电位|脑机接口,4.0
US2016246371A1,G06F3,输入输出装置,美国,0,2016,显示虚拟对象|脑活动监测|识别第二虚拟对象,增强现实,眼动追踪,0.0
CN106406522B,G06F3,输入输出装置,中国,1,2016,向用户输出虚拟现实场景内容|根据差别对输出的虚拟现实场景内容进行调整|脑活动监测|脑电波图像对比,虚拟现实场景内容调整,脑电波反映情绪,0.0
US2003176806A1,G06F3,输入输出装置,美国,0,2003,信号传输|动态映射到多个功能|数学处理|结合其他标准输入设备|获取大脑信号,3D PC或控制台游戏|家庭|手术室|汽车|虚拟环境|驾驶舱,生物电思维状态或认知特征,0.0
CN115299961A,A61B5,身体诊断测量,中国,1,2022,柔性电极保护,脑电信号采集,通过保护外壳与电极触头套合，圆滑部位于腔管外，减少电极磨损,1.0
KR1020240024856A,A61B5,身体诊断测量,韩国,0,2022,实时、连续分类|稳态视觉诱发电位(SSVEP)信号分类|训练神经网络|运动想象(MI)脑信号分类,脑到设备接口|脑机接口(BCI)|脑机接口(BMI)|虚拟现实系统,改善的接触表面积|降低的电极阻抗密度,0.0
CN107595283A,A61B5,身体诊断测量,中国,1,2017,双层电路板结合金属探针形成法拉第笼|干电极和电极帽分离|弹簧结构|选择长电极或短电极,神经性疾病诊疗|肢体康复|脑机接口,弹簧结构接触原理|法拉第笼屏蔽原理,10.0
CN122075001A,A61B5,身体诊断测量,中国,1,2026,在2D柔性基底材料的表面涂覆预设厚度的导电涂料|导电层形成,脑电信号采集|高精度脑电监测,连续导电层降低接触阻抗|通过降低电极-皮肤接触阻抗提高信号采集质量,0.0
US12186087B2,A61B5,身体诊断测量,美国,0,2024,电活动操纵,脑电图测量,,0.0
US12023164B2,A61B5,身体诊断测量,美国,0,2020,电活动操纵,脑电图测量,,0.0
JP2006094979A,A61B5,身体诊断测量,日本,0,2004,外圆周侧的尖端具有大致的板形状或锥形形状|多个反向-U-形金属件设置使平面相互平行或齐平|框架连接|电极包括基板和多个反向-U-形金属件|腿部分具有圆形柱或方柱形状|金属件整体或固定模与基板,脑电图检测|脑电图测量装置,脑电信号监测|金属件形状和尺寸设计用于减少对头发的干扰,23.0
US20200356171A1,G06F3,输入输出装置,美国,0,2018,使用脑机接口表征与虚拟对象的交互|基于与交互相关的改进分类器调节虚拟对象特征,数字和物理环境|新媒体内容|虚拟现实/增强现实,,5.0
CN107773254A,A61B5,身体诊断测量,中国,1,2017,将向量数据嵌入虚拟现实数据|提取脑电波数据中的向量数据|采集脑电信号|重新渲染呈现第二虚拟现实图像,用户使用虚拟现实设备,脑电信号监测,8.0
EP4500308A4,G06F3,输入输出装置,欧洲专利局,0,2023,位置信息获取|基于相对位置信息和目标对象的属性信息确定感官信息|将感官信息转换为电信号,虚拟环境,刺激,0.0
US20260080621A1,G06T17,三维建模,美国,0,2025,将感官信息转换为电信号|确定感官信息|获取相对位置信息|通过脑机接口设备刺激用户,增强现实技术领域,基于相对位置信息和属性信息确定感官信息|电信号刺激产生感官体验,0.0
WO2023224433A1,G06F3,输入输出装置,世界知识产权组织,0,2023,将感官信息转换为电信号|感官信息输出|获取用户在虚拟环境中相对于目标对象的相对位置信息,增强现实技术领域,刺激,0.0
JP2011120866A,A61B5,身体诊断测量,日本,0,2010,提供具有电导率、柔韧性和弹性的投影|芯片部分抵接测量对象,记录脑电信号,弹性|柔韧性|电导率,53.0
US2019294245A1,A61B5,身体诊断测量,美国,0,2018,分析神经信号|基于相关联的控制指令生成控制数据信号,场所相关服务的可控设备控制,将预定神经信号集与控制指令相关联,0.0
US20110237923A1,A61B5,身体诊断测量,美国,0,2010,,,,93.0
US11660419B2,A61B5,身体诊断测量,美国,0,2022,测量用户的生理数据|调整一个或多个视觉和/或音频场景,感觉提示的递送|虚拟现实,用户生理数据,1.0
US12097332B2,A61M21,精神治疗装置,美国,0,2023,呈现视觉和/或音频场景|监测用户状态,感觉提示的递送|虚拟现实,用户生理数据,1.0
WO2023288089A1,G16H20,治疗方案,世界知识产权组织,0,2022,基于用户生理数据调整视觉和/或音频场景|测量用户的生理数据|监测用户状态,多感官呈现|感觉提示的递送|虚拟现实,感官呈现影响用户状态|生理数据反映用户状态,2.0
WO2020255142A3,A61B5,身体诊断测量,世界知识产权组织,0,2020,信号处理|控制致动器施加力,,,1.0
US20220313135A1,A61B5,身体诊断测量,美国,0,2020,信号处理|控制致动器施加力,,,6.0
CN110414856A,G06Q10,管理资源系统,中国,1,2019,同步采集脑电波和眼动数据|确定信息传递度|确定情绪激发度|确定设计信息注视时长|计算注意吸引度,营销信息设计质量评估,信息传递度基于α波、θ波、β波数据|情绪激发度基于α波数据|注意吸引度基于注视时长与浏览时长比值,9.0
EP4395641B1,A61B5,身体诊断测量,欧洲专利局,0,2022,刺激响应幅度权重加权|卷积|确定数学模型|脑电信号获取|获得刺激数据,人的感觉能力评估|心理健康评估|神经状态评估,因子包括刺激数据和每个神经源的刺激响应的卷积|用每级刺激响应幅度权重对刺激响应进行加权|脑电波信号等于包括多个空间模式中的每一个的和乘以表示相应神经源的活动的因子的表达式,0.0
US2025217465A1,G16H40,医疗设备信息,美国,0,2024,改变计算机程序的操作|确定与神经活动相关的推断|训练机器学习模型|输入脑电图数据和环境数据到机器学习模型,用户认证,神经活动与生物特征模板相关|脑活动解码,0.0
WO2016096743A1,A61B5,身体诊断测量,世界知识产权组织,0,2015,提交属性数据|提供计算推理模型|脑电数据标记|评估计算推理模型,密集触摸板使用（智能手机）对体感诱发电位的影响,状态转换模型,1.0
US8442626B2,A61B5,身体诊断测量,美国,0,2010,捕获脑活动模式|搜索匹配存储的脑活动模式|检索标记,,,20.0
US20220031225A1,A61B5,身体诊断测量,美国,0,2021,修改产品配方|呈现产品制剂|检测精神状态|检测脑活动,产品定制系统,感觉输入,0.0
US20200337624A1,A61B5,身体诊断测量,美国,0,2020,修改产品配方|呈现经修改的产品制剂|检测精神状态|检测脑活动,产品定制,感觉输入|脑状态测量,68.0
US9354702B2,G06F17,数据处理,美国,0,2013,传送参考标识符和脑活动数据到远程服务器|捕获参考标识符|接收脑活动数据|显示虚拟对象|选择虚拟对象,增强现实,眼动追踪,36.0
US11612808B2,A63F13,视频游戏,美国,0,2022,基于脑活动数据修改电子游戏属性|脑电图数据采集,电子游戏,,2.0
EP4492343A3,G06T7,图像分析,欧洲专利局,0,2020,基于神经信号确定用户的焦点|将特征调制应用于视觉刺激的高空间频率分量|接收神经信号|施加刺激序列|检测精神状态,视觉脑机接口,神经信号包含与用户视觉注意力所指向的视觉刺激的特征调制相关的信息|神经反应,0.0
US2020107741A1,A61B5,身体诊断测量,美国,0,2018,伸缩布置|弹簧偏压,脑电图数据收集,弹簧偏压使电极针接触皮肤,0.0
US2023218856A1,A61M21,精神治疗装置,美国,0,2022,游戏化|用户积极参与|虚拟对象,脑电波诱导,游戏化|通过用户的积极参与增强脑电波,0.0
US11517709B1,A61M21,精神治疗装置,美国,0,2022,游戏元素组合应用|游戏化|虚拟对象,脑波诱导,游戏化|通过用户的积极参与增强脑波,4.0
CN120000238B,A61B5,身体诊断测量,中国,1,2025,信号预处理|均值处理|波峰时延数据获取,神经反应数据监测,听性脑干反应波形分析,0.0
KR20160055103A,A61B5,身体诊断测量,韩国,0,2014,多模态生理刺激|多流数据捕获|生物传感器数据收集,脑健康评估,通过各种感觉、认知、物理和化学测试刺激大脑,11.0
US2015216439A1,G01R33,磁共振测量,美国,0,2015,提供反馈|测量神经数据|计算神经判别器|评估受试者表现|选择任务条件进行判别,视觉注意跟踪,迷走神经诱发电位,0.0
US11580409B2,G06F3,输入输出装置,美国,0,2017,呈现视觉刺激|处理神经生理信号|存储经训练的网络|训练图像分类神经网络|识别神经生理事件,图像分类,基于观察者大脑对视觉刺激的神经生理反应来识别目标检测事件,0.0
WO2012145142A2,G06F3,输入输出装置,世界知识产权组织,0,2012,建立控制输入或减少的可能动作集|测量神经信号|确定关系,电子设备控制,神经分析,0.0
EP3863276A1,G16H50,医学决策支持,欧洲专利局,0,2014,修改虚拟图像|捕获参考标识符|接收脑活动数据|接收虚拟对象数据|改变虚拟对象状态|显示|通过网络传输参考标识符,增强现实,响应于用户引起的相对运动|运动想象,0.0
CN108478224A,A61B5,身体诊断测量,中国,1,2018,信号同步|信息综合处理|客观分析与主观评价相结合|虚拟现实技术放映刺激材料,心理疏导|教育,脑电信号分析|虚拟现实诱发情绪,12.0
US10955917B2,G06F3,输入输出装置,美国,0,2018,内容修改|神经学数据收集|预测生成,癫痫患者VR使用防护|虚拟现实内容安全评估,基于神经响应数据预测不利神经医学事件,3.0
US2022274010A1,G01R33,磁共振测量,美国,0,2022,基于脑活动数据修改电子游戏属性|脑电图数据采集,电子游戏,,0.0
US2014058241A1,A61B5,身体诊断测量,美国,0,2013,分析来自监测设备的数据以确定患者CNS状况的度量|比较患者数据|监测脑活动,疾病治疗|神经学评估,中枢神经系统功能评估,0.0
US2025208710A1,H04N21,视频分发,美国,0,2024,基于脑电波信息估计状态|基于脑电波信息控制内容|采集脑电信号,,,0.0
US11141088B2,A61B5,身体诊断测量,美国,0,2018,应用权重|应用训练好的多个第一识别模型|应用训练好的第二识别模型|训练第二识别模型,心理行为属性识别,依赖性或关系数据|深度神经网络(DNN)|特征向量,3.0
US2022091671A1,A61B5,身体诊断测量,美国,0,2021,,服装集成,,0.0
US9996983B2,G16H50,医学决策支持,美国,0,2016,传输到远程服务器|修改虚拟图像|捕获参考标识符|接收脑活动数据|接收虚拟对象数据|改变虚拟对象状态|显示,增强现实,运动想象,68.0
KR102820566B1,A61B5,身体诊断测量,韩国,0,2020,应用权重|提供视觉刺激|测量神经响应|确定相关性|自适应校准方法|适配显示对象调制|适配神经信号模型加权,脑机接口,注意力与神经响应相关性增强|视觉刺激的特性调制,0.0
JP2021504853A,G06F3,输入输出装置,日本,0,2018,使用脑机接口表征与虚拟对象的交互|基于与交互相关的改进分类器调节虚拟对象特征,定制内容提供|数字和物理环境中的输入设备交互|用户认证|网络安全|虚拟现实/增强现实,脑活动解码,0.0
US20170109437A1,G06F17,数据处理,美国,0,2015,关联位置数据|实时收集和分析|聚类分析|语义分析,广告或其他内容|旅行,情感度量分数预测|情绪度量与位置数据相关联|语义相似的标签簇,19.0
CN113712572A,A61B5,身体诊断测量,中国,1,2021,展示刺激方案|检测脑电波信号|选择刺激方案,认知功能评估,被动接收视觉刺激和/或听觉刺激时产生脑电波信号,10.0
US11253187B2,A61B5,身体诊断测量,美国,0,2017,关联规则|分析脑电波模式|检测相关性|记录传感器数据|采集脑电信号,神经反馈系统,上下文神经反馈|基于上下文的脑电波信息,1.0
US20050177058A1,A61B5,身体诊断测量,美国,0,2005,分析脑电波模式|响应共同的一组刺激|数据处理程序,医学诊断|广播演示|艺术表现,脑电信号分析,176.0
CN106560765A,G06F3,输入输出装置,中国,1,2016,得到情感认知信息|根据情感认知信息执行内容交互|检测脑电波信号|解析脑电波信号,虚拟现实,情感状态和注意力状态作为交互手段|脑电波反映情绪,16.0
US2014354532A1,G16H50,医学决策支持,美国,0,2013,传送参考标识符|修改虚拟图像|捕获参考标识符|接收脑活动数据|接收虚拟对象数据|改变虚拟对象状态|显示,增强现实,相对运动|运动想象,0.0
CN114756121A,G06F3,输入输出装置,中国,1,2022,产生反馈命令|分割数据|提取特征|标记状态|计算分类器模型,情绪检测|虚拟现实,脑机接口|虚拟现实,13.0
US12053291B2,A61B5,身体诊断测量,美国,0,2021,修改产品配方|呈现产品配方|检测神经信号|检测精神状态,产品定制|产品配方定制,感觉神经系统输入|游戏化,0.0
US11172869B2,A61B5,身体诊断测量,美国,0,2020,修改产品配方|呈现产品制剂|检测精神状态|检测脑活动,产品定制|产品定制系统,感觉输入|游戏化,9.0
CN115904084B,G06F3,输入输出装置,中国,1,2022,分析脑电信号|控制用户界面响应|确定用户界面|获取图像帧|识别对象信息|采集脑电信号|重叠显示,物联网技术领域,视觉注意力,0.0
CN115904084A,G06F3,输入输出装置,中国,1,2022,分析脑电信号|控制用户界面响应|确定用户界面|获取图像帧|识别对象信息|采集脑电信号|重叠显示,物联网技术领域,视觉注意力,1.0
US63374509P0,,,美国,0,2022,分析神经信号|利用神经反馈|显示视觉、听觉和/或触觉刺激|监测脑信号|获取脑信号,神经反馈,生物反馈|神经反馈阈值|脑机接口(BCI),0.0
JP2003522580A,A61B5,身体诊断测量,日本,0,2001,利用脑电图记录脑组合产生的电位|比较不同对象或条件下的反应|认知活化工序或任务,生物医学研究,脑电信号与认知任务相关,31.0
WO03005899A2,A61B5,身体诊断测量,世界知识产权组织,0,2002,数据库-基于工具用于推断特定患者的治疗实体上的作用|比较神经生理信息相对到的参考公开的设定,精神障碍治疗,利用神经生理信息尽管其与extant弱相关性的诊断方案|根据该模式的动作的一种或多种治疗实体,2.0
IN202641017292A,A61B5,身体诊断测量,印度,0,2026,信号采集|噪声去除|智能分类|机器学习|特征提取,医疗应用|生物医学应用|生物医学研究,实时分析|自动化|自适应分析,0.0
US2014228702A1,A61B5,身体诊断测量,美国,0,2014,分解神经生理学数据|形成多个信号特征|确定波形特征,,,0.0
WO2019092456A1,G06F3,输入输出装置,世界知识产权组织,0,2018,数据处理|生成神经刺激信号|训练用于估计神经刺激信号的第二机器学习技术|训练用于生成神经数据估计值的第一机器学习技术,神经接口,机器学习技术,51.0
US2021365114A1,G05B13,自适应控制,美国,0,2018,第一机器学习技术|第二机器学习技术|训练用于估计神经信号,神经接口,机器学习,0.0
CN100366215C,A61B5,身体诊断测量,中国,1,2000,分析脑电信号|控制受控装置|提取特征物理量|检测脑电波信号|生成刺激信号,感官测试,脑电稳态诱发响应,9.0
WO03073175A2,A61B5,身体诊断测量,世界知识产权组织,0,2003,动态映射认知特征到功能|将大脑信号转换为数字流|数学处理|结合标准输入设备,3D PC或控制台游戏|家庭|手术室|汽车|虚拟环境|驾驶舱,生物电心理状态或认知特征控制,16.0
US11771955B2,A63B22,健身训练器械,美国,0,2022,双任务刺激|数据捕获|整合传感器数据|生成环境模型和跟踪模型|脑波同步|融合,治疗|神经活动分析,双任务刺激|脑波同步|虚拟现实环境,0.0
KR20210115129A,G06F1,计算机电源,韩国,0,2020,情绪识别|提取要输出的虚拟现实内容|设置输出顺序、数量和频率,虚拟现实服务,根据生物特征信息识别情绪变化,4.0
KR101710013B1,G06F3,输入输出装置,韩国,0,2015,分析脑电波|发射超声波|脑电波数据采集|输出全息图像,虚拟现实服务,全息图像与脑电波数据对应|脑电波与用户所想内容相关|超声波与脑电波数据对应,3.0
US2014354534A1,G06F3,输入输出装置,美国,0,2013,传送参考标识符和脑部活动数据到远程服务器|捕获参考标识符|接收脑部活动数据|显示虚拟对象|选择虚拟对象,增强现实,,0.0
US2022326771A1,G06K9,图像识别,美国,0,2022,呈现修改后的刺激和环境刺激|对接收到的生物信号进行分类|将请求的刺激数据转换为修改后的刺激|接收传感器数据和其他上下文数据|接收请求的刺激数据|混合修改后的刺激和环境刺激,智能设备|用户应用|虚拟现实设备,感觉诱发反应,0.0
KR20240024856A,A61B5,身体诊断测量,韩国,0,2022,实时、连续分类|稳态视觉诱发电位（SSVEP）信号分类|训练神经网络|运动想象（MI）脑信号分类,脑-机接口（BMI）|脑-计算机接口（BCI）|虚拟现实系统,微针电极提供改进的接触表面积和降低的电极阻抗密度|软电子器件局部安装在电极附近以减少干扰性布线,0.0
RU2009104463A,A61B5,身体诊断测量,俄罗斯,0,2007,提取用户特征量|检测刺激变化|测量和分析视觉和/或听觉刺激相对应的物理量,脑电图接口系统,事件相关电位,1.0
KR102313622B1,A61B5,身体诊断测量,韩国,0,2019,分析生物信号|实时反馈|控制虚拟形象|获取生物信号|识别用户意图,虚拟现实环境,通过测量和分析生物信号来识别用户意图,1.0
CN115067971A,A61B5,身体诊断测量,中国,1,2022,实时采集脑电信号|将神经反馈指标映射到虚拟对象的行为参数上|显示具有一个虚拟对象的游戏界面|根据实时采集的脑电信号和神经反馈指标的定义来获取神经反馈指标的实时值,神经反馈系统,神经反馈,5.0
IDP00202501303A,A61B5,身体诊断测量,其他,0,2025,信号处理|执行脑区域的组织活动|提供神经生理反馈参数|模式判定|特征提取,大脑区域训练|神经反馈训练|脑机接口交互,可视化手段了解自身脑区的状态|通过脑机接口改变脑区域的现实,0.0
US9764109B2,A61B5,身体诊断测量,美国,0,2012,fMRI测量脑活动|呈现所测量脑活动的表示|实时神经反馈|将主观体验与神经激活直接关联|指示受试者通过改变冥想状态减少脑活动,冥想|疾病治疗,后扣带回皮层（PCC）激活控制|神经反馈,5.0
US11132625B1,G06F3,输入输出装置,美国,0,2021,基于用户和化身脑状态修改神经系统|基于神经活动确定脑状态|非侵入性脑接口检测,大脑模拟,基于检测到的神经活动确定脑状态|模拟实例刺激与数字实例输入的对应,7.0
IN202444048931A,G06F3,输入输出装置,印度,0,2024,图像属性调整|情绪识别|提示参数权重调整|生成式人工智能|脑电波数据采集,图像生成|用户沉浸体验,生成式AI引擎|脑机接口,0.0
US20250134447A1,A61B5,身体诊断测量,美国,0,2022,提供视觉刺激以引起眼睛运动|测量电活动|确定与传入和传出视觉功能相关联的信息|获得眼睛跟踪测量值|跟踪眼睛运动|采集脑电信号,可穿戴系统,视觉刺激引起眼睛运动|视觉刺激诱发脑电响应,0.0
CN113995411A,A61B5,身体诊断测量,中国,1,2021,信号复用|数据处理和分析,智能情绪评估,,1.0
WO2023039572A1,A61B5,身体诊断测量,世界知识产权组织,0,2022,提供视觉刺激以引起眼睛运动|测量脑活动|确定与传入和传出视觉功能相关联的信息|获取眼睛跟踪测量值|跟踪眼睛运动|采集脑电信号,视觉功能评估,视觉刺激引起眼睛运动|视觉刺激诱发脑电响应,0.0
KR20250067429A,A61B5,身体诊断测量,韩国,0,2023,稳态视觉诱发电位技术|脑反应检测内容刺激|脑机接口技术,最小意识状态患者意识状态评估,刺激反应程度分析|稳态视觉诱发电位,0.0
CN120130925A,A61B5,身体诊断测量,中国,1,2024,共注意力多模态特征降噪融合模型|眼动校准|神经网络模型训练和预测|脑电校准|预处理和特征提取,临床诊断和干预|老年群体的痴呆预防|虚拟现实环境,多模态特征融合|深度学习,3.0
RU2768172C1,A61H99,理疗其他器械,俄罗斯,0,2021,分离诱发电位信号和嗅觉皮层信号|基于脑机接口的嗅觉和味觉康复方法|将命令传输到嗅觉显示器和/或显示设备|将记录信号传输到计算机|通过将所选信号与数据库匹配进行解释,医疗应用|嗅觉和味觉康复系统,接收-发送原理|神经生物反馈,8.0
CN114098767A,A61B5,身体诊断测量,中国,1,2021,呈现稳态视觉刺激图像|对比分析|脑电诱发信号处理,视知觉实验,稳态视觉刺激诱发脑电信号|脑电诱发信号强度与刷新率的相关性,2.0
IN202411002741A,A61B5,身体诊断测量,印度,0,2024,mfSSVEP视觉刺激渲染|信号处理|数据分析|机器学习,青光眼预测,多频多焦点视觉刺激|脑机接口,0.0
IN202411089196A,A61B5,身体诊断测量,印度,0,2024,mfSSVEP视觉刺激渲染|信号处理|双核嵌入式处理|数据分析|无线神经监测|脑机接口,医疗保健管理|青光眼检测,Σ-Δ模数转换|低噪声前置放大|多频多焦点视觉刺激|导联脱落检测,0.0
IN202641061373A,G06F3,输入输出装置,印度,0,2026,50 Hz陷波滤波|带通滤波|自适应噪声消除|自适应连续小波变换|自适应陷波滤波,虚拟现实环境,惯性测量单元参考信号|时频表示|机器学习分类,0.0
CN112493998A,A61B5,身体诊断测量,中国,1,2020,基于情绪体验指标值和唤醒度值进行评估|接收脑电设备采集的脑电信号|计算唤醒度值|计算情绪体验指标值,产品气味体验过程|嗅觉感官评估,alpha波段各个电极的值作为唤醒数据,10.0
CN112493998B,A61B5,身体诊断测量,中国,1,2020,基于情绪体验指标值和唤醒度值进行评估|接收脑电设备采集的脑电信号|计算唤醒度值|计算情绪体验指标值,产品气味体验过程|嗅觉感官评估,alpha波段|脑电技术,0.0
CN112587136A,A61B5,身体诊断测量,中国,1,2020,基于同一时间轴的情绪体验结果和特定味觉强度体验结果进行评估|基于脑电信号得到情绪相关脑电数据|接收脑电信号|计算情绪体验指标值|计算特定味觉强度体验指标值,产品特定味觉体验过程|味觉感官评估,情绪相关脑电数据反映情绪体验|特定味觉相关电极采集的脑电数据反映味觉强度,7.0
CN112587136B,A61B5,身体诊断测量,中国,1,2020,基于同一时间轴的情绪体验结果和特定味觉强度体验结果进行评估|基于脑电信号得到情绪相关脑电数据|接收脑电信号|计算情绪体验指标值|计算特定味觉强度体验指标值,味觉感官评估,情绪相关脑电数据反映情绪体验|特定味觉相关电极采集的脑电数据反映味觉强度,0.0
CN204765635U,A61B5,身体诊断测量,中国,1,2015,利用FMRI高空间分辨率和EEG高时间分辨率相结合|同步采集,生物医学应用|运动想象区脑电采集,EEG高时间分辨率|FMRI高空间分辨率,8.0
US10795441B2,G06F3,输入输出装置,美国,0,2018,估计未测量的附加电极设备的脑信号|学习第一关系模型|显示引起脑信号的训练图像|测量脑信号|获取脑信号|识别用户意图,基于头戴式显示器的脑机接口装置,第一关系模型|解耦附加电极设备,3.0
US2019121431A1,G06F3,输入输出装置,美国,0,2018,估计未测量的脑信号|学习第一关系模型|显示引起脑信号的训练图像|测量脑信号|获取脑信号|解耦附加电极设备|识别用户意图,基于头戴式显示器的脑机接口装置,第一关系模型,0.0
US4557270A,A61B5,身体诊断测量,美国,0,1983,彩色编码光显示|电信号数字化|移动窗口类型的显示器显示强度调制的时间段|统计比较当前时间段与紧邻的先前时间段的组|计算对血流和温度变化的正常电生理响应的标准,心内直视手术,将患者的实际脑电波响应与正常电生理响应标准进行比较|当前自范数|统计显著性差异,189.0
US20040152995A1,A61B5,身体诊断测量,美国,0,2003,智能数据解释组件|标准化测试协议|顺序随机模型过程,ADHD|初始筛查和诊断与注意力受损相关的疾病|治疗和评估治疗效果|诊断或治疗有注意力或认知障碍的人,EEG不一致性评估|EEG数据筛选,63.0
US20230050715A1,A61N2,磁疗器械,美国,0,2022,处理EEG数据|确定TMS治疗方案|确定个性化共振大脑频率|确定最小神经元激活阈值,经颅磁刺激治疗,个性化共振频率|最小神经元激活阈值,11.0
WO2008077178A1,H04N21,视频分发,世界知识产权组织,0,2006,呈递广告|显示汇集输出信号|汇集输出信号|获取EEG信号|计算SSVEP振幅和相位差异,广告评估,SSVEP（稳态视觉诱发电位）与心理状态的关系,56.0
KR20190045041A,G06F3,输入输出装置,韩国,0,2018,估计脑信号|学习关系模型|显示诱导脑信号的学习屏幕|获取脑信号|识别用户意图,基于头戴式显示器的脑机接口装置,关系模型,9.0
WO2023137293A1,G06T19,增强现实,世界知识产权组织,0,2023,游戏化|脑波诱导|虚拟对象,脑波诱导,游戏化|通过用户的积极参与增强脑波,0.0
KR102029219B1,G02B27,光学元件系统,韩国,0,2018,估计未测量的脑信号|学习关系模型|获取脑信号|识别用户意图,头戴式设备,关系模型,2.0
KR102072444B1,A61B5,身体诊断测量,韩国,0,2018,获取生物信号|通过位置调整部调整生物信号测量部的位置|通过结合部附接到头戴式显示器设备,治疗|神经反馈|虚拟现实体验|诊断,通过允许调整生物信号测量部的位置|通过结合部使得可附接到头戴式显示器设备并从其拆卸|通过附接到头戴式显示器设备来测量佩戴者的生物信号,1.0
KR1020190045041A,G02B27,光学元件系统,韩国,0,2018,估计脑信号|学习模型|测量脑信号,脑机接口,脑电波与用户所想内容相关,10.0
US11793970B2,A61M21,精神治疗装置,美国,0,2022,使用游戏元素的某种组合|游戏化|脑电波夹带,,通过游戏化的娱乐性来鼓励长期使用|通过用户的积极参与来增强脑电波,0.0
US20230218854A1,A61M21,精神治疗装置,美国,0,2022,脑电波夹带|通过游戏化的娱乐性来鼓励长期使用|通过用户的积极参与来增强脑电波,脑电测量,脑电波夹带,3.0
IN554543B,G06F3,输入输出装置,印度,0,2024,mfSSVEP视觉刺激渲染|信号处理|数据分析|机器学习,青光眼预测,干式电极|无线神经监测|脑机接口,0.0
CN118609812A,G16H50,医学决策支持,中国,1,2024,偏差刺激诱发的脑电反应相减|刺激材料的选择|脑电信号的处理|脑电信号采集|脑电范式的播放|脑电范式的构建,人工耳蜗植入者情感语义辨识能力评估,通过使用刺激序列1和刺激序列2中偏差刺激诱发的脑电反应与刺激序列3中相同刺激诱发的脑电反应相减，得到更为可靠的MMN,0.0
US20100262377A1,A61B5,身体诊断测量,美国,0,2008,Hubert变换|分类器将子参数组合成索引|表面EEG/EMG信号采集|频谱比,评估全麻期间的意识水平|需要高质量EEG的其他设备,EMG与EEG分离|基于EEG的指数评估意识水平,40.0
JP2008229238A,A61B5,身体诊断测量,日本,0,2007,估计模型的因果关系|提取电流元件|重建电流元件的尺寸分布,脑活动分析,基于电流元件的时间序列数据|基于脑神经模型的时间序列数据,13.0
BR112021023808A2,,,巴西,0,2019,接收脑电图数据|提取特征|确定对应指标的能量值|脑电能量|计算投影内容评估值,封闭环境中投影内容评估,脑电图能量值与评估指标的对应关系,0.0
CN107274223A,G06Q30,商业交易系统,中国,1,2017,使用脑电和眼动两种认知仪器|融合使用两种信号对广告效果进行评估|融合特征,广告评估,信号直接来自于大脑和眼球，避免主观因素干扰,24.0
CN107274223B,G06K9,图像识别,中国,1,2017,脑电和眼动两种认知仪器融合使用|融合特征,广告评估,信号直接来自于大脑和眼球，避免主观因素干扰,0.0
CN114048780A,G06K9,图像识别,中国,1,2021,将服务器端的脑电信号分类模型发送给K个用户端|接收每个用户端发送的本地模型梯度|根据重要性评估值确定多个目标用户端|模型训练|脑电信号分类模型|获取用户端的重要性评估值,生物信息技术领域,联邦学习|重要性评估机制,7.0
WO2023082406A1,G06F3,输入输出装置,世界知识产权组织,0,2021,模型梯度聚合|模型训练|目标用户端选择|网络参数更新|重要性评估,生物信息技术领域,联邦学习|重要性加权聚合,6.0
CN114048780B,G06N3,神经网络,中国,1,2021,将服务器端的脑电信号分类模型发送给K个用户端|接收每个用户端发送的本地模型梯度|根据重要性评估值确定多个目标用户端|模型训练|脑电信号分类模型|获取用户端的重要性评估值,生物信息技术领域,基于用户端重要性评估的模型聚合|联邦学习,0.0
US20090156954A1,A61B5,身体诊断测量,美国,0,2008,智能数据解释组件|标准化测试协议|顺序随机模型过程,治疗和评估治疗效果|注意力受损(例如ADHD)相关的疾病的初始筛查和诊断|诊断或治疗有注意力或认知障碍的人,EEG数据筛选|评估与注意损伤相关的EEG不一致,32.0
US7403814B2,A61B5,身体诊断测量,美国,0,2003,智能数据解释组件|标准化测试协议|顺序随机模型过程,治疗效果评估|注意力评估|诊断或治疗有注意力或认知障碍的人,利用EEG数据评估注意缺陷|评估与注意损伤相关的EEG不一致,38.0
US8340752B2,A61B5,身体诊断测量,美国,0,2008,智能数据解释组件|标准化测试协议|顺序随机模型过程,治疗效果评估|注意力评估|诊断或治疗有注意力或认知障碍的人,EEG数据筛选|评估与注意损伤相关的EEG不一致,22.0
US2018049636A1,A61B5,身体诊断测量,美国,0,2017,呈现视觉刺激|测量脑活动|确定频率相关度量|脑电数据处理|调整显示系统中控制器的功能,增强现实（AR）|平视显示器（HUD）|脑损伤评估系统|虚拟现实（VR）显示系统,对侧大脑半球的脑活动改变视觉半场中的刺激负荷,0.0
NL2038199B1,G16H50,医学决策支持,其他,0,2024,基于脑机接口原理|采集脑电信号,评估脑卒中后抑郁状态,脑机接口原理,0.0
NL2038199A,A61B5,身体诊断测量,其他,0,2024,基于脑机接口原理|采集脑电信号,评估脑卒中后抑郁状态,脑机接口原理,0.0
US11609632B2,G06F3,输入输出装置,美国,0,2019,分析生物信号|实时提供反馈,虚拟现实环境,通过分析生物信号来理解用户的意图,0.0
US20210055794A1,G06F3,输入输出装置,美国,0,2019,分析生物信号|实时提供反馈,虚拟现实环境,通过分析生物信号来理解用户的意图,11.0
US12433527B1,A61B5,身体诊断测量,美国,0,2024,提取特征物理量|生成数据结构|输入到第一治疗专用机器学习模型和第二治疗专用机器学习模型,CNS疾病治疗响应预测,治疗专用机器学习模型预测,0.0
CN109875501A,A61B5,身体诊断测量,中国,1,2014,关节处理|加盖时间戳|呈现虚拟表示|测量脑电图|测量身体部位的位置/运动,中风康复,非侵入式基于EEG的大脑-计算机-接口,4.0
CN109875501B,A61B5,身体诊断测量,中国,1,2014,关节处理|加盖时间戳|呈现虚拟表示,中风康复,非侵入式基于EEG的大脑-计算机-接口,0.0
WO2022240355A1,A61B5,身体诊断测量,世界知识产权组织,0,2022,可控地改变虚拟对象和刺激|基于生物电信号确定心理唤醒分数|提供至少一个刺激|获取生物电信号,虚拟现实环境,响应于心理唤醒得分可控改变刺激|基于生物电信号确定心理唤醒分数,2.0
US6475162B1,A61B5,身体诊断测量,美国,0,2001,产生中断请求信号给计算机以启动采样|检测视觉诱发电位|电信号数字化|确定逐行显示中的预定特定行是否已经被显示|诱发电位测量|逐行模式显示器显示一系列视觉刺激,视觉检查,通过中断请求信号实现视觉刺激呈现与采样速率同步,27.0
KR1020250067429A,A61B5,身体诊断测量,韩国,0,2023,基于ssvep的刺激|脑电信号分析,意识障碍评估,ssvep（稳态视觉诱发电位）,0.0
CN116439705A,A61B5,身体诊断测量,中国,1,2023,EEG信号预处理|建立分类模型|特征提取|眼动信号预处理|设计实验范式|采集EEG和眼动数据,注意力状态评估,多模态信息融合,3.0
CN114732421A,A61B5,身体诊断测量,中国,1,2022,任务态下EEG整体的变化评估|融合静息态与任务态两个模块的数据评估|静息态下EEG中多种因神经性退行出现变化的脑生理电活动成分的量化评估,治疗效果评估,代偿脑区成分改变|单一成分的分析并不能有效评估任务态下AD患者EEG数据，对EEG整体数据的分析可能获得更高的有效性|神经退行性疾病群体在任务态中EEG数据整体区间会出现显著性变化|退行性脑区生理电活动成分改变,0.0
CN114732421B,A61B5,身体诊断测量,中国,1,2022,融合静息态下EEG多种脑生理电活动成分的量化评估与任务态下EEG整体的变化的数据评估,治疗效果评估,神经退行性疾病群体在任务态中EEG数据整体区间出现显著性变化，退行性脑区生理电活动成分改变，代偿脑区成分改变,0.0
CN111714120A,A61B5,身体诊断测量,中国,1,2020,分析不同健康测试者视觉定位EEG信号之间的相似度|得到视觉定位EEG信号的相似阈值|根据相似阈值评估意识障碍患者的视觉定位能力|检测患者EEG信号,临床医生确诊|意识障碍评估,通过检测意识障碍患者对外界刺激的内源性脑反应，获知其状态,4.0
AT520461B1,A61B5,身体诊断测量,其他,0,2017,分析脑电图测量数据以检测心理活动的存在|测量电极电压|确定对应值,训练和模拟组件,心理活动定义的参考值,0.0
US2015313528A1,A61B5,身体诊断测量,美国,0,2015,再次回答部分或全部自比评估问题|比较EEG与评估问题|测量前额叶皮层伽马波反应|读取反应判断诚实性|连接脑电图仪,自比评估,伽马波反应,0.0
WO2019051515A1,A61B5,身体诊断测量,世界知识产权组织,0,2018,分析脑电图测量数据以确定是否存在心理活动|测量电极电压|确定一致性值|通过刺激单元向受试者的身体部位施加指示刺激,受试者学习对特定身体部位的刻意控制|训练和模拟组件,一致性值指示脑电图测量数据与心理活动定义的参考值的一致性|脑机接口,3.0
US2016220136A1,A61B5,身体诊断测量,美国,0,2015,阶段划分,失神脑电图评估,基于失神脑电图的阶段划分,0.0
AT520461A1,A61B5,身体诊断测量,其他,0,2017,分析脑电图测量数据以检测心理活动的存在|测量电极处的电压|确定一致性值,训练和模拟组件,心理活动定义的参考值,0.0
US12514483B2,A61B5,身体诊断测量,美国,0,2019,使用评估值评估投影内容|接收脑电图数据|提取脑电能量值|根据相关性确定脑电能量值|计算投影内容评估值,封闭环境中的投影内容评估,多个权重加权计算|脑电图能量值与评估指标的对应关系,0.0
US2020345287A1,A61B5,身体诊断测量,美国,0,2020,基于特征评估心理健康状态|测量脑电图信号|生成评估输出|确定计算功率的特征|计算脑电图信号在频带中的功率,心理健康评估,θ波最大功率出现的时间方差|脑电图信号频带中的功率指示情绪或认知状态,0.0
US9060702B2,A61B5,身体诊断测量,美国,0,2012,测量额叶在伽马波方面的反应|读取反应|连接脑电图仪,自比评估,积极回答提供一种额叶伽马波反应，消极或虚假回答提供不同的伽马反应，中性问题提供中性伽马反应,0.0
EP3981327A1,A61B5,身体诊断测量,欧洲专利局,0,2019,接收脑电图数据|提取脑电图数据特征|确定与指标相关的脑电图能量值|脑电能量|计算投影内容评估值,封闭环境中的投影内容评估,加权计算|脑电图能量值与指标之间的相关性,0.0
KR20200014861A,A61B5,身体诊断测量,韩国,0,2020,脑电图生物反馈训练,认知功能训练,将认知功能评估分数（MMSE）具有统计显著相关性的脑电图标记直接引入作为生物反馈训练指标|训练指标的每个改善水平与认知功能的评估水平相匹配,3.0
US2015038869A1,A61B5,身体诊断测量,美国,0,2012,提供参考信号来校准|测量EEG特征和任务组合随时间、跨多个状态或与规范数据库相比的变化|测量从认知或感觉任务中提取的候选特征|质量控制数据采集,脑活动分析|脑电图系统,分类、预后、诊断、监测或反应评估|诊断生物标志物评估受试者大脑的状态或功能,0.0
CA3142060A1,A61B5,身体诊断测量,加拿大,0,2019,接收脑电图数据|提取特征|计算投影内容评估值,封闭环境中投影内容评估,加权计算|脑电图能量值与评估指标的对应关系,1.0
US2009049089A1,G06F3,输入输出装置,美国,0,2006,基于在接收到输入后的预定时间段内事件相关电位的负向偏移量确定置信度|基于置信度确定要呈现给用户的内容|测量与用户脑电图的事件相关电位相关的信号,信息处理系统,事件相关电位的负向偏移量反映用户置信度,0.0
CN120392116A,G16H50,医学决策支持,中国,1,2025,信号采集|构建疲劳评估模型|疲劳评估|预处理,疲劳监测,基于疲态历史数据集构建疲劳评估模型,0.0
US2022273226A1,A61B5,身体诊断测量,美国,0,2019,接收脑电图数据|提取特征|根据相关性确定脑电能量值|脑电能量|计算投影内容评估值,封闭环境中的投影内容评估,多个权重加权计算|脑电图能量值与指标之间的相关性,0.0
US7945865B2,G06F3,输入输出装置,美国,0,2006,基于在接收到输入后的预定时间段内事件相关电位的负向偏移量确定置信度|基于置信度确定要呈现给用户的内容|测量与用户脑电图事件相关电位相关的信号,信息处理系统|信息处理装置,事件相关电位的负向偏移量反映用户置信度,5.0
EP4531685A4,A61B5,身体诊断测量,欧洲专利局,0,2023,EEG监测和评估|事件相关电位(ERP)测量|诱发和诱导的EEG振荡(ERO)测量|诱发心率、HRV和脉搏容积响应分析,疲劳监测|监测|精神状态评估|认知测试,事件相关电位(ERP)原理|光电体积描记术原理|诱发和诱导的EEG振荡(ERO)原理,0.0
CN109846478A,A61B5,身体诊断测量,中国,1,2019,脑电图数据处理|脑电特征提取|计算全脑脑电激活指数|采集脑电信号数据,治疗效果评估,经颅直流电刺激调节大脑皮层神经元活动|脑电特征反映大脑皮层兴奋性,6.0
CN109846478B,A61B5,身体诊断测量,中国,1,2019,磁刺激|脑电图数据采集|脑电数据处理|脑电特征提取|计算全脑脑电激活指数,大脑皮层兴奋性检测|治疗效果评估,经颅直流电刺激对大脑皮层神经元活动的调节机制|脑电特征反映大脑皮层兴奋性,0.0
CN118925061A,A61N1,电疗器械,中国,1,2024,实时采集EEG信号并进行预处理|建立基线数据|提取注意力相关特征|生成神经调控策略并执行|训练注意力状态评估模型,注意力评估,基于脑电信号的注意力状态评估等级|非侵入式经颅电刺激神经调控,6.0
CN118925061B,A61N1,电疗器械,中国,1,2024,实时采集EEG信号并进行预处理|建立基线数据|提取注意力相关特征|生成神经调控策略并执行|训练注意力状态评估模型,注意力评估,基于脑电信号的注意力状态评估等级|非侵入式经颅电刺激神经调控,0.0
KR1020230096378A,A61B5,身体诊断测量,韩国,0,2021,基于所提取的δ波信号、θ波信号和α波信号评估认知功能|提取δ波信号、θ波信号和α波信号,认知功能评估,基于脑电波的认知功能评估,1.0
WO2024262759A1,A61B5,身体诊断测量,世界知识产权组织,0,2024,测量事件相关电位信号|计算锁相值,认知功能评估,脑电波锁相值反映认知功能,0.0
CN113392733A,G06K9,图像识别,中国,1,2021,共享公共特征提取器|基于标签对齐的多源域自适应|局部和全局表示的域间分布对齐|非共享子特征提取器|预处理,临床诊断|基于EEG的认知状态识别|应用领域,域间分布对齐|多源域自适应|标签对齐|跨被试特征学习,21.0
CN113392733B,G06K9,图像识别,中国,1,2021,分阶段使用共享公共特征提取器和非共享子特征提取器|基于标签对齐的多源域自适应|局部和全局表示的域间分布对齐,临床诊断|基于EEG的认知状态识别|应用领域,多源域自适应|标签对齐|跨被试特征学习,0.0
CN113993449A,A61B5,身体诊断测量,中国,1,2020,测量脑电图信号|生成评估输出|确定情绪或认知状态的特性|计算EEG信号带中的功率|评估心理健康状态,心理健康评估,基于所确定的特性评估心理健康状态|通过计算EEG信号带中的功率分析EEG信号,2.0
EP3962348A4,A61B5,身体诊断测量,欧洲专利局,0,2020,基于特征评估心理健康状态|布置传感器测量EEG信号|生成评估输出|确定指示情绪或认知状态的特征|计算EEG信号频带中的功率,心理健康评估,EEG信号频带中的功率特征与情绪或认知状态相关|θ波最大功率的定时方差与等待时间相关,0.0
US8494610B2,A61B5,身体诊断测量,美国,0,2008,快速傅里叶变换|数据清理器机制过滤响应数据|测量中枢神经系统、自主神经系统和效应器数据|跨模态响应合成,娱乐|营销,中枢神经系统、自主神经系统和效应器数据,76.0
CN101711388A,G06F17,数据处理,中国,1,2008,分析|增强|测量|滤波,娱乐|营销,中枢神经系统、自主神经系统和效应器数据,10.0
US8392253B2,G06Q30,商业交易系统,美国,0,2008,分析神经响应数据|选择目标刺激材料,娱乐|营销,神经生理学|神经行为学,106.0
WO2008137579A1,A61B5,身体诊断测量,世界知识产权组织,0,2008,储存使用的品种的数据模型|分析|可视化|报告生成|神经响应数据采集|高效查询,神经-信息学储存库系统,,69.0
JP2010522941A,G06Q10,管理资源系统,日本,0,2008,帧内模态响应增强|数据清洁|跨形态应答合成,娱乐刺激分析|营销分析,中枢神经系统、自主神经系统和效应器数据,6.0
US8392254B2,A61B5,身体诊断测量,美国,0,2008,分析消费者体验的组件|神经响应测量|结合其他数据进行分析,消费者体验评估,神经响应测量评估消费者体验,90.0
CN112043266A,A61B5,身体诊断测量,中国,1,2020,3D固定板贴合头皮|弹簧装配结构实现电极稳定安放|梳状电极梳开头发|轨道结构及轨道固定板提供滑行轨迹,脑电采集,根据被试颅骨形状扫描打印的3D固定板使电极与头皮具有更好的贴合性|类梳结构更易梳开头发避免头发被压于电极及头皮之间造成电隔离,4.0
WO2016166740A1,A61B5,身体诊断测量,世界知识产权组织,0,2016,可伸缩电极引脚|弹性帽支撑|支撑构件可枢转连接,脑电图学,支撑构件枢转适应头皮曲面|通过可伸缩电极引脚同时接触头皮表面,17.0
US12131659B2,G09B5,视听教学,美国,0,2023,以感官形式提供记录数据|将信号与记录数据部分配对|将记录数据表示为索引序列|收集神经信号|根据信号分类重新组织记录数据|测量并分析信号,个性化数据教育,用户响应于记录数据的提供而诱发的电神经信号反映生理反应,0.0
CN114981759A,G06F3,输入输出装置,中国,1,2021,将神经响应与调制相关|提供具有特征调制的视觉刺激|测量对视觉刺激的神经响应,脑机接口,视觉刺激的特征调制与神经响应的相关性,2.0
WO2021140247A1,A61B5,身体诊断测量,世界知识产权组织,0,2021,提供具有特征调制的视觉刺激|测量脑信号|相关性分析,脑机接口,视觉刺激的特征调制与神经反应的相关性,6.0
WO2020037332A3,G09B7,教学测试,世界知识产权组织,0,2019,分析脑电波信号的特性|检测脑电波信号|生成注意力得分|确定成绩分数|调整刺激,个体差异|注意力评估|神经反馈训练,基于注意力得分和表现得分的组合调整刺激,0.0
WO2021125693A1,A61B5,身体诊断测量,世界知识产权组织,0,2020,短距离无线通信发送脑电波信息|选择性地减小外皮构件的周向长度,脑电波测量,通过连接线的连接电连接到测量电极,0.0
CN107088065B,A61B5,身体诊断测量,中国,1,2017,将弹性皮套内的空气排出一部分|按压弹性皮套|通过弹性皮套的变形调整本体与头部的接触位置和角度,,弹性皮套,0.0
US20020188217A1,A61B5,身体诊断测量,美国,0,2002,分析|测量,检测参与特定组织、行为或犯罪活动|检测认知缺陷|营销评估|认知功能评估|评估认知障碍治疗的功效,脑指纹图谱,160.0
KR102397139B1,A61B5,身体诊断测量,韩国,0,2022,使用柔性材料形成中空结构|将检测部与导电性树脂的基部结合|插入钩部|添加辅助部件,脑电测量,可拆卸结构|导电树脂的导电性|柔性材料适应性,2.0
WO2022251696A1,G16H40,医疗设备信息,世界知识产权组织,0,2022,实时连续分类|稳态视觉诱发电位分类|训练神经网络|运动想象分类,脑机接口|虚拟现实系统,穿透表皮微针电极|软电子器件集成,8.0
US2019290157A1,A61B5,身体诊断测量,美国,0,2018,传送控制数据信号|关联存储用户偏好数据|确定控制指令|配置阶段获取场所标识,脑电图控制系统,用户偏好学习与利用,0.0
KR102239984B1,A61B5,身体诊断测量,韩国,0,2019,功能连接矩阵生成|图论分析|神经网络学习,癫痫症状信息提供,图论分析原理|神经网络检测|静止状态脑电波分析,0.0
US20090118636A1,A61B5,身体诊断测量,美国,0,2008,分类系统|判别函数|多变量分析|实时Z分数,全脑EEG神经反馈训练,参考或规范数据库|算法|统计相关性|规则集,26.0
US9901278B1,A61B5,身体诊断测量,美国,0,2015,,脑电图记录,锚定电极|限制应用深度,0.0
US2021022636A1,A61B5,身体诊断测量,美国,0,2019,嵌入电极|电接触,头戴式设备,电极与头皮接触|神经生理学,0.0
US7844324B2,A61B5,身体诊断测量,美国,0,2007,从时间序列获得另外的信号数据|施加对应于刺激的时间基准|构造有效的信号模型|测试信号模型是否在刺激之后仍然是有效信号模型,意识障碍评估,基于信号模型在刺激前后的有效性测试来指示反应性,32.0
US2021085207A1,A61B5,身体诊断测量,美国,0,2020,头套附着到头皮上|电活动操纵,脑电图测量,,0.0
KR101748133B1,A61B5,身体诊断测量,韩国,0,2015,凹形拱形设计|预设间隔间隔开,脑电图,反映头部曲率,0.0
US2022054032A1,A61B5,身体诊断测量,美国,0,2020,共模脑电图信号抑制滤波器电路抑制共模信号|有源干电极电路放大,,共模抑制,0.0
US6445940B1,A61B5,身体诊断测量,美国,0,2000,在接地电极上施加脉冲或电压阶跃,放置在患者的头皮上以检测EEG系统中的脑电波,干电极,44.0
GB2447640A,G06F17,数据处理,英国,0,2007,处理脑电信号|确定睡眠阶段,睡眠监测,导电织物表面区域0.25-2平方英寸|干电极检测EEG信号,30.0
CN119606388A,A61B5,身体诊断测量,中国,1,2023,向采集电极和参考电极施加电压并获取电压差|通过位置相邻的一个参考电极和至少一个采集电极构成每个感应电极组,头戴式设备,减少因采集电极与参考电极的距离较远而导致的其他生理电信号对脑电信号的检测干扰,1.0
US2015018705A1,A61B5,身体诊断测量,美国,0,2014,接收振幅整合脑电图和范围脑电图测量|根据SEF、aEEG和rEEG测量值确定神经特征|确定频谱边缘频率测量值,治疗系统|神经状态评估,,0.0
US10322295B2,A61N1,电疗器械,美国,0,2016,治疗协议生成|空间图生成|频谱分析,神经系统电磁治疗,电磁场刺激|神经网络频率选择,3.0
US5730146A,A61B5,身体诊断测量,美国,0,1994,传输|信号采集|分析|报告|统计比较,脑电图分析|远程医疗,统计比较|脑图分析|计算机增强和扩展,163.0
US11490851B2,A61B5,身体诊断测量,美国,0,2017,多模态诊断|数据处理|监测脑活动,神经治疗|神经状态评估|神经诊断,,0.0
WO2024246871A1,A61B5,身体诊断测量,世界知识产权组织,0,2024,与人口统计学值的比较|响应于特定刺激序列的大脑的跟踪的电活动|基于EEG响应评估|对每个认知功能进行评分|随时间重复的评估比较,认知功能评估|认知疾病评估,N100反应|P200反应|P300反应,1.0
WO02100241A2,,,世界知识产权组织,0,2002,处理脑电信号|检测脑中的信息,广告有效性评估|教育训练评估|脑功能评价|认知疾病评估,注意力、信息处理和存储器相关应答|脑波与认知功能相关,40.0
US20150026195A1,G06F17,数据处理,美国,0,2012,多次呈现多个研究对象的图像作为视觉刺激|用单个指标进行定量表示|线性判别分析|脑电波分析,市场研究,事件相关电位的脑波数据处理,10.0
CA2809827C,A61B5,身体诊断测量,加拿大,0,2011,测量由视觉刺激诱发的信号|确定主导情绪特征|重复暴露、接收和存储,心理特性评估,呈现刺激后大脑活动最初时刻获得的反应,0.0
US20230127669A1,A61B5,身体诊断测量,美国,0,2022,处理信号以形成数字数据|多模式诊断|监测脑活动,神经治疗|神经诊断,,0.0
US20170258389A1,A61B5,身体诊断测量,美国,0,2017,多模态诊断|数据处理|监测大脑活动,神经治疗|神经状态评估|神经诊断,,40.0
US5363858A,A61B5,身体诊断测量,美国,0,1993,分析脑反应的多个特征|呈现刺激|检测、分析和应用记忆和编码相关多面脑电图响应|记录电生理脑反应,指挥计算机和机械设备,值得注意的刺激引发特定脑响应|响应与已知刺激的响应比较|响应在频域中的特征变化,175.0
US20100016753A1,A61B5,身体诊断测量,美国,0,2009,传输|处理|实时接收|捕获|显示|记录,便携式神经反馈,视觉反馈,35.0
US10390722B2,A61B5,身体诊断测量,美国,0,2014,分类分析|施加不同类型可感知的刺激|设置智力任务,,脑电图数据,1.0
US20190110726A1,A61B5,身体诊断测量,美国,0,2017,基于贝叶斯网络的框架|概率评估|比较预测的认知状态与实际的认知状态,任务执行过程中的认知状态分析|认知任务,生理响应测量认知状态|贝叶斯网络概率推理,10.0
US20150079578A1,G09B7,教学测试,美国,0,2013,定量脑电图(qeeg)|开发算法|绘制可视化图表|统计分析|计算分数,咨询|商业|教育,脑图分析|通过独立测试进行统计分析验证,106.0
US8224433B2,A61B5,身体诊断测量,美国,0,2009,MRI|基于数据库的工具|定量脑电图(QEEG)|相对于参考集有效地比较神经生理学信息|记录电生理脑反应,精神障碍治疗|远程医疗,利用神经生理学信息与精神障碍诊断方案的相关性较弱,26.0
US2024211033A1,G06F3,输入输出装置,美国,0,2019,佩戴在用户头部区域|测量由视觉刺激诱发的信号,用户头部区域,参考信号|干电极接触皮肤测量信号,0.0
JP2017076193A,G06T7,图像分析,日本,0,2015,基于相关度识别对象类别|提取视觉特征向量|生成基于受试者脑活动模式估计的估计视觉特征向量,脑功能评价,视觉特征向量与估计视觉特征向量之间的相关度,27.0
US20150112409A1,A61N1,电疗器械,美国,0,2014,处理与一个或多个已知数据集相关的数据|接收和获取患者数据|确定良好匹配的触发特定治疗方案|递送神经调节和生物反馈|重新迭代拟合优度确定,临床应用,拟合优度确定,56.0
US20150051663A1,A61N1,电疗器械,美国,0,2014,处理与一个或多个已知数据集相关的数据|接收和获取患者数据|确定良好匹配的触发特定治疗方案|递送神经调节和生物反馈|重新迭代拟合优度确定,临床应用,拟合优度确定,30.0
US12611132B2,A61B5,身体诊断测量,美国,0,2024,处理|显示|神经信号采集,指导诊断和治疗行动|脑机接口,薄膜皮层表面电极记录神经组织而不损伤这些组织,0.0
US2018184936A1,H04M1,电话设备,美国,0,2017,反馈信号|奖励确定|脑电信号采集|频率分布,神经反馈训练,当第一频带内脑电波信号量满足第一标准时确定奖励,0.0
US11751796B2,A61B5,身体诊断测量,美国,0,2017,反馈信号|奖励确定|脑电信号采集|频率分布,视频游戏,第一频带内脑电波信号量满足第一标准|频率分布,3.0
US20130185142A1,G06Q30,商业交易系统,美国,0,2012,基于神经响应数据确定共振|神经响应数据确定|脑电图数据收集|识别对象的精神行为属性|选择位置以包括广告,媒体内容分析|广告投放|广告时段的内容选择,脑电图数据,63.0
IN202441101346A,G06F3,输入输出装置,印度,0,2024,原型设计和开发|校准|用户测试|系统集成|练习会话,计算机导航,眼动追踪|脑机接口,0.0
WO2021086218A1,G06T1,图像处理基础,世界知识产权组织,0,2019,将当前模式与参考模式进行比较|校准系统以识别参考模式和信息特征|训练卷积人工神经网络,人脑与计算机之间的通信领域（脑机接口）|视觉分类任务,卷积人工神经网络识别所显示的视觉刺激|脑电信号处理,2.0
KR102492342B1,G06T11,图像生成,韩国,0,2021,改变潜在向量|脑电图数据收集|输入到基于神经网络的生成器|输出潜在向量,面部图像生成,正脑电图和负脑电图,0.0
KR102670028B1,A61B5,身体诊断测量,韩国,0,2022,使用学习的神经网络模型输出确定大脑活动类型的结果|使用脑电图分支提取脑电图特征|提取功能性近红外光谱特征|提取合成特征|收集脑电图信号和功能性近红外光谱信号,脑机接口系统,功能性近红外光谱引导注意力层|卷积层|基于脑电图特征和合成特征输出结果,0.0
KR20230120957A,A61B5,身体诊断测量,韩国,0,2022,fnirs特征提取|使用包括多个顺序连接的卷积层和功能性近红外光谱引导注意力层的合成分支基于脑电图信号和功能性近红外光谱信号提取合成特征|使用包括多个顺序连接的卷积层的脑电图分支从脑电图信号中提取脑电图特征|使用脑电图信号和功能性近红外光谱信号从学习的神经网络模型输出确定大脑活动类型的结果|基于脑电图特征和合成特征输出确定大脑活动类型的结果,脑机接口系统,功能性近红外光谱引导注意力层|卷积层|神经网络,0.0
US2023248317A1,A61B5,身体诊断测量,美国,0,2022,从EEG信号提取EEG特征|从fNIRS信号提取fNIRS特征|基于EEG信号和fNIRS信号提取融合特征|基于EEG特征和融合特征输出确定脑活动类型的结果|收集EEG信号和fNIRS信号,,神经网络,0.0
KR1020230120957A,A61B5,身体诊断测量,韩国,0,2022,使用EEG信号和fNIRS信号输出从学习的神经网络模型确定大脑活动的类型的结果|利用合成分支在脑电信号和fNIRS信号的基础上提取合成特征|收集EEG信号和fNIRS信号|采用fNIRS分支从fNIRS信号中提取fNIRS特征|采用脑电支路从脑电信号中提取脑电特征,脑机接口(BCI)系统,fNIRS分支包括多个依次连接的卷积层|合成分支包括多个依次连接的卷积层和fNIRS引导注意力(FGA)层|基于脑电特征和合成特征确定大脑活动类型|脑电支路包括多个依次连接的卷积层,6.0
US20060161072A1,A61B5,身体诊断测量,美国,0,2006,同时显示|监视患者状态并发送图像信息|脑电图监测|通过通信网络传输,脑电图测量,,13.0
US7460905B2,A61B5,身体诊断测量,美国,0,2006,同时显示脑电图信息和图像信息|监视患者状态以发送图像信息|脑电图监测,脑电图测量,,17.0
US20130332259A1,A61B5,身体诊断测量,美国,0,2013,事件相关电位测量计算|神经响应数据确定,娱乐|广告,事件相关电位|微分事件相关电位,58.0
CN115736920B,A61B5,身体诊断测量,中国,1,2022,多模态深度神经网络|最优模型识别|特征提取|特征融合,大范围筛查|抑郁状态识别,多模态融合|深度学习算法,0.0
CN115736920A,A61B5,身体诊断测量,中国,1,2022,多模态深度神经网络|机器学习技术|模态融合|特征提取|特征融合,大范围筛查|抑郁状态识别,多模态融合|深度学习机制,13.0
CN110602852A,H05B37,照明控制,中国,1,2019,编译灯光控制信号|脑电波信号处理|视频信号解析|音频信号解析,家庭影院,,16.0
CN121943344A,A61B5,身体诊断测量,中国,1,2025,LSTM网络解码|动态归一化处理|时间对齐|滑动步长|特征提取,脑机接口信号处理,独立优化器和参数|统一时间窗口和滑动步长|统计量随输入数据变化更新,0.0
CN110251124A,A61B5,身体诊断测量,中国,1,2019,FCM模型映射|小波变换|权值训练|频率分解,大脑皮层活动监测|脑网络分析,FCM模型|有效性脑网络模型|稳态脑网络,10.0
CN121287143A,A61B5,身体诊断测量,中国,1,2025,构建EEG-fNIRS多模态分类网络|构建EEG单模态网络|构建fNIRS单模态网络|构建训练数据集|预处理,脑机接口分类系统领域,脑电信号处理,0.0
KR20210090900A,G06F3,输入输出装置,韩国,0,2020,中继建立数据会话连接|从AR镜子内容中包含的多件衣服中提取选择信息|基于BCI的AR镜子信息提供服务器响应请求并发送开始传输命令|接收EEG信息并分析与视觉信息相对应的EEG信息,增强现实智能镜系统,脑机接口（BCI）技术,1.0
US10966625B2,A61B5,身体诊断测量,美国,0,2017,检测电图信号的第一特征和第二特征|测量脑活动|确定相位-振幅耦合的测量值|脑电信号处理|脑电图监测,植入式医疗设备,低频振荡与高频振荡的耦合|相位-振幅耦合,0.0
US20220101997A1,G16H50,医学决策支持,美国,0,2020,应用神经网络|生成时域表示|转移学习,心理健康评估,时域表示|神经网络|频域表示,5.0
US20070255127A1,A61B5,身体诊断测量,美国,0,2007,分配导电凝胶到导电基底附近|加压探头加压使导电基底朝向头皮,脑电图数据采集诊断,导电凝胶促进电通信|导电基座与头皮电连通检测EEG信号,80.0
WO2008115189A2,A61B5,身体诊断测量,世界知识产权组织,0,2007,分配电导电凝胶|加压探针强制电导电基座朝向头皮,脑电图数据收集|诊断,导电凝胶促进电通信,6.0
US2022015657A1,G06N3,神经网络,美国,0,2020,孪生神经网络处理|将网络输出提供给下游神经网络|生成网络输出,心理健康评估,孪生神经网络,0.0
KR20220064851A,G06F3,输入输出装置,韩国,0,2020,形成数据库|提取图像特征|提取特征|映射脑电图特征与图像特征|生成思维导图|获取脑电图识别数据,人机识别系统,生成对抗网络(GAN)|神经网络|长短期记忆模型(LSTM)编码器网络,0.0
CN118830845A,A61B5,身体诊断测量,中国,1,2024,图论分析|数据处理|数据收集|构建功能脑网络|诊断和评估,抑郁症辅助诊断,图论特征分析|相位锁定指数,2.0
KR20260011017A,G06N3,神经网络,韩国,0,2024,提取本体感觉数据|模型训练|预处理,手部运动轨迹恢复,言语想象生物信号和音素信息恢复学习,0.0
CN106709244A,G06F19,医疗信息处理,中国,1,2016,EEG信号预处理|fMRI信号预处理|主成分分析|典型相关分析|提取各脑区的BOLD信号|提取带限能量信号并构建回归项|脑功能网络建模,神经信号处理研究领域|静息态脑功能研究,主成分分析|典型相关分析|静息态同步EEG-fMRI,36.0
KR20190130808A,A61B5,身体诊断测量,韩国,0,2018,CNN网络|LSTM模块|特征融合|频谱图图像转换,情感分类,通过考虑EEG特征和面部图像特征的动机进行特征融合,28.0
US2019175040A1,A61N1,电疗器械,美国,0,2017,检测第一特征和第二特征|测量脑活动|确定相位-幅度耦合度量|脑电信号处理|脑电图监测,植入式医疗设备,低频振荡与高频振荡的耦合|相位-幅度耦合,0.0
KR20200030937A,A61B5,身体诊断测量,韩国,0,2018,倒谱运算|机器学习|神经网络学习,,倒谱系数与注意力指数的相关性,0.0
KR102184325B1,A61B5,身体诊断测量,韩国,0,2018,倒谱技术|倒谱运算|机器学习|神经网络,,倒谱系数与集中指数的相关性,0.0
US2022015659A1,G06K9,图像识别,美国,0,2020,使用神经网络处理脑电图数据的时频表示|提供给下游神经网络|深度学习|生成嵌入,心理健康评估,时频表示|神经网络嵌入,0.0
CN109770896A,A61B5,身体诊断测量,中国,1,2019,基于深度神经网络的fMRI解析模型|确定梦境状态|神经网络特征匹配计算|获取测试fMRI数据|采集脑电数据,图像分类|图像检测,概率判别|深度神经网络解析,5.0
CN106691378A,A61B5,身体诊断测量,中国,1,2016,卷积神经网络|学习脑电图|脑电图数据采集|脑电图特征提取|自动分类|递归神经网络,图像分类|视觉分类任务,基于人类大脑的特征执行自动化视觉分类|视觉对象刺激因素诱发的脑电图数据联合递归神经网络学习,49.0
CN113288147A,A61B5,身体诊断测量,中国,1,2021,上传CSV格式完整EEG信号数据|动态改变范式难度|反馈给Web移动智能终端进行可视化显示|处理并存储|实时采集EEG信号,脑功能评价|轻度认知障碍患者的康复训练,神经反馈,16.0
CN105816170A,A61B5,身体诊断测量,中国,1,2016,NIRS-EEG双模态脑功能检测|数据处理|数据波形显示|移动互联网数据传输|蓝牙信号传输,精神分裂症评估,NIRS与EEG技术实时获取脑功能信息,31.0
US12138064B2,A61N1,电疗器械,美国,0,2021,处理脑信号|检测第一特征和第二特征|测量脑活动|监测电描记信号|确定相位-振幅耦合的测量值,可植入医疗装置,低频振荡与高频振荡的耦合|相位-振幅耦合,0.0
US5846208A,A61B5,身体诊断测量,美国,0,1997,使用神经网络确定输出数据值|分配数据值|确定训练向量|获取EEG数据|训练神经网络|识别伪影,医疗目的,数据簇|神经网络,200.0
CN103325119A,G06T7,图像分析,中国,1,2013,功能连接度分析|提取频段内时间维度信息|提取默认态脑网络空间信息|模态融合|预处理,默认态脑网络中心节点检测,基于模态融合|脑区间功能连接度分析|默认态脑网络空间信息引导MEG时间维度信息提取,17.0
US10588561B1,A61B5,身体诊断测量,美国,0,2018,合并非并发EEG数据和RSfMRI数据|自动映射|非侵入性处理,切除神经外科手术|外科规划|映射癫痫网络,创建患者的功能脑网络|映射患者的癫痫/癫痫发作网络,25.0
CN118335312A,G16H50,医学决策支持,中国,1,2024,基于卷积和注意力机制的神经网络|特征融合|神经网络提取临床特征|神经网络提取特征,DOC患者类型区分|意识水平评估,临床特征|多模态特征融合|微状态特征|脑活动时频特征,6.0
IN202541058441A,G06N3,神经网络,印度,0,2025,卷积神经网络（CNN）|浅层卷积网络|深层卷积网络|深度学习|裁剪训练,辅助技术|运动康复,Dropout|批量归一化,0.0
US2022354411A1,A61B5,身体诊断测量,美国,0,2020,L1正则化约束|T-wMNE算法|分类器训练和测试|多通道EEG测量|建立脑网络|提取θ、α、β和γ节律|提取运动相关皮层电位(MRCP)|源定位|短时滑动窗口|确定导联场矩阵|统计检验|计算网络邻接矩阵|计算脑网络指标|计算锁相值(PLV)|逐次超松弛迭代|预处理,自然运动脑电图识别,T-wMNE算法|源定位|脑网络|逐次超松弛|锁相值(PLV),0.0
CN111528836A,A61B5,身体诊断测量,中国,1,2020,DDTF算法|串行融合|共平均参考|导联优选|支持向量机,MI-EEG特征提取|运动想象脑功能网络,动态定向传递函数|脑功能网络演化,2.0
CN111528836B,A61B5,身体诊断测量,中国,1,2020,DDTF算法|串行融合|共平均参考|导联优选|支持向量机,MI-EEG特征提取|运动想象脑功能网络,动态定向传递函数|脑功能网络演化,0.0
US20130150748A1,A61B5,身体诊断测量,美国,0,2011,模糊逻辑推理器合并EEG参数|神经网络在线实时估计模型参数|药物相互作用模型,意识水平评估,药物效应相互作用,15.0
CN119344734A,A61B5,身体诊断测量,中国,1,2024,双域深监督特征融合网络|时间注意模块|深度监督模块|特征融合模块|线性回归算法|频谱残差模块,飞行员注意力监测,PERCLOS值作为注意力水平量化指标|深度监督增强网络对特征细节的捕捉能力,0.0
CN119344734B,A61B5,身体诊断测量,中国,1,2024,分析EEG信号时序数据和频谱数据|基于EOG信号计算PERCLOS值|时间注意模块|构建双域深监督特征融合网络|深度监督模块|特征融合模块|采集EEG和EOG信号|频谱残差模块,飞行员注意力监测,深度监督|特征融合|线性回归,0.0
CN114947882A,A61B5,身体诊断测量,中国,1,2022,SVM分类|傅里叶变换|全连接层|卷积池化|卷积神经网络,大脑疲劳检测,DenseNet特征提取|SVM代替softmax层,5.0
CN118537654A,G06V10,图像特征提取,中国,1,2024,任务导向的特征适配网络|多视角特征表达及优选|时空视角特征提取网络|时频域视角特征提取网络|空间视角特征提取网络,脑-计算机交互作用,二维时频图像|基于大脑电极通道的功能连通性,5.0
US6272378B1,A61B5,身体诊断测量,美国,0,1999,特征压缩EEG信号|神经元网络分类|预处理,睡眠简档确定,互相关函数测量,183.0
KR20030017124A,A61B5,身体诊断测量,韩国,0,2001,EEG特征提取|FFT分析|FHSS接收|数字信号处理|数字滤波,RC汽车模型|玩偶|玩具,EEG参数与EOG参数组合|脑电波远程控制,22.0
WO2025189195A1,A61B5,身体诊断测量,世界知识产权组织,0,2025,合并并训练神经网络|基于观察到的模式与已知的新生儿癫痫发作模式之间的相关性|将EEG信号处理成多个频带,新生儿癫痫检测,模式相关性分析|神经网络检测数据异常,0.0
EP3718473A4,A61B5,身体诊断测量,欧洲专利局,0,2018,模型构建|特征值计算|计算脑网络值|评估相关性,脑网络活动估计,基于模块特征值与脑网络图像特征值的相关性,0.0
WO2019102901A1,A61B5,身体诊断测量,世界知识产权组织,0,2018,模型构建|特征值计算|计算每个模块的输出值|计算脑网络值|评估相关性,,基于模块特征值与脑网络图像特征值的相关性|网络活动估计,2.0
IN202521049991A,A61B5,身体诊断测量,印度,0,2025,人工智能驱动的多模态神经生理学询问|无线传输使用Wi-Fi|本地处理同步初始特征提取|深度神经网络（DNN）|蓝牙数据聚合,人机交互（HCI）|心理监测|教育|营销|驾驶员安全应用,DNN通过多模态输入分类情感|脑电活动模式涉及认知和情感过程|血管收缩与唤醒水平相关|面部表情是情感的有力指标,0.0
JP2019093008A,A61B5,身体诊断测量,日本,0,2017,同时测量和采集功能磁共振成像脑的测量数据|模型构建|特征值计算|评估特征之间的相关性,脑活动解码,网络活动估计,11.0
JP2019093008A5,A61B5,身体诊断测量,日本,0,2017,模型构建|特征值计算|计算每个特征量的脑的功能磁共振成像|评估特征之间的相关性,脑活动解码,在网络上表示网络模块的多个特定活动|基于输出值确定定义模型的参数,0.0
CN110188836A,G06K9,图像识别,中国,1,2019,分类器融合|双回归分析|多层感知器网络|深度变分自编码器,脑功能网络分析,变分自编码器|特征提取,32.0
CN119440250A,G06F3,输入输出装置,中国,1,2024,P300检测|多尺度卷积神经网络|多模态特征提取|多模态目标识别网络|眼动跟踪检测|预处理,意识障碍辅助交流,P300电位|多模态BCI|眼动追踪,1.0
WO2017008926A1,G06K9,图像识别,世界知识产权组织,0,2016,根据相似性参数对连接网络进行分组|确定皮层源之间的连接性|脑电图监测,认知任务,脑网络动态重组,5.0
KR20200142441A,A61B5,身体诊断测量,韩国,0,2019,利用皮层功能脑网络测量|应用错误发现率方法|根据节点数量分类严重程度|获取显著差异值|计算脑网络值,脑部障碍部位测量|重度抑郁症严重程度分类,功能网络连接程度和强度分析|频带上的显著差异分析,5.0
EP3320480A1,G06K9,图像识别,欧洲专利局,0,2016,根据相似性参数对连接网络进行分组|确定皮层源之间的连接性|脑电图监测,认知任务,皮层源连接性分析|连接网络分组,0.0
CN110236534B,A61B5,身体诊断测量,中国,1,2019,实验设计与EEG数据记录|建立EEG相关性网络|绘制网络状态弹性图|计算不同状态下网络的拓扑特征|量化计算专注力,企业招聘|心理测试|核心任务能力评估,注意力的弹性恢复机制|脑电相关性网络弹性,0.0
CN110236534A,A61B5,身体诊断测量,中国,1,2019,实验设计与EEG数据记录|建立EEG相关性网络|绘制网络状态弹性图|计算不同状态下网络的拓扑特征|量化计算专注力,企业招聘|心理测试|核心任务能力评估,注意力的弹性恢复机制|脑电相关性网络弹性,4.0
CN113558635A,A61B5,身体诊断测量,中国,1,2021,实时采集脑电EEG信号数据|演化整体特征和演化关键特征的函数量化|脑功能网络构建,神经性耳聋病人脑功能网络演化评估,脑功能网络演化,2.0
CN113558635B,A61B5,身体诊断测量,中国,1,2021,实时采集脑电EEG信号数据|演化整体特征和演化关键特征的函数量化|脑功能网络构建,神经性耳聋病人脑功能网络演化评估,脑功能网络演化,0.0
CN116153522A,G16H50,医学决策支持,中国,1,2023,构建皮质-肌肉-皮质网络图|训练预测模型|预测TMS治疗评估信息,TMS治疗评估|医疗设备展示,皮质-肌肉-皮质网络图,2.0
KR102146973B1,G06N3,神经网络,韩国,0,2018,标签修改|模型训练|脑电信号处理|运动信号处理,脑机接口|运动意图识别,人工神经网络|多模态信号融合,1.0
CN120852569A,G06T11,图像生成,中国,1,2025,多粒度音质模板编码的扩散网络|生成重建图像|训练|预处理,视觉想象,多粒度音质模板编码|扩散网络生成,0.0
CN120852569B,G06T11,图像生成,中国,1,2025,多粒度音质模板编码的扩散网络|生成重建图像|获取想象图像的脑电|预处理,视觉想象,多粒度音质模板编码|扩散网络生成,0.0
CN114677379A,G06T7,图像分析,中国,1,2022,获取模糊集|计算LOSS函数历史值均值|计算震荡稀疏编码图像与每个稀疏编码图像的相似性|训练分类器|输出标注图像|采集历史脑电图波形图像进行压缩|重新构建神经网络的LOSS函数,神经科学研究|脑电图测量,基于稀疏编码图像相似性分析|通过重新构建LOSS函数提升神经网络识别精确度,2.0
CN114677379B,G06T7,图像分析,中国,1,2022,获取模糊集|计算LOSS函数历史值均值|计算相似性|训练分类器|采集历史脑电图波形图像进行压缩|重新构建LOSS函数,神经科学研究|脑电图测量,基于稀疏编码的图像特征提取|通过LOSS函数重构提升识别精度,0.0
US20090024049A1,A61B5,身体诊断测量,美国,0,2008,多模态数据融合|跨模态响应合成|面部情绪编码措施与脑电图结合,刺激,多模态数据对齐与组合|跨模态合成,146.0
US20090024447A1,G06F19,医疗信息处理,美国,0,2008,快速傅里叶变换|数据收集|数据清理|跨模态响应合成,娱乐|营销,测量和分析中枢神经系统、自主神经系统和效应器数据,147.0
WO2009018374A1,A61B5,身体诊断测量,世界知识产权组织,0,2008,分析|神经-响应数据收集,刺激,神经-应答的刺激和刺激属性共振,75.0
JP2010537738A,A61B5,身体诊断测量,日本,0,2008,成分分析|神经响应测量|结合其它数据和分析,消费者体验评估,神经响应评估,2.0
US20110046473A1,A61B5,身体诊断测量,美国,0,2009,fMRI信号采集触发|分析|收集|数据清理,娱乐材料评估|营销评估,区域特异性神经活动|血流动力学响应,151.0
US20100249636A1,A63F9,桌面游戏,美国,0,2009,测量神经响应,电子游戏,,116.0
CN116400802A,G06F3,输入输出装置,中国,1,2023,多模态信息编码|情绪分类模型|提取图像特征|提取音频特征|特征拼接|特征融合|脑电特征提取,人机交互|虚拟现实设备,多模态分析|多模态特征在语义空间中对齐,14.0
US20210250638A1,H04N21,视频分发,美国,0,2021,比较预测结果|确定使用视口|获取头移动数据|获得信号|预测第一预测期望观看端口|预测第二预测期望观看端口,全景视频流|脑-计算机交互作用,基于大脑活动预测视口|基于头部运动预测视口,1.0
CN114091599A,G06K9,图像识别,中国,1,2021,分类|拼接|深度卷积神经网络|预处理|预训练情绪识别模型,情绪识别,模态间密集交互,5.0
EP2964084A4,A61B5,身体诊断测量,欧洲专利局,0,2014,同时记录多个数据流|构建候选特征提取的数据流,生理脑健康的评估,多模态生理评价,0.0
JP2016513497A,A61B10,采样及活体检查,日本,0,2014,同时记录多个数据流|多模态诊断|构建候选特征提取,脑电生理健康评估,二维数据流(x(t)，y(t))的认知信息|多模态识别,2.0
WO2021001851A1,G06N20,机器学习,世界知识产权组织,0,2020,呈现测试刺激|导出情感特征|导出认知特征|捕获脑电信号|捕获面部图像|构建训练数据集|训练系统,用户对刺激的响应测量,面部数据与脑电信号关联,1.0
KR102832583B1,G06F3,输入输出装置,韩国,0,2020,基于神经信号确定用户的焦点|将特征调制应用于视觉刺激的高空间频率分量|接收神经信号|施加刺激序列|检测精神状态,视觉脑机接口,神经信号包含与视觉注意力指向的视觉刺激的特征调制相关的信息|神经反应,0.0
IN202541056438A,A61B5,身体诊断测量,印度,0,2025,功能磁共振成像|捕获脑电信号|离散小波变换|结构MRI空间共同配准|面部肌电图量化,情绪表达相关神经机制研究|面部表情诱发的大脑反应分析,体素血氧水平依赖性对比|多分辨率子带分解|毫秒级皮质电位记录|瞬态分量和振荡分量保留,0.0
IT201900007407A1,,,其他,0,2019,导电材料传输电信号|弹性装置推动调节倾斜度|连接方式,生物电信号测量,弹性装置由导电材料构成或包括导电材料，用于传输电信号|锥形通孔与细长元件接合实现旋转和滑动,0.0
CN105592788A,A61B5,身体诊断测量,中国,1,2014,与多模态特征谱相关联|同时记录多个数据流|后续分析|多模态生理评估|构造候选特征,脑健康评估|脑疾病诊断,多模态特征谱关联,23.0
CA2904264A1,A61B5,身体诊断测量,加拿大,0,2014,候选提取的特征|同时记录多个数据流生物信号测量|后续分析|相关的多模态签名来识别,生理脑健康的评估,二维数据的流(x(t))，Y(t))的认知信息|多模态生理评价,1.0
AU2014225626B2,A61B5,身体诊断测量,澳大利亚,0,2014,分析生物信号|同时记录多个数据流|多模态特征融合|构建候选特征提取的数据流,生理脑健康的评估,二维数据流(x(t)，y(t))的认知信息|多模态形状因素,0.0
WO2016080341A1,A61B5,身体诊断测量,世界知识产权组织,0,2015,三维压缩EEG数据|刺激选择|可视化处理,认知感观刺激相关的处理|评价对象的分布在二维平面或三维可视化,脑活动与感观刺激相关的认知处理,5.0
WO2025141520A1,G06N20,机器学习,世界知识产权组织,0,2024,确定推断|训练机器学习模型|输入EEG数据和环境数据到机器学习模型,脑电信号处理,机器学习,0.0
US12380193B2,G06F18,模式识别,美国,0,2024,基于推断改变计算机程序操作|训练机器学习模型|输入脑电图数据和环境数据到机器学习模型,用户校准|脑电信号处理,脑活动解码,0.0
US12386938B2,G16H40,医疗设备信息,美国,0,2024,改变计算机程序的操作|确定与神经活动相关的推断|训练机器学习模型|输入脑电图数据和环境数据到机器学习模型,用户认证,神经活动与生物特征模板相关,0.0
CN119069081A,G10L25,语音处理,中国,1,2024,多模态情绪分析算法|实时处理和分析多模态数据|深度学习模型|融合脑电波、图像和音频三种模态的数据,心理测试|情绪分析技术领域,多模态特征融合|实时数据分析,2.0
CN119357784A,G06F18,模式识别,中国,1,2024,信号处理|卷积编码|多模态信息编码|多模态卷积神经网络|深度卷积神经网络模型的图像分析|稀疏交互融合,智能识别领域,多模态识别|稀疏交互融合特征,1.0
CN118312857A,G06F18,模式识别,中国,1,2024,傅里叶变换|基于Adaboost的算法|多模态集成算法|提取梅尔频率倒谱系数|深度学习模型,,功率谱密度剖面|多模态特征融合|情绪分类|梅尔频率倒谱系数提取|面部特征检测,9.0
CN113095428B,A61B5,身体诊断测量,中国,1,2021,利用神经网络进行分类|基于注意力机制的多模态信息融合方法|提取视频特征|构建刺激源-脑电信号数据集|训练融合向量分类模型,视频情感分类,多模态特征融合|注意力机制|神经网络,0.0
CN203914913U,A61B5,身体诊断测量,中国,1,2014,交叉布置经线带和纬线带|干电极设置于经线带和头部固定带,诊断目的测量领域,,13.0
IN202521116153A,A61B5,身体诊断测量,印度,0,2025,基线消除预处理|带通滤波|归一化|数据融合|机器学习分类|特征提取|独立成分分析去除伪迹,神经计算|计算机视觉应用技术领域,几何特征|时间特征|纹理特征|非线性特征|频率特征,0.0
US10824933B2,G06N3,神经网络,美国,0,2017,关联神经响应与刺激响应映射数据库|创建解决方案模型|创建逻辑矩阵|接收神经响应|提供预定义的神经刺激|神经响应分析,任务执行,基于相关性确定偏差和偏好,0.0
CN114795209A,A61B5,身体诊断测量,中国,1,2022,分类|多模态情绪检测|拆分|滤波|特征提取|特征融合|降采样,情绪检测,多端架构,5.0
IN202511080092A,A61B5,身体诊断测量,印度,0,2025,Transformer模型|图神经网络（GNN）|多模态传感器融合|实时反馈调整参数|自我进化的人工智能模型,定制认知训练|心理监测|脑机交互,分析时间脑活动变化|持续适应个体脑波模式|捕获复杂空间脑连接,0.0
CN119949829A,A61B5,身体诊断测量,中国,1,2024,低秩矩阵分解|多模态卷积神经网络|异构图卷积通路路径编码|异步时间序列跨模态对齐|组水平对齐|轻量化跨模态融合,情绪障碍识别,多模态特征的低秩矩阵分解|异构图卷积编码|神经激活通路对齐,5.0
CN113095428A,G06K9,图像识别,中国,1,2021,多模态数据融合|提取脑电信号特征|提取视频特征|构建刺激源-脑电信号数据集|神经网络全连接层预测|训练融合向量分类模型,视频情感分类,多模态特征融合|注意力机制|神经网络,37.0
WO2023033647A1,A61B5,身体诊断测量,世界知识产权组织,0,2022,刺激响应振幅权重加权|确定数学模型|脑电信号获取|获得刺激数据,人的感觉能力评估|心理健康评估|神经状态评估,刺激数据与刺激响应的卷积|脑电波信号等于空间模式的和乘以神经源活动因子,2.0
US20040143170A1,A61B5,身体诊断测量,美国,0,2003,心理生理信号处理|虚拟现实系统呈现刺激|计算机自适应系统,个体筛选|欺骗检测|用户认证|识别,刺激引发特定可测量响应|心理和身体活动确定意图,143.0
CN111616721A,A61B5,身体诊断测量,中国,1,2020,建立情绪EEG脑电信号与情绪之间的关系模型|深度学习|脑机接口,情绪状态监测,情绪EEG脑电信号与情绪之间的关系模型,58.0
CN120849913A,G06F18,模式识别,中国,1,2025,同步采集|时间对齐|特征提取|联合降维映射|预处理,脑信息分析,多模态特征的低秩矩阵分解|联合降维映射|跨模态神经信号降维,3.0
CN117058514B,G06V10,图像特征提取,中国,1,2023,图论分析|多模态数据融合|模型训练,脑活动解码,图神经网络|多模态融合,0.0
KR101618275B1,A61B5,身体诊断测量,韩国,0,2014,根据各个脑区的脑电活动的|根据相关区域的脑带|测量对象相对于明显不同的刺激不同介质的正面和分析反应的特点,分析EEG响应视频媒体立面的刺激,脑电信号,4.0
KR102247100B1,A61B5,身体诊断测量,韩国,0,2019,二进制分类|多变量经验模式分解,情感识别|情绪分析,多变量模糊熵(MVFE)|多变量经验模式分解(MEMD)|正/负整数(唤醒)和/或正/负整数(化合价)的二进制分类,0.0
CN121730843B,A61B5,身体诊断测量,中国,1,2025,优化算法求解调控参数|信号处理获取纯净信号|动态调整权重|同步调度多模态刺激频率与相位|实时反馈调整参数|构建多模态参数耦合优化模型|构建跨模态冲突规避机制|脑电特征提取|计算协同增益态修正耦合与互补系数|跨模态互补修正|采集脑电信号,医疗设备技术领域|认知障碍治疗,协同增益|多模态协同|安全与耦合约束|振荡诱发神经调控,0.0
US20160196765A1,G09B19,教学科目,美国,0,2015,去/不去任务|反馈回路|多模式神经反馈|测量数据收集与处理,注意力训练,反馈回路控制应用程序|基于运动的反馈|神经反馈,43.0
ATE1793294T1,G06N3,神经网络,其他,0,2016,呈现候选图像区域作为视觉刺激|处理神经生理信号|将计算机视觉程序应用于图像|识别神经生理事件,图像分类|脑机接口,基于神经生理事件的识别确定目标存在,0.0
WO2015044851A2,A61B5,身体诊断测量,世界知识产权组织,0,2014,时间戳标记,,,73.0
US2023368684A1,G09B1,教学器具,美国,0,2023,以感官形式提供记录数据|将信号与记录数据部分配对|将记录数据表示为索引序列|按照信号分类重新组织记录数据|测量神经信号|获取电神经信号,个性化数据教育系统,信号分类|内感受|认知处理,0.0
CN121287145A,A61B5,身体诊断测量,中国,1,2025,下采样|全局平均池化|全连接层生成频段权重|共享特征层|动态损失权重优化|参数化超矩阵全连接层|多任务学习框架|带通滤波|提取功率谱密度特征|提取差分熵特征|映射到标准化的空间网格|生成统一结构的特征张量|矩阵分解和重构|神经信号处理|频带融合注意力机制,情绪识别,多任务学习|特征压缩与建模,2.0
US2020077902A1,A61B5,身体诊断测量,美国,0,2019,测量神经数据与传感器数据之间的对应性|测量神经数据对应性,神经活动监测,系统状态,0.0
KR102275436B1,A61B5,身体诊断测量,韩国,0,2020,情感信息输出|提取模态特征|注意力权重|输入到多模态攻击网络,情绪识别系统,多模态融合|注意力机制,37.0
CN108056774A,A61B5,身体诊断测量,中国,1,2017,神经网络训练测试|结合自我评估及训练测试结果|获取情感诱发素材|采集基线信号|随机选取刺激材料刺激被试者,情绪识别,刺激模式,36.0
WO0101856A1,A61B5,身体诊断测量,世界知识产权组织,0,2000,保持头皮接触|固定于头部|快速释放机构|捕集毛发,昏迷治疗,冲击吸收|压缩海绵,22.0
WO2020074972A1,A61B5,身体诊断测量,世界知识产权组织,0,2019,估计依赖性或关系数据|应用权重|深度学习模型|训练第二识别模型,心理行为属性识别,基于深度神经网络识别心理行为属性,4.0
US2018192936A1,G16B45,生物信息分析,美国,0,2016,模式确定|解码器参数识别,认知灵活性监测,情绪反馈,0.0
US8706205B2,A61B5,身体诊断测量,美国,0,2008,分解神经生理数据和EEG信号|形成多个信号特征|确定波形特征,,,27.0
CN107951486A,A61B5,身体诊断测量,中国,1,2017,固定于头部,脑电信号采集,弧形支杆和挡板的弧形内侧壁配合作用,6.0
CN118503914A,G06F123,计算机接口,中国,1,2024,多模态情感数据集构建|时序对齐|获取情感诱发素材|采集多模态情感刺激数据,情感脑机接口技术领域,第一受试者与第二受试者之间具有相匹配的区域文化属性,0.0
KR20180058870A,A61B5,身体诊断测量,韩国,0,2014,同时记录多个数据流生物信号测量|构建候选特征提取的数据流,脑功能评估,多模态协同,1.0
CN118924298A,A61B5,身体诊断测量,中国,1,2024,机器学习分析|相关性分析,社交认知数据采集,认知处理,0.0
US10786173B2,A61B5,身体诊断测量,美国,0,2015,二维平面或三维空间中显示分布|维度压缩,刺激评估|可视化相似性,认知处理,0.0
GB2567506A,A61B5,身体诊断测量,英国,0,2018,刺激输出调节|响应于输入信号向用户提供刺激输出|实时分析,注意力训练|生物反馈|睡眠监测,信号分类,4.0
US20220000426A1,A61B5,身体诊断测量,美国,0,2019,共同解码运动命令|多模态处理|解码,控制执行设备或辅助设备|生物反馈|监测个体活动,共同解码运动命令条件|脑信号指示运动规划|运动信号指示实际运动识别,9.0
CN115517687A,A61B5,身体诊断测量,中国,1,2022,多模态融合的特异性映射模型|提取模态特征|神经反馈治疗|脑电分析,个体筛选|医疗设备|焦虑检测,多模态融合|情绪识别,15.0
US12496426B2,A61M21,精神治疗装置,美国,0,2024,动态调制|多模态动态夹带|实时分析,神经反馈,基于对象EEG的主要能量频率属性设置操作频率|多模态协同,0.0
WO2022169424A1,H04L12,数据交换网络,世界知识产权组织,0,2022,其它程序使用|系统处理语音信道|跟踪用户数据|鼠标键盘使用,媒体内容,警觉度,0.0
KR20200042372A,A61B5,身体诊断测量,韩国,0,2019,脑电波信息存储|读取情绪刺激,,内感受,3.0
WO2015178549A1,G06F21,安全防护,世界知识产权组织,0,2014,产生刺激信号相关可视，音频和精神状态|分类到待分析的脑波数据|提取对应的数据有效脑波数据段根据类型的刺激其脑波发声声源反应|脑电分析|采集基线信号,,刺激阈值或更小,2.0
US7123955B1,A61B5,身体诊断测量,美国,0,2002,产生刺激波形|控制装置执行操作|提取脑电特征参数|脑电信号探测,感官测试,电稳态诱发响应,46.0
US20080045853A1,,,美国,0,2003,刺激呈现|响应分析|给予具有多个成分的单个刺激,神经活动监测,系统状态,11.0
US20020058867A1,A61B5,身体诊断测量,美国,0,2001,标记|精神状态检测,个体差异|视觉想象,激励和情绪脑电路响应于输入信号,164.0
US20250273078A1,G09B5,视听教学,美国,0,2024,信号处理|模式确定|特征提取|脑机接口转换,神经反馈训练|脑机接口交互|认知灵活性监测,大脑区域现实转换|生物反馈,0.0
US7689272B2,A61B5,身体诊断测量,美国,0,2002,脑电信号探测|获取电神经信号,检测认知缺陷|脑信息分析|营销评估|认知功能评估|认知障碍治疗,脑指纹图谱,129.0
US9345418B2,A61B5,身体诊断测量,美国,0,2008,传输线直接连接电极与连接器引脚|可操作地耦合到连接器输出的第一发射器,脑电图系统,脑电信号,10.0
DE602016092178T2,G06N3,神经网络,德国,0,2016,呈现候选图像区域作为视觉刺激|将计算机视觉程序应用于图像|神经生理事件识别,图像分类|脑机接口,基于神经生理事件的识别确定目标存在,0.0
KR20200091261A,A61M21,精神治疗装置,韩国,0,2019,基于脑电图信号控制显示设备|提供刺激|测量脑电图信号,外部设备控制|电子设备,刺激模式|根据用户意图控制显示设备,1.0
CN119069081B,G10L25,语音处理,中国,1,2024,多模态情绪分析算法|实时处理和分析多模态数据|深度学习模型|融合脑电波、图像和音频三种模态的数据,心理测试|情绪分析技术领域,多模态特征融合|情绪识别,0.0
CN111616721B,A61B5,身体诊断测量,中国,1,2020,建立情绪EEG脑电信号与情绪之间的关系模型|情感信息输出|深度学习|脑机接口,情绪状态监测|情绪识别,情绪反馈|情绪识别,0.0
US2016015289A1,A61B7,听诊器具,美国,0,2014,与多模态特征相关联|同时记录并随后分析多个生物信号测量数据流|构建从多个生物传感器数据流中提取的候选特征,脑功能评估,多模态特征,0.0
CN121524719A,G06N3,神经网络,中国,1,2025,分类处理|特征提取|脉冲编码|脑电信号采集|输入与编码,心理干预|情绪评估|脑机接口交互,动态调整膜参数|差异化响应能力,0.0
JP2021079041A,A61B3,眼科诊断器械,日本,0,2019,分割|区域确定|脑提取|解码器参数识别|评估,社交认知数据采集,基于眼部相关电位评估共鸣性,4.0
CN119867782A,G06F18,模式识别,中国,1,2024,实时监测实验动物的脑电信号|根据预设的目标或反馈信息调整刺激参数|闭环调控,生物信号处理,多模态闭环控制,0.0
CN118436347A,A61B5,身体诊断测量,中国,1,2024,分类|特征提取|神经通道跟踪|预处理,情绪识别,特征压缩与建模,0.0
JP2022502231A,A61B5,身体诊断测量,日本,0,2019,应用权重|应用训练的多个第一识别模型|第二识别模型应用|训练第二识别模型,,深度神经网络(DNN),0.0
CN120437460A,A61M21,精神治疗装置,中国,1,2025,分类器融合|反馈|情感语义匹配|抗干扰采集|持续评估|滤波处理|特征提取|调节效果评估|闭环优化|隐私保护|音乐参数调节|音乐特征解析|音频流重构,心理干预|生物信号处理,个性化音乐调控策略|多模态特征|音乐-情感映射网络,7.0
US7269456B2,A61B5,身体诊断测量,美国,0,2002,反馈|基波和积分谐波分析|滤波处理|重复视觉刺激,EEG神经反馈,最小环境EEG活动作为刺激频率|脑电活动,34.0
WO2024197268A1,A61B5,身体诊断测量,世界知识产权组织,0,2024,动态调制|实时分析|数据同步,神经反馈系统,响应于目标EEG特征的实时分析动态调制强度|基于对象EEG的主要能量频率属性设置操作频率,0.0
WO2023172791A1,A61B5,身体诊断测量,世界知识产权组织,0,2023,使反应性装置根据预定序列生成多个反应性输出|刺激数据接收与对齐|基于多个反应性输出在预定序列中的时间位置来限定所接收的刺激数据的节段,引导的EEG刺激,时间对齐,0.0
US8244475B2,A61B5,身体诊断测量,美国,0,2007,EEG和瞳孔分类器|分类器融合|神经响应分析|空间分类器|脑电特征表示,刺激评估,脑响应演变,46.0
US11025981B2,H04N21,视频分发,美国,0,2019,确定使用视口|获取头移动数据|获得信号|视口比较|预测第一预测期望观看端口|预测第二预测期望观看端口,全景视频流|脑机交互,基于大脑活动预测视口,0.0
CN103137157A,G11B19,记录载体控制,中国,1,2013,媒体内容修改|确定频段信息|脑电信号采集,媒体控制,脑电波频段反映睡眠状态,36.0
JP7276354B2,A61B5,身体诊断测量,日本,0,2019,从脑信号检测事件相关电位|注视点检测,认知测试,时间对齐,0.0
CN116421199A,A61B5,身体诊断测量,中国,1,2023,特征提取|计算干预效应值|训练神经网络模型,神经反馈训练,干预效应值,1.0
CN119454026A,A61B5,身体诊断测量,中国,1,2024,功率谱熵计算|功率谱计算|心率变异性分析|特征提取|预训练情绪识别模型|频域特征提取,情绪分析|情绪调节,功率谱分析|心率变异性分析,6.0
WO2023227376A1,A61B5,身体诊断测量,世界知识产权组织,0,2023,刺激源提供多种刺激|基于fMRI时间序列分析|确定脑活动并生成指示值,意识障碍治疗|昏迷治疗,神经反应与脑活动关联,2.0
DE602021022375T2,G06F3,输入输出装置,德国,0,2021,提供具有特征调制的视觉刺激|测量对用户观看的对象的神经反应|相关性分析,脑机接口,视觉刺激的特征调制与神经反应的相关性,0.0
ATE1746300T1,G06F3,输入输出装置,其他,0,2021,提供具有特征调制的视觉刺激|测量对视觉刺激的神经反应|相关性分析,脑机接口,视觉刺激的特征调制与神经反应的相关性,0.0
CN116430994A,G06F3,输入输出装置,中国,1,2023,基于脑电数据的对象预测|获取目标脑电数据|迭代预测|顺延当前起始帧索引|预测用户注视的目标视觉刺激对象,对象预测,时间对齐,2.0
CN101583308A,A61B5,身体诊断测量,中国,1,2007,分析动态脑模型|利用数据处理技术|脑数据集合处理,脑功能网络分析,动态脑模型|统计独立测量,18.0
CN119964819B,G16H50,医学决策支持,中国,1,2025,基于神经反馈的自适应激活机制|挖掘个体神经系统中关键特征|构建个体化神经表征模型|构建个体的神经系统表征模型|自适应调控路径规划方法,个体化神经调控,利用神经活动变化趋势|动态脑模型,0.0
US20200228859A1,H04N21,视频分发,美国,0,2020,发送推荐列表|根据情绪数据生成推荐列表|脑电信号采集,视频推荐系统,脑电波频段反映睡眠状态,18.0
US12357828B2,A61N1,电疗器械,美国,0,2021,快速傅里叶逆变换|生成数字特征图|自动分析|链接,神经调节,,0.0
CN115568865A,A61B5,身体诊断测量,中国,1,2022,伪随机序列调制信号|傅里叶变换|电刺激信号波形|系统辨识|脉冲序列信号,脑响应辨识,利用神经活动变化趋势,2.0
US8958882B1,A61N1,电疗器械,美国,0,2014,处理与一个或多个已知数据集相关的数据|接收和获取患者数据|确定良好匹配|递送神经调节和生物反馈|重新迭代拟合优度确定,神经调节的临床应用,生物反馈,62.0
CN119113329A,A61M21,精神治疗装置,中国,1,2024,个体基线阈值分析|特征提取|脑电信号预处理|脑电检测|音乐神经反馈,压力调节,干预效应值|神经反馈,2.0
EP3047475B1,A61B5,身体诊断测量,欧洲专利局,0,2014,使用无监督学习技术将数据点分组为簇|在频域和时域中表示EEG特征|将脑电数据分成多个时隙|提取EEG特征|脑电信号采集,,无监督学习,0.0
CN120242328A,A61N2,磁疗器械,中国,1,2025,中央控制|低场磁场刺激|多模导航|磁共振成像|经颅交流电刺激|经颅磁刺激|脑电检测|脑电采集,神经调控,多模态闭环控制|生物信号传感器接收生物信号数据,5.0
WO2024137287A1,A61B5,身体诊断测量,世界知识产权组织,0,2023,动态调制|根据反馈修改|相位变换,听觉刺激|视觉刺激,相长干涉,0.0
CN121561819A,G06V10,图像特征提取,中国,1,2026,响应反馈调控指令进行神经调控|基于脑认知活动信号和人工智能判别图像集得到协同决策结果和反馈调控指令|接收并处理图像集合|施加脑电刺激信号|获得脑认知活动信号,人机智能协同技术领域,神经反馈状态机|闭环反馈,0.0
CN120045917A,G06N3,神经网络,中国,1,2025,动态加权损失函数|多任务学习|异构专家网络|门控网络,脑电信号处理技术领域,无监督学习,0.0
US20260141815A1,G09B5,视听教学,美国,0,2026,基于LLM的多智能体系统|多模态共情响应生成框架|多模态特征提取|情感状态判别方法|联合学习训练,学习者情绪引导下的脑机耦合|智能体共情响应,多模态特征|情感识别与对话设计|神经反应与脑活动关联,0.0
IN202521132671A,A61B5,身体诊断测量,印度,0,2025,带通滤波|标准化实验方案|独立成分分析(ICA)|降采样|频谱特征提取,医疗保健分析|情感计算|机器学习|神经营销|脑机接口领域,人口统计学平衡|多模态刺激|情感识别与对话设计,0.0
US2022091669A1,G06F3,输入输出装置,美国,0,2020,使用响应指定机器学习模型处理|呈现查询助手用户界面|接收用户监测数据对象|更新用户界面|生成响应指定符|确定用户响应,查询助手软件|软件控制,描述被认为与用户监测数据对象相关的选定预期生理动作|神经反馈状态机,0.0
WO0045701A1,A61B5,身体诊断测量,世界知识产权组织,0,2000,前额垫和基带组件连接|定位器带连接前垫片材料和EEG电极定位器|弹性可拉伸帽部分偏压电极定位器|柱塞组件可伸展指分型头发,脑电电极定位,头皮准备|电极定位器固定,60.0
US6381481B1,A61B5,身体诊断测量,美国,0,2000,国际10/20系统定位|安置电极|柱塞组件分离头皮毛发,信号处理,国际10/20系统|导电材料传导信号|弹性帽部分偏压电极,234.0
US6161030A,A61B5,身体诊断测量,美国,0,1999,分离使用者头皮的毛发|国际10/20系统定位|安置电极,EEG电极定位头戴式装置,国际10/20系统,144.0
EP4133995A1,A61B5,身体诊断测量,欧洲专利局,0,2022,安置电极,脑电图信号记录,头皮准备,0.0
US7299088B1,A61B5,身体诊断测量,美国,0,2003,熵分析,脑节律分析,功率谱分析,183.0
KR102570170B1,G06F3,输入输出装置,韩国,0,2020,基于生成对抗网络(GAN)的长短期记忆模型(LSTM)编码器网络|映射脑电图特征和图像特征|生成思维导图并将其转换为数据库|神经网络,人机识别系统,分析用户大脑的认知信息与用户获取的视觉信息之间的相关性,0.0
US2017352283A1,A61B5,身体诊断测量,美国,0,2017,提供或显示第一听觉或视觉刺激|操纵刺激的一个或多个特征|评估用户情绪|重复操纵听觉或视觉图像刺激的特征,认知或注意力训练,基于用户情绪的改善调整刺激|通过认知或注意力训练影响心理状态,0.0
US8577451B2,A61B5,身体诊断测量,美国,0,2009,,医学诊断|改进神经病学状态,,9.0
CN120219765A,G06V10,图像特征提取,中国,1,2025,多头注意力机制的扩散模型|快速傅里叶变换(FFT)|掩蔽自编码器(MAE)|特征对齐|长短期记忆网络(LSTM),神经科学研究|脑机接口|视觉感知,时空频协同特征表示|最优传输理论,0.0
CN119478100A,G06T11,图像生成,中国,1,2024,位置编码|特征对齐|自回归预训练|训练CLIP模型|训练稳定扩散模型内去噪U-Net网络,脑电信号处理技术领域,特征对齐|跨模态对齐,1.0
IN202424100061A,G06F3,输入输出装置,印度,0,2024,提取多模态特征|获取控制指令|获取模糊集,脑机接口设备,基于多模态特征获取模糊集|基于模糊集获取控制指令,0.0
US20250216942A1,G06F3,输入输出装置,美国,0,2024,基于多模态特征获取模糊集|基于模糊集获取控制指令|多模态特征提取,脑机接口设备控制,多模态特征融合|模糊集理论,0.0
EP4579401A1,G06F3,输入输出装置,欧洲专利局,0,2024,提取多模态特征|获取控制指令|获取模糊集,脑机接口设备,基于多模态特征获取模糊集|基于模糊集获取控制指令,0.0
CN120973228A,G06F3,输入输出装置,中国,1,2025,EEG编码|对比学习|指令分类|提取EEG空间特征|提取图像特征|映射至共享语义空间|目标优化|获取指令概率分布|视觉语义编码|采集原始EEG信号|预设视觉指令库,外部设备控制|脑机接口控制,对比学习|目标优化|跨模态对齐,0.0
EP270535B1,A61B5,身体诊断测量,欧洲专利局,0,1986,反射可见红色辐射从LED阵列朝向对象的眼部|同时施加控制信号与显示的电视商业并再次获取EEG信号|施加控制信号于对象并获取EEG反应|通过确定EEG响应中可归因于控制信号的成分减少来评估兴趣,广告设计|视觉刺激,控制信号以预定频率施加，EEG响应中可归因于控制信号的成分减少表示注意力水平,1.0
RU2702728C1,A61B5,身体诊断测量,俄罗斯,0,2018,分析EEG|快速傅里叶变换|记录脑电图|识别频率间隔,医药|精神生理学,去同步响应,0.0
JP63500434A,A61B5,身体诊断测量,日本,0,1986,反射可见红色辐射从LED阵列向眼睛|同时施加控制信号与显示电视商业并获取EEG信号|施加控制信号并获取EEG反应|确定EEG响应值的减小成分,电视商业广告显示|视觉刺激,控制信号引起的EEG成分变化可归因于注意力|注意力水平与EEG响应值减小相关,9.0
KR20190067635A,A61B5,身体诊断测量,韩国,0,2017,T检验|旋转矩阵|特定频率特定时间(SFST)技术|皮尔逊相关系数|训练分类器,运动图像分类,旋转|通道间脑电图相关性,1.0
KR20230040041A,G06F3,输入输出装置,韩国,0,2021,将脑电图信号转换为图像信号|将脑电图信号转换为频域|应用深度学习算法|按频带分类|测量脑电图信号|生成标量值|预处理脑电图信号,电子设备,机器学习|深度学习算法,0.0
US20140058483A1,A61B5,身体诊断测量,美国,0,2013,产生具有与第一波长不同的一个或多个波长的另一闪烁光|产生具有第一波长的闪烁光|使用不可察觉的闪烁多色光诱导视觉诱发电位|接收和分析EEG信号,视觉刺激,临界闪烁融合阈值|保持嵌入图像的色彩和色调,170.0
US20230414158A1,A61B5,身体诊断测量,美国,0,2023,收集|采集脑电信号,监测和评估用户的临床状态,,0.0
JP2012183215A,A61B5,身体诊断测量,日本,0,2011,传输精度度信息数据|发现诊断准确性的程度|发送显示控制数据|发送生物信息数据|发送诊断名称信息数据|检测脑电图|检索异常部分,远程诊断,,8.0
US11464442B2,A61B5,身体诊断测量,美国,0,2021,使用转移学习算法处理|确定初始EEG数据集|获取初始脑电数据,数据处理技术领域|视频数据质量评估,脑电情感数据,0.0
KR20220165941A,A61B5,身体诊断测量,韩国,0,2021,从多个脑电图图像数据中提取特征脸时，通过协方差矩阵进行去中心化处理来提取特征脸|使用对每个通道方向应用了数据白化的脑电图通道数据生成多个脑电图图像数据|对每个通道方向应用数据白化将脑电图通道数据转换为独立数据|提取每个通道的脑电图信号中特定频带对应的脑电图信号,,协方差去中心化|数据白化|特征脸,0.0
CN120196869A,G06F18,模式识别,中国,1,2025,基于变分自编码器的EEG到图像对齐的解码框架E2IVAE|基于算法展开的脑电编码器ISTANet|跨模态EEG解码,脑机接口领域|零样本神经解码,跨模态对齐|迫使从EEG中提取视觉感知信息,0.0
KR20150104781A,G06F3,输入输出装置,韩国,0,2014,光标移动|光标选择|多模态处理|理解用户意图|跟踪用户眼睛,计算机上光标运动,混合型接口,9.0
US2019059770A1,A61B5,身体诊断测量,美国,0,2018,接收信号|接收视图参数|生成静态图像|计算值集|计算每像素列的原始信号点数量,数据处理,基于视图参数和脑电图测试的一段长度计算每像素列的原始信号点数量|表征信号中原始信号点的离散连续序列的值集,0.0
KR101910021B1,G06N3,神经网络,韩国,0,2017,中央处理单元综合判断|分析脑电图信号|眼部图像信号分析|面部肌电图信号分析,嫌疑人陈述真实性判断|法医学,基于脑电图、面部肌电图和眼部图像信号综合判断陈述虚假性,6.0
CN119302671A,A61B5,身体诊断测量,中国,1,2024,分割|分类|滤波|特征提取|特征混合,智能医疗领域,混合时间维度特征融合|混合空间维度特征融合|特征提取,1.0
US20060149160A1,A61B5,身体诊断测量,美国,0,2005,使用小电极组进行EEG成像|用合成EEG数据增强对逆问题的离散分布式线性解决方案,脑活动成像,分布式线性解|逆向溯源,41.0
CN115120249A,A61B5,身体诊断测量,中国,1,2022,信号处理|信号生成,脑功能评估,TD-fNIRS探测深度更大可得到绝对值|结合EEG获得完整准确的信号图像,0.0
CN115120249B,A61B5,身体诊断测量,中国,1,2022,信号处理|信号生成,脑功能评估,TD-fNIRS探测深度更大可得到绝对值|结合EEG获得完整准确的信号图像,0.0
CN115211868A,A61B5,身体诊断测量,中国,1,2022,MRI技术|Topomap图像识别|fMRI结合|多层同心半球模型结合数据关联性分析及信息熵计算|模糊理论结合MRI技术及电场理论|深度学习|深度学习及图论方法,EEG识别系统,容积传导效应消除|时-空模型误差控制|逆向溯源,0.0
CN115211868B,A61B5,身体诊断测量,中国,1,2022,MRI技术|Topomap图像识别|多层同心半球模型结合数据关联性分析及信息熵计算|模糊理论结合MRI技术及电场理论|深度学习|深度学习及图论方法,EEG识别系统,容积传导效应消除|时-空模型误差控制|逆向溯源,0.0
CN118787367A,A61B5,身体诊断测量,中国,1,2024,RGBD传感器阵列识别四个定位点位置|主控芯片计算电极安放位置|标记装置进行无损伤标记|深度传感器阵列采集深度图像数据构建头皮3D模型,脑电图监测领域,基于头皮3D模型和四个解剖定位点（鼻根点、枕骨粗隆点、两侧耳前凹陷点）计算电极安放位置,0.0
CN118787367B,A61B5,身体诊断测量,中国,1,2024,无损伤标记|构建头皮3D模型|计算电极安放位置|识别四个定位点位置,脑电图监测领域,RGBD传感器阵列采集RGBD图像数据|传感器阵列采集数据,1.0
US7809434B2,A61B5,身体诊断测量,美国,0,2005,使用少量EEG通道组成的输入|利用现有方法从EEG通道的小子集估计脑电活动源|用合成EEG数据增强输入,脑活动EEG成像,分布式线性解,27.0
CN106874672A,G06F19,医疗信息处理,中国,1,2017,同步播放|存储|标记|重复视觉刺激,医疗|耳机,,10.0
CN106874672B,G16H30,医学影像数据,中国,1,2017,同步播放|存储|标记|重复视觉刺激,医疗|耳机,,0.0
CN106559625A,H04N5,电视信号处理,中国,1,2016,Fisher比率法数据降维|SVM分类器分类预测|主观评分表|频域特征提取,立体视频字幕舒适度评价,基于EEG信号分类评价舒适度,7.0
CN109875583A,A61B5,身体诊断测量,中国,1,2019,从路况视频图像中识别障碍物|以设定频率闪烁显示于前挡风玻璃|根据EEG信号判断疲劳状态|采集EEG信号,驾驶员注意力检测,AR技术|诱发脑电信号,12.0
US5443076A,A61B5,身体诊断测量,美国,0,1992,EEG计算机连接|α节律同步化|声音关联刺激|头带预处理|顺序闪烁光暴露,视频电信系统,光声刺激与频率关联|左右脑半球α节律同步,29.0
TR202002077A2,A61B5,身体诊断测量,其他,0,2020,当注意力水平超过指定阈值时提供按键信号信息|持续高亮显示的句子或单词向用户展示|测量注意力水平|菜单内容灵活更改|通过使用从EEG读取设备获得的注意力水平,ALS患者|残障人士通信系统,注意力水平超过指定阈值|通过用户集中注意力检测脑波变化,0.0
EP1885241B1,G06F19,医疗信息处理,欧洲专利局,0,2006,使用软件结合现成的EEG硬件实现|动态皮层电成像(DECI)|柱塞组件分离头皮毛发|近实时三维定位,娱乐|工业|教育|测谎|神经性疾病诊疗,从头皮表面测量的电信号定位到大脑皮层,0.0
US9179854B2,A61B5,身体诊断测量,美国,0,2007,使用软件结合现成的EEG硬件|应用于现有数据|构建状态空间轨迹|近实时定位,娱乐|工业|教育|测谎|理解人脑|神经性疾病诊疗,动态皮层电成像（DECI）,28.0
US20100042011A1,A61B5,身体诊断测量,美国,0,2007,动态电皮质成像(DEC)|定位|构建状态空间轨迹|柱塞组件分离头皮毛发|软件结合EEG硬件,娱乐|工业|教育|测谎|神经性疾病诊疗,从头皮表面测量的电信号定位到大脑皮层|近实时三维成像,82.0
KR20190074606A,G06F3,输入输出装置,韩国,0,2017,脑电图分析|虚拟现实神经反馈,心理治疗,神经反馈,3.0
US2015065907A1,A61B5,身体诊断测量,美国,0,2014,分析摄像头拍摄的图像|控制脑电图测量单元在识别到的用户运动期间测量|运动识别,,,0.0
KR1020170143062A,G06F3,输入输出装置,韩国,0,2016,定制混合|混合式脑-机接口|聚焦信号测量|虹膜查找混合量测,文教学习|无线游戏机|物联网设备控制|脑机接口|脑治疗,应答速度比较|扫描速度提升|空间/时间分辨率更高,3.0
CN108537200A,G06K9,图像识别,中国,1,2018,在识别的用户运动期间测量EEG|基于测量的EEG生成EEG数据集|通过分析相机拍摄的图像识别用户动作,动作识别|脑电图数据收集,动作识别与EEG测量同步控制,2.0
CN108537200B,G06K9,图像识别,中国,1,2018,在所识别的用户的运动期间测量用户的EEG|基于所测量的EEG生成EEG数据集|通过分析相机拍摄的图像识别用户的动作,,动作识别选择性收集,0.0
CN121743838A,G06F18,模式识别,中国,1,2026,对齐映射特征维度|拼接形成输入序列|提取特征向量|采集多模态脑信号|预训练大语言模型推理,,双路径特征提取|独立模态对齐器映射至大语言模型输入空间,0.0
CN121743838B,G06F18,模式识别,中国,1,2026,对齐映射特征维度|拼接形成输入序列|提取特征向量|采集多模态脑信号|预训练大语言模型推理,神经科学研究|脑机接口|运动想象脑电信号分类,双路径特征提取|多模态对齐|大语言模型推理,0.0
CN117171662A,G06F18,模式识别,中国,1,2023,短时傅里叶变换|视觉注意力测量模型,视觉注意力测量,α波段|β波段,1.0
US2018103887A1,A61B5,身体诊断测量,美国,0,2017,三维模型创建|关联脑电图数据与脑活动|正向模型|脑电图电极定位|记录脑电图,脑岛皮质活动采样,脑部位活动与脑电图分布的相关性|通过参考感兴趣区域信息和前向模型,0.0
JP6742628B2,A61B5,身体诊断测量,日本,0,2016,三维模型创建|定位多个EEG电极|正向模型|脑电数据关联|记录脑电图,脑岛皮质活动采样,通过参考感兴趣区域信息和前向模型|通过参考脑和头部结构图像定位电极|通过对三维模型的各个脑位点的活动与定位的EEG电极的脑电分布之间的相关性建模,1.0
US10959656B2,A61B5,身体诊断测量,美国,0,2017,三维模型创建|正向模型|脑电数据关联|记录脑电图,脑岛皮质活动采样,通过参考关于通过功能磁共振成像(FMRI)测量的感兴趣区域的信息和前向模型|通过参考表示对象的脑和头部结构的图像来定位多个EEG电极|通过对三维模型的各个脑位点的活动与定位的EEG电极的脑电分布之间的相关性建模,3.0
US5445162A,A61B5,身体诊断测量,美国,0,1993,传输|分析EEG信号|响应于预定模式触发MRI机|多路复用|模数转换,磁共振成像期间记录脑电图,通过减少磁性金属和射频产生设备的量，避免干扰MRI成像,85.0
KR102585149B1,B60W50,车辆控制诊断,韩国,0,2020,关联性分析|复杂交互执行|神经网络图像处理|脑电图数据获取|脑电图特征提取,自动驾驶,认知特征映射|驾驶员大脑认知信息与视觉信息关联性分析,1.0
KR20200049203A,A61B5,身体诊断测量,韩国,0,2018,确定特征图|脑电图电极定位|获取待增强图像的分辨率数据|计算脑电图电极之间位置的预测分辨率数据,,基于包含脑电图电极之间相关性的特征图确定位置|基于在每个脑电图电极处测量的分辨率数据的时间变化模式与相邻脑电图电极之间的相关性确定特征图,2.0
CA2606870C,A61B5,身体诊断测量,加拿大,0,2006,使用计算机、脑电图（EEG）放大器、EEG电极和定制软件|软件结合现成的EEG硬件实现,测量健康和患病皮层事件|预先存在的数据,动态皮层电成像（DECI）,1.0
KR1020140009635A,G06F19,医疗信息处理,韩国,0,2012,PSO算法|提取图像特征|缩放正弦值,EEG分析,时间-频率平面特征提取|最大振幅位置,4.0
CN120085760A,G06V20,场景理解,中国,1,2025,信息分析|分类映射|多模态传感器融合|提取关联特征|提取多模态特征|时序分割|构建特征矩阵|构建状态序列|标记转换节点|特征融合|特征选择|生成交互指令|生成动态模式|生成对齐数据流|生成控制序列|确定模态权重,多模态AI眼镜|脑机接口技术领域,动态模式生成|模态对齐|模态权重确定|特征融合,4.0
CN120085760B,G06F3,输入输出装置,中国,1,2025,信息分析|分类映射|多模态传感器融合|提取关联特征|提取多模态特征|时序分割|构建特征矩阵|构建状态序列|标记转换节点|特征融合|特征选择|生成交互指令|生成动态模式|生成对齐数据流|生成控制序列|生成注意力地图|生成统一表示|确定模态权重|识别意图特征,多模态AI眼镜|脑机接口技术领域,动态模式生成|模态对齐|模态权重确定|特征融合,1.0
WO2014172775A1,A61B5,身体诊断测量,世界知识产权组织,0,2014,全球采集和存储获取的EEG的数据|处理后的EEG数据|开发接口用于膨胀和重新获取的分析EEG的数据|整合到其它非-脑衍生的用户数据,精神状态的发展和训练|脑活动监测,,7.0
CN109726751B,G06K9,图像识别,中国,1,2018,dcca网络|卷积层替代最大池化层|基线消除预处理|快速傅里叶变换|快速傅里叶逆变换|插值成像|频域特征提取,癫痫检测,DCNN模型拟合|伪RGB图像|时域功率特征,0.0
CN109726751A,G06K9,图像识别,中国,1,2018,dcca网络|基线消除预处理|快速傅里叶变换|快速傅里叶逆变换|插值成像|频域特征提取,运动想象脑电信号分类,伪RGB图像|卷积层替代最大池化层进行数据降维|时域功率特征,35.0
IN202111017446A,A61B50,手术器械容器,印度,0,2021,使用脑机接口|通过他人生成的图像进行交流、翻译和理解他人想法|通过应用程序从5通道脑电图头戴设备实时提取数据,心理治疗|残障人士通信系统|视觉注意力测量,神经电思维|脑机接口,0.0
US2019357797A1,A61B5,身体诊断测量,美国,0,2019,使用目标在视觉表征空间中的估计坐标和与目标坐标成比例的视觉特征的求和线性组合来重建重建目标的视觉外观|模式分类器|混淆矩阵|生成注意力地图|脑电图信号接收|识别确定为与重建相关的子空间|通过确定图像刺激属性的加权和来确定视觉表征空间每个维度的视觉特征,,可辨别性估计|多维视觉表征空间|子空间识别|成对区分|求和线性组合|视觉特征加权和,0.0
US10925509B2,A61B5,身体诊断测量,美国,0,2019,多维视觉表示空间|模式分类器|混淆矩阵|线性组合,视觉身份和类别重建,可辨别性估计|成对区分|视觉特征加权和|重建目标坐标估计,7.0
WO2006122398A1,A61B5,身体诊断测量,世界知识产权组织,0,2006,产生动态三-维信息|使用软件与EEG硬件|施加到预-现有数据|近-真实时间定位,测量健康和患病皮层事件|皮质成像模式,电活性分析|脑皮层内电活性成像,6.0
CN117075741A,G06F3,输入输出装置,中国,1,2023,判断第一位置数据是否一致|判断脑电图的波形是否与预存的第一脑电波匹配|显示问题图像|输出与第一位置数据对应的文字数据|采集眼球方向,交互|数据处理,双重校验|眼动仪作为脑电图选取时间段的定位,0.0
KR20180000768A,G02B27,光学元件系统,韩国,0,2016,使用眨眼信息和头部运动信息控制执行点击操作和光标移动|分析EEG信号获取用户眨眼信息|通过重力传感器和陀螺仪传感器获取用户头部运动信息,HMD头戴设备,通过EEG信号实现无需用手控制,2.0
US10327701B2,A61B5,身体诊断测量,美国,0,2005,传感器位置附接|由导电油墨制成帽子|运动传感器改善信号,MRI环境|同时EEG/MRI检查,导电油墨与MRI扫描仪产生的RF场相互作用弱|降低SAR,1.0
CN120523316A,G06F3,输入输出装置,中国,1,2025,任务分配更新|任务负荷检测|优先级排序|双头LSTM模型|实时遥测救援图像数据展示|提取事件相关电位ERP成分|目标分类|采集脑电图EEG数据|预处理,应急救援,脑机接口,0.0
CN117075741B,G06F3,输入输出装置,中国,1,2023,判断第一位置数据是否一致|判断脑电图的波形是否与预存的第一脑电波匹配|显示问题图像|输出与第一位置数据对应的文字数据|采集眼球方向,交互|数据处理,双重校验|眼动仪作为脑电图选取时间段的定位,0.0
IN202541125672A,A61B5,身体诊断测量,印度,0,2025,传感器融合|实时注视估计|红外眼动追踪|脑电图信号接收|障碍物检测,轮椅运动控制,差速转向|预定义安全区域,0.0
CN106355189A,G06K9,图像识别,中国,1,2015,"GM(1,1)模型提取特征|反投影回观测域|溯源|特征参数融合|累加生成|降采样|预处理",脑成像,灰建模,4.0
CN112587155A,A61B5,身体诊断测量,中国,1,2020,对EEG数据异常值进行评分|脑电图数据生成|训练分类器,图像处理|脑电波图异常检测,变换集|自监督学习,5.0
CN109222965A,A61B5,身体诊断测量,中国,1,2018,K均值聚类|OBS处理|PCA去噪|QRS峰检测|上采样|信号重构|同步标记|梯度伪迹模板去噪|高通滤波,fMRI图像采集同时采集脑电信号|同步EEG-fMRI扫描,K均值聚类|OBS|PCA|QRS峰检测|梯度伪迹模板,11.0
KR102362491B1,A61M21,精神治疗装置,韩国,0,2021,发送推荐列表|接收用户的特征数据|提供多个推荐类别|生成推荐列表,用户终端,根据EEG而不同地设置以感应用户,5.0
US20080306397A1,A61B5,身体诊断测量,美国,0,2005,传感器附接到患者头部|导电油墨制成盖|运动传感器改善信号质量,MRI环境|并发EEG/MRI检查,导电油墨与MRI扫描器产生的RF场弱相互作用|强磁场中使用,72.0
US20020183644A1,A61B5,身体诊断测量,美国,0,2002,分类各个EEG模式|去噪|多级分类系统|收集和变换EEG信号数据,实时反馈|离线分析,沿警戒-瞌睡连续体分类,151.0
US6496724B1,A61B5,身体诊断测量,美国,0,1999,分类各个EEG模式|去噪|多级分类系统|收集和变换EEG信号数据,实时反馈|离线分析,警戒连续体,153.0
US6625485B2,A61B5,身体诊断测量,美国,0,2002,分类各个EEG模式|去噪|多级分类系统|收集和变换EEG信号数据,实时反馈|离线分析,沿警戒-瞌睡连续体分类,100.0
CN120585287A,A61B5,身体诊断测量,中国,1,2025,基于运动加速度计的运行动态滤波算法|多模态时空注意力融合模型|边缘端处理,医学材料领域|神经退行性疾病早期识别筛查,信号漂移抑制|多模态特征融合,3.0
CN120585287B,A61B5,身体诊断测量,中国,1,2025,多模态时空注意力融合模型|运行动态滤波算法,神经退行性疾病早期识别筛查|认知障碍风险识别,信号漂移抑制|多模态特征融合|边缘计算,0.0
US9149202B2,A61B5,身体诊断测量,美国,0,2011,事件相关电位确定听力难度|增益调整|声学处理|脑电图测量|音素识别|音频提取,助听器调整,事件相关电位,1.0
US20110188664A1,G10L15,语音识别,美国,0,2011,事件相关电位确定听力难度|增益调整|声学处理,助听器调整,事件相关电位,23.0
US10068248B2,G06Q30,商业交易系统,美国,0,2016,使用具有挑战性的任务引导受控注意力|分析神经反应测量|微妙呈现额外刺激材料|插入额外刺激材料,刺激材料分析,受控注意力|显著注意力属性|自动注意力,15.0
US2017039591A1,A61B5,身体诊断测量,美国,0,2016,使用具有挑战性的任务引导受控注意力|分析神经反应测量值|插入额外刺激材料,刺激材料分析|注意力分析,受控注意力|显著注意力属性|自动注意力,0.0
US20120271375A1,A61N1,电疗器械,美国,0,2012,以多个不同刺激频率向大脑递送电刺激|基于生物电共振响应设置刺激频率参数|神经信号采集|识别大脑对电刺激的生物电共振响应,脑电治疗,生物电共振响应,78.0
CN113545784A,A61B5,身体诊断测量,中国,1,2021,在柔性基体内掺入适当比例的导电性物质银粉|在柔性基体的外部镀上石墨烯|在柔性基体的检测面上设置探针阵列|通过控制器和动力机构自动调整干电极相对于头皮的位置,电阻测量装置,导电性物质银粉增加导电性|探针阵列增大接触面积|石墨烯作为接触媒介加强导电性|自动调整接触电阻以调节脑电信号强弱,3.0
CN104434140B,A61B5,身体诊断测量,中国,1,2014,变化检测|导出投入度及情绪方向|控制感应|测量生物体信号|脑电波分析,精神心理评估,利用脑电及生物体信号的变化导出投入度及情绪方向,0.0
US10299695B2,A61B5,身体诊断测量,美国,0,2015,提供反馈|计算神经判别器|评估受试者表现|选择任务条件进行判别,人检测,迷走神经诱发电位,0.0
CN104287727A,A61B5,身体诊断测量,中国,1,2014,弹性干式软电极的装配方法,医疗器械领域,导电材料接触|弹性骨架结构设计,13.0
CN107411735A,A61B5,身体诊断测量,中国,1,2017,一体成型工艺一体浇注|柔性复合导电材料,心电|无毛发或少毛发区域的脑电(前额区域)|肌肉电信号,三维弧形曲面|柔性复合导电材料兼具柔性和良导电性,13.0
CN106073768A,A61B5,身体诊断测量,中国,1,2016,信号放大|信号数据实时分析处理|全电磁屏蔽|模数转换,无创性人脑计算机接口,电磁屏蔽|矩阵排列,8.0
CN107374622A,A61B5,身体诊断测量,中国,1,2017,凹陷状的三维弧形曲面|环形排布|阵列式结构探针,采集脑电信号,三维弧形曲面|柔性干式电极|阵列式结构探针,28.0
US9996154B2,G06F3,输入输出装置,美国,0,2014,使用关于用户环境的信息向用户呈现刺激|基于EEG信号控制显示设备|获得脑电图信号,控制显示设备,基于用户环境信息呈现适当类型的刺激|根据用户意图操作显示设备,1.0
KR20140133767A,G06F3,输入输出装置,韩国,0,2013,利用用户环境信息提供刺激|基于脑电图信号控制显示设备|测量脑电图信号,外部设备控制,用户意图与脑电图信号关联,1.0
US2014333529A1,G06F3,输入输出装置,美国,0,2014,呈现刺激|基于脑电图信号控制显示设备|获得脑电图信号,外部设备控制,基于用户环境信息呈现适当类型的刺激,0.0
JP6998959B2,G06T7,图像分析,日本,0,2017,神经生理事件识别|神经生理信号处理|训练图像分类神经网络,图像分类,利用观察者检测目标的神经生理事件作为训练标签|基于视觉刺激诱发的神经生理反应,0.0
US2017270411A1,A61B5,身体诊断测量,美国,0,2017,人工智能|心理生理刺激测试|深度学习|相关性分析|神经网络,人才评估,心理生理反应|特征/响应共性缩减为模板,0.0
WO2018164960A1,A61B5,身体诊断测量,世界知识产权组织,0,2018,刺激选择|提取感觉诱发反应的幅度值|触发计算机的进一步处理|计算神经反应与信号特征之间的统计关系,安全警告|广告|教育材料|脑机交互,感官诱发反应,2.0
US11759146B2,A61B5,身体诊断测量,美国,0,2018,基于识别的潜伏期值或其他提取的信号特征做出诊断|提取潜伏期值或其他信号特征|测量受试者对自然感官刺激的神经反应|计算神经信号与原始刺激信号或刺激的信号包络之间的统计比较,临床诊断和监测|认知障碍风险识别,感觉诱发反应,1.0
US20200193299A1,G06N3,神经网络,美国,0,2017,向观察者呈现图像作为视觉刺激|将训练的图像分类神经网络存储在计算机可读存储介质中|收集神经信号|神经生理事件识别|训练图像分类神经网络,图像分类,神经生理事件指示观察者对目标的检测,32.0
US8239000B1,A61B5,身体诊断测量,美国,0,2007,功能脑成像|神经生理测量,人才评估|媒体立面|营销通信|评估购买选项,脑功能成像,31.0
CN113057639A,A61B5,身体诊断测量,中国,1,2021,柔性基底层、电极层和隔离层构成|电极层和柔性基底层含有多个第一镂空形成第一网状结构|金属电极贴合到柔性基底层，接触点含有多个第二镂空形成第二网状结构,人检测器装置,网状结构降低头发对界面阻抗和界面稳定性的干扰,3.0
EP444150B1,A61B5,身体诊断测量,欧洲专利局,0,1989,关联预先校准的一组响应模板信号|检测诱发响应电位|调节脑电波响应,电阻测量装置,刺激的每个元素对应于一个外部因素或功能|护理特定元件的人可以传达其愿望,0.0
CN114176608B,A61B5,身体诊断测量,中国,1,2021,弹性件保证干电极与头皮充分接触|旋转连接单元能相对安装单元转动,脑电采集,缓冲作用|降低接触阻抗,0.0
CN106725464B,A61B5,身体诊断测量,中国,1,2017,信号采集|前置放大,神经性疾病诊疗|肢体康复|脑机接口,干电极检测,0.0
JP2024526030A,G06F3,输入输出装置,日本,0,2022,实时连续分类|稳态视觉诱发电位分类|训练神经网络|运动想象分类,脑机接口|虚拟现实系统,微针电极|无线传输|软电子集成,0.0
WO2023099962A1,A61B5,身体诊断测量,世界知识产权组织,0,2022,3D打印材料构成电极|半湿式电极设计|电极与头部装置结合使用,采集脑电信号,高强度橡胶状聚合物电极，肖氏A硬度在70-80左右,1.0
CN101973508A,B81C1,微结构制造,中国,1,2010,基于柔性衬底MEMS技术|多层组装|夹具固定,脑电图检测,柔性衬底图形化质量高|生物相容性好|立体阵列容易固定且屏蔽佳|金属电极机械强度高|阻抗小,20.0
CN213606414U,A61B5,身体诊断测量,中国,1,2020,干电极检测,医学材料领域|测量,弹簧针伸缩接触,3.0
US12144646B2,A61B5,身体诊断测量,美国,0,2021,组装式下压|驱动系统驱动相对运动,脑电图测量,第一单元和第二单元执行相对运动改变相对位置|颅外电极跟随相对移动,0.0
US2012150545A1,G10L11,语音分析,美国,0,2011,信号处理|感觉和认知挑战任务|显示,痴呆症早期检测|神经系统健康生理评估,主动或动态地挑战大脑以监测其状态|整合脑电图、体感、神经心理学和/或认知刺激以及新颖的信号处理和显示，分析和评估个性化的生物特征脑健康特征,0.0
EP2474263B1,A61B5,身体诊断测量,欧洲专利局,0,2010,可拆卸地保持|旋转闭合连接,检测EEG信号,刷状形状与销伸出|外螺纹部分,1.0
KR20160047746A,A61B5,身体诊断测量,韩国,0,2014,分析脑电图频带活动|分析脑电图频带的脑区相关性|按性别划分的脑电图频带活动分析|测量脑电图,媒体立面,脑电图反应特性分析,0.0
EP4410210A3,A61B5,身体诊断测量,欧洲专利局,0,2018,使用输出发生器产生感觉刺激|接收脑电图数据|计算α相位神经标记,,α相位神经标记表示从至少两个脑电图通道记录的α波之间的相位相干性,0.0
GB2581455A,G06K9,图像识别,英国,0,2018,匹配强度计算|比较脑电信号与训练好的脑电信号分布图|采集脑电信号,人检测,脑电信号|训练好的脑电信号分布图标记,0.0
CA3214642A1,A61B5,身体诊断测量,加拿大,0,2022,刺激数据转换|混合渲染|生物信号分类|稳态运动视觉诱发电位刺激,脑机接口|虚拟现实设备,感觉诱发反应,1.0
US2017224245A1,A61B5,身体诊断测量,美国,0,2016,处理数字化脑电图数据|放大脑电图信号|测量脑电图信号|调节刺激,医疗系统,基于数字化脑电图数据的频谱、时间和空间特征的组合生成神经或心理症状指示,0.0
CN110139597B,A61B5,身体诊断测量,中国,1,2017,将第一多个图像作为视觉刺激呈现给观察者|将训练的图像分类神经网络存储在计算机可读存储介质中|神经生理事件识别|训练图像分类神经网络,图像分类,基于神经生理事件的识别,1.0
US12193824B2,A61B5,身体诊断测量,美国,0,2018,比较阻抗信号与阻抗阈值|移动电极|致动致动器|获得阻抗信号,脑电图系统,基于阻抗信号与阻抗阈值的比较来致动致动器,0.0
US12599332B2,A61B5,身体诊断测量,美国,0,2024,功能映射|目标预测模型|访问神经生理学和神经血管数据,睡眠研究|神经系统健康生理评估,淋巴流动标记物|神经变性的分子分析标志物|神经变性的神经成像标志物,0.0
CN118680581A,A61B5,身体诊断测量,中国,1,2024,去噪|标准化处理|深度学习分类|滤波|特征提取,控制或治疗震颤和癫痫发作,预训练的深度学习模型,6.0
US8437843B1,A61B5,身体诊断测量,美国,0,2006,内置加速度计|压力传感器测量气流、潮气量和通气率|可移动存储器数据缓冲和存储|多通道采集|运动伪影校正,临床诊断和监测|唤醒|监测受试者大脑活动|睡眠研究,加速度计检测身体运动|压力传感|无线数据传输,58.0
US2018075772A1,A61B5,身体诊断测量,美国,0,2016,接收第一反馈信息|生成通知|确定学习表现信息|神经反馈,注意力分析,神经反馈促进监测学习表现,0.0
US10413208B2,A61B5,身体诊断测量,美国,0,2011,分析|处理|接收|记录,,,1.0
AU2018363296A1,G06N20,机器学习,澳大利亚,0,2018,将接收到的设备数据输入到训练用于估计神经刺激信号的一个或多个第二机器学习技术|机器学习技术处理神经样本数据,神经接口,机器学习,2.0
EP3710989A1,G06N3,神经网络,欧洲专利局,0,2018,机器学习技术处理神经样本数据|训练用于估计神经信号,神经接口,机器学习,0.0
US2014148657A1,A61B5,身体诊断测量,美国,0,2012,分析频率和时间数据之间的关系|处理测量数据|生成多参数函数|识别受试者相关特征,监测受试者大脑活动,多参数函数表示测量信号的频率和时间数据关系,0.0
US20170189639A1,A61M21,精神治疗装置,美国,0,2016,接收α波生物测定数据|提供初始感官刺激|确定α波生物测定数据是否满足感官刺激调节标准|调节刺激,正念治疗,基于脑电活动反馈的闭环调节机制,27.0
US20120245474A1,A61B5,身体诊断测量,美国,0,2011,将给定的测试刺激的三维图与参考三维图进行比较|将记录的EEG信号转换成3-D图,感官-诱发电位检测,主观意义评估基于大脑活动,28.0
US20210282687A1,A61B5,身体诊断测量,美国,0,2021,事件相关电位检测|检测注视点|获取脑信号|获取视觉信息,认知测试,事件相关电位|视觉刺激的发生定时,0.0
JP4465414B2,G06F3,输入输出装置,日本,0,2009,呈现可视刺激|提取脑电数据|比较脑电的特性在预先准备的数据与参考数据|测量事件相关的电位|组合脑电的特性数据,控制显示设备|无创性人脑计算机接口,在5Hz或更小和包含一个预定的时间部分|基于事件相关的电位的一个定时上呈现所述作为起始点被测量的视觉刺激从一个电极电位的每个之间的差值和至少一个参考电极分别戴在一个面和一个用户在一个耳的周边,16.0
US10888241B2,G06F3,输入输出装置,美国,0,2017,呈现一系列视觉刺激以诱发EEG信号|基于定时周期以定向序列呈现视觉刺激|生成与移位存在对应的VEP|记录和处理EEG信号,图像视觉记忆评估,棱镜引起视觉刺激移位，通过VEP变化反映视觉记忆|视觉诱发电位（VEP）与图像视觉记忆相关,3.0
WO2018026710A1,A61B5,身体诊断测量,世界知识产权组织,0,2017,呈现认知任务|定制认知任务|监测神经活动|识别和观察神经活动,认知测试|认知障碍风险识别,神经活动是响应于认知任务的刺激或刺激序列而发生的事件的基础,21.0
CA2675507C,G06F3,输入输出装置,加拿大,0,2007,定量评估,军事和航空航天|消费产品|玩具|生物反馈或神经反馈|脑机接口|视频游戏,,0.0
IL199953A,A61B5,身体诊断测量,以色列,0,2009,定量评估|脑电信号处理,军事和航空航天|消费产品|玩具|生物反馈|神经反馈|脑机接口|视频游戏,,0.0
CN113180663A,A61B5,身体诊断测量,中国,1,2021,EEG信号采集|分类|卷积神经网络算法|特征提取|预处理,情绪识别|神经信号数据处理,卷积神经网络,7.0
CN107007280A,A61B5,身体诊断测量,中国,1,2017,全电磁屏蔽设计,头皮电极阵列,全电磁屏蔽设计,10.0
US20030171689A1,A61B5,身体诊断测量,美国,0,2003,处理放大的信号|放大电信号|识别特定的精神状态,,,33.0
CN114010197A,A61B5,身体诊断测量,中国,1,2021,干湿混合电极设计|空间树状网络结构输运导电膏,脑电采集,干电极使用便利性|湿电极稳定低阻抗电连接|空间树状网络结构稳定输运特性,1.0
WO2018204119A1,A61B5,身体诊断测量,世界知识产权组织,0,2018,多尺度分布式数据注册|生成概念格|识别子图,脑刺激,子图映射到概念|概念格涉及概念的特征行为效果|电流刺激诱导所希望的行为效果,5.0
CN109044349A,A61B5,身体诊断测量,中国,1,2018,脑电波节律信号能量变化在头盔状曲面显示器表面用不同颜色或灰度显示,神经科学,脑电波节律信号变化与颜色或灰度对应显示,3.0
CN108992065A,A61B5,身体诊断测量,中国,1,2018,脑电波节律信号能量变化在头盔状曲面显示器表面用不同颜色或灰度显示,神经科学,脑电波节律信号能量变化,1.0
US20230190175A1,A61B5,身体诊断测量,美国,0,2021,使用可旋转球体施加导电凝胶|在电极尖端形成导电凝胶薄膜,脑机接口|轻量级脑电图监测设备,结合湿电极和干电极的优点|降低阻抗并提高信噪比,1.0
ES2318933B2,A61B5,身体诊断测量,其他,0,2006,幅度归一化|滤波|阈值化,,个人高频带功率与个人α带功率的比值,0.0
KR101348233B1,A61B5,身体诊断测量,韩国,0,2012,信号处理|干电极形成的前额EOG信号的测量|接收信号来估计运动图案,,瞳孔垂直运动EOG信号检测|瞳孔水平运动EOG信号检测,1.0
US9886981B2,G06Q30,商业交易系统,美国,0,2008,修改刺激材料|平滑过渡|延长过渡|确定神经反馈显著性|移除低显著性部分,个性化环境呈现|媒体内容观看,神经反馈显著性度量,29.0
US12102434B2,G06V10,图像特征提取,美国,0,2020,导出情感特征|导出认知特征|捕获EEG信号|捕获用户面部图像|构建训练数据集|训练系统,,通过将面部数据中的情感特征、EEG信号中的认知和情感特征与测试刺激相关联的特征相关联,0.0
US10948990B2,A61B5,身体诊断测量,美国,0,2019,呈现视觉刺激|处理神经生理信号|计算机视觉程序|识别神经生理事件,图像分类,神经信号与视觉注意,2.0
EP4395641C0,A61B5,身体诊断测量,欧洲专利局,0,2022,刺激响应幅度权重加权|卷积|确定数学模型|脑电信号获取|获得刺激数据,心理健康评估|感觉能力评估|神经状态评估,因子包括刺激数据和每个神经源的刺激响应的卷积|用每级刺激响应幅度权重对刺激响应进行加权|脑电波信号等于包括多个空间模式中的每一个的和乘以表示相应神经源的活动的因子的表达式,0.0
US12386421B2,G06V40,生物识别,美国,0,2020,基于神经信号确定用户的焦点|将特征调制应用于视觉刺激的高空间频率分量|接收神经信号|施加刺激序列|检测精神状态,视觉脑机接口,注意力与视觉刺激相关性|神经反应,0.0
WO2021099148A1,G06F3,输入输出装置,世界知识产权组织,0,2020,从神经信号捕获设备接收神经信号|基于神经信号确定用户的焦点|施加刺激序列|检测精神状态|特征调制应用于视觉刺激的高空间频率分量,,神经信号包含与用户视觉注意力所指向的视觉刺激的特征调制相关的信息,4.0
CN114698389A,G06F3,输入输出装置,中国,1,2020,提供视觉刺激|测量对由用户观看的对象的神经响应|神经响应分析|视觉刺激的至少一部分具有特性调制|调整神经信号模型加权和显示的对象显示调制,脑机接口,对视觉刺激的神经响应与调制相关，当注意集中在视觉刺激上时，相关性更强,7.0
US20250251796A1,G06F3,输入输出装置,美国,0,2025,将权重应用于用户神经反应的所得模型|提供视觉刺激|测量脑信号|自适应校准方法|自适应调整神经信号模型权重和显示对象显示调制,脑机接口,对视觉刺激的神经反应与调制相关，当注意力集中在视觉刺激上时相关性更强|视觉刺激的至少一部分具有特征调制,0.0
WO2021019088A1,G06F3,输入输出装置,世界知识产权组织,0,2020,基于确定的相关性，对用户神经反应的结果模型应用权重|对视觉刺激的神经反应与调制相关|提供视觉刺激|测量脑信号|自适应校准方法|调整神经信号模型权重和显示对象显示调制,脑机接口,注意力机制|特征调制,12.0
NL2029113B1,A61B5,身体诊断测量,其他,0,2021,刺激响应振幅权重加权|确定数学模型|脑电信号获取|获得刺激数据,配置助听器,因子包括刺激数据与多个水平的卷积以及每个神经源的刺激响应|脑电波信号等于多个空间模式的和乘以表示相应神经源活动的因子,0.0
US11556809B2,G06N5,知识推理,美国,0,2015,提交属性数据|提供计算推理模型|脑电数据标记|评估计算推理模型,听觉事件相关电位测量,从感官刺激之后的大脑活动响应导出数据,0.0
US10986992B2,A61B5,身体诊断测量,美国,0,2017,呈现视觉刺激|测量脑活动|脑电数据处理|评估独立认知能力|调整功能,增强现实(AR)|平视显示器(HUD)|脑损伤评估系统|虚拟现实(VR)显示系统,对侧大脑半球的脑活动改变视觉半场中的刺激负荷|左右大脑半球的独立认知能力,0.0
CN102293647B,A61B5,身体诊断测量,中国,1,2011,时空特征提取|神经反馈调节|统计分析|采集原始脑电信号,临床康复|脑机接口,多模态信号融合|时空特征反映大脑活动状态,1.0
WO0132078A1,A61B5,身体诊断测量,世界知识产权组织,0,2000,分析所检测的脑电信号|基于特性物理量执行预定操作|捕获脑电信号|生产一种或多种刺激人受试者的信号,动作程序|对象的有义估计客观条件|感觉能力评估,刺激信号频率与脑电信号频率特性的对应关系|电稳定状态引起的响应,0.0
US11992684B2,A61N1,电疗器械,美国,0,2018,快速傅里叶逆变换|生成数字特征图|自动分析数字特征图|链接,神经调节的计划和/或提供,基于刺激相关基础数据和刺激相关响应数据以及传输数据生成数字特征图,5.0
KR20220109470A,G06F3,输入输出装置,韩国,0,2020,提供视觉刺激|测量神经响应,脑机接口,神经响应与调制相关，当注意力集中于视觉刺激时相关性更强,0.0
US20190159715A1,A61B5,身体诊断测量,美国,0,2017,呈现认知任务|定制认知任务|监测神经活动|识别和观察神经活动,注意力评估|认知测试,神经活动是响应于认知任务的刺激或刺激序列而发生的事件的基础,55.0
US2014163408A1,A61B5,身体诊断测量,美国,0,2013,分析大脑活动,精神或情绪障碍诊断,大脑活动与身体状况或未来行为的相关性,0.0
US10722164B2,A61B5,身体诊断测量,美国,0,2017,基于贝叶斯网络的框架|概率评估|比较预测和实际认知状态|神经生理测量,对象的有义估计客观条件|认知任务,心理状态检测|贝叶斯网络概率推理,1.0
US20210001147A1,A61N5,放射治疗,美国,0,2020,产生反馈信号|提取局部峰值频率|比较局部峰值频率,测量脑同步,脑同步,1.0
US20240408405A1,A61N5,放射治疗,美国,0,2024,产生反馈信号|光刺激|提取局部峰值频率|比较局部峰值频率,测量脑同步,脑同步,0.0
KR1020220109470A,G06F3,输入输出装置,韩国,0,2020,提供视觉刺激|测量神经响应|特征调制,脑机接口,当注意力集中在视觉刺激上时，相关性变得更强|视觉刺激的至少一部分具有特征调制,0.0
US2016235323A1,A61B34,手术导航系统,美国,0,2014,时间戳标记,行动不便患者辅助|运动跟踪,,0.0
US10827981B2,A61B5,身体诊断测量,美国,0,2014,使用无监督学习技术分组为聚类|分割脑电图数据为多个时隙|接收脑电图数据|提取特征,,无监督学习聚类|时域特征,0.0
WO2008091323A1,A61B5,身体诊断测量,世界知识产权组织,0,2007,定量评估|脑电信号处理,军事和航空航天|消费产品|玩具|生物反馈或神经反馈|脑机接口|视频游戏,,16.0
JP6643771B2,G06T7,图像分析,日本,0,2015,基于相关度识别对象类别|提取视觉特征向量|生成估计视觉特征向量,神经调节的计划和/或提供,基于受试者脑活动模式估计的估计视觉特征向量与参考图像视觉特征向量之间的相关度,1.0
US2013324880A1,A61B5,身体诊断测量,美国,0,2013,听觉刺激输出|尺寸确定|生物信号测量|脑电图处理|视频输出,听觉事件相关电位测量,事件相关电位,0.0
CN114343573A,A61B5,身体诊断测量,中国,1,2021,个性化游戏训练|脑功能动态监控|自适应多任务训练分配|非侵入式脑刺激调制,药物成瘾患者,神经调控方法,7.0
WO2025213015A1,A61B5,身体诊断测量,世界知识产权组织,0,2025,提取特征物理量|生成数据结构|输入到第一治疗专用机器学习模型和第二治疗专用机器学习模型中,CNS疾病治疗响应预测,治疗专用机器学习模型,0.0
EP4519888A4,A61B5,身体诊断测量,欧洲专利局,0,2023,接收和分析脑电图信号|计算浓度指数|计算电机控制指标|计算警觉性指数|迭代提供反馈模式,大脑能力测试,运动想象,0.0
US2014163410A1,A61B5,身体诊断测量,美国,0,2013,接收治疗方案|提供反馈|通过互联网传输脑电图大脑活动,神经反馈系统,,0.0
ATE1625331T1,G06F3,输入输出装置,其他,0,2021,最小化成本函数更新参数|满意度/错误心理状态解码|自动数据标记|预处理|预测模型推导,脑机接口,基于观测数据张量和命令数据张量的预测|心理状态检测,0.0
WO2016069058A1,A61B5,身体诊断测量,世界知识产权组织,0,2015,功能领域异常识别|情感脑机接口|行为任务系列|行为测量与大脑激活模式关联|闭环症状响应,精神或情绪障碍诊断|药物成瘾患者,大脑区域激活和去激活模式与行为表现关联,6.0
US9101276B2,G06F19,医疗信息处理,美国,0,2007,动态脑模型分析|处理脑数据,脑功能网络分析,统计独立时域测量|部分互相关|零延迟相互作用,29.0
CN112512423A,A61B5,身体诊断测量,中国,1,2019,PBM刺激与EEG传感器和神经反馈组合|向线粒体提供额外能量|脉冲地产生PBM光|诱导刺激目标脑波频率的增加,认知和生理状态监视与刺激|配置助听器,光生物调节|向线粒体提供额外能量|神经反馈|诱导刺激目标脑波频率的增加,4.0
US12167066B2,H04N21,视频分发,美国,0,2022,获得基于大脑活动的信号|获得头部移动数据|预测期望视口比较|预测第一预测期望视口,全景视频流|媒体内容观看,脑机交互,0.0
US11558653B2,H04N21,视频分发,美国,0,2021,获得基于大脑活动的信号|获得头部移动数据|预测期望视口比较|预测第一预测期望视口,全景视频流式传输|脑机交互,脑机交互,0.0
WO2018088187A1,A61B5,身体诊断测量,世界知识产权组织,0,2017,使用脑电波信号分析用户对所呈现图像的关注区域和兴趣程度|将图像播放控制信息与从用户获取的脑电波信号关联|生成能够识别每个图像呈现时输出的脑电波信号的评估信息,图像内容评估|注意力监控|用户兴趣程度分析,脑电波信号,8.0
US9824607B1,G06N5,知识推理,美国,0,2013,修改用户对交互环境的感知|基于明确的用户输入、用户对决策刺激的大脑活动或其组合来执行动作|生成与上下文相关的决策刺激|评估用户对决策刺激的大脑活动,用户与媒体系统的当前会话|脑机接口,最小化用户的认知负荷|潜意识决策相关刺激|阈下刺激,11.0
US2016371721A1,G06Q30,商业交易系统,美国,0,2015,存储指示观看者观看了广告的信息|将脑状态与阈值范围进行比较|生成并显示包含刺激的广告|监测大脑活动|确定脑状态,用户兴趣程度分析,刺激触发观看者大脑的某个区域|脑状态与刺激相关的阈值范围匹配,0.0
JP2021502135A,A61B5,身体诊断测量,日本,0,2018,匹配强度判断|将脑电信号与训练好的脑电信号分布图部分进行比较|采集脑电信号,人检测器装置,脑电信号,0.0
GB2581455B,G06K9,图像识别,英国,0,2018,匹配强度确定|比较脑电信号与训练好的脑电信号分布图|采集脑电信号,人检测器装置,脑电信号,0.0
CN116098634A,A61B5,身体诊断测量,中国,1,2023,对比差值计算评估评分|形成全脑脑电波形图|计算大脑各区域间连接强度|采集脑电信号|预处理和叠加平均,脑活动分析,脑网络方法,3.0
WO2023161861A1,A61B5,身体诊断测量,世界知识产权组织,0,2023,事件相关电位(ERP)检测|心率变异性(HRV)生物反馈|经颅光生物调节(PBM)|脑电波生物反馈|诱发和诱导的EEG振荡(ERO)测量,认知测试,刺激靶向大脑活动的增加,5.0
EP4482392A4,A61B5,身体诊断测量,欧洲专利局,0,2023,事件相关电位检测|心率变异性生物反馈|经颅光生物调节|脑电波生物反馈|诱发和诱导脑电图振荡测量,认知测试,刺激靶向大脑活动的增加,0.0
US9986933B2,A61B5,身体诊断测量,美国,0,2012,处理神经生理脑活动信号|比较测试神经生理反应与预定神经生理反应|生成测试刺激,基于神经生理学的控制系统,神经生理反应,2.0
WO2008025048A3,G06F3,输入输出装置,世界知识产权组织,0,2007,信号处理|同步刺激阶段和信号处理阶段|模数转换|滤波|生成多个不同的周期性刺激,设备控制,从放大通道的信号中推断出特定刺激，从而触发设备中的动作,0.0
EP2679151A1,A61B5,身体诊断测量,欧洲专利局,0,2013,获取信号|获取指示性数据|量化相关性,,相关性分析,6.0
US20170351958A1,G06N5,知识推理,美国,0,2015,提交属性数据|提供计算推理模型|脑电数据标记|评估计算推理模型,个人设备使用监测,状态转换模型,12.0
WO2018127087A1,H04M1,电话设备,世界知识产权组织,0,2018,提供第一反馈信号|确定脑电波信号的频率分布|确定视频游戏中的奖励,神经反馈训练|视频游戏,奖励机制|频率分布分析,0.0
CN107479709A,G06F3,输入输出装置,中国,1,2017,反馈信号|奖励确定|接收脑波信号|频率分布,视频游戏,第一频带内的量满足第一标准|频率分布分析,11.0
US2023344907A1,H04L67,网络服务,美国,0,2023,第一服务过程处理|远程过程调用,神经信号数据处理,,0.0
CN115886841A,A61B5,身体诊断测量,中国,1,2022,检测分类|模态分析|脑区划分|触发函数构建|阈值比较,穿戴式脑电检测|脑电信号处理,稳态视觉诱发|脑区联动,4.0
CN115886841B,A61B5,身体诊断测量,中国,1,2022,检测分类|模态分析|脑区划分|触发函数构建|阈值比较,穿戴式脑电检测|脑电信号处理,稳态视觉诱发|脑区联动,0.0
CN117493774B,G06N3,神经网络,中国,1,2023,信号采集|信号预处理|特征整合|解码,脑机接口|认知助听器,听觉通路信息编码机制|左右脑皮层信息处理机制|类听觉系统驱动,0.0
CN117493774A,G06F18,模式识别,中国,1,2023,信号采集|信号预处理|特征整合|解码,脑机接口|认知助听器,听觉通路信息编码机制|左右脑皮层信息处理机制|类听觉系统驱动,4.0
CN112070141B,G06F18,模式识别,中国,1,2020,注意力检测|置信度融合|频率识别算法,异步控制,注意力检测|稳态视觉诱发,0.0
CN112070141A,G06F3,输入输出装置,中国,1,2020,注意力检测|置信度融合|频率识别算法,异步控制,注意力检测|稳态视觉诱发,10.0
CN113729710A,A61B5,身体诊断测量,中国,1,2021,神经网络模型|融合多生理模态,注意力评估,多模态融合,22.0
CN116595329A,G06F18,模式识别,中国,1,2023,构建双自由度速度想象动作指令集|构建基于多自由度的自发性速度想象多模态信号同步采集范式|构建基于脑电和近红外光谱的双模态同步采集系统,脑机接口,双模态同步采集|多自由度速度想象,0.0
CN116595329B,G06F3,输入输出装置,中国,1,2023,构建双自由度速度想象动作指令集|构建基于多自由度的自发性速度想象多模态信号同步采集范式|构建基于脑电和近红外光谱的双模态同步采集系统,脑机接口,双模态同步采集|多自由度速度想象,0.0
CN122263043A,G06F18,模式识别,中国,1,2026,同步采集指令发送|时空关联性识别|时间对齐处理|自动分析与标记,医疗|科研,多模态数据时间同步|时空关联性分析,0.0
RU226130U1,A61B5,身体诊断测量,俄罗斯,0,2024,信号处理|信号放大和滤波|双向通信|数据记录到存储卡|无线通信,医疗和研究实践中|医疗设备,脑电图法,0.0
CN104434092A,A61B5,身体诊断测量,中国,1,2014,信号放大|导联线穿线|弹性头套固定|无线通信,脑电图检测,,2.0
US20220079527A1,A61B5,身体诊断测量,美国,0,2020,H∞方法|H∞适配规则的滤波|清理框架|统一的伪影去除框架,,利用参考加权|将输出与传入的EEG数据组合,6.0
CN114652532A,A61B5,身体诊断测量,中国,1,2022,SSVEP|实时上传|注意力检测|脑电信号预处理|自动避险|行驶状态检测,基于神经生理学的控制系统|行动不便患者辅助,注意力机制|稳态视觉诱发电位,8.0
CN114652532B,A61G5,轮椅及移动,中国,1,2022,SSVEP脑电信号采集|危险预警|呼救功能|实时上传|指令判断|注意力检测|自动避险|轮椅定位,脑控轮椅系统|行动不便患者辅助,注意力状态评估|稳态视觉诱发电位（SSVEP）,0.0
CN115481650A,G06K9,图像识别,中国,1,2022,分频处理|划分N个子能量特征|剔除异常子能量特征|发送预警指令|提取时域特征|生成初始能量特征|生成动力学特征|确定注意力水平|采集脑电信号,安全生产监控,注意力检测,4.0
CN116027890B,G06F3,输入输出装置,中国,1,2022,去噪|特征提取|脑电信号分类器|脑电信号采集,神经退行性疾病早期识别筛查,注意力状态评估,0.0
CN116027890A,G06F3,输入输出装置,中国,1,2022,分类器|去噪|特征提取|脑电信号采集,游戏界面|神经退行性疾病早期识别筛查,脑电信号分类器,1.0
CN204863182U,A61B5,身体诊断测量,中国,1,2015,同步采集|联合同步采集,脑信息采集技术领域|运动想象,运动想象时脑电信号和脑血含氧量信号同步变化,13.0
US20220071544A1,A61B5,身体诊断测量,美国,0,2021,EEG信号放大|第一反馈环路放大EEG信号|衰减器包括在第二反馈环路中,脑电图信号放大,反馈环路|阻抗放大,5.0
US20090328089A1,H04N7,电视系统,美国,0,2008,数据分析|神经响应数据采集,娱乐|营销材料,神经响应测量,115.0
US8655428B2,A61B5,身体诊断测量,美国,0,2010,单独隔离和放大|发送时钟信号|同步,运动跟踪,时钟同步机制,97.0
US20120036004A1,G06Q30,商业交易系统,美国,0,2010,刺激呈现|感官信息输出|收集神经响应数据|虚拟现实场景调整,商店货架|市场过道|虚拟现实环境|陈列室地板,用户活动和响应用于修改营销材料和/或虚拟现实环境,135.0
WO2008141340A1,A61B13,心理检查器械,世界知识产权组织,0,2008,数据分析|数据收集,销售和娱乐材料,神经-响应数据作为中枢神经系统，自主神经系统，和执行器的数据,52.0
US20090024449A1,G06Q30,商业交易系统,美国,0,2008,数据分析|数据收集|重复暴露于刺激材料,刺激材料习惯化分析,习惯化,154.0
CN116823408A,G06Q30,商业交易系统,中国,1,2023,根据基础属性信息和目标行为特征确定第一兴趣度|根据第一兴趣度确定推荐策略|根据第一用户行为信息进行数据分析获得目标行为特征|生成商品推荐列表|获取用户的基础属性信息和第一用户行为信息,商品推荐|虚拟消费场景|虚拟现实场景,脑电数据用于表征用户的情绪变化,11.0
US20220211313A1,A61B5,身体诊断测量,美国,0,2021,梳状分布的第一保护突起|金属探针的探针延伸部分,脑电(EEG)电极,按压状态下探针端部与保护突起端部齐平,4.0
WO2017215177A1,G06F3,输入输出装置,世界知识产权组织,0,2016,根据情感认知信息对虚拟环境执行对应的内容交互|检测脑电波信号|解析脑电波信号,虚拟现实,情感状态和注意力状态等作为交互手段|脑电波反映情绪,0.0
US6099319A,G09B19,教学科目,美国,0,1998,暴露于刺激|测量生物反应|神经成像,产品|广告|消费|通信,非主观证据,400.0
US2020163571A1,H04N21,视频分发,美国,0,2019,分析神经反应数据,视频游戏,,0.0
JP2022546345A,A61B5,身体诊断测量,日本,0,2020,EEG数据传播|基于任务的信息传播|确定与获取fMRI数据相关联的动作|确定第一子集时段,成像,脑电活动与脑活动的时间相关性,0.0
US2019104960A1,A61B5,身体诊断测量,美国,0,2017,EEG信号中介|模拟同步,临床研究,事件相关电位,0.0
WO2025215147A1,A61B5,身体诊断测量,世界知识产权组织,0,2025,从差异观察中学习|实施人工智能|检测诱发电位,直接神经接口,诱发电位,0.0
EP3430997A4,A61B5,身体诊断测量,欧洲专利局,0,2017,使EEG与振荡的电光相关事件和运动行为模拟同步的方法|同步脑电(EEG)的装置,临床研究|神经病学|神经科学,诱发电位或事件相关电位可视化,0.0
CN109069052A,A61B5,身体诊断测量,中国,1,2017,EEG信号调解|模拟同步,临床研究|神经病学|神经科学,诱发电位或事件相关电位可视化,1.0
US12343157B2,A61B5,身体诊断测量,美国,0,2021,提取事件相关电位峰值|显示图像序列|比较基线数据|量化情感相关测量,,事件相关电位|线索反应性,1.0
US20210315508A1,A61B5,身体诊断测量,美国,0,2021,与基线数据比较|接收与图像序列显示时间同步的用户EEG信号|提取事件相关电位峰值|显示图像序列|量化情感相关测量,注意力评估,事件相关电位(ERP),3.0
JP2013507174A,A61B5,身体诊断测量,日本,0,2010,分类|刺激-锁定的EEG|同步检测,感官-诱发电位检测|视觉-诱发电位检测,时间域重复刺激|诱发电位,8.0
JP2013507174A5,A61B5,身体诊断测量,日本,0,2010,刺激-锁定的EEG|同步检测,感官-诱发电位检测,时间域重复刺激,0.0
US20220110578A1,A61B5,身体诊断测量,美国,0,2021,同步传输触发信号和听觉信号|将编码音频文件分离成第一和第二声道|读取第一通道中的触发数据并产生触发信号|读取第二声道中的刺激数据并产生听觉信号,医疗|消费应用|认知研究,通过触发信号和听觉信号的同步传输来解决定时误差,0.0
IT202200023925A1,,,其他,0,2022,修改刺激参数|测量生物反应|生成反应指数|生成感官元数据|获取生物信号,,神经生理反应,0.0
US2022248996A1,A61B5,身体诊断测量,美国,0,2020,呈现测试刺激|捕获面部图像|推导认知特征和情感特征|构建训练数据集|脑电信号采集|训练系统,用户对刺激的响应测量,脑电图信号,0.0
EP4004691A1,G06F3,输入输出装置,欧洲专利局,0,2020,应用权重|提供视觉刺激|确定相关性|神经响应测量|自适应校准方法|调整神经信号模型权重和显示对象显示调制,脑机接口,视觉刺激的神经反应与调制相关，当注意力集中在视觉刺激上时相关性更强,0.0
JP2010279452A,A61B5,身体诊断测量,日本,0,2009,导电双双面粘合带|干的结构化|焊接|超薄金属基材与细直径施加与金属镀,测量脑波,干电极接触头皮，无需导电膏或皮肤准备,5.0
CN113057639B,A61B5,身体诊断测量,中国,1,2021,柔性基底层、电极层和隔离层叠层结构|镂空形成网状结构,人检测器装置,网状结构降低界面阻抗|隔离层隔离金属电极,0.0
US8326396B2,A61B5,身体诊断测量,美国,0,2010,刷状形状|可拆卸地由夹具保持|外螺纹|旋转封闭件|销从主体突出,,,33.0
US20120108995A1,A61B5,身体诊断测量,美国,0,2010,神经响应数据收集|购买后评估与购买前评估比较,产品包装改进|持续体验改善|服务组件修改|消费者行为改变|购买后评估,神经反应数据反映消费者对产品的神经响应,113.0
CN115067971B,A61B5,身体诊断测量,中国,1,2022,实时采集脑电信号|将神经反馈指标映射到虚拟对象的行为参数上|根据实时采集的脑电信号和神经反馈指标的定义来获取神经反馈指标的实时值|沉浸式交互程序显示具有虚拟对象的游戏界面,神经反馈系统,神经反馈,0.0
US63225152P0,,,美国,0,2021,测量用户的生理数据|适配一个或多个视觉和/或音频场景,声音设备|脑机接口|虚拟现实(VR)设备|视觉显示设备|触觉设备,基于用户生理数据来适配场景,0.0
US63222873P0,,,美国,0,2021,测量用户的生理数据|适配视觉和/或音频场景,多感官呈现设备|脑机接口|虚拟现实,基于用户生理数据来适配场景,0.0
US63245625P0,,,美国,0,2021,监测用户状态|适配视觉和/或音频场景,声音设备|多感官呈现|虚拟现实|视觉显示设备|触觉设备,基于用户生理数据,0.0
US12248630B2,G09G5,显示驱动,美国,0,2023,响应于用户状态修改内容参数|处理生物信号数据|捕获参考标识符,可穿戴计算设备|虚拟和增强现实系统,反馈模块|生物信号传感器接收生物信号数据,0.0
AU2014275184A1,G16H50,医学决策支持,澳大利亚,0,2014,传送参考标识符|修改虚拟图像|捕获参考标识符|接收脑活动数据|接收虚拟对象数据|改变虚拟对象状态|显示,增强现实,相对运动|运动想象,0.0
US12638918B2,G06F3,输入输出装置,美国,0,2024,测量电活动|电活动操纵|高维向量形成,增强现实系统|虚拟现实系统,生物反馈,0.0
US2020019243A1,G06F3,输入输出装置,美国,0,2019,响应于用户状态修改内容参数|处理生物信号数据|用户状态确定,可穿戴计算设备|现实世界(非临床)环境,可变形表面|生物信号传感器|电极接触皮肤,0.0
US11520404B2,A61B5,身体诊断测量,美国,0,2021,修改内容参数|处理生物信号数据|捕获参考标识符,VR环境|现实世界(非临床)环境,可变形表面|生物信号传感器|电极接触皮肤,1.0
US2025208711A1,G09G5,显示驱动,美国,0,2025,响应于用户状态修改内容参数|处理生物信号数据|捕获参考标识符,VR环境,可变形表面|生物信号传感器|电极可延伸以接触用户皮肤,0.0
US2024045503A1,G06F3,输入输出装置,美国,0,2023,响应于用户状态修改内容参数|处理生物信号数据|用户状态确定,VR环境,生物信号传感器|电极可延伸以接触用户皮肤,0.0
US2024316310A1,A61M21,精神治疗装置,美国,0,2024,监控用户与虚拟环境的交互|神经活动解码|选择刺激模式,扩展现实环境,通过神经接口对神经系统施加刺激引起感知,0.0
CN106406522A,G06F3,输入输出装置,中国,1,2016,向用户输出虚拟现实场景内容|根据差别对输出的虚拟现实场景内容进行调整|比较分析|脑活动监测,虚拟现实场景内容调整,脑电波反映情绪|脑电波图像对比,11.0
CN119311124A,G06N3,神经网络,中国,1,2024,双向同步调整|实时获取用户的脑电波数据|实时调整虚拟环境元素|监测物理环境|神经反馈分析|脑电信号采集|脑电振荡测量,元宇宙|扩展现实环境,神经反馈|脑电共振,7.0
CN121015207A,G16H50,医学决策支持,中国,1,2025,修改刺激参数|呈现虚拟环境|识别人员状态|采集脑电信号,人因工程技术领域|虚拟现实场景,基于脑机接口|基于虚拟现实|脑电图信号,1.0
US2019357798A1,A61B5,身体诊断测量,美国,0,2019,SSVEP相位增加测量|SSVER相位增加测量|眼动追踪,个人传达信息|品牌和广告|商业传播|娱乐|寻求公职的个人反应|视觉对象,相位增加测量,0.0
US2016275726A1,G16H50,医学决策支持,美国,0,2016,传送参考标识符|修改虚拟图像|捕获参考标识符|接收脑活动数据|接收虚拟对象数据|改变虚拟对象状态|显示,增强现实,运动想象,0.0
EP3005682A1,G16H50,医学决策支持,欧洲专利局,0,2014,传送参考标识符到远程服务器|修改虚拟图像|捕获参考标识符|接收脑活动数据|接收虚拟对象数据|改变虚拟对象状态|显示,增强现实,基于意图操纵,0.0
US10942568B2,A61B5,身体诊断测量,美国,0,2019,响应于用户状态修改VR环境中内容的参数|处理生物信号数据|捕获参考标识符,VR环境,反馈模块|生物信号传感器接收生物信号数据,6.0
US2019090772A1,G06F17,数据处理,美国,0,2017,关联高维向量与刺激|呈现刺激|接收口头反应|映射语言数据|比较神经活动与思想模型|脑活动监测|高维向量形成,神经学监测,基于映射的神经活动和口头反应的关系形成高维向量|思想模型,0.0
WO2021045637A1,G02B27,光学元件系统,世界知识产权组织,0,2019,将反馈传送到VR设备并作为VR内容显示|生理响应模型,神经训练|虚拟现实设备,反馈机制|神经接口,0.0
CN114698389B,G06F3,输入输出装置,中国,1,2020,基线消除预处理|提供视觉刺激|测量对由用户观看的对象的神经响应|神经响应分析|视觉刺激的至少一部分具有特性调制|调整神经信号模型加权和显示的对象显示调制,脑机接口,对视觉刺激的神经响应与调制相关，当注意集中在视觉刺激上时，相关性更强,0.0
KR20220093380A,G06F3,输入输出装置,韩国,0,2020,基于神经信号确定用户的焦点|特征调制应用于视觉刺激的高空间频率(HSF)分量|生成具有特征调制的至少一个视觉刺激|通过显示器的图形用户界面(GUI)显示视觉刺激,视觉脑-计算机接口,神经信号与视觉注意,0.0
RU2693217C1,A61B5,身体诊断测量,俄罗斯,0,2017,弹性变形产生电压|电信号生成|电极定位,便携式无线记录脑电活动|研究个人或一组个人对所获得的视觉或其它信息的情绪反应,干电极保持器跟随头部曲率|弹性变形产生电压使电极朝向头皮按压|电极弹簧加载,1.0
US11921921B2,G06F3,输入输出装置,美国,0,2016,测量脑活动|生物反馈数据分析|电信号生成|高维向量形成,虚拟和增强现实系统,生物反馈,0.0
US20240168552A1,G06F3,输入输出装置,美国,0,2024,测量脑活动|生成与电活动相对应的电信号|电活动操纵,虚拟和增强现实系统|虚拟环境,生物反馈,0.0
WO2014197387A1,G16H50,医学决策支持,世界知识产权组织,0,2014,传送参考标识符|修改虚拟图像|捕获参考标识符|接收虚拟对象数据|改变虚拟对象状态|显示|脑活动监测,增强现实,相对运动|运动想象,15.0
AU2014275184B2,G16H50,医学决策支持,澳大利亚,0,2014,传送参考标识符|修改虚拟图像|捕获参考标识符|接收脑活动数据|接收虚拟对象数据|改变虚拟对象状态|显示,增强现实,相对运动|运动想象,0.0
IL274608A0,A61B5,身体诊断测量,以色列,0,2020,快速解码大脑活动|脑机接口表征交互|调节虚拟对象,增强现实|物理环境|虚拟环境|虚拟现实,脑机接口,0.0
US10452144B2,G09G5,显示驱动,美国,0,2018,修改VR环境中内容的参数|处理生物信号数据|捕获参考标识符,可穿戴计算设备|虚拟和增强现实系统,反馈模块|生物信号传感器接收生物信号数据,13.0
CN109828656A,G06F3,输入输出装置,中国,1,2017,深度学习分析|脑电监测,虚拟现实系统,个体专属脑电分析图谱|脑电图信号,3.0
US20180088669A1,G06F3,输入输出装置,美国,0,2016,内容修改|基于第一向量和第一神经响应数据生成预测,虚拟现实内容安全检测,神经学响应与刺激的相关性,29.0
US10067565B2,G06F3,输入输出装置,美国,0,2016,基于第一向量和第一神经响应数据生成预测|更新环境,虚拟现实内容安全检测,神经学响应与癫痫发作风险的关联,8.0
US5467777A,A61B5,身体诊断测量,美国,0,1994,事件相关电位分析|以预定的刺激间间隔呈现刺激|呈现与所调查的情况相关的探测刺激|呈现刺激|检测脑电响应,,,73.0
US5295491A,A61B5,身体诊断测量,美国,0,1991,分析脑电信号|呈现测试|比较,无创性人体神经认知性能测试,将受试者的测试分数和生理活动与先前收集的该受试者的标准测量值进行比较,809.0
US12070320B2,A61B5,身体诊断测量,美国,0,2022,多模式诊断|监测大脑活动,神经治疗|神经诊断,,1.0
CN109859570A,G09B19,教学科目,中国,1,2018,将推荐的神经反馈训练范式输出至多媒体终端|生理数据采集|确定大脑状态量化测评结果|确定神经反馈训练范式|调用存储的模型知识库,大脑训练,神经反馈,10.0
WO2023228131A1,A61B5,身体诊断测量,世界知识产权组织,0,2023,EEG监测和评估|事件相关电位(ERP)测量|光电容积描记术(PPG)分析|心率分析|心率变异性(HRV)分析|心电图(EKG)分析|诱发和诱发的EEG振荡(ERO)测量|诱发心率、HRV和脉搏容积响应分析,心理生理学反应评估|用户心理表现监测|认知测试,事件相关电位(ERP)原理|定时同步接口|诱发和诱发的EEG振荡(ERO)原理,1.0
WO2021037617A1,A61B5,身体诊断测量,世界知识产权组织,0,2020,利用基于任务的信息和EEG数据确定子集时间段|确定与fMRI数据采集相关联的动作,成像,,0.0
WO2020023190A1,A61B5,身体诊断测量,世界知识产权组织,0,2019,将光转换为电流|检索EEG信号状态|测量脑电(EEG)信号或ERG信号|转换视觉刺激引起的EEG或ERG信号以提供数据,神经诊断|视觉刺激实验,光电传感器|视觉刺激引起生物电信号,0.0
US10893822B2,A61B5,身体诊断测量,美国,0,2012,分析频率与时间数据关系|处理测量数据|生成多参数函数|识别受试者相关特征,,,7.0
KR20220036368A,G06F3,输入输出装置,韩国,0,2020,应用权重|提供视觉刺激|测量神经响应|自适应加权和显示调制|自适应校正方法,脑机接口,当注意力集中在视觉刺激上时，这种相关性变得更强|神经信号包含与用户视觉注意力所指向的视觉刺激的特征调制相关的信息|视觉刺激的至少一部分具有特性调制,0.0
US11278230B2,A61B5,身体诊断测量,美国,0,2019,封装为数据结构|生成数据集|跟踪个体大脑对特定刺激序列的响应电活动,认知健康评估,注意前脑反应|注意力机制,2.0
EP4193912B1,A61B5,身体诊断测量,欧洲专利局,0,2012,处理测量数据|生成多参数函数|神经反馈分析,,呈现测量信号频率和时间数据之间关系的多参数函数,0.0
WO2023097240A1,A61B5,身体诊断测量,世界知识产权组织,0,2022,从IMU数据确定|从PPG数据推断|频谱分析,人机接口|头戴式设备,IMU确定空间运动|PPG推断生理参数|频谱分析隔离脑波分量,0.0
US2024152208A1,G06F3,输入输出装置,美国,0,2024,应用权重|提供视觉刺激|测量神经响应|确定相关性|自适应校准方法|调整神经信号模型权重和显示对象显示调制,脑机接口,对视觉刺激的神经响应与调制相关，当注意力集中在视觉刺激上时相关性更强|视觉刺激的至少一部分具有特征调制,0.0
US20080097235A1,A61B5,身体诊断测量,美国,0,2007,将记录的EEG信号转换成3-D图|比较分析,感官-诱发电位检测,可视化呈现测试刺激时活跃的脑区,44.0
CN114830069A,G06F3,输入输出装置,中国,1,2020,基于脑活动修改游戏|提供覆盖一个或更多个对象的视觉刺激|根据注意力测量变化|视觉刺激的至少一部分具有特性调制,脑机接口,对视觉刺激的神经响应与调制相关，当注意力集中在视觉刺激上时，相关性更强,1.0
CN114830069B,G06F3,输入输出装置,中国,1,2020,提供覆盖一个或更多个对象的视觉刺激|根据注意力测量变化|测量神经响应|调节虚拟对象,脑机接口,神经信号包含与用户视觉注意力所指向的视觉刺激的特征调制相关的信息,0.0
CN104783788A,A61B5,身体诊断测量,中国,1,2015,事件相关电位分析|脑电信号采集|逐步调整刺激,脑波诱导,反馈环路,21.0
KR20170014050A,A61B5,身体诊断测量,韩国,0,2015,分析测量的用户脑波|存储和管理使用记录|接收输入|根据脑波的种类和形状确定用户的脑活动状态|根据脑活动选择内容,虚拟现实治愈,基于虚拟现实,19.0
US2023259208A1,G06F3,输入输出装置,美国,0,2023,使用脑机接口表征与虚拟对象的交互|基于与交互相关的改进分类器调节虚拟对象特征|神经活动解码,数字和物理环境|新媒体内容|虚拟现实/增强现实,分类器改进|脑机接口,0.0
IL274608B2,G06F21,安全防护,以色列,0,2020,使用脑机接口表征与虚拟对象的交互|基于与交互相关的改进分类器调制虚拟对象特征,内容互动|定制内容|提供用户认证工具|简化交互|虚拟现实/增强现实,主成分分析|脑机接口,0.0
WO2022182526A1,A63F13,视频游戏,世界知识产权组织,0,2022,基于脑活动修改游戏,电子游戏,,2.0
US10386924B2,G06F3,输入输出装置,美国,0,2018,传输触觉信号|分析传感器信号|接收传感器信号|触觉反馈,虚拟环境,神经接口|触觉输出设备输出触觉效果,0.0
US2023070122A1,G06F3,输入输出装置,美国,0,2022,修改内容参数|处理生物信号数据|捕获参考标识符,可穿戴计算设备|虚拟现实环境,反馈模块呈现内容|生物信号传感器,0.0
US12494015B2,G06V10,图像特征提取,美国,0,2023,将感官信息转换为电信号|确定感官信息|获取相对位置信息|通过脑机接口设备刺激用户,虚拟环境,基于相对位置信息和目标对象的属性信息,0.0
EP4500308A1,G06F3,输入输出装置,欧洲专利局,0,2023,将感官信息转换为电信号|确定感官信息|获取相对位置信息,增强现实技术领域|虚拟环境,刺激|基于相对位置信息和目标对象的属性信息,0.0
JP2022530143A,A61B10,采样及活体检查,日本,0,2020,修改产品配方|呈现产品制剂|检测精神状态|检测脑活动,产品定制,感觉神经系统输入|脑状态测量,0.0
JP7478752B2,A61B10,采样及活体检查,日本,0,2020,修改产品配方|检测神经信号|检测精神状态,产品定制,产品诱导的脑状态测量|感觉输入,0.0
CN109893129B,A61B5,身体诊断测量,中国,1,2019,气囊调节|触觉反馈,穿戴式脑电检测,通过改变气囊高度调节干电极有效长度，保证与头皮充分接触，减小输入阻抗,1.0
US2015018657A1,A61B5,身体诊断测量,美国,0,2014,包装系统保持电解液涂层|表面特征或穿透器设计,脑电图记录,保持电解液涂层|锚定电极或其他设备|限制应用深度,0.0
US20020029005A1,A61B5,身体诊断测量,美国,0,2001,弹性可拉伸帽部分偏压电极|柱塞组件分离头皮毛发|根据国际10/20系统定位,信号处理,国际10/20系统,129.0
CN109893129A,A61B5,身体诊断测量,中国,1,2019,气囊调节|连续调节探针的深度,穿戴式脑电检测,通过调节气囊高度改变干电极的有效长度,10.0
US2016120436A1,A61B5,身体诊断测量,美国,0,2016,SSVEP相位增加测量|SSVER相位增加测量|受试者注视追踪,个人呈现信息评估|品牌和广告评估|商业传播评估|娱乐材料评估|寻求公职的个人反应评估|视觉对象评估,注视追踪|相位增加测量,0.0
WO2011150407A3,A61B5,身体诊断测量,世界知识产权组织,0,2011,发送反馈信号|处理记录的EEG信号|执行操作|接收和记录EEG信号|提供刺激以引出EEG信号|无线通信传输EEG信号,人机接口,脑-计算机接口技术,3.0
JP7543450B2,G06Q30,商业交易系统,日本,0,2021,收集生物测定数据|暴露于刺激|通过显示设备呈现,产品推荐,作为特定感觉、认知或运动事件的直接结果的所测量的大脑反应,0.0
US6236885B1,A61B5,身体诊断测量,美国,0,1999,将EEG响应转换成EEG信号的图形表示|将合成信号发送到目的地VCR和/或目的地监视器|集成和同步多个信号,测量对音视频显示器的EEG响应,同步记录和/或显示来自源音视频记录装置的信号和EEG信号的图形表示,135.0
US11237633B2,G06F3,输入输出装置,美国,0,2019,传输触觉信号|分析传感器信号|接收传感器信号|确定触觉效果,直接神经接口|虚拟环境,神经接口检测神经系统相关的电信号|触觉效果,0.0
WO2019104008A1,G06F3,输入输出装置,世界知识产权组织,0,2018,使用脑机接口表征与虚拟对象的交互|基于与交互相关的改进分类器调节虚拟对象特征|快速定制虚拟对象,定制内容交付|用户认证|虚拟现实/增强现实,主成分分析|脑机接口,9.0
US63510423P0,,,美国,0,2023,利用生成式人工智能生成图像内容|调制分配给提示中的每个参数的权重|调整图像属性,用户沉浸,基于识别的心情调制提示参数权重|通过调整图像属性将情绪应用于目标场景,0.0
US10896431B2,G06Q30,商业交易系统,美国,0,2017,多次呈现视觉刺激|存储数据|接收输入|确定主导情绪特征,心理特性评估,大脑活动最初时刻获得的响应,0.0
US10743790B2,A61B5,身体诊断测量,美国,0,2011,将测试刺激的给定3D地图与中性和主观显著刺激的参考3D地图进行比较|将记录的EEG信号转换为3D地图,主观显著性评估,3D地图可视化呈现测试刺激时活跃的大脑区域|脑活动与主观心理状态相关,0.0
WO2024249822A1,A61B5,身体诊断测量,世界知识产权组织,0,2024,神经响应测量|计算统计比较|评估统计比较,脑部疾病治疗|语义处理能力诊断,时间响应函数|自然主义语音刺激|语义度量值的时间序列,1.0
KR102646182B1,A61M21,精神治疗装置,韩国,0,2023,刺激控制信号传输|多通道脑电信号检测|脑电分析和事件相关电位(ERP)分析,游戏、视频、3D图像或3D VR/AR内容|脑部疾病治疗,光信号刺激|射频刺激|电刺激,2.0
US20120136273A1,A61B5,身体诊断测量,美国,0,2011,分析神经活动数据|发送反馈信号|脑波诊断程序,神经学监测|脑波诊断,电极检测神经学活动,9.0
AU2015200496B2,G09B19,教学科目,澳大利亚,0,2015,其他|存储用户反应|确定主导情绪特征|视觉刺激|重复暴露、接收和存储操作,心理特性评估,大脑活动最初时刻的反应,0.0
US11647936B2,A61B5,身体诊断测量,美国,0,2016,固定电极|通过导电凝胶获取生物信号,脑电图测量,倒钩构件增强固定|导电凝胶传导生物信号,1.0
US2023377255A1,G06T17,三维建模,美国,0,2023,位置信息获取|将感官信息转换为电信号|感官信息输出,增强现实技术领域,刺激,0.0
KR1020250090382A,G06F3,输入输出装置,韩国,0,2020,应用权重|提供视觉刺激|确定相关性|神经信号模型加权和显示对象显示调制|神经响应测量|自适应校准方法,脑机接口,当注意力集中在视觉刺激上时，神经反应与调制的相关性更强,0.0
KR1020220036368A,G06F3,输入输出装置,韩国,0,2020,将权重应用于对用户的神经响应的结果模型|提供视觉刺激以覆盖一个或多个对象|测量对所看到的对象的神经响应|神经信号模型加权和显示对象显示调制|自适应校准方法,脑机接口,对视觉刺激的神经反应与调制相关，当注意力集中在视觉刺激上时，调制变得更强|视觉刺激特征调制,0.0
US20150105837A1,A61N1,电疗器械,美国,0,2013,分析患者EEG信号|比较归一化EEG模式|测量电生理活动|生成刺激|选择刺激方案,脑治疗,经颅刺激,94.0
RU2704562C1,A61B5,身体诊断测量,俄罗斯,0,2018,带通滤波器分离频带|时钟加法器相加比较器信号|比较器确定频带变化|积分器和检测器计算频率分量功率|记录EEG生物电位的单元|记录脑电信号|采样-存储装置存储刺激前后功率值,医学|设备,刺激前后EEG频带功率变化反映注意力水平,2.0
US5392788A,A61B5,身体诊断测量,美国,0,1993,使用概念知觉和情绪思维的模型来解释信号|将信号与来自规范人群的规范EEG信号进行比较,脑波诊断,概念知觉和情绪思维的模型,246.0
US2020245890A1,A61B5,身体诊断测量,美国,0,2018,分析|滤波,真实世界（非临床）环境中执行活动,脑电图信号转换为心理状态指标,0.0
FR3161102A1,A61B5,身体诊断测量,法国,0,2024,利用人工智能基于当前脑电图信号识别当前刺激信号|检测用户脑电图信号中响应于刺激信号而诱发的电位|获取响应于连续发出的各刺激信号的脑电图信号|通过从对相同刺激信号响应的磁共振信号差异的观察中学习，利用人工智能区分所获取的脑电图信号,直接神经接口,刺激信号诱发脑电图电位|磁共振信号差异与脑电图信号关联,0.0
US20230190185A1,A61B5,身体诊断测量,美国,0,2021,基于检测到的异常脑活动生成神经反馈信号|线性致动器膨胀收缩移动EEG电极|线性致动器膨胀收缩调节帽尺寸,精准精神病学,生物反馈|通过致动器机械调节电极位置以优化接触,5.0
US10394323B2,G06F3,输入输出装置,美国,0,2015,基于认知状态识别模板|改变模板,用户界面内容呈现,认知状态与内容项相关联,4.0
US20200082735A1,G09B19,教学科目,美国,0,2019,基于生物统计数据的反馈适配|预测分析,虚拟现实图像内容显示|虚拟现实场景,生物统计数据与心理/神经学因素的关联,132.0
CN121265938A,A61M21,精神治疗装置,中国,1,2025,三维重建|数字孪生动态建模|根据脑活动选择内容|神经-行为特征提取|神经调控干预|虚拟场景元素动态调节|训练数据闭环反馈,虚拟现实认知训练,数字孪生|自适应策略,2.0
US61589748P0,,,美国,0,2012,执行操作|提供触觉反馈|生成刺激|评估用户的脑活动,用户与媒体系统的当前会话,认知负荷最小化|阈下刺激,0.0
IL274608A,,,以色列,0,2020,使用脑机接口表征与虚拟对象的交互|基于与交互相关的改进分类器调节虚拟对象特征,定制内容|虚拟对象提供|虚拟现实/增强现实,脑活动解码,0.0
US11662816B2,G06T19,增强现实,美国,0,2018,利用脑机接口表征与虚拟对象的交互|基于与交互相关的改进分类器调节虚拟对象特征,内容互动|提供用户认证工具|简化交互|虚拟与增强现实产品互动,,0.0
EP4485395A1,G06V40,生物识别,欧洲专利局,0,2024,利用生成式人工智能(AI)生成高度个性化图像内容|开发提示|结合脑电波数据|识别情绪|调整图像属性|调整提示中每个参数的权重,用户沉浸,通过调整图像属性（如色调、饱和度和光照）将情绪应用于目标场景,0.0
US2018341331A1,G06F3,输入输出装置,美国,0,2018,传输触觉信号|接收传感器信号|确定交互|确定触觉效果,直接神经接口|虚拟环境,基于传感器信号确定交互|触觉效果,0.0
KR1020220119161A,G06F3,输入输出装置,韩国,0,2021,提供视觉刺激|测量对由用户观看的对象的神经响应|视觉刺激具有特征调制,脑机接口,对视觉刺激的神经反应与调制相关,0.0
CN110221701A,G06F3,输入输出装置,中国,1,2019,控制调整虚拟现实场景的具体呈现效果|脑电信号比较|虚拟现实脑电交互方法|采集诱发脑电信号数据,虚拟现实场景|虚拟现实设备,根据用户脑电信息判断用户的情感与精神状态，及时做出反馈,5.0
KR20170085000A,G06F3,输入输出装置,韩国,0,2017,分析传感器信号|发送触觉信号|接收传感器信号|确定触觉效果,人机接口|虚拟环境,神经接口检测神经系统相关的电信号|触觉效果,1.0
US2020373001A1,A61B5,身体诊断测量,美国,0,2018,实时转换|无线通信|机载处理,现实世界（非临床）环境|用户活动,脑电图信号转换为心理状态指标,0.0
US11524209B1,G06F3,输入输出装置,美国,0,2022,游戏化|结合游戏元素|虚拟对象,游戏化脑波诱导,主动参与增强脑波活动|游戏化的娱乐性质鼓励长期使用,3.0
WO2020056190A1,A61B5,身体诊断测量,世界知识产权组织,0,2019,基于生物统计数据的反馈适配|预测分析,虚拟现实图像内容显示|虚拟现实场景,动机|注意力|焦虑|生物统计数据与心理/神经学因素的关联|认知负荷,1.0
CN114401670A,A61B5,身体诊断测量,中国,1,2020,呈现改良后的产品配方|改良产品配方|检测心理状态|检测神经信号,产品定制,心理状态调节|感觉输入,0.0
WO2020219402A1,A61B5,身体诊断测量,世界知识产权组织,0,2020,修改产品配方|呈现产品制剂|检测精神状态|检测脑活动,产品定制,感觉输入|游戏化,0.0
US62894578P0,,,美国,0,2019,修改产品配方|检测神经信号|检测精神状态,产品定制,感觉输入|游戏化,1.0
US62839405P0,,,美国,0,2019,修改产品配方|检测神经信号|检测精神状态,产品定制,心理状态调节|感觉神经系统将产品配方输入到用户大脑,1.0
US2017188932A1,A61B5,身体诊断测量,美国,0,2016,收集和传输数据|比较第一评估和第二评估|第一评估|第二评估|记录一致性,临床康复|神经功能障碍检测,,0.0
US10463272B1,A61B5,身体诊断测量,美国,0,2018,包装系统包括井和电解液|表面特征或穿透器设计,脑电图记录,电解液涂层保持|限制施加深度,3.0
US9050015B2,A61B5,身体诊断测量,美国,0,2014,包装系统保持电解液涂层|表面特征或穿透器设计,脑电图(EEG)记录,锚定电极|限制施加深度,3.0
CN104503571A,H04M1,电话设备,中国,1,2014,EEG信号获取|信号预处理|无线传输,电话终端|脑机接口技术领域,国际10/20标准导联系统,15.0
US10130278B2,A61B6,放射诊断设备,美国,0,2013,传输脑电图数据|导电线程建立电通信|弹性头带固定|简化用户界面,EEG,导电线程电通信|电极阻抗指示,0.0
KR20170051699A,A61B5,身体诊断测量,韩国,0,2015,为每个电极单元分配单独识别号(ID)|测量电极阻抗|管理电源,脑电波测量,通过测量电阻来检查接触状态|通过识别号检查未接触部分,8.0
US8548554B2,A61B5,身体诊断测量,美国,0,2006,通过至少一个弹性接头安装在电极保持装置上,脑电极,弹性接头提供弹性接触,37.0
US20100198042A1,A61B5,身体诊断测量,美国,0,2006,通过至少一个弹性接头安装在电极保持装置上,脑电极,弹性接头提供弹性接触,169.0
KR20200009940A,A61B5,身体诊断测量,韩国,0,2018,外部可渗透膜与头皮接触|电导体传感器测量离子电流|电极体内部空间填充电解质溶液,脑电图测量,通过外部可渗透膜的微孔和孔传输离子电流,0.0
WO2023230133A3,A61B5,身体诊断测量,世界知识产权组织,0,2023,印刷嵌入电线|导电海绵|拉胀织物,脑电图(EEG)帽,导电海绵包括两部分式硅酮泡沫、硅酮稀化流体和碳纤维|拉胀织物允许头部覆盖物配合在头部上并与头部相符|电线被印刷地嵌入头部覆盖物中,0.0
US11633139B2,A61B5,身体诊断测量,美国,0,2022,可检索地存储EEG信号|放大EEG信号|数字化EEG信号|测量电极阻抗|生成EEG信号,,电极阻抗指示,10.0
EP3986268A4,A61B5,身体诊断测量,欧洲专利局,0,2020,传输控制信号|接收并处理信号|施加力,,,0.0
US2021000367A1,A61B5,身体诊断测量,美国,0,2019,按时间片分配|提供输出|确定相关性值|脑电信号获取|获取幅度值和变化值,处理生物医学数据,幅度值与变化值之间的相关性,0.0
CN111295673A,G06N3,神经网络,中国,1,2018,匹配强度确定|脑电信号比较,设备,最共有加权|经训练的脑电图信号轮廓,3.0
US12093456B2,G06F18,模式识别,美国,0,2020,对神经响应结果模型应用权重|提供视觉刺激|测量神经响应|自适应校准方法|视觉刺激特征调制,脑机接口,注意力机制|神经信号模型加权和显示对象显示调制都进行自适应,1.0
US2013184558A1,A61B6,放射诊断设备,美国,0,2012,使用解码分布进行解码|确定概率|获取脑活动数据|转换为预测响应值|重建刺激,脑活动解码,解码分布,0.0
CN120994068A,G06F3,输入输出装置,中国,1,2020,提供视觉刺激|测量对由用户观看的对象的神经响应|神经响应分析|自适应校准方法|调整神经信号模型加权和显示的对象显示调制,脑机接口,对视觉刺激的神经响应与调制相关，当注意集中在视觉刺激上时，相关性更强|视觉刺激的至少一部分具有特性调制,0.0
KR20180113511A,A61B5,身体诊断测量,韩国,0,2016,收集和传输数据|比较第一评估和第二评估|第一评估|第二评估|记录一致性,临床康复|神经学监测,,4.0
US11635815B2,A61F2,植入假体,美国,0,2018,第一机器学习技术|第二机器学习技术|训练用于估计神经信号,神经接口,机器学习,2.0
US2024411368A1,G16H20,治疗方案,美国,0,2024,应用多用户方法|脑电信号比较,神经反馈训练,,0.0
KR102511641B1,A61B5,身体诊断测量,韩国,0,2021,EEG频带分解|头皮-EEG数据测量|极限学习机(ELM)模型映射|耳-EEG数据测量|语音想象,脑机接口,耳-周围电极与头皮-周围电极同步测量|语音想象诱发脑电信号,0.0
US2017340855A1,A61B5,身体诊断测量,美国,0,2015,接收测量信号并控制发射与预定义慢脑波时间模式同步的声信号,人睡眠期间,慢脑波时间模式同步,0.0
WO2019101931A1,G06F3,输入输出装置,世界知识产权组织,0,2018,实时转换|无线传输|机载处理,暴露于外部刺激|现实世界（非临床）环境|用户执行活动,将EEG信号转换为心理状态指标,1.0
US11009952B2,A61B5,身体诊断测量,美国,0,2020,呈现与两个或更多选项相关的信息|实时处理EEG信号|生成输出|选择动作,计算机控制的脑电图接口,脑电图分析,0.0
WO2019136555A1,A61B5,身体诊断测量,世界知识产权组织,0,2019,传输脑电图数据|接收脑电图数据|生成输出数据,脑机接口,,0.0
US10537737B2,A61B5,身体诊断测量,美国,0,2018,减去估计的刺激干扰|改变tACS的电特性|自回归模型处理|自适应模型处理,非侵入式交流脑刺激,刺激干扰估计与消除|神经反馈监测|闭环调节,0.0
US12178616B2,G16H50,医学决策支持,美国,0,2022,从EEG信号提取EEG特征|从fNIRS信号提取fNIRS特征|基于EEG信号和fNIRS信号提取融合特征|基于EEG特征和融合特征输出确定脑活动类型的结果|收集EEG信号和fNIRS信号,,训练的神经网络模型,0.0
EP3694410A4,A61N5,放射治疗,欧洲专利局,0,2019,PBM光被脉冲化以通过夹带刺激目标脑电波频率的增加|PBM刺激与EEG传感器和神经反馈相结合,处理生物医学数据|头戴式耳机形式的脑电(EEG)和光生物调节(PBM)装置,向线粒体提供额外能量|夹带|神经反馈,0.0
AU2022203926B2,A61B5,身体诊断测量,澳大利亚,0,2022,刺激|夹带|监测|神经反馈,可穿戴设备|耳机,光生物调节(PBM)|向线粒体提供额外能量|脉冲光刺激目标脑电波频率,0.0
US8165684B2,A61B5,身体诊断测量,美国,0,2008,射频发射功率|捕获EEG信号并数字化|测量电阻抗|红外能量发送/接收数据,癫痫无线监测,IR能量数据传输|皮下植入远程电路接收RF功率,41.0
WO2013017169A1,H04R25,助听器,世界知识产权组织,0,2011,提供激励|脑电响应监测|识别刺激创建环境声音|请求执行激励产生动作,个人助听器,脑电响应由刺激物引起,22.0
CN111447536B,H04R25,助听器,中国,1,2014,使用生物信号控制设置|使能或结束音乐处理程序|基于EEG信号提取EOG信号|控制助听装置的传声器波束形成器的方向性模式|改变用于声音处理的当前程序,认知助听器,生物信号捕捉和放大部件配置成基于EEG信号提取EOG信号并与用户接口通信,0.0
CN111447536A,H04R25,助听器,中国,1,2014,使能或结束音乐处理程序|控制助听装置的传声器波束形成器的方向性模式|提取EOG信号|改变用于声音处理的当前程序,认知助听器,使用生物信号控制设置|基于EEG信号提取EOG信号,0.0
US20220313943A1,A61M21,精神治疗装置,美国,0,2022,提供音频、视频、光刺激|提供音频和/或视觉反馈|测量脑活动|确定用户的心理状态,头戴式VR装置|虚拟现实,基于刺激-响应机制|通过电极与皮肤接触检测脑电信号,0.0
WO9001897A1,A61B5,身体诊断测量,世界知识产权组织,0,1988,信号处理器将EEG转换成电气信号|力矩-通过力矩，该EEG的轮廓在实时时间|声学的时间延迟后反馈|计算以转换该相该反馈在顺序|转换成音乐通过合成仪,施加音乐反馈信号到人的脑或任何其它脑,音乐驱动脑到共振与音乐，提供封闭回路或生理反馈效果,4.0
US11109795B2,A61B5,身体诊断测量,美国,0,2018,将光转换为电流|检索EEG信号状态|转换从视觉刺激引起的EEG或ERG信号以提供数据,监测脑电输出,光电传感器,1.0
US8700142B2,A61B5,身体诊断测量,美国,0,2008,与正常组的数据进行比较分析|以两种不同频率以两种模式刺激受试者|转换成数字数据,医生办公室|急诊,EPS（诱发电位）评估通过脑干和丘脑的传输|脑电图仪探测和放大脑电波,18.0
US20110184307A1,A61B5,身体诊断测量,美国,0,2009,同步数据处理|处理同步数据以随后使EEG输出的回放与辅助输出同步|补偿因子考虑传输延迟,监测患者的EEG输出,同步数据指示何时EEG输出和何时辅助输出出现,19.0
WO2022117395A1,G16H20,治疗方案,世界知识产权组织,0,2021,个性化|优化ABM治疗|神经反馈监测,生物反馈或神经反馈,神经脑反应实时信息,0.0
US20240001067A1,A61B5,身体诊断测量,美国,0,2021,个性化ABM治疗|神经脑反应监测,注意力偏差修改处理,神经反馈监测,1.0
EP4009333A1,G16H20,治疗方案,欧洲专利局,0,2020,个性化|优化ABM治疗|神经反馈监测,生物反馈或神经反馈,神经脑反应实时信息,2.0
US5299118A,G06F15,数字计算机,美国,0,1991,分类分析|存储原始数据|接受生理传感器信号|提取特征|特征匹配|重新分析数据,睡眠分析,分类标准|模式匹配,277.0
CN103955269A,G06F3,输入输出装置,中国,1,2014,想象运动控制|模型分析|视觉刺激训练|训练模式,虚拟现实环境,事件相关电位|脑-机接口,37.0
CN109316196A,A61B5,身体诊断测量,中国,1,2018,信效度分析|虚拟现实场景暴露,苯丙胺类兴奋剂渴求评估,脑电功率差值,6.0
CN109316196B,A61B5,身体诊断测量,中国,1,2018,信效度分析|虚拟现实场景暴露,苯丙胺类兴奋剂渴求评估,脑电功率差值作为评估指标,0.0
CN110522427A,A61B5,身体诊断测量,中国,1,2019,基于虚拟现实的监测|实时监测预警|生理数据采集|计算分析,民用飞行员执行控制力的监测,综合主观评估结果与客观生理数据变化数据结果,4.0
KR20170114371A,G06T13,动画制作,韩国,0,2016,同步控制输出设备和运动模拟器|基于脑波或语音信号检索角色的运动数据,全景视频流式传输|运动模拟器,脑波或语音信号与虚拟现实图像内角色的运动数据映射,7.0
KR101799980B1,G02B27,光学元件系统,韩国,0,2016,同步控制输出设备和运动模拟器|基于脑波或语音信号检索角色的运动数据,全景视频流式传输|运动模拟器,脑波或语音信号与虚拟现实图像内角色的运动数据映射,3.0
CN101234224A,A61M21,精神治疗装置,中国,1,2008,形成三维人体数据模型|脑电波检测分析|调节虚拟现实环境|采集用户三维模型数据,训练康复,脑电图波处于α(8－12Hz)之间|虚拟现实,31.0
CN105893780A,A61B5,身体诊断测量,中国,1,2016,基于脑电波脑血流数据实时监测的用户生理数据分析|基于虚拟现实交互技术的用户特定情绪诱发|用户精神心理评估,医疗器械领域|苯丙胺类兴奋剂渴求评估,结合使用者观看一系列具有特定情绪诱发效果的虚拟现实内容的反馈效果|通过将使用者的脑电波、脑血流等多种生理数据与预期的数据进行对比分析,40.0
CN105893780B,A61B5,身体诊断测量,中国,1,2016,基于脑电波脑血流数据实时监测的用户生理数据分析|基于虚拟现实交互技术的用户特定情绪诱发|用户精神心理评估,医疗器械领域|苯丙胺类兴奋剂渴求评估,通过将使用者的脑电波、脑血流等多种生理数据与预期的数据进行对比分析,1.0
CN107479696A,G06F3,输入输出装置,中国,1,2017,三维视觉刺激界面进行刺激|模式识别|特征提取|脑电信号预处理,虚拟现实脑-机接口设计场合,P300范式|事件相关电位脑-机接口技术,9.0
CN116530938B,A61B5,身体诊断测量,中国,1,2023,信号处理|电刺激|虚拟现实训练|训练评估,认知能力评估,基于虚拟现实的认知训练和大脑刺激组合,0.0
CN116530938A,A61B5,身体诊断测量,中国,1,2023,任务呈现|认知相关信号处理|认知训练,认知能力评估,基于虚拟现实的认知训练和大脑刺激组合,10.0
KR100943396B1,A61B5,身体诊断测量,韩国,0,2009,控制器控制设备操作|放大器放大信号|滤波器去除脑波信号的噪声|转换器将模拟信号转换为数字信号,运动想象训练,运动想象,6.0
US2019059814A1,A61B5,身体诊断测量,美国,0,2018,头带和虚拟现实设备佩戴在用户头上|突出传感器穿过头带的传感器孔,使用虚拟现实设备的脑电图测量,通过头带固定脑电图测量装置与虚拟现实设备的相对位置,0.0
WO2018083211A1,G06F3,输入输出装置,世界知识产权组织,0,2017,测量脑信号|确定目标图像数据|调整流式传输过程|预测头部运动,虚拟现实视频流式传输,基于脑电图数据预测头部运动,13.0
EP3535644A1,G06F3,输入输出装置,欧洲专利局,0,2017,基于脑电图数据预测头部运动|确定用于提供目标图像数据的新配置的设置|脑电图数据测量|调整流式传输过程|预测头部运动,虚拟现实视频流式传输,基于当前头部位置渲染场景的当前视图|通过预测头部运动调整流式传输过程,1.0
CN113126766A,G06F3,输入输出装置,中国,1,2021,定量评估|实时交互|实时监测|治疗反馈|神经反馈,脑机接口康复训练,神经反馈|虚拟现实,4.0
WO2026018957A1,G06T19,增强现实,世界知识产权组织,0,2024,监测训练结果|脑电波检测分析,注意力评估,,0.0
CN115061567B,A61B5,身体诊断测量,中国,1,2022,基于变化特征确定眩晕状态|提取目标频域特征信号|调整显示画面|采集脑电信号,虚拟现实设备,脑电信号的目标频域特征信号的变化特征反映眩晕状态,0.0
CN115061567A,G06F3,输入输出装置,中国,1,2022,基于目标频域特征信号的变化特征确定用户是否处于眩晕状态|提取脑电信号的目标频域特征信号|获取用户目标位置的脑电信号|调整显示画面,虚拟现实设备观看过程,脑电信号频域特征变化与眩晕状态相关|通过监测脑电信号变化实时判断眩晕并调整显示画面,4.0
CN113900520A,G06F3,输入输出装置,中国,1,2021,无线通信连接|脑电信号采集,虚拟现实,通过与佩戴人员的头部接触实现脑电信号采集,0.0
CN113900520B,G06F3,输入输出装置,中国,1,2021,多模态交互|无线通信连接|脑电信号采集,虚拟现实,,0.0
CN118749999A,A61B5,身体诊断测量,中国,1,2024,机器学习|模型训练|模型评估|特征提取|脑电时频分析|预处理,虚拟现实视频效果评估,时频分析技术|视觉和认知负荷相关特征,1.0
CN113057652A,A61B5,身体诊断测量,中国,1,2021,制作数据集|测试|虚拟现实场景构建|训练|设计卷积神经网络|设计实验范式|采集脑电数据|预处理,医疗服务|虚拟现实,拼接卷积分类|时间域特征提取|深度学习|空间域特征提取|随机失活,4.0
WO2026020581A1,G09B9,模拟训练器,世界知识产权组织,0,2024,机器学习模型|构建三维数字场景|构建时频特征图|滤波和提取特征|采集脑电信号数据,风电场电力设备培训,深度学习|虚拟现实,0.0
CN103366618A,G09B19,教学科目,中国,1,2013,人工智能算法引导培训|图像识别|智能评测和纠错|脑电波识别,汉语学习培训,反馈式培训方式|基于人工智能|虚拟现实,37.0
CN107329571A,G06F3,输入输出装置,中国,1,2017,分类识别算法|多线程同步通讯技术|多通道自适应脑机交互方法|联合编码,虚拟现实应用,脑机接口|自适应控制,13.0
CN107329571B,G06F3,输入输出装置,中国,1,2017,分类识别算法|多线程同步通讯技术|多通道自适应脑机交互方法|联合编码,虚拟现实应用,自适应地根据虚拟场景状态的变化而变化,2.0
CN204990187U,G06F3,输入输出装置,中国,1,2015,图像编码|图像识别|脑电波识别|通讯传输,虚拟现实,脑电波控制,16.0
CN108970109A,A63F13,视频游戏,中国,1,2018,将VR虚拟游戏软件接口和大脑意念控制软件接口对接|将软件硬件进行整合部署并完成联调|捕捉头部电信号以转换为身体状态参数和期望动作指令|根据传感器反馈的用户姿态以及身体状态参数和期望动作指令生成或更新VR界面|虚拟现实场景构建,虚拟现实场景,意念控制,1.0
KR1020210022944A,G06Q50,行业管理系统,韩国,0,2019,分析生物信号|控制化身执行操作|获取生物信号,虚拟现实环境,基于生物信号确定用户命令|通过控制化身执行任务,17.0
KR20210022944A,A61B5,身体诊断测量,韩国,0,2019,实时提供反馈|控制虚拟形象|测量和分析生物信号,虚拟现实环境,通过测量和分析生物信号以理解用户的意图,17.0
KR20250056522A,G06F3,输入输出装置,韩国,0,2023,由BCI处理信息|结合EEG和VR|通过EEG收集脑波,虚拟现实,脑连接计算机|虚拟现实接口,0.0
CN108417249A,G06F3,输入输出装置,中国,1,2018,TCP/IP通讯传输|VR训练场景设计|共空间模式算法特征提取|多模态交互|预处理脑电图信号,训练康复,多模态反馈机制|运动想象意图分析,19.0
CN105487676A,G06F3,输入输出装置,中国,1,2016,对这三种特征信号的分析计算|采集用户的脑电信号、眼电信号和肌电信号,智能穿戴设备|虚拟现实设备,通过生物电信号采集模块同时采集用户的脑电信号、眼电信号和肌电信号，通过对这三种特征信号的分析计算，实现人机交互功能,11.0
CN116880701B,G06F3,输入输出装置,中国,1,2023,三维虚拟现实空间构建|交互指令生成|全息显示空间坐标构建|全息设备匹配|多类型特征数据提取|时间序列对齐处理|目标视觉动线采集|空间分割|红外反射信号采集|脑电波数据采集,全息影像|多模态交互,多模态特征融合|时间序列对齐|空间坐标映射,0.0
CN116880701A,G06F3,输入输出装置,中国,1,2023,三维虚拟现实空间构建|交互指令生成|全息显示空间坐标构建|全息设备匹配|多类型特征数据提取|时间序列对齐处理|目标视觉动线采集|空间分割|红外反射信号采集|脑电波数据采集,全息影像|多模态交互,多模态特征融合|时间序列对齐|空间坐标映射,10.0
EP3520428A4,H04N21,视频分发,欧洲专利局,0,2017,内容修改|基于第一向量和第一神经响应数据生成预测,虚拟现实内容安全检测,癫痫发作触发可能性预测,0.0
US12564649B2,G06F3,输入输出装置,美国,0,2022,制备预聚物溶液|溶剂萃取|紫外固化,生物信号记录|虚拟现实交互,可重复使用性|无创性|离子导电自粘水凝胶|高灵敏度|高稳定性,0.0
CN108379713A,G06F3,输入输出装置,中国,1,2018,3DMax建模|信号处理|脑波信号采集处理|蓝牙传输|虚拟现实交互反馈,冥想,BCI作为BCI-VR系统的输入设备|BCI比传统VR系统输入方式更直观，可视为类似触觉传感与VE进行交互与控制,15.0
KR1020180006573A,G06F3,输入输出装置,韩国,0,2016,多方向显示模块插入辅助对象|混合式眼镜的脑-机接口模块|用户认证|脑电波测量|虚拟现实仿真,办公室|医疗服务|咖啡厅|游戏|电影安全体验|电影院,允差式虚拟点|脑-机接口(BCI)|脑电波,12.0
KR102439557B1,G06Q50,行业管理系统,韩国,0,2020,提取虚拟现实内容|收集生物信息|设置输出顺序、次数和频率|识别情绪变化|输出控制,虚拟现实体验场所,生物信息与情绪变化的关联,1.0
CN116841387A,G06F3,输入输出装置,中国,1,2023,人工智能方法生成摆放顺序|分类|固定频率闪烁|模板匹配,虚拟现实游戏开发|虚拟现实购物,事件相关电位特征分类|人脑意念支配,0.0
CN114637396A,G06F3,输入输出装置,中国,1,2022,干电极脑电采集|生成意念控制数据|神经生理信号处理|转化为实际交互指令,虚拟现实交互,稳态视觉诱发电位,3.0
US12569159B2,G01R33,磁共振测量,美国,0,2022,功能磁共振成像识别|大脑对称性确定|幻肢功能磁共振图像重建|数值分数分配|神经活动检测|运动参数选择,幻肢痛治疗|虚拟现实康复训练,大脑对称性原理|神经活动与运动模式关联,0.0
EP4463061A1,A61B90,手术辅助配件,欧洲专利局,0,2022,功能磁共振成像|大脑对称性确定|数值分数分配|测量神经活动|重复特定运动模式,幻肢的磁共振引导的虚拟现实运动模式选择,大脑对称性原理|神经活动检测,0.0
EP4212092A1,A61B5,身体诊断测量,欧洲专利局,0,2022,功能磁共振成像|大脑对称性分析|数值分数分配|神经活动检测|运动参数选择,幻肢康复|虚拟现实运动训练,大脑对称性原理|神经活动检测原理,0.0
KR20190089585A,G02B27,光学元件系统,韩国,0,2018,分阶段调整虚拟现实显示设备的视野|实时测量脑电波|提取枕部中线区域的α波|比较α波功率变化与预定临界区间,虚拟现实显示设备,α波功率变化与晕动症程度相关，通过调整视野缓解晕动症,7.0
CN116522280B,G06F18,模式识别,中国,1,2023,信息采集|电波纹路分析|眼球参数分析|确定情绪等级|虚拟现实仿真演示|表情变化分析,虚拟现实仿真,综合情绪体验指数模型,0.0
CN110502101A,A61B5,身体诊断测量,中国,1,2019,传输至主机|得到脑区激活程度|注入导电膏|编码控制指令|获得行为意图模型|调节屈光度|调节瞳距|输出控制指令|采集脑电信号|预先选定电极,虚拟现实交互,脑电信号|行为意图模型,4.0
CN206147520U,G06F3,输入输出装置,中国,1,2016,信号处理|无线脑电采集|模数转换|脑电信号预处理,多模态交互|脑机接口控制虚拟现实,P300|运动想象,4.0
CN119718073A,G06F3,输入输出装置,中国,1,2024,基于眼动数据确定目标对象|基于脑电数据确定控制意图|执行控制操作|获取眼动数据|获取脑电信号|输出虚拟现实场景,虚拟现实交互,眼动技术|脑机接口,0.0
CN107291248A,G06F3,输入输出装置,中国,1,2017,处理用户压力评测数据信息以获得用户压力值|根据压力值控制播放虚拟现实内容|采集用户压力评测数据信息,压力缓解|虚拟现实,通过VR设备和信息采集模块采集用户的各项健康指标，用于压力状况的评测,3.0
CN110442244A,G06F3,输入输出装置,中国,1,2019,交互控制|模式识别|特征提取处理|获取控制指令,虚拟现实场景,稳态视觉诱发电位|脑机接口|运动想象,18.0
CN108433721A,A61B5,身体诊断测量,中国,1,2018,将脑电网络特征参数转换为控制信号|根据控制信号改变虚拟现实任务中听觉和/或视觉控件的活动和动作|根据脑电网络特征参数构建脑功能网络|脑电信号处理|采集用户在虚拟现实情境中的脑电信号,精神障碍康复训练,脑功能网络检测与调控|虚拟现实,21.0
CN110680314B,G06F3,输入输出装置,中国,1,2019,脑电多参数测训|自主调节脑电波,注意力训练|虚拟现实情境任务,脑电自主调节能力强化,0.0
CN109171770B,A61B5,身体诊断测量,中国,1,2018,分类|特征提取|神经反馈|运动想象,注意力训练,神经反馈实时调整状态|神经活动与运动模式关联,0.0
CN121059966A,A61M21,精神治疗装置,中国,1,2025,控制虚拟现实设备中的虚拟手移动到目标位置|根据最大距离确定运动阈值|根据脑电信号得到信号强度阈值|通过摄像头获取用户手部在多个方向上移动的最大距离|通过脑机接口采集脑电信号,人工智能技术领域|虚拟现实,基于运动阈值和信号强度阈值的联合检测机制,0.0
CN109696745A,G02B27,光学元件系统,中国,1,2017,噪声消除|算法匹配|脑电信号放大,影视|游戏,脑电波,3.0
CN116522280A,G06F18,模式识别,中国,1,2023,信息采集|电波纹路分析|眼球参数分析|确定情绪等级|虚拟现实仿真演示|表情变化分析,虚拟现实仿真,综合情绪体验指数模型,0.0
CN110680314A,G06F3,输入输出装置,中国,1,2019,脑电多参数测训|自主调节脑电波|虚拟现实视听觉通路,感觉统合失调测训|虚拟现实情境任务,注意力训练|脑电自主调节能力强化,16.0
KR102165592B1,A61M21,精神治疗装置,韩国,0,2019,基于脑电波和眼球运动诊断用户|基于诊断结果调整任务难度,治疗注意力缺陷多动障碍,通过执行给予用户的任务的虚拟现实用户的脑电波和眼球运动来诊断用户,20.0
CN119548094B,A61B5,身体诊断测量,中国,1,2024,信号处理|特征参数提取|眼动数据采集|脑电信号采集|虚拟现实场景生成|认知障碍筛查处理,儿童自闭症诊断,,0.0
KR101703923B1,G06F3,输入输出装置,韩国,0,2015,利用2D或3D相机识别用户的面部或手势|存储和管理使用记录|根据用户大脑活动状态推荐内容|根据脑电波判断用户大脑活动状态|通过手势接收输入信号并生成控制信号,个性化愈合|压力缓解,基于虚拟现实的多维感官刺激内容,7.0
CN118319329A,A61B5,身体诊断测量,中国,1,2024,划分晕动等级|检测晕动值|脑机接口正念冥想|调节虚拟现实任务|采集脑电信号,虚拟现实任务,注意力训练,4.0
KR20250047254A,G06F3,输入输出装置,韩国,0,2025,分析关联脑波|施加电刺激|检测情境,元界|虚拟现实,脑电波,0.0
KR20180045278A,A61M21,精神治疗装置,韩国,0,2016,与生物信号传感器联动驱动|控制头戴式显示器输出另一内容|显示虚拟现实内容,虚拟现实康复训练,当通过脑电波传感器和肌电图传感器中的至少一个感测到的信息满足预定条件时,20.0
CN106406534A,G06F3,输入输出装置,中国,1,2016,根据脑波信息控制虚拟现实游戏内容|脑电信号采集,虚拟现实场景,脑电波,10.0
US2025090040A1,G01R33,磁共振测量,美国,0,2022,功能性磁共振成像|数值评分|神经活动检测|脑对称性分析|运动参数选择,幻肢康复|虚拟现实运动训练,神经可塑性|脑对称性原理,0.0
CN119548094A,A61B5,身体诊断测量,中国,1,2024,信号处理|特征参数提取|眼动数据采集|脑电信号采集|虚拟现实场景生成|认知障碍筛查处理,儿童自闭症诊断,,0.0
KR20210016948A,G06F3,输入输出装置,韩国,0,2019,分析生物信号提取疲劳相关属性|基于疲劳相关属性预测疲劳|获取生物信号|调整屏幕,增强现实设备|虚拟现实设备,根据测量的生物信号确定疲劳并实时调整屏幕以缓解疲劳,2.0
CN118541083A,A61B90,手术辅助配件,中国,1,2022,功能性磁共振成像|数值分数分配|脑对称性分析|虚拟现实运动序列构建,幻肢痛治疗|磁共振引导下的虚拟现实运动模式选择|神经康复,神经活动检测|脑对称性原理,0.0
CN107544675A,G06F3,输入输出装置,中国,1,2017,在线实验|模式识别|特征提取|运动想象|预处理,脑-机接口系统|虚拟现实,脑-机接口|运动想象,7.0
KR102113684B1,A61B5,身体诊断测量,韩国,0,2018,实时测量脑电波|提取枕部中线区域的阿尔法波|比较阿尔法波功率变化量与预定阈值区间|逐步调节观察视野,虚拟现实显示设备,阿尔法波功率变化与晕动症相关,0.0
US8484081B2,G06Q30,商业交易系统,美国,0,2008,快速傅里叶变换|数据清理|测量神经活动|跨模态响应合成,娱乐|营销,中枢神经系统和自主神经系统分析,88.0
US20120036005A1,G06Q30,商业交易系统,美国,0,2010,修改刺激材料|基于位置和路径信息传递|收集神经响应数据|评估神经响应有效性,商店监视器、广告牌和显示器上的刺激材料修改|折扣、促销和广告传递,个性化呈现|位置感知,110.0
WO2008121651A1,G06F17,数据处理,世界知识产权组织,0,2008,NSE合成|交叉模态响应合成|帧内增强模态响应合成|数据测量和分析|数据清洗,娱乐|营销,多模态数据综合分析,75.0
US20110282232A1,A61B5,身体诊断测量,美国,0,2010,单独隔离和放大多个点电极|发送时钟信号以允许同步,原位接合监测|跟踪,时钟同步机制,132.0
US10987015B2,A61B5,身体诊断测量,美国,0,2009,使用带子、弹性帽、弹簧型材料、胶带等附接到头皮|每个外壳可提供一个或多个聚合信号用于数据分析|锯齿状、角形、梳形等形状的支撑外壳设计,脑电监测,可忽略来自单个触点的信号|每个电极可放置在邻近电极附近,1.0
US8533042B2,A61B5,身体诊断测量,美国,0,2008,分析神经响应数据|评估刺激材料和刺激材料属性,体验|图像|定价|概念|消息|营销材料|通信|音频,共振估计,74.0
KR101464397B1,G06F17,数据处理,韩国,0,2008,反应合成|数据收集|数据清洁,娱乐|营销,中枢神经系统和自主神经系统分析|刺激阈值确定润滑效果,1.0
CN115844413B,A61B5,身体诊断测量,中国,1,2022,设置保护层|设置导电介质|设置导电界面层|设置隔离层,脑电采集,避免化学反应,0.0
CN115844413A,A61B5,身体诊断测量,中国,1,2022,设置保护层|设置导电介质|设置导电界面层|设置隔离层,脑电采集,避免化学反应,3.0
US20110282231A1,A61B5,身体诊断测量,美国,0,2010,单独隔离和放大|支持连续输入和输出的同时执行处理|施加抵消力以固定耳机|电极布置成避免与时间区域接触,运动跟踪,多个左侧头皮电极施加来自多个右侧头皮电极的抵消力以固定耳机,122.0
EP3047475A4,A61B5,身体诊断测量,欧洲专利局,0,2014,分组为簇|脑电信号特征提取|非监督学习技术,,频域和时域特征表示,0.0
KR1020250107978A,G06F3,输入输出装置,韩国,0,2020,基于神经信号确定用户的焦点|将特征调制应用于视觉刺激的高空间频率HSF分量|神经信号接收|经由显示器的图形用户界面GUI显示视觉刺激|脑电信号生成,,特征调制被应用于视觉刺激的高空间频率HSF分量，可以在用户的大脑中诱导神经反应|神经信号与视觉注意力相关,0.0
TW201117771A,A61B5,身体诊断测量,中国,1,2010,将脑电图与重复呈现的感觉刺激在时域中同步|生成刺激锁定的EEG|确定多个EEG信号样本是否响应于刺激模式而被诱发,感觉诱发电位信号处理,刺激锁定|时间序列对齐,1.0
US2011040202A1,A61B5,身体诊断测量,美国,0,2010,eeg与感觉刺激同步|生成刺激锁定的EEG|确定EEG信号样本是否响应于刺激模式,感觉诱发电位检测,刺激锁定|时间序列对齐,0.0
CN102647942A,A61B5,身体诊断测量,中国,1,2010,在时域中将EEG与感觉刺激的重复呈现同步|生成刺激锁定EEG|确定是否响应于刺激模式诱发多个EEG信号样本,感觉诱发电位信号处理,刺激锁定EEG的时域同步,9.0
CN102647942B,A61B5,身体诊断测量,中国,1,2010,刺激模式诱发确定|时域中同步EEG与感觉刺激的重复呈现|生成刺激锁定EEG,感觉诱发电位检测|视觉诱发电位检测,事件相关电位特征分类|刺激锁定,0.0
CN217470227U,H04R1,扬声器,中国,1,2021,对感应电信号进行预处理后输出感应数据|根据感应数据生成控制信号|采集脑电波生成感应电信号|音频数据解码同步输出,耳机,控制策略,1.0
WO2008025048A2,G06F3,输入输出装置,世界知识产权组织,0,2007,信号处理|刺激阶段和信号处理阶段同步|推断特定刺激|模数转换|滤波|生成多个不同的周期性刺激|触发设备中的动作|输入EEG或ECoG信号,设备控制,刺激与响应关联|周期性刺激具有给定的基频,6.0
US20110270620A1,G06Q99,商业其他系统,美国,0,2011,分析特定事件影响|数据汇总|神经响应数据收集|调查和访谈|连续数据收集,企业情绪分析|消费者情绪分析|经济预测,神经学情绪跟踪|高时间分辨率,86.0
CN113396422A,G06K9,图像识别,中国,1,2020,监督范式|训练机器学习模型|配对示例刺激,认知任务,基于生物体感知的示例与伴随生物统计数据配对|机器学习模型训练,0.0
US20220317215A1,G01R33,磁共振测量,美国,0,2020,利用基于任务的信息和EEG数据确定时间段上的至少一个第一子集时间段,磁共振成像,,2.0
EP4021291B1,A61B5,身体诊断测量,欧洲专利局,0,2020,EEG数据辅助确定时间段|fMRI数据采集|基于任务的信息呈现,磁共振成像,EEG数据与fMRI数据在时间上的关联性,0.0
EP4021291A1,A61B5,身体诊断测量,欧洲专利局,0,2020,利用基于任务的信息和EEG数据确定子集时间段|确定与fMRI数据采集相关联的动作,成像,,0.0
US20200015696A1,A61B5,身体诊断测量,美国,0,2019,封装为数据结构|生成数据集|脑电信号输入,认知健康评估,事件相关电位|注意力机制,21.0
US20230121616A1,H04N21,视频分发,美国,0,2022,获得基于大脑活动的信号|获得头部移动数据|预测期望视口比较|预测第一预测期望视口,全景视频流式传输|脑机交互,基于大脑活动预测视口,0.0
US2015164361A1,A61B5,身体诊断测量,美国,0,2014,检测慢振荡|测量电活动信号|生成输出声音|触发刺激脉冲,记忆增强,慢振荡频率范围在0.5 Hz和1 Hz之间,0.0
CN119258400A,A61N2,磁疗器械,中国,1,2024,图论分析|多模态特征融合|时序依赖性分析|特征提取|预处理,情绪检测|认知功能提升|语言表达能力提升,大脑功能连接网络构建|情绪调控节点识别,11.0
IL267518B1,G06F18,模式识别,以色列,0,2019,训练图像分类神经网络|识别神经生理事件,图像分类,基于神经生理事件的识别来训练图像分类神经网络,0.0
IL267518B2,G06F18,模式识别,以色列,0,2019,基于神经生理事件的识别|训练图像分类神经网络,图像分类,神经生理事件与图像目标关联,0.0
US20190120918A1,G01R33,磁共振测量,美国,0,2017,组维数缩减(GDR)技术|训练模型预测目标变量,脑成像数据解码,由多个受试者共享的响应变量的低维数空间,11.0
CN120000238A,A61B5,身体诊断测量,中国,1,2025,信号预处理|均值处理|波峰时延数据获取,听性脑干反应检测|神经反应数据监测,减少电磁干扰|听性脑干反应波形分析,0.0
CN122140264A,A61B5,身体诊断测量,中国,1,2026,棘慢波检测|生成声音刺激触发指令|采集脑电信号数据,失神癫痫发作监测|神经工程技术领域,棘慢波信号,0.0
CN114617561A,A61B5,身体诊断测量,中国,1,2022,可伸缩探针设计|无线通信|磁吸接口连接,测量,国际10-20系统排布|磁吸接口连接,7.0
CN121306437B,G16H20,治疗方案,中国,1,2025,可视化|模型训练|脑电图数据处理|脑电采集|预处理,神经反馈训练,国际10-20系统排布|神经反馈训练目标|脑电大模型,0.0
US2024288940A1,H04L67,网络服务,美国,0,2024,对接收到的生物信号进行分类|将请求的刺激数据转换为修改后的刺激|接收传感器数据和其他上下文数据|接收请求的刺激数据|混合修改后的刺激和环境刺激,智能设备|用户应用程序|虚拟现实设备,稳态运动视觉诱发电位刺激,0.0
CN110569880A,G06K9,图像识别,中国,1,2019,分类算法|数据删除|标准化|特征选择|获取fMRI数据|转换和预处理|选取脑区ROI数据,,机器学习模型训练,7.0
EP3048955A2,A61B5,身体诊断测量,欧洲专利局,0,2014,处理信号|接收传感器信号|时间戳标记|生成刺激信号,行动不便患者辅助|运动跟踪,,1.0
WO2004034870A2,,,世界知识产权组织,0,2003,PWM信号控制时间刻度|反馈控制|反馈表示|数据获取|调节回放速率,EEG系统,脑间同步性评估|预测眼动终点,2.0
US6230049B1,A61B5,身体诊断测量,美国,0,1999,无线连接|远程电极选择|集成EEG监测和脑刺激,EEG监测|脑刺激,,433.0
CN103989482A,A61B5,身体诊断测量,中国,1,2014,DSP处理|声音刺激|音频驱动,幻听检测,慢振荡频率范围,9.0
US20030225340A1,A61B5,身体诊断测量,美国,0,2002,反馈计算|基波和积分谐波|重复刺激|重复视觉刺激|闪烁刺激,EEG神经反馈|总诱发脑活动测量,刺激与响应关联|滤波,81.0
US62009488P0,,,美国,0,2014,将多个电极与用户的头皮接触|电磁屏蔽集成,脑-计算机接口(BCI)系统,减少电磁干扰来提高EEG准确度,0.0
US20240090810A1,A61B5,身体诊断测量,美国,0,2023,反馈计算|显示叠加图像,焦虑治疗|神经反馈系统,从表演中推断心理状态|稳态视觉诱发电位,3.0
EP3785625A1,A61B5,身体诊断测量,欧洲专利局,0,2019,利用基于任务的信息和EEG数据确定子集时间段|确定与fMRI数据采集相关联的动作,成像,EEG数据在时间段上延伸|fMRI数据在一段时间内延伸|基于生物体感知的示例与伴随生物统计数据配对,0.0
CN114449949A,A61B5,身体诊断测量,中国,1,2020,利用基于任务的信息和EEG数据确定子集时间段|确定与fMRI数据采集相关联的动作,成像,,0.0
US61349799P0,,,美国,0,2010,发送反馈信号|对数据处理单元执行操作|提供刺激以引出脑电图信号|脑电信号处理,,,0.0
US2020029851A1,A61B5,身体诊断测量,美国,0,2018,将光转换为电流|检索EEG信号的状态|转换由视觉刺激诱发的EEG或ERG信号以提供数据,测量眼睛及大脑生物电功能,光电传感器|视觉刺激诱发EEG或ERG信号,0.0
US2018116514A1,A61B5,身体诊断测量,美国,0,2017,测量阻抗,耳塞,,0.0
WO2023103265A1,H04R1,扬声器,世界知识产权组织,0,2022,对感应电信号进行预处理后输出感应数据|根据感应数据生成控制信号|采集脑电波生成感应电信号|音频数据解码同步输出,智能耳机,控制策略,2.0
US60476507P0,,,美国,0,2003,产生刺激|处理所述一个或多个信号|检测指示脑活动的一个或多个信号|确定关注符号,,神经生理事件与图像目标关联,0.0
WO2023114767A1,A61B5,身体诊断测量,世界知识产权组织,0,2022,神经响应测量|计算统计比较|评估统计比较,评估大脑对口语反应,语义度量值的时间序列与神经信号的统计比较,1.0
EP4637891A1,A61B5,身体诊断测量,欧洲专利局,0,2023,产生相长干涉|刺激参数优化|动态调制|相位变换,患者视频刺激|患者音频刺激,相长干涉,0.0
US20250148123A1,G06F21,安全防护,美国,0,2023,信号监测|抑制信号处理|生成通知,神经计算机接口系统,抑制信号与情感显著信号对齐,0.0
WO2017221082A1,A61B5,身体诊断测量,世界知识产权组织,0,2017,使用调查表测量实际认知状态|基于贝叶斯网络骨架的概率评估|比较预测与实际认知状态|生理感测,学习者的认知流检测分析,语义度量值的时间序列与神经信号的统计比较|贝叶斯网络骨架,3.0
US2019216353A1,A61B5,身体诊断测量,美国,0,2018,根据刺激策略提供感觉刺激|根据目标认知域调整刺激|量化评估,睡眠会话期间,感觉刺激增强认知域,0.0
US62615108P0,,,美国,0,2018,接收EEG数据|生成输出数据,脑机接口,,0.0
CN104853287A,H04R3,音频电路,中国,1,2015,字符信号与数据库对比匹配|数据比对|滤波优化处理,音乐终端实时交互,信号与事件的映射|图卷积网络处理eeg信号,1.0
IN202441102559A,A61B5,身体诊断测量,印度,0,2024,ADC数字化|图卷积网络（GCN）架构|提取关键频带|神经应激估计算法|预处理,工作场所|教育环境,图卷积网络处理EEG信号|情绪调控节点识别|脑机接口（BCI）,0.0
WO2024259443A1,A61B5,身体诊断测量,世界知识产权组织,0,2024,功能连接分数计算|机器学习模型|结构-功能模型|萎缩分数计算|认知障碍模型,神经成像信号处理|认知障碍预测,大脑功能连接网络构建|贝叶斯网络骨架,2.0
CN113918008A,G06F3,输入输出装置,中国,1,2021,信号预处理|溯源|解码,脑机接口,源空间脑磁信号解码,20.0
CN113918008B,G06F3,输入输出装置,中国,1,2021,信号预处理|溯源|神经反馈|解码,脑机接口系统,源空间脑磁信号解码,0.0
CN121747384A,G09B9,模拟训练器,中国,1,2025,信号监测|数据获取|神经反馈控制,军事封闭孤立操作环境|虚拟现实多人协作训练,脑间同步性评估,0.0
CN115844325A,A61B5,身体诊断测量,中国,1,2022,基于DMA的时分复用-双线程策略|基于参考信号加权-累加策略实现在线软件锁相解调|应答传输机制|数据删除,多个可穿戴式医疗设备的数据同步检测|超扫描应用,近红外光成像|锁相解调,2.0
CN115844325B,A61B5,身体诊断测量,中国,1,2022,基于DMA的时分复用-双线程策略|基于参考信号加权-累加策略实现在线软件锁相解调|应答传输机制|数据删除,多个可穿戴式医疗设备的数据同步检测|超扫描应用,近红外光成像|锁相解调,0.0
US4955388A,A61B5,身体诊断测量,美国,0,1987,将控制信号施加到受试者并获得EEG响应|控制信号与电视广告的显示同时施加并再次获得EEG信号|确定可归因于控制信号的EEG响应的分量的值的减小,屏幕(4)上显示的视觉刺激|电视广告显示,通过控制信号诱发EEG响应，比较有无视觉刺激时的响应分量变化来评估注意水平,204.0
US2020352464A1,A61B5,身体诊断测量,美国,0,2020,从脑波传感器获取EEG信号|使呈现系统向用户呈现诊断内容|将EEG信号作为输入特征提供给机器学习模型,诊断内容呈现,机器学习模型被训练为基于EEG信号预测用户的心理状态,0.0
CN101631496A,A61B5,身体诊断测量,中国,1,2006,从预定头皮位置获得EEG信号|合并输出信号|呈现广告|显示合并的输出信号|计算SSVEP振幅和/或相位差,广告有效性评估,SSVEP振幅和/或相位差表示心理状态,8.0
US20100094702A1,A61B5,身体诊断测量,美国,0,2006,从预定头皮部位获得EEG信号|合并输出信号|将广告呈现给多个主体|显示合并的输出信号|计算SSVEP振幅和/或相位差,广告有效性评估,SSVEP振幅和/或相位差表示预定心理状态,63.0
US20140207558A1,G06Q30,商业交易系统,美国,0,2013,从对象的预定头皮部位获得EEG信号|合并输出信号|将广告呈现给多个主体|显示合并的输出信号|计算SSVEP振幅和/或相位差,广告有效性评估,SSVEP振幅和/或相位差与心理状态相关,5.0
ES2342249B1,A61B5,身体诊断测量,其他,0,2008,四位代码同步信号|旋转平台呈现刺激|直流伺服电机控制转速|缓冲区临时存储|销钉和光电传感器识别刺激,脑电图记录|触觉刺激呈现,触觉刺激与脑电图同步记录,0.0
CN110572444A,H04L29,通信协议,中国,1,2019,上传至云服务器|翻译为电刺激信号|转换为无线信号|输出电刺激信号给大脑|采集肢体感知信号,感知智障患者康复|神经信号传递,云服务器处理|信号转换与传输|无线通信,1.0
CN110572444B,H04L29,通信协议,中国,1,2019,无线传输|电刺激信号输出至大脑|翻译为电刺激信号|转换为无线信号,感知智障患者康复|神经信号传递,将肢体感知信号传递给大脑,0.0
CN121996066A,G06F3,输入输出装置,中国,1,2026,区域感知分层子特征对齐|快速串行视觉呈现|推理|构建脑电视觉解码模型|预处理,多模态学习|脑机接口|计算机视觉,脑电-视觉对齐,0.0
CN109730701A,A61B5,身体诊断测量,中国,1,2019,同步获取生理数据及记录面部表情|基于视频刺激材料诱发微表情|接收被测试体标注微表情序列的峰值帧、起始帧与结束帧|获取面部视频数据对应时间范围内的生理数据|面部视频和刺激材料视频的回放过程,人类微表情的研究|后续科学研究,微表情与生理数据间的潜在关联性,36.0
CN121957345A,G06F3,输入输出装置,中国,1,2026,以刺激呈现间隔时长为时间周期向用户呈现任务标识|提取神经反应强度值|获取历史训练数据|获取操作响应数据|计算操作偏差|设定刺激呈现间隔时长,注意力评估|脑机交互技术领域|高负荷工作场景,个人高效时机基准值|操作偏差计算|神经反应强度值提取,0.0
US2026073809A1,G10L15,语音识别,美国,0,2024,数据同步系统|转录模型,飞行员评估,基于认知脑扫描数据,0.0
IN202641068096A,G06F3,输入输出装置,印度,0,2026,决策门控机制|分段脑电图信号|呈现编码视觉目标|帧同步嵌套混合脑-机接口|检测事件相关的不同步模式|比特级解码|比较运动想象激活分数与校准阈值|测量脑电图信号|运动想象处理阶段|逆运动学映射,辅助机器人控制,决策门控机制|帧同步嵌套混合脑-机接口|运动想象激活分数与个体化的校准阈值比较|逆运动学映射,0.0
US2010317988A1,A61B5,身体诊断测量,美国,0,2008,基于事件相关电位的N100分量判断用户是否注意视觉刺激|将事件相关电位的P200分量值与预定阈值进行比较|输出启动触发,脑波接口系统,事件相关电位的N100分量反映用户对视觉刺激的注意|事件相关电位的P200分量与视觉刺激呈现时序相关,0.0
WO2009057260A1,G06F3,输入输出装置,世界知识产权组织,0,2008,基于N100分量判断用户注意|比较事件相关电位P200分量与预定阈值|输出启动触发,脑波接口,事件相关电位N100分量反映注意|事件相关电位P200分量与预定阈值比较,8.0
CN216394070U,A61B5,身体诊断测量,中国,1,2021,光极采集|同步采集|电极采集,工作记忆任务|认知神经科学,功能性近红外光谱|头皮脑电图,1.0
CN116636859B,A61B5,身体诊断测量,中国,1,2023,取平均得到去同步能量值DEV|提取工作记忆平均标准时频图|移动窗口提取beta频段窗口能量|采集脑电信号|预处理,认知负荷评估|训练优化|车辆驾驶,beta频段的去同步能量值DEV反映视觉认知能力,0.0
CN116636859A,A61B5,身体诊断测量,中国,1,2023,取平均得到去同步能量值DEV|提取工作记忆平均标准时频图|移动窗口提取beta频段窗口能量|采集脑电信号|预处理,认知负荷评估|训练优化|车辆驾驶|适应岗位支撑,beta频段去同步能量值DEV|工作记忆范式,3.0
US20250073502A1,A61N7,超声治疗,美国,0,2022,个性化电生理数据的神经感测|低强度聚焦超声调节|超声波波形定制|超声靶向和剂量引导,现场护理神经调节|睡眠管理,低强度聚焦超声调节中枢神经系统和外周神经系统,3.0
WO2023278199A1,A61B8,超声诊断,世界知识产权组织,0,2022,个性化超声神经调节|低强度聚焦超声|超声波波形定制,治疗各种神经障碍和精神障碍|现场护理|睡眠管理,低强度聚焦超声调节中枢神经系统和外周神经系统,22.0
CN115562491A,G06F3,输入输出装置,中国,1,2022,以不同的形式呈现动作信息|差异动作的多阶段任务|强化阶段|检索阶段|编码阶段,脑机接口|运动想象,动作因素对脑电产生的影响|显化MI中动作因素对脑电产生的影响,0.0
CN115562491B,G06F3,输入输出装置,中国,1,2022,差异动作的多阶段任务|强化阶段|检索阶段|编码阶段,脑机接口|运动想象,差异动作的多阶段任务显化了MI中动作因素对脑电产生的影响,0.0
CN120067843A,G06F18,模式识别,中国,1,2025,交互式强化学习|位置感知增强模块|分类器训练|提取多尺度浅层局部特征|特征融合|精细化特征长程依赖与局部关联|聚合感知增强卷积Transformer网络,EEG信号解码技术领域,位置感知增强|聚合感知增强|长程依赖与局部关联精细化,1.0
KR100740881B1,A61B5,身体诊断测量,韩国,0,2005,同步|对齐|快速傅里叶逆变换,EEG分析系统,基于代码对准信息同步数据|将特性信息值转换成对齐码值,1.0
US4495950A,A61B5,身体诊断测量,美国,0,1983,信号处理器计算幅度和比率的变化|数据传输到远程终端|矩阵同步器系统|矩阵计算,军事和海军基地|军事行动区|家庭|工厂|民用医院|现场|私人医生办公室,QREEG信号组合|同步丢失或偏差检测|经典EEG-EKG配置的知识和专长,56.0
CN112451833A,A61M21,精神治疗装置,中国,1,2020,判断驾驶状态|提取慢波频段信号|脑电信号预处理|计算慢波复杂度|计算慢波平均功率谱,驾驶疲劳检测缓解,慢波平均功率谱和复杂度的变化判断驾驶状态,5.0
US9149214B2,A61B5,身体诊断测量,美国,0,2012,参考数据库确定要呈现的单音节语音|比较峰值潜伏期与参考潜伏期|测量用户的脑电图信号,,从语音呈现起始点起50毫秒至350毫秒范围内的脑电图信号负成分的峰值潜伏期|脑电图负成分的参考潜伏期与语音对应,20.0
US9241226B2,H04R23,特殊换能器,美国,0,2013,参考事件相关电位特征量值与不舒适阈值之间的预定关系|呈现第一声音和第二声音|提取事件相关电位的特征量|测量脑电图信号,助听器调整,事件相关电位特征与不舒适阈值关系,0.0
CN115758113A,G06F18,模式识别,中国,1,2022,分类|单试次脑电信号建模|时空相似性度量|潜伏期估计|特征提取,基于脑电信号的目标检测技术|快速序列视觉呈现脑-机接口系统,事件相关电位增强|时空相似性度量,1.0
US9117124B2,G06K9,图像识别,美国,0,2014,呈现视觉刺激|比较振幅|测量脑电图信号|设定判定阈值,驾驶,事件相关电位|事件相关电位的振幅比较,2.0
US8849391B2,A61B5,身体诊断测量,美国,0,2011,基于正负成分存在/不存在的确定结果进行评估|确定事件相关电位的正分量存在/不存在|确定事件相关电位的负分量存在/不存在,语音清晰度评估,事件相关电位正负成分,3.0
CN103189001B,A61B10,采样及活体检查,中国,1,2012,呈现影像|在影像亮度变化量超过阈值时不呈现听觉刺激|排定听觉刺激呈现定时|脑电图测量,听觉评价,在亮度变化超过阈值的时间范围内避免听觉刺激，以减少干扰|影像亮度变化影响清醒度，进而影响听觉事件相关电位,0.0
US20110152708A1,A61B5,身体诊断测量,美国,0,2011,参考保留多个单音节语音的语音数据库确定要呈现的语音|呈现听觉刺激|基于特征分量检测结果确定用户是否理解语音|检测事件相关电位的特征分量|测量脑电图信号,,事件相关电位|特征分量,15.0
US20110279676A1,H04N7,电视系统,美国,0,2011,呈现视觉刺激|比较确定阈值和事件相关电位的幅度|测量脑电图信号|阈值判断,驾驶,事件相关电位,43.0
US20120072213A1,G10L15,语音识别,美国,0,2011,呈现影像|基于正分量和负分量的存在/不存在进行评估|测量脑电图信号|确定事件相关电位的正分量存在/不存在|确定事件相关电位的负分量存在/不存在,语音清晰度评估,事件相关电位|事件相关电位正负成分,7.0
US20130266163A1,H04R25,助听器,美国,0,2013,参考事件相关电位特征量值与不舒适阈值之间的预定关系|呈现第一声音和第二声音|提取事件相关电位的特征量|测量脑电图信号,助听器调节,事件相关电位特征与不舒适阈值关系,25.0
US8730326B2,H04N7,电视系统,美国,0,2011,呈现视觉刺激|比较确定阈值和事件相关电位幅度|测量脑电图信号|阈值判断,驾驶,事件相关电位,8.0
CN103189001A,A61B10,采样及活体检查,中国,1,2012,呈现听觉刺激|呈现影像|排定听觉刺激的呈现定时|根据影像亮度变化量控制听觉刺激呈现|获取事件相关电位,听觉评价,当所输出的影像的亮度变化量超过规定的阈值时，在以超过规定阈值的时刻为起点而被确定的第二时间范围期间不呈现听觉刺激,1.0
WO2011155196A1,A61B5,身体诊断测量,世界知识产权组织,0,2011,参照语音声音数据库保持的多个monosyllabic语音声音以确定语音声音呈现monosyllables|测量脑电图信号|确定事件相关电位的正分量存在/不存在|确定事件相关电位的负分量存在/不存在|顺序呈现确定语音声音作为听觉刺激,助听器选择|药物,事件相关电位成分与语音感知,6.0
CN115349874A,A61B5,身体诊断测量,中国,1,2022,多粒度信息提取网络|特征提取|预处理,快速序列视觉呈现实验,多粒度信息作为先验知识融入到神经网络设计中,7.0
US20040073129A1,A61B5,身体诊断测量,美国,0,2002,PWM信号控制呈现的时间尺度|基于对EEG数据的分析实现复杂反馈呈现和控制功能|安装在插入耳机上的插座中的刚性结构中|导电织物或导电橡胶材料|柔性电极和/或无线发射器|根据感测到的大脑活动或左右大脑活动之间的同步性来调整播放速率,时间缩放演示,左右大脑活动之间的同步性,196.0
US20130039498A1,H04R29,换能器测试,美国,0,2012,参考数据库确定要呈现的单音节语音|比较峰值等待时间与参考等待时间|测量脑电图信号,,脑电图负成分的峰值等待时间与烦恼度相关,29.0
US2020205741A1,A61B5,身体诊断测量,美国,0,2019,向患者呈现内容|提供特征输入给机器学习模型|测量脑电图信号|确定焦虑症状可能性|识别脑波信号,刺激呈现系统|用户计算设备显示,机器学习模型,0.0
US2020205711A1,A61B5,身体诊断测量,美国,0,2019,机器学习模型,神经诊断,脑电波信号代表患者对内容的反应,0.0
JP2010015584A,G06F3,输入输出装置,日本,0,2009,基于事件相关电位的P200分量指定呈现视觉刺激的仪器|通过N100分量确定用户注意到视觉刺激,脑波接口系统,N100分量|P200分量,18.0
CN103077206A,G06F17,数据处理,中国,1,2012,ERP检测分析|呈现影像|放大及数字化处理|采集原始脑电信号,图片语义分类搜索,不同语义图片产生不同脑电信号|事件相关电位,13.0
WO2020139972A1,A61B5,身体诊断测量,世界知识产权组织,0,2019,从脑电波传感器获得脑电信号|将第一脑电波信号作为输入特征提供给机器学习模型|识别与第一脑系统相关联的第一脑电波信号,刺激呈现系统|用户计算设备,机器学习模型,3.0
CN102469961A,A61B5,身体诊断测量,中国,1,2011,呈现语音控制|测量脑波信号|确定事件相关电位的正分量存在/不存在|确定事件相关电位的负分量存在/不存在|确定语音可辨别性|输出语音,语音清晰度评价,事件相关电位正负成分,7.0
JP2022121968A,G06F3,输入输出装置,日本,0,2021,估计要由用户输入的句子|分析事件相关电位|判断用户想要输入的组成单词|将构成多个句子选择的构成单词按每个句子选择的顺序分类|提出多个句子选择|逐个顺序地呈现组成词,句子输入装置|文本输入,事件相关电位反映用户意图,0.0
JP3993882B2,G06F3,输入输出装置,日本,0,2005,事件相关电位检测|操作消除部指令,机器|电器控制,在操作内容呈现后约150MS到600ms的时间点检测事件相关电位的存在或不存在,2.0
US20110071828A1,G10L25,语音处理,美国,0,2010,呈现字符|呈现影像|检测意外信号|测量脑电图信号|确定语音可辨别性,,意外信号表示在向用户呈现字符的时间点之后的600ms±100ms处的正分量,4.0
US2021196173A1,A61B5,身体诊断测量,美国,0,2021,检测脑活动|确定精神状态|自动修改娱乐选择列表|自动呈现生活/工作背景|自动跟踪健康状况,娱乐|生活/工作背景,脑机接口,0.0
US11006878B2,A61B5,身体诊断测量,美国,0,2020,检测脑活动|确定精神状态|自动修改娱乐选择列表|自动呈现生活/工作背景|自动跟踪健康状况,娱乐|生活/工作背景,脑机接口,57.0
EP3946013A1,A61B5,身体诊断测量,欧洲专利局,0,2020,检测用户的大脑活动|确定精神状态|自动修改娱乐选择列表|自动呈现生活/工作背景|跟踪健康状况,娱乐|生活/工作背景,脑机接口,0.0
WO2020205870A1,A61B5,身体诊断测量,世界知识产权组织,0,2020,检测用户的大脑活动|确定精神状态|自动修改娱乐选择列表|自动呈现生活/工作情境|自动跟踪用户的健康状况,娱乐|生活/工作情境,脑机接口,2.0
US2020315510A1,A61B5,身体诊断测量,美国,0,2020,修改娱乐选择列表|检测脑活动|确定精神状态|自动呈现生活/工作背景|跟踪健康状况,娱乐|生活/工作背景,脑机接口,0.0
CA3134153A1,A61B5,身体诊断测量,加拿大,0,2020,检测用户的大脑活动|确定精神状态|自动修改娱乐选择列表|自动呈现生活/工作背景|自动跟踪用户的健康状况,娱乐|生活/工作背景,脑机接口,1.0
AU2020252190A1,A61B5,身体诊断测量,澳大利亚,0,2020,检测脑活动|自动修改娱乐选择列表|自动呈现生活/工作背景|自动跟踪健康状况,娱乐|生活/工作背景,脑机接口,0.0
US62829124P0,,,美国,0,2019,检测用户的大脑活动|确定精神状态|自动修改娱乐选择列表|自动呈现生活/工作背景|自动跟踪用户的健康状况,娱乐|生活/工作上下文,脑机接口,1.0
CN113677259A,A61B5,身体诊断测量,中国,1,2020,修改娱乐选择列表|探测用户的大脑活动|确定用户的心理状态|自动呈现生活/工作情境|跟踪健康状况,娱乐选择呈现|生活/工作情境,基于所确定的心理状态,0.0
JP2022530745A,A61B5,身体诊断测量,日本,0,2020,检测神经信号|自动修改娱乐选择列表|自动呈现生活/工作背景|自动跟踪健康状况,娱乐|生活/工作上下文,脑机接口,0.0
CN111671418B,A61B5,身体诊断测量,中国,1,2020,判断脑电信号是否符合刺激接收预期|呈现刺激|实时采集脑电信号|截取标记后的脑电信号，累加平均|标记刺激对应的脑电信号,事件相关电位采集,脑工作状态与刺激接收预期,0.0
CN111671418A,A61B5,身体诊断测量,中国,1,2020,判断脑电信号是否符合刺激接收预期|呈现刺激|实时采集脑电信号|截取标记后的脑电信号，累加平均|标记刺激对应的脑电信号,事件相关电位采集,脑工作状态与刺激接收预期,3.0
IN202641043107A,G06N3,神经网络,印度,0,2026,实时适应|意图解码|模块化AI架构|用户偏好适应|神经信号处理,假肢|康复|辅助技术,上下文敏感|代理型人工智能|动态交互|安全策略约束,0.0
CN120873793A,G06F18,模式识别,中国,1,2025,CNN+BiLSTM+Attention|个性化适应机制|分级预警机制|多模态信息融合|数据同步|数据收集|时序特征提取|模态特定特征提取|注意力机制|滤波|特征提取|特征融合|轻量化方法|预处理|预测,车载晕动预警系统|车辆舒适性控制,个性化适应机制|分级预警机制|多模态融合深度学习,4.0
CN114343573B,A61B5,身体诊断测量,中国,1,2021,个性化游戏训练|脑功能动态监控|自适应多任务训练分配|非侵入式脑刺激,药物成瘾患者的康复治疗,神经认知功能训练|神经调控方法,0.0
IN202041026123A,A61B50,手术器械容器,印度,0,2020,DTCWT（双树复小波变换）|FFNN（前馈神经网络）分类器|信号处理算法|时频域特征提取算法|机器学习技术|脉动阵列FPGA实现架构,人机交互(HCI)|人机界面(HMI)|新冠疫情期间医务人员、一线工作人员和普通人群的精神症状监测|脑机接口(BCI),复杂小波特征|小波变换|时频域分析|深度学习特征分类,0.0
CN1850308A,A61M21,精神治疗装置,中国,1,2006,交替播放调制的音频信号|制定左右声道短声交互刺激的周期和工作频率|将输入音频信号分离成为主、辅声道|按交互工作频率控制主、辅声道分别轮流切换为左、右声道,与现有播放器结合,交互工作频率为5－40Hz|诱发脑电波,9.0
CN121144800A,G06F18,模式识别,中国,1,2025,个性化模型训练|主动对齐跨用户特征分布|共性特征提取|多模态信号同步采集,脑机接口,优化任务性能|协同合作|捕捉用户在不同状态下的生物电信号和行为信号|生物信号传感器接收生物信号数据,0.0
WO2009042379A1,A61B5,身体诊断测量,世界知识产权组织,0,2008,分析脑电图信号频率分量|监测来自患者大脑内的脑电图信号,感觉提示的递送|治疗递送|电刺激|药物递送,意志输入控制治疗递送|意志输入针对特定活动,23.0
US8380314B2,A61B5,身体诊断测量,美国,0,2007,分析脑电图信号的频率分量|检测意志输入|监测脑电图信号,感觉提示的递送|电刺激|药物递送,意志输入控制治疗递送|意志输入针对特定活动,144.0
US2013131755A1,A61B5,身体诊断测量,美国,0,2013,分析EEG信号的一个或多个频率分量|检测意志输入|监测脑电图信号,感觉提示的递送|治疗递送|电刺激|药物递送,意志控制|神经元层,0.0
US9248288B2,A61N1,电疗器械,美国,0,2013,分析EEG信号的一个或多个频率分量|检测意志输入|监测脑电图信号,感觉提示的递送|电刺激|脑深部电刺激术外挂期|药物递送,意志控制|意志输入针对特定活动,24.0
US2019240491A1,A61B5,身体诊断测量,美国,0,2019,分析脑电图信号频率分量|检测意志输入|监测脑电图信号,感觉线索递送|电刺激|脑深部电刺激术外挂期|药物递送,意志控制|神经元层,0.0
KR102817177B1,G06F3,输入输出装置,韩国,0,2024,利用脑磁图的空间分辨率|基于滤波器组的多变量同步指数算法,目标分类,同步指数|稳态视觉诱发磁场,0.0
US2020129081A1,A61B5,身体诊断测量,美国,0,2019,分布同步信号到放大器|控制压控振荡器的频率|控制模数转换器的操作|生成同步信号,癫痫发作检测,可调频率参考|同步信号,0.0
US2009082829A1,A61B5,身体诊断测量,美国,0,2007,分析脑电图信号的频率分量|检测意志输入|监测脑电图信号,感觉线索递送|治疗递送|电刺激|药物递送,意志输入|意志输入控制治疗递送,0.0
US2016158553A1,A61N1,电疗器械,美国,0,2016,分析EEG信号的一个或多个频率分量|检测意志输入|监测来自患者大脑内的脑电图(EEG)信号,感觉提示的递送|电刺激|药物递送,意志输入,0.0
WO2022204726A1,A61N2,磁疗器械,世界知识产权组织,0,2022,捕获EEG数据|接收EEG数据|确定TMS治疗|递送同步的TMS,神经-脑电同步治疗(NEST)系统,电生理学数据库,18.0
CN115381454B,A61B5,身体诊断测量,中国,1,2022,使用遮蔽部件开放或遮蔽开窗|设置开窗仅暴露特定导联区域,脑深部电刺激术外挂期,,0.0
CN113506607A,G16H20,治疗方案,中国,1,2021,MI-EEG在线识别|MI-EEG离线解码建模|VR运动想象任务|控制气动手|运动想象任务,康复训练,脑机接口|运动想象范式,3.0
CN113040789A,A61B5,身体诊断测量,中国,1,2021,上采样|信号预处理|同步盒同步|滑动窗口构造梯度噪声模板|自适应SVD去噪,同步EEG-fMRI数据采集,心电伪迹的形态特征|梯度噪声以切片扫描时间T为周期，每个周期内形状相似,3.0
CN115381454A,A61B5,身体诊断测量,中国,1,2022,使用遮蔽部件开放或遮蔽开窗|设置开窗仅暴露特定导联区域,脑深部电刺激术外挂期,高密脑电图帽通过开窗设计减少对脑内电极植入区域的干扰，实现同步采集,0.0
CN107887031A,G16H50,医学决策支持,中国,1,2017,同步筛选算法|符号传递熵计算,握力输出过程,同步筛选|符号传递熵,12.0
CN109214259A,G06K9,图像识别,中国,1,2017,利用EEG信号锁相值进行加权|利用eeg信号锁相值进行加权|同步盒同步|提取EEG信号特征,单试次EEG信号分类实验,相位同步,1.0
US11517245B2,A61B5,身体诊断测量,美国,0,2019,分布同步信号到放大器|控制压控振荡器的频率|控制模数转换器的操作|生成同步信号,癫痫发作检测,可调频率参考|同步信号,1.0
CN121393737A,G16H50,医学决策支持,中国,1,2025,个性化反馈指令生成与执行|基于数字孪生模型的生物力学效果实时仿真预测|多模态融合|运动意图解码,医疗康复工程|生物医学工程技术|脊柱侧弯神经肌肉康复,数字孪生|生物力学仿真预测|脑机接口,1.0
WO2008154410A1,A61B5,身体诊断测量,世界知识产权组织,0,2008,应答整合|数据收集|测量和跟踪|神经响应测量,多市场程序和商业响应监控,神经-响应数据作为监控依据,71.0
CN1420745A,A61B5,身体诊断测量,中国,1,2000,分析脑电信号|控制受控装置|提取特征物理量|检测脑电波信号|生成刺激信号,感官测试,刺激信号频率与特征物理量对应|稳态脑电响应,14.0
US2025217464A1,G06F18,模式识别,美国,0,2024,基于推断改变计算机程序操作|训练机器学习模型|输入EEG数据和环境数据到机器学习模型,脑电信号处理,脑活动解码,0.0
US20080039737A1,A61B5,身体诊断测量,美国,0,2007,基于数字孪生模型的生物力学效果实时仿真预测|标记,个体差异|视觉想象,激励和情绪脑电路响应于输入信号并产生输出信号,106.0
KR20160137726A,A61B5,身体诊断测量,韩国,0,2015,凹陷拱形设计,多通道脑电图,信号质量增强|降低阻抗,0.0
US20120172743A1,A61B3,眼科诊断器械,美国,0,2007,EEG和瞳孔分类器|分类器融合|神经响应分析|空间分类器|脑电特征表示,任务相关刺激的脑响应检测,大脑响应的演变提取时间模式,85.0
CN114746830A,G06F3,输入输出装置,中国,1,2020,呈现视觉刺激数据|基于神经信号确定用户的关注点|将特性调制应用于视觉刺激的高空间频率HSF分量|接收神经信号|经由显示器的图形用户界面GUI显示视觉刺激,,特性调制被应用于视觉刺激的高空间频率HSF分量，可在用户大脑中诱发响应|神经信号包括与用户的视觉注意力所指向的视觉刺激的特性调制相关联的信息,1.0
KR20250090382A,G06F3,输入输出装置,韩国,0,2020,应用权重|提供视觉刺激|测量神经响应|特征调制|自适应校正方法|自适应调整,脑机接口,当注意力集中在视觉刺激上时，这种相关性更强|神经信号包含与用户视觉注意力所指向的视觉刺激的特征调制相关的信息,0.0
US12001607B2,G06F3,输入输出装置,美国,0,2023,训练图像分类神经网络|识别神经生理事件,图像分类,基于神经生理事件的识别来训练图像分类神经网络,0.0
WO2021121766A1,G06F3,输入输出装置,世界知识产权组织,0,2020,提供视觉刺激|特征调制|神经响应测量,脑机接口,视觉刺激的神经反应与调制相关，当注意力集中时相关性更强,4.0
US2025213171A1,A61B5,身体诊断测量,美国,0,2024,将特性调制应用于视觉刺激的高空间频率hsf分量|训练至少一个机器学习模型,改变计算机程序的操作,使用大脑特征确定对象属性,0.0
CN85100554A,A01B5,农业耕作机具,中国,1,1985,储液器与电极吸液体连通|自动定位固定电极,脑电图测量,可伸缩弹性支架和可充气橡皮管实现自动定位固定|电极吸液体连通使电极片与头皮接触良好,10.0
CN113080980A,A61B5,身体诊断测量,中国,1,2021,储液器与电极吸液体连通|旋钮螺杆调节伸缩块,脑机接口,通过旋钮驱动螺杆，使伸缩块沿外壳滑动，调节干电极与头皮距离,5.0
US12307013B2,G06F3,输入输出装置,美国,0,2024,提供视觉刺激|测量脑信号|相关性分析,脑机接口,特征调制|神经反应与调制相关,0.0
EP4464250A3,G06F3,输入输出装置,欧洲专利局,0,2021,提供具有特征调制的视觉刺激|测量脑信号|相关性分析,脑机接口,视觉刺激的特征调制与神经反应的相关性,0.0
US10779747B2,A61B5,身体诊断测量,美国,0,2014,同时测量身体对刺激的反应|多模态生理刺激,大脑健康评估,刺激设备施加一系列任务，多个生物传感器同时测量身体对刺激的反应,8.0
CN117058514A,G06V10,图像特征提取,中国,1,2023,图论分析|多模态数据融合|模型训练,脑活动解码,多模态生理信号,9.0
RU216028U1,A61B5,身体诊断测量,俄罗斯,0,2022,旋钮螺杆调节伸缩块|电极-EEG传感器垂直于保持板表面成组排列|监测来自患者大脑内的脑电图(eeg)信号,兽医学|医疗仪器|生理学,压缩弹簧提供可移动的弹簧加载接触|透明环氧树脂制成扁平保持板,0.0
EP4351422A4,G06F3,输入输出装置,欧洲专利局,0,2022,信号分类|实时连续分类|训练神经网络,脑机接口|虚拟现实系统,信号质量增强|微针电极|无线传输|降低电极阻抗密度,0.0
EP4351422A1,A61B5,身体诊断测量,欧洲专利局,0,2022,信号分类|实时连续分类|训练神经网络,脑机接口|虚拟现实系统,信号质量增强|微针电极|无线传输|降低电极阻抗密度,0.0
US2024427418A1,G06N3,神经网络,美国,0,2022,实时连续分类|稳态视觉诱发电位(SSVEP)信号分类|训练神经网络|运动想象(MI)脑信号分类,脑机接口|虚拟现实系统,改进的接触表面积|无线传输|柔软不可察觉无凝胶的表皮穿透微针电极|降低的电极阻抗密度,0.0
CN104434140A,A61B5,身体诊断测量,中国,1,2014,变化检测|导出投入度及情绪方向|控制感应|测量生物体信号|脑电波分析,精神心理评估,脑电信号,11.0
US2018184964A1,G16H50,医学决策支持,美国,0,2015,关联基线脑电波模式、眼球运动和面部表情及诱发认知评估与概况数据|建立基线脑电波模式|提供神经心理学和认知任务组以生成诱发认知评估|施加光刺激或图像并捕获眼球运动和面部表情变化|记录语音|语言处理,自闭症谱系障碍评估,多模态生理信号|将多模态生理信号与指示自闭症或ASD的概况数据进行关联,0.0
US10817057B2,H04N13,立体电视,美国,0,2017,基于脑电波信号分析|生成评估信息,内容传送系统|内容评估分析,脑电信号,0.0
US12629073B2,A61B5,身体诊断测量,美国,0,2023,以不同频率闪烁图像|显示叠加图像|计算脑波信号和刺激的相关商,焦虑治疗|神经反馈系统,情感偏向注意|稳态视觉诱发电位,0.0
CN118335343A,G16H50,医学决策支持,中国,1,2024,基于实时脑电图或功能磁共振成像数据收集大脑活动信号|数据降维和特征提取技术|映射神经元与神经连接到图的节点与边|生成神经回路动态模型|转换为数值信息,神经刺激模拟,激活模式与功能关联分析|神经回路动态模型与实时数据结合,6.0
CN115956930A,A61B5,身体诊断测量,中国,1,2022,呈现视觉刺激数据|捕获眼球运动和面部表情变化|记录时间戳信息|调用预设的量表接口文件|采用GUI界面的形式显示情绪状态评价窗口,生物电信号采集测试,时间戳同步,3.0
CN112416987A,G06F16,信息检索,中国,1,2020,从脑电数据库查找脑电数据|基于用户画像索引表映射|获取用户画像|获取视频质量参数,图像质量评价,用户画像索引映射|脑电信号,1.0
CN110139597A,A61B5,身体诊断测量,中国,1,2017,呈现视觉刺激|处理神经生理信号|收集神经信号|训练图像分类神经网络|识别神经生理事件,图像分类,基于神经生理事件的识别,7.0
US5788648A,A61B5,身体诊断测量,美国,0,1997,计算脑波信号和刺激的相关商,脑电图仪,刺激与脑波信号的相关性分析,57.0
US2018279900A1,A61B5,身体诊断测量,美国,0,2017,构建评价模型|检测相关性|生成基于情境的记录的脑电波信息|记录传感器数据,神经反馈系统,基于情境的神经反馈|脑电波与传感器数据的相关性,0.0
US20230372725A1,A61N2,磁疗器械,美国,0,2023,分析接收到的信息|生成治疗协议|生成空间图|获得频谱,脑电治疗,神经网络频率与功能受损对应|空间图比较,1.0
CN109891519A,G16H50,医学决策支持,中国,1,2017,交替显示刺激|机器学习|构建评价模型,图像质量评价,脑波特征量与主观评价值之间的相关性,8.0
US5479934A,A61B5,身体诊断测量,美国,0,1993,使用纵向延伸和横向延伸的弹性材料条形成具有开口的图案|将电极组件以间隔开的位置安装在条带上|通过带子固定到患者头部,EEG测量,弹性材料条适应不同头部大小，使电极组件定位在期望解剖位置,1225.0
JP2002529132A5,A61B5,身体诊断测量,日本,0,1999,电极定位系统,磁共振成像|脑电波测量,无铁磁材料,0.0
JP2002529132A,A61B5,身体诊断测量,日本,0,1999,电极定位系统,磁共振成像|脑电波测量,无铁磁材料,8.0
US11311229B2,A61B5,身体诊断测量,美国,0,2018,电极-eeg传感器垂直于保持板表面成组排列,脑电图记录,离子电流测量,0.0
US20110004115A1,A61B5,身体诊断测量,美国,0,2008,分解神经生理数据和EEG信号|形成多个信号特征|确定波形特征,,,41.0
IN202111028383A,A61B5,身体诊断测量,印度,0,2021,功能性近红外光谱|基于低功耗蓝牙的非侵入式有源干电极系统|脑机接口|脑电图|计算机视觉分析,脑卒中康复,10-20电极系统|利用材料特性为电极位置提供有限的操纵性,0.0
US2019000338A1,A61B5,身体诊断测量,美国,0,2018,比较阻抗信号与阻抗阈值|致动致动器以移动电极|获取阻抗信号,脑电图系统,基于阻抗的电极接触优化,0.0
EP4289115A1,H04L12,数据交换网络,欧洲专利局,0,2022,基于由传感器和所部署的数字设备提供的数据|接收、跟踪和/或分析来自用户的数据|跟随用户的生理响应|跟随用户的运动数据|跟随经由便携式EEG设备获得的神经相关数据|跟随语音、鼠标和键盘使用、其他程序的使用的系统处理信道,双向音视频通信平台|媒体内容,低警觉性指标|高警觉性是主动注意的状态,0.0
US10455287B2,H04N21,视频分发,美国,0,2016,响应于对媒体内容的观看来确定用户的认知状态|基于认知状态执行动作,内容传送系统|媒体内容,,0.0
US2020178834A1,A61B5,身体诊断测量,美国,0,2018,向患者提供视觉模式|基于EEG信息生成诊断数据|接收脑电图信息,精神疾病诊断,,0.0
WO2025237848A1,G06F3,输入输出装置,世界知识产权组织,0,2025,脑电信号分类|脑电数据标记|训练数据获取|训练神经网络,脑机接口,基于运动参考数据的分类自动标记脑电图数据|神经网络从脑电图数据预测身体部位运动,0.0
WO2025101626A1,G16H20,治疗方案,世界知识产权组织,0,2024,发起启动刺激过程|呈现视觉感知学习任务|接收神经生理数据|提供视觉刺激|确定神经活动基线,治疗疾病,神经调节|视觉感知学习,1.0
JP2024531871A,A61B5,身体诊断测量,日本,0,2022,可视化精神图像|向受试者提供反馈|对受试者的可视化表现进行评分|量化与精神图像相关的视觉工作记忆的神经信号,神经反馈训练,神经活动检测,0.0
US20030073921A1,A61B5,身体诊断测量,美国,0,2002,标记偏转的发生时间、极性和幅度|生成偏转幅度分布|生成偏转时间周期的直方图|给予一系列感觉刺激|统计分析和评估|脑电信号测量,感觉刺激诱发电位分析|脑电图测量,基于偏离EEG和EP数据的基线的频率和幅度,121.0
US6832110B2,A61B5,身体诊断测量,美国,0,2002,标记偏转的发生时间、极性和幅度|生成偏转幅度分布|生成偏转时间分布|生成偏转时间周期的直方图|给予一系列感觉刺激|统计分析和评估|脑电信号测量,分析EEG和EP数据,基于偏离EEG和EP数据的基线的频率和幅度,18.0
US2011152710A1,A61B5,身体诊断测量,美国,0,2010,推断当前状态|提取P300特征|选择最佳刺激,脑机接口,P300,0.0
CN118105599B,G06F3,输入输出装置,中国,1,2024,匹配目标助眠音频|娱乐反馈控制|温度反馈调节|温感分析|频率分析,睡眠管理,脑电数据处理,0.0
CN118105599A,A61M21,精神治疗装置,中国,1,2024,匹配目标助眠音频|娱乐反馈控制|温度反馈调节|温感分析|频率分析,睡眠管理,基于脑电信号的反馈控制|按照温感分析结果进行温度反馈调节,0.0
KR20210000248A,A61B5,身体诊断测量,韩国,0,2019,再次分析测量结果|再次测量根据处方执行的改善效果|分析被测对象的当前大脑和身体健康|存储和管理识别的大脑健康和身体健康数据|提供用于执行每种状态处方的各种内容及其示例|提出五种感官的各种改善方法的处方|测量身心健康状态|管理特定管理项目相关的测量因素历史|统计分析变化并报告,护理,基于脑电信号的反馈控制,12.0
CN114896573A,G06F21,安全防护,中国,1,2022,上传脑电数据文件至云端|创建实验记录|录入、修改和删除被试人员信息|权限控制|登录系统|绘制频率脑电地形图|读取电极配置文件,脑电实验数据管理,脑电数据处理,0.0
CN120814833A,A61B5,身体诊断测量,中国,1,2025,中医病理分析|文本化处理|特征提取|经颅刺激放电|脑电信号预处理,中医诊疗|针灸治疗,模拟针灸|经颅刺激|闭环诊疗,1.0
IN202541098013A,A61B5,身体诊断测量,印度,0,2025,K近邻|信号归一化|信号采集|功率谱密度分析|多模型融合技术|支持向量机|特征选择和提取|独立成分分析|线性判别分析|降维|预处理,临床环境|在线脑图谱|家庭环境|步态障碍调查|远程医疗,机器学习驱动的分类|生物标志物分离|闭环反馈控制,0.0
US10456054B2,G06F16,信息检索,美国,0,2017,分层速度/频率容差识别|分段分析|脑电图|频谱分析,诊断应用|资源分配系统,事件相关电位|动作控制网络,0.0
US2019125203A1,A61B5,身体诊断测量,美国,0,2017,EEG识别|事件相关电位分析|分层速度/频率容差识别|分段分析|频谱分析,资源分配系统,分层速度/频率容差|基于已知刺激或事件的时间跨度分段|用户基线识别,0.0
CN114173663A,A61B5,身体诊断测量,中国,1,2020,形成神经生物反馈连接,中枢神经系统疾病康复|脑卒中康复,神经生物反馈,1.0
EP4000578A4,A61B5,身体诊断测量,欧洲专利局,0,2020,形成神经生物反馈连接,中枢神经系统疾病康复|脑卒中康复,在患者移动肢体的意图与其实施之间形成神经生物反馈连接,0.0
CN120353998A,G06F16,信息检索,中国,1,2025,LSTM模型识别|多模态融合|智能知识推荐引擎动态调整|特征提取与融合,个体差异|智慧教育|脑机接口技术领域,多模态融合分析|脑机协同,2.0
IN202411022568A,G06F3,输入输出装置,印度,0,2024,刺激呈现|反馈生成|情绪状态评估|数据处理|治疗干预推荐|用户档案存储与检索|脑波检测,心理健康领域,通过脑-计算机接口（BCI）系统将脑电信号转换为可解释数据，识别情绪状态，并生成响应性刺激以影响情绪状态至期望状态,0.0
GB2596105A,A61N1,电疗器械,英国,0,2020,信号比较分析|脑刺激施加|脑电图|自适应学习算法,刺激协议实施|药物效果模拟,药物相似效果模拟|闭环诊疗,0.0
CN116584954A,A61B5,身体诊断测量,中国,1,2023,可视化输出|提取特征指标|生成脑电图特征指标报告|采集脑电信号数据,临床电生理诊断,时域特征提取,3.0
CN120928949A,G06N5,知识推理,中国,1,2025,判断分值数据是否符合预设的基准评分|发送至预设的数据模型中进行模型优化|更新不同推送内容的权重|根据脑电信号确定对应的分值数据|采集脑电信号,个性化内容推荐,基于脑电信号进行个性化数据收集|数据比较分析,0.0
CN119248115A,G06N5,知识推理,中国,1,2024,信号处理分析|动态生成SSVEP控制界面|生成式大模型|语义理解与推理识别,信息交互技术领域|脑机接口交互,SSVEP|生成式大模型,0.0
RU2759310C1,A61F4,辅助行走器具,俄罗斯,0,2020,单词识别|希尔伯特-黄变换滤波|幅相域分析|形成EEG信号训练样本|形成心理指令|形成脑电图信号分析通道|形成语音信号分析通道|形成语音命令词典|用户语音认证|神经网络分析|神经网络训练|组合EEG分析|记录EEG信号|频时域分析,医学|机器人技术,基于不同方法进行EEG分析获得特定决策|心理指令对应EEG信号|组合EEG分析揭示心理指令的EEG迹象|语音命令词典比较识别,0.0
IN202411030077A,G06N20,机器学习,印度,0,2024,数据加密|机器学习算法|用户同意模块|神经可塑性评估算法,健康监测系统集成|脑机接口长期使用监测,神经可塑性评估,0.0
KR101675875B1,G06F19,医疗信息处理,韩国,0,2015,倒排索引|矢量量化|短时傅里叶变换|码本量化|频谱分析,脑电图信号搜索,倒排索引|矢量量化|频谱分析,14.0
CN113297442A,G06F16,信息检索,中国,1,2020,低通滤波处理|异常值过滤|数据监视和可视化|特征提取,web可视化平台|实验研究|神经诊断,web可视化分析|云端服务器接收信号|数据预处理|特征提取,2.0
US20170228512A1,G06F17,数据处理,美国,0,2016,分析特征数据|分类|接收EEG数据|生成服务响应|表征数据,,数据比较分析,24.0
US20040116798A1,A61B5,身体诊断测量,美国,0,2002,功能神经成像检测和定位|脑电波比较|药物给予,中枢神经系统药物研究,三维(3-D)脑源定位,30.0
US20120184869A1,A61B5,身体诊断测量,美国,0,2011,去除步骤|合成步骤|检索步骤|滤波|独立分量分析|矩阵操作|记录步骤,,信号分离|信号合成|滤波,6.0
US5181520A,A61B5,身体诊断测量,美国,0,1990,检测振幅超过阈值电压的活动脉冲|生成图形输出|确定活动脉冲串结束|统计分析|计算静止间隔总时间,患者进展评估,阈值电压检测|静态间隔持续时间,81.0
CN120105073B,G06F18,模式识别,中国,1,2025,场景分类|映射关系构建|模式分析|特征映射|特征标记|特征组合生成|特征重组|特征链构建|趋势分析,脑机接口技术领域,基于AI眼镜的个性化脑电模式识别,0.0
US20190132733A1,H04W12,无线安全,美国,0,2017,分段和分析|图案化识别|脑电图读数生成|频谱分析,位置认证,事件相关电位|已知刺激或事件关联,9.0
CN121587746A,A61B5,身体诊断测量,中国,1,2026,动态延迟容忍度融合|反相位调制|快慢分档|扫描脑电控制空间|独立成分分析|能量迁移轨迹监测|逆向推导协同干预时机|频谱分解|风险传播链构建|风险加速度分析,安全帽智能控制,共振干预窗口|状态恶化速率|相位补偿|级联失效|频段耦合失衡,0.0
CN121587746B,A61B5,身体诊断测量,中国,1,2026,反相位调制|扫描脑电控制空间|构建风险传播链|独立成分分析|逆向推导协同干预时机|频谱分解,安全帽智能控制,动态延迟容忍度|相位补偿|级联失效|能量迁移轨迹|频段耦合失衡|风险加速度,0.0
CN122111663A,G06F9,程序控制,中国,1,2026,业务管理模块基于分析结果及用户场景需求生成需求界面|业务管理模块基于采集通道及用户场景需求匹配确定目标算法|数据管理模块利用目标算法对多模态数据进行处理|脑机接口多模块一体化管理平台中不同模块的数据交互,用户场景需求|脑机接口穿戴设备,数据处理过程贴近用户需求|硬件状态数据实时同步至软件侧业务层与算法层,0.0
KR102513099B1,A61N1,电疗器械,韩国,0,2022,事件相关同步分析|确定个体经颅AC刺激的刺激频率,认知功能改善,个性化经颅电刺激频率反映个体神经生理特征,7.0
CN120340895A,G16H50,医学决策支持,中国,1,2025,多模态融合|康复方案的动态调整|数据融合|相关性分析|降维,医疗康复,实时神经调控|脑机接口,2.0
CN122194740A,G05B19,程序控制系统,中国,1,2026,个性化方案生成|同步采集|多感官刺激联动调控|多模态信号处理与状态指标计算|沉浸式VR环境构建|融合分析评估用户状态|闭环神经反馈调控,VR类自然环境状态调控|沉浸式虚拟环境构建|环境调控,多模态融合分析|闭环反馈机制,0.0
IN202541071201A,A61B5,身体诊断测量,印度,0,2025,基于块的归一化最小均方算法（BBNLMS）|基于符号的方法|奇异谱分析（SSA）|自适应噪声消除器,情绪识别|波束形成|癫痫诊断|睡眠分析|脑机接口（BCI）|远程医疗,归一化权重|自适应学习|降低计算复杂性,0.0
US10405790B2,A61B5,身体诊断测量,美国,0,2015,反向关联|数据库查询|有效性排名,事件相关电位采集|用户认知事件查询,数据位置评估,1.0
KR20210033870A,G06F3,输入输出装置,韩国,0,2019,处理脑电图信号|放大和滤波脑电图信号|生成控制信号,,基于佩戴者注视的运动生成脑电图信号,0.0
KR20160041748A,A61B5,身体诊断测量,韩国,0,2015,电位时间计算|经颅电刺激|脑电图测量,,P300脑电波诱发刺激产生P300脑电波,11.0
US11931162B2,A61B5,身体诊断测量,美国,0,2021,分段分析|生成发作警报,癫痫发作检测,非线性特征,0.0
US12514489B2,A61B5,身体诊断测量,美国,0,2024,分段分析,癫痫发作检测,EEG非线性变化,0.0
CN111543949A,A61B5,身体诊断测量,中国,1,2020,信号处理去除噪声|数据分析提取病理特征|磁屏蔽|组合嵌套方式全脑采集,儿童ASD诊断,多模态融合分析|降低电极阻抗密度|频段耦合失衡,35.0
CN111543949B,A61B5,身体诊断测量,中国,1,2020,信号处理去除噪声|数据分析提取病理特征|磁屏蔽|组合嵌套方式全脑采集,儿童ASD诊断,多模态融合分析|降低电极阻抗密度|频段耦合失衡,2.0
KR1020220153148A,A61B5,身体诊断测量,韩国,0,2021,方差分析,脑电图分析,基于方差分析,1.0
KR102513398B1,A61B5,身体诊断测量,韩国,0,2021,生成报告|生成模板|计算量化指数|识别感兴趣区域,脑电波阅读意见纸撰写,,1.0
CN111616702A,A61B5,身体诊断测量,中国,1,2020,事件相关电位ERP法|分布分析|统一归一化处理|认知负荷的犯罪情节测试CL-GKT-ERP范式,测谎分析,认知负荷增强|靶刺激特征的幅值分布规律,7.0
CN118873156A,A61B5,身体诊断测量,中国,1,2024,对目标EEG信号片段进行分析|校准|根据CFF反馈数据对时间戳进行分析|滤波和去噪|视觉刺激,CFF测量技术领域,临界闪烁融合频率|空间坐标映射,0.0
CN118873156B,A61B5,身体诊断测量,中国,1,2024,信号处理|动态调整视觉刺激参数|校准|滤波和去噪|视觉刺激,CFF测量技术领域,临界闪烁融合频率|空间坐标映射,0.0
KR102238067B1,A61B5,身体诊断测量,韩国,0,2018,刺激控制信号传输|神经刺激治疗|脑电波分析,3D VR脑疾病治疗,脑电波分析,1.0
US20170147578A1,G06F17,数据处理,美国,0,2015,分析认知事件|利用MRI、CT、PET、SPECT、EEG和MEG等技术收集认知事件|基于脑电波和位置评估数据有效性|将认知事件与排名相关联,事件相关电位采集|数据库检索,数据位置评估|有效性级别排序,17.0
CN101015451A,A61B5,身体诊断测量,中国,1,2007,MIDI格式音乐生成|信号特征分析|映射规则建立|脑电信号处理|脑电信号采集,音乐脑电分析,幂律分布规律,44.0
CN113397559A,A61B5,身体诊断测量,中国,1,2021,可视化|时频分析|连接性分析|预处理,脑功能研究,多窗口方法|大脑三维模型|小波算法,5.0
CN113397559B,A61B5,身体诊断测量,中国,1,2021,可视化|多窗口方法|小波算法|提取Epoch信号|时频分析|连接性分析|预处理,脑功能研究,大脑三维模型|时频分析原理|连接性分析原理,0.0
KR1020220007838A,A61M21,精神治疗装置,韩国,0,2020,参照用户的大脑活动状态产生刺激信号|参考从测量电极输出的输出信号分析用户的EEG信号|参考由分析的EEG信号和域控制单元选择的域信息分析用户的脑活动状态|选择第二域,可连接或佩戴到使用者的头部|脑刺激装置,脑活动状态分析|脑电波信号分析,4.0
WO2024121855A1,A61B5,身体诊断测量,世界知识产权组织,0,2023,可视化执行运动动作|接收和分析脑电图信号|提供反馈模式|测量脑电图信号|计算特征,整形外科|肌肉骨骼外科手术后|脊柱外科,浓度指数|电机控制指标|警觉性指数|运动准备,0.0
CN120093306A,A61B5,身体诊断测量,中国,1,2025,AI宠物互动安抚|SVM支持向量机算法|个性化安抚内容推送|信号处理算法|情绪可视化分析|脑机接口技术,个人生活|学习|工作场所,个性化服务策略|人工智能技术,0.0
IN202521026664A,G06F3,输入输出装置,印度,0,2025,开源软件分析|无线连接|机器学习分析|特征提取|降噪,智能家居控制|沉浸式娱乐|物联网环境|辅助技术应用,数字信号处理|机器学习|脑机接口,0.0
WO0238031A2,,,世界知识产权组织,0,2000,收集和分析EEG信号|施加电刺激|植入脑中电极|调整参数并重复刺激、收集、分析步骤|连接脑电极对的EEG分析系统,癫痫治疗,电刺激启动或终止epileptiform活性,102.0
WO0238031A3,A61N1,电疗器械,世界知识产权组织,0,2000,收集和分析EEG信号|施加电刺激|植入脑中电极|调整参数并重复刺激、收集、分析步骤|连接脑电极对的EEG分析系统,癫痫发作处理,电刺激启动或终止epileptiform活性,1.0
CN119405329A,A61B5,身体诊断测量,中国,1,2024,VR训练|个性化训练内容生成|动态调整训练难度和内容|脑电波分析|脑电采集与处理,医疗康复|残疾人居家康复,即时反馈和调整机制|脑电波信号分析|评估注意力水平、情绪状态及康复进展,3.0
RU2798703C1,A61H3,助行器具,俄罗斯,0,2021,展示VR中的社交场景|执行与对象的马达接触的模仿|收集和分析来自EEG设备和立体相机的数据|注册语义潜力N400|评估言语、认知和运动障碍|跟踪动态|配准平均潜在电位N1|配准认知诱发电位P300,医药|康复|神经内科|诊断学,患者专注于目标虚拟对象的能力|通过听觉系统的声音配准,3.0
RU2252692C2,A61B5,身体诊断测量,俄罗斯,0,2003,多通道记录脑电图及心电图在实时时间|心电图记录|计算机分析电生理信号|记录多通道脑电|进行功能测试,医学工程|药物,subelectrode电阻测量公式|脑活动状态分析,18.0
CN116978542A,G16H50,医学决策支持,中国,1,2023,ERP数据分析|情绪Stroop实验范式|构建有向动态脑网络|行为数据采集|非参格兰杰因果关系,情绪认知研究|脑机制研究,有向动态脑网络分析|脑电信号的高时间分辨率,1.0
EP2613222B1,G06F3,输入输出装置,欧洲专利局,0,2011,判别分析函数|阈值判断,通信辅助,脑波分析,0.0
CN113116356A,A61B5,身体诊断测量,中国,1,2021,模式识别|特征提取|视觉刺激测试|降噪处理,医疗设备技术领域|意识障碍诊断,注意程度|脑电信号,4.0
CN113116356B,A61B5,身体诊断测量,中国,1,2021,模式识别|特征提取|视觉刺激测试|降噪处理,医疗设备技术领域|意识障碍诊断,脑电信号,0.0
EP2613222A4,G06F3,输入输出装置,欧洲专利局,0,2011,判别分析函数|脑电信号分析|阈值判断,意图传达|控制外部设备,判别分析|脑活动等生物信号与意图相关,0.0
KR1020130142476A,A61B5,身体诊断测量,韩国,0,2012,使用30Hz或多种高电压振幅-调制可视刺激|峰-对-稳定多个使用BCI蚀刻|振幅调制视觉刺激|组合至少一种颗粒状视觉刺激,脑-计算机接口(BCI)|脑电波分析系统,振幅-调制状态视觉刺激|视觉诱发稳态电位(SSVEP)原理,9.0
WO2021147292A1,G06Q10,管理资源系统,世界知识产权组织,0,2020,建立决策者-方案之间的相关关系|提取EEG关于情绪唤醒度的β波段|提取事件相关电位ERPs|提取关于情绪效价的α波段|获取决策者方案选择时间|计算决策行为数据之间的关联度|计算推荐次序|采集原始脑电信号|采集基于眼动行为数据,产品设计方案决策,全局上下文感知|情绪唤醒度|情绪效价|注意程度|用户相似度,3.0
CN111311070A,G06Q10,管理资源系统,中国,1,2020,提取EEG波段|提取事件相关电位ERPs|脑电信号预处理|计算推荐次序|计算用户相似度|采集眼动行为数据,产品设计方案决策,全局上下文感知|情绪唤醒度|情绪效价|注意程度|用户相似度,5.0
CN111311070B,G06Q10,管理资源系统,中国,1,2020,提取EEG波段|提取事件相关电位ERPs|获取决策者方案选择时间|计算决策行为数据之间的关联度|计算推荐次序|采集原始脑电信号|采集眼动行为数据,产品设计方案决策,情绪唤醒度|情绪效价|用户相似度,0.0
US5113870A,A61B5,身体诊断测量,美国,0,1990,事件相关电位|分析P300脑电波活动|将这些电位转换成P300脑电波|提供包括个人知识和非显著刺激的刺激源|解释和分析对个人知识的反应,个人知识检测,P300脑电波响应在重复呈现的刺激中散布有非显著性刺激,165.0
CN115414044A,A61B5,身体诊断测量,中国,1,2022,历史精神系数分析|标记用户等级|精神系数计算|精神阈值比较|获取脑电图和脑电标准图|计算用户系数,人体精神状态管理,脑电波信号分析,4.0
CN119791677A,A61B5,身体诊断测量,中国,1,2024,分析反应时间和正确率|探究ERP中N200成分的显著性变化|脑电信号预处理|行为数据采集|设计实验范式|采用PLV脑网络分析,摩尔斯电码训练效果评估|脑电分析技术领域,ERP中N200成分的显著性变化|PLV脑网络分析,2.0
CN214761119U,A61B5,身体诊断测量,中国,1,2021,模式识别|特征提取|视觉刺激测试|降噪处理,医疗设备技术领域|意识障碍诊断,注意程度|脑电信号,2.0
CN118766414A,A61B5,身体诊断测量,中国,1,2024,模型验证与优化|相关性分析|脑指纹预测模型建立|跨模态脑功能连接图谱构建,书写能力评估|脑指纹构建,脑功能连接与行为指标的显著相关性|跨模态一般性脑功能连接关键特征,0.0
CN116531637A,A61M21,精神治疗装置,中国,1,2023,人体体征参数采集|粉红噪声刺激|经颅交流电刺激|迷走神经电刺激,睡眠障碍疾病的干预和治疗,多种刺激干预,6.0
US7603168B2,A61B5,身体诊断测量,美国,0,2008,与参考数据进行比较|转换和统计分析,监测和控制经历全身麻醉的患者的麻醉状态,中枢神经系统和ANS状态患者的抑郁水平相一致,19.0
CN121489505A,A61B5,身体诊断测量,中国,1,2025,主动睡眠调理干预|信号采集与预处理|梦境情感特征提取与量化|睡眠阶段与梦境窗口识别|磁悬浮交互逻辑,多模态交互|梦境可视化|睡眠监测|睡眠调理,个性化服务策略|梦境可视化|磁悬浮交互|脑波分析,0.0
CN122158119A,G16H50,医学决策支持,中国,1,2026,云边联邦学习|分布式机器学习分析|多模态数据采集|数字孪生康复规划|特征提取与计算,康复技术领域|神经外科术后评估,数字孪生|机器学习|脑机接口,0.0
CN119360716A,G09B9,模拟训练器,中国,1,2024,个性化分析|多模态特征融合|强化学习动态调整情境|深度学习模型评估|递归神经网络时间依赖分析,虚拟训练|飞行训练,个性化服务策略|多模态特征融合|强化学习|时间依赖分析,11.0
US8494905B2,G06Q30,商业交易系统,美国,0,2008,分析|数据清理|结合,娱乐材料评估|营销评估,,88.0
JP2010535083A5,A61B5,身体诊断测量,日本,0,2008,神经响应数据分析|神经响应数据收集,体验|包装评估|图像|定价|概念|消息|通信|音频,神经反应刺激和刺激属性谐振,0.0
JP2010535083A,A61B5,身体诊断测量,日本,0,2008,神经响应数据分析|神经响应数据收集,体验|包装评估|图像|定价|概念|消息|通信|音频,神经反应刺激和刺激属性谐振,0.0
CN101815467A,A61B5,身体诊断测量,中国,1,2008,分析神经反应数据,评估刺激材料和刺激材料属性,神经反应刺激和刺激属性谐振,16.0
US9560984B2,A61B5,身体诊断测量,美国,0,2009,使用具有挑战性的任务将控制注意引导到某个位置|分析神经反应测量|微妙地呈现额外刺激材料|插入额外刺激材料,刺激材料引入,控制注意|显著注意属性|显著注意测量|自动注意,43.0
US10679241B2,G06Q30,商业交易系统,美国,0,2018,使用第一模态分析神经响应数据|合成第一神经响应数据与第二神经响应数据|基于签名调整相位同步度|识别第一频带和第二频带之间的相位同步度|识别脑电数据中对应于第二神经响应数据的活动的签名,娱乐效果分析|广告效果分析,多模态特征融合|相位同步度分析,16.0
US10674930B2,A61B5,身体诊断测量,美国,0,2016,钩在皮肤上|齿面钩,EEG传感,紧密间隔的干电极,0.0
US20220409094A1,A61B5,身体诊断测量,美国,0,2020,从神经信号捕获设备接收神经信号|基于神经信号确定用户的焦点|施加刺激序列|检测精神状态|特征调制应用于视觉刺激的高空间频率分量,视觉脑机接口,神经信号包含与用户视觉注意力所指向的视觉刺激的特征调制相关的信息,2.0
US2019090771A1,G06F17,数据处理,美国,0,2017,映射|比较|监测神经活动|高维向量形成,神经学监测,基于映射的神经活动和口头反应的关系形成高维向量|将高维向量与刺激关联形成思维模型,0.0
US20100185113A1,A61B5,身体诊断测量,美国,0,2009,处理响应以确定显著认知响应|处理提示和刺激位置的时间序列|监测操作者眼睛运动|监测神经活动,操作者视野中的刺激响应协调系统,刺激的正提示和位置以及时间戳触发系统响应|认知反应与神经生理反应的相关性,76.0
US2020237296A1,A61B5,身体诊断测量,美国,0,2018,提取信号特征|提取潜伏期值|神经响应测量|统计比较,神经系统疾病诊断|认知功能评估,感觉诱发反应,0.0
KR1020220093380A,G06F3,输入输出装置,韩国,0,2020,产生具有特征调制的视觉刺激|从神经信号捕获装置接收神经信号|基于神经信号确定用户的焦点|将特征调制应用于视觉刺激的高空间频率分量|施加刺激序列,可视脑机接口,特征调制与视觉注意力相关|高空间频率分量调制,0.0
CN114981759B,G06F3,输入输出装置,中国,1,2021,将神经响应与调制相关|提供具有特征调制的视觉刺激|测量神经响应,脑机接口,视觉刺激的特征调制与神经响应的相关性,3.0
US6292688B1,A61B5,身体诊断测量,美国,0,1996,图形方式建立复合情绪反应|构造多个坐标点的图|测量强度的变化率|测量脑电波强度分量的周期性变化,广告呈现,不同脑电波频率与特定情绪相关联,319.0
US2016113545A1,A61B5,身体诊断测量,美国,0,2015,分析反应特征|测量脑电图,媒体立面图像刺激分析,定量数据研究,0.0
US20180089531A1,A61B5,身体诊断测量,美国,0,2016,神经生理事件识别|神经生理信号处理|视觉刺激呈现|计算机视觉程序,图像分类|脑机接口,基于观察者大脑对视觉刺激的神经反应来识别目标,111.0
US20110085780A1,A61B5,身体诊断测量,美国,0,2009,关联脑波信号与媒体文件|存储|播放媒体文件|测量脑波信号|索引媒体文件,媒体设备,脑波信号指示用户的注意力水平,7.0
WO2019111062A1,A61B5,身体诊断测量,世界知识产权组织,0,2018,同时施加控制信号与音频视频信息|施加控制信号|确定EEG响应分量的值变化|获得EEG响应,产品或服务的宣传或价格响应|产品设计阶段|广告牌|无线电广告|电视广告,可归因于控制信号的EEG响应分量的值增加或减少反映兴趣,3.0
CN115063188B,G06Q30,商业交易系统,中国,1,2022,代入综合情绪体验指数模型|根据赋权法进行赋值|监听按键事件|获取脑电信号|获得特征向量空间,消费品品评|消费者评估,综合情绪体验指数模型|自适应权重调整,0.0
CN115063188A,G06Q30,商业交易系统,中国,1,2022,代入综合情绪体验指数模型|根据赋权法进行赋值|监听按键事件|获取脑电信号|获得特征向量空间,消费品品评|消费者评估,综合情绪体验指数模型|自适应权重调整,6.0
US20030153841A1,A61B5,身体诊断测量,美国,0,2003,比较|结合认知激活过程或任务|脑电信号采集,疾病相关的神经功能研究|神经功能检测,脑的工作产生脑电图(EEG)电位,67.0
CN114746830B,G06F3,输入输出装置,中国,1,2020,呈现视觉刺激数据|基于神经信号确定用户的关注点|将特性调制应用于视觉刺激的高空间频率HSF分量|接收神经信号|经由显示器的图形用户界面GUI显示视觉刺激,,特性调制与视觉注意力相关联|高空间频率HSF分量调制诱发大脑响应,1.0
EP4062262A1,G06F3,输入输出装置,欧洲专利局,0,2020,基于神经信号确定用户的焦点|将特征调制应用于视觉刺激的高空间频率分量|接收神经信号|施加刺激序列|检测精神状态,视觉脑机接口,神经信号与视觉注意力相关|神经反应,0.0
US9826914B2,A61B5,身体诊断测量,美国,0,2014,分解神经生理数据和脑电图信号|形成多个信号特征|确定波形特征,,,2.0
US63311628P0,,,美国,0,2022,实时连续分类|稳态视觉诱发电位(SSVEP)信号分类|训练神经网络|运动想象(MI)信号分类,脑机接口(BCI)|脑机接口(BMI)|虚拟现实(VR),微针电极|软电子器件局部安装在电极附近|降低电极阻抗密度增强EEG信号和信号分类准确度,0.0
US63194111P0,,,美国,0,2021,实时、连续分类|稳态视觉诱发电位(SSVEP)信号分类|训练的神经网络|运动想象(MI)脑信号分类,脑机接口(BCI)|脑机接口(BMI)|虚拟现实系统,微针电极|软电子器件局部安装在电极附近,0.0
US11467662B1,G09G5,显示驱动,美国,0,2021,电位信号频率匹配|眼动追踪|视觉刺激显示,脑机接口系统,视觉诱发电位,0.0
CN114169366A,G06K9,图像识别,中国,1,2021,滤波频段配置|激励条件判断|脑电特征指标计算|脑电特征提取模型,神经反馈训练,生物反馈,2.0
KR1020230162116A,G06F3,输入输出装置,韩国,0,2022,对接收的生物信号进行分类|将请求的刺激数据变换为修改的刺激|接收|混合经修改的刺激和环境刺激,虚拟现实设备,感觉诱发反应,1.0
US20250255531A1,A61B5,身体诊断测量,美国,0,2023,印刷地嵌入,脑电图帽,导电海绵包括两部分式硅酮泡沫、硅酮稀化流体和碳纤维|拉胀织物允许头部覆盖物配合在头部上并与头部相符,0.0
US20070249952A1,A61B5,身体诊断测量,美国,0,2006,处理EEG信号|检测EEG信号,睡眠监测|睡眠阶段监测和测量,,296.0
WO2017158273A1,A61B5,身体诊断测量,世界知识产权组织,0,2017,同步脑电数据和功能磁共振成像数据|处理原功能磁共振灌注成像数据并计算值或大脑特定区域进行增氧|处理脑电数据并计算值链接到脑波|接收脑电数据和原功能代谢的磁共振成像数据|确定相关性得分,神经反馈|神经康复,相关性得分表示脑康复活动|脑电与功能磁共振成像数据同步,3.0
FR3048867A1,A61B5,身体诊断测量,法国,0,2016,功能磁共振成像数据处理|接收脑电数据和原功能代谢的磁共振成像数据|数据同步|相关性得分计算|脑电数据处理,神经反馈装置|神经康复,生物反馈|脑电与功能磁共振成像数据同步|脑电与功能磁共振成像测量值之间的相关性分析,0.0
WO2025055849A1,G16H50,医学决策支持,世界知识产权组织,0,2024,功能神经成像数据处理|定量特征集提取|机器学习分类器模型训练,神经认知衰退检测,机器学习技术|自然主义语言处理任务,0.0
CN102293647A,A61B5,身体诊断测量,中国,1,2011,分别进行预处理|同步脑电数据和功能磁共振成像数据|标记同步起始点|统计分析|联合采集与分析脑电和功能磁共振信号,临床康复|脑机接口,多模态信号融合|时空特征提取,21.0
KR101648120B1,A61B5,身体诊断测量,韩国,0,2014,信号处理|呈现情绪刺激|测量多通道脑电|计算伽马功率值|转换情绪调节指标,情绪调节训练,伽马功率值反映情绪调节|情绪刺激诱发脑电的情绪反应,0.0
US20030013981A1,A61B5,身体诊断测量,美国,0,2002,测量脑功能|测量行为响应|被动控制条件|认知测试电池,正在进行的治疗|神经疾病或病症的诊断|药物批准和随后销售的临床试验|训练和教育程序,行为响应与脑功能关联|认知功能评估,321.0
US20230051708A1,A61B5,身体诊断测量,美国,0,2022,帽元件内表面与患者的头皮接触|帽元件至少部分地围绕患者的头骨,记录脑电图信号,柔性聚合物材料,0.0
US20130053720A1,A61B5,身体诊断测量,美国,0,2012,事件相关电位检测|基于特征量计算聚焦水平,,事件相关电位,10.0
EP4100815A1,G06F3,输入输出装置,欧洲专利局,0,2020,代码调制|呈现具有变化的运动的基于周期性运动的视觉刺激|检测电位变化|识别视觉诱发电位特征|频率调制,计算机设备,基于周期性运动的视觉刺激|运动针对目标频率进行频率调制或针对目标代码进行代码调制,0.0
CN111867448A,A61B5,身体诊断测量,中国,1,2018,使用自动编码器神经网络计算平均向量|检测预定模式的存在|生成脑活动指示|采集脑电信号数据,脑活动监测,平均向量连续平均值中的模式检测|自动编码器神经网络,2.0
JP7766173B2,A61B5,身体诊断测量,日本,0,2022,可视化精神图像|向受试者提供反馈|对受试者的可视化表现进行评分|量化与精神图像相关的视觉工作记忆的神经信号,神经反馈训练,神经活动检测,0.0
WO2015127361A1,G06Q30,商业交易系统,世界知识产权组织,0,2015,基于认知状态或情感状态确定内容递送定时|基于认知状态或情感状态选择内容,广告插入输送定时|教育|数字游戏|视频应用|驱动器或导频辅助,情感状态|认知状态,18.0
WO2010149157A1,A61B5,身体诊断测量,世界知识产权组织,0,2009,分析EEG信号|基于认知状态或情感状态确定内容递送定时|测量EEG信号|选择语音消息|鉴定或预测生物事件,连续通过的被监测者,基于脑电图监测,17.0
US20120165695A1,A61B5,身体诊断测量,美国,0,2011,分析EEG信号|呈现语音消息|基于认知状态或情感状态确定内容递送定时|选择语音消息|预测动作意图,EEG监测设备,基于分析识别或预测生物事件,59.0
US10959639B2,A61B5,身体诊断测量,美国,0,2011,分析脑电图信号|呈现语音消息|选择语音消息|预测动作意图,脑电监测,,4.0
CN111466931A,A61B5,身体诊断测量,中国,1,2020,单通道EEG信号采集|基于伪影去除算法的平稳小波变换去噪|小波包变换|小波树分解|提取幅度值和功率谱特征|画频谱图和频谱能量分布图|筛选食物图片数据集|统计分析|节点重排序|采集食物图片|重构节律波,情感识别,伪影去除算法|小波包变换|幅度值和功率谱特征分析|平稳小波变换|频带节律波重构,7.0
US20090069707A1,A61B5,身体诊断测量,美国,0,2008,基于EEG活动目标奖励游戏时间|实时并发视觉听觉定量信息反馈|提供积极行为强化|提供负强化,生活活动中需要积极心理参与的场景|神经反馈训练|计算机游戏类或娱乐训练活动,操作性条件反射|神经反馈|行为强化,100.0
CN117275042A,G06V40,生物识别,中国,1,2023,circleloss反向传播|对比表征学习|时空间特征注意力提取,行人重识别|视频流复杂目标检测,P300|P300-D,2.0
US2019139078A1,G06Q30,商业交易系统,美国,0,2018,确定共振测量值|计算事件相关电位测量值|计算差分事件相关电位测量值|访问神经反应数据,娱乐|广告,事件相关电位|差分事件相关电位,0.0
US10733625B2,A61B5,身体诊断测量,美国,0,2018,计算事件相关电位测量值|计算差分事件相关电位测量值|访问神经反应数据,娱乐|广告,事件相关电位|差分事件相关电位,12.0
US12217487B2,G06V10,图像特征提取,美国,0,2022,基于时间维度和第一注意模型转换第一特征图|基于空间维度和第二注意力模型转换第二特征图|基于转换后的第一特征图和第二特征图生成图像|提取第一特征图|提取第二特征图,,时间维度|注意力模型|空间维度,0.0
KR20170104602A,A61B5,身体诊断测量,韩国,0,2015,EEG信号处理|提交警告信号|无线通信,用户耳朵区域|调节人体血糖水平,低血糖发作时EEG信号变化|胰岛素输送限制机制,6.0
US20230200647A1,A61B5,身体诊断测量,美国,0,2022,传输至远程云系统|基于时间序列生成脑电图|将脑电图拆分成多个子图像|检测对象的多个脑电波生理信号|生成叠加组标签|识别静态特征标签和动态位移标签,远程云系统,基于时间序列拆分和标签识别,0.0
US20220273210A1,A61B5,身体诊断测量,美国,0,2020,向用户提供图像内容|基于EEG数据确定用户偏好|基于凝视数据确定感兴趣区域|基于注视数据确定球囊开始时间|接收脑电数据和注视数据|提取时间段内的EEG数据,偏好确定,基于EEG数据确定偏好|基于凝视数据确定感兴趣区域,2.0
US20130304540A1,G06Q30,商业交易系统,美国,0,2013,分析频带振荡模式|识别相位同步度,娱乐效果分析|广告效果分析,相位同步,43.0
US4974602A,A61N5,放射治疗,美国,0,1989,定位|标记同步起始点|模式识别|相关性得分计算|阈值定义,生物组织复合物分析,信号模式匹配|时间空间一致性比较|相关系数计算,144.0
US20250022606A1,G16H50,医学决策支持,美国,0,2024,存储|比较个性化基线卒中分数与第二卒中分数|生成个性化基线卒中分数|生成卒中度量|确定第二中风分数,脑卒中的个性化检测,基于个性化基线卒中分数与第二卒中分数的比较指示卒中状态,0.0
CN114469114A,A61B5,身体诊断测量,中国,1,2022,国际10-20系统计算电极的预设安放位置|检测信号传输准确性以确定定位区域|采用电极移动装置以初步放置电极或取下电极放置至其他准确区域,脑电图电极安放,国际10-20系统,0.0
CN118177835A,A61B5,身体诊断测量,中国,1,2024,建模|提取与疲劳程度最相关的电极通道|数据切片|脑电电极通道匹配,疲劳检测技术领域,将时域上连续的EEG信号转化为1s的样本时间窗口，以1s时间分辨率进行疲劳程度预测|通过提取与疲劳程度最相关的电极通道降低EEG数据维度，减少无关信息干扰|通过特定脑电电极通道匹配使待预测个体无需繁琐校准程序也能保持较高预测准确率,1.0
CN108577835A,A61B5,身体诊断测量,中国,1,2018,使用微状态重构后的时间序列构建脑功能网络|基于微状态的脑功能网络构建|微状态重构时间序列,医院采集的精神疾病工作记忆的EEG数据集|精神分裂症病人和正常人的EEG功能脑网络构建|脑功能研究,EEG微状态是反映大脑活动的最基本状态|EEG微状态能够应用在脑功能网络的构建上|微状态重构时间序列构建的脑功能网络能够更准确反映人脑网络特性,36.0
CN108577835B,A61B5,身体诊断测量,中国,1,2018,微状态重构时间序列|构建EEG脑功能网络,精神分裂症病人和正常人的EEG功能脑网络构建|精神疾病工作记忆的EEG数据集分析|脑功能研究,EEG微状态是反映大脑活动的最基本状态|微状态重构后的时间序列减少冗余信息,0.0
CN107272905A,G06K9,图像识别,中国,1,2017,将按键分为行选择键和行内虚拟键两大模块|行内虚拟键选择交给手指EMG信号|通过EOG信号完成行选择,脑机接口|虚拟系统,与现行PC机的键盘输入方式吻合,6.0
CN110399817B,G06N3,神经网络,中国,1,2019,二进制自适应差分进化蝙蝠算法|共空间模式|小波包变换|支持向量机参数优化|改进蝙蝠算法,脑机接口信息处理|脑机接口控制,二进制差分算法的变异、交叉、选择机制|蝙蝠算法优化,0.0
EP3880071A1,A61B5,身体诊断测量,欧洲专利局,0,2019,分析脑电图信号|执行活动|提供可检测的指示|暴露于压力诱发扰动|确定激活水平|记录脑电图信号,韧性训练,深层边缘区域激活,0.0
CZ304005B6,G06F21,安全防护,其他,0,2009,分段|参数化和预处理EEG信号|复指数函数调制信号|抽取|控制策略|时间过滤|滤波和去噪|确定最小距离|选择语音消息|马氏距离计算,脑机接口,低通滤波|复指数函数调制|时间过滤|样本省略|用户变化检测|相位补偿|自相关分析|马氏距离,0.0
WO2019133609A1,G06F3,输入输出装置,世界知识产权组织,0,2018,向用户呈现与两个或更多选项相关的信息|生成与所选动作相关联的输出|脑电图信号分析|选择一个动作,脑电图帽,,0.0
US10671164B2,A61B5,身体诊断测量,美国,0,2017,从传感器接收脑电图信号|呈现与两个或更多选项相关的信息|生成与所选动作相关的输出|脑电图信号分析|选择一个动作,计算机控制的脑电图接口,,2.0
WO2023151912A1,G06F3,输入输出装置,世界知识产权组织,0,2023,为连续的时间窗口提供来自信号块的输入数据记录|使用具有循环层和神经元层的神经网络|在基于数据的眼动模型中评估输入数据记录|通过接触电极随时间记录EEG信号,可穿戴设备|控制应用系统功能,基于数据的眼动模型|循环层（LSTM层或GRU层或变换器层）|神经元层,0.0
CN110399817A,G06K9,图像识别,中国,1,2019,二进制自适应差分进化蝙蝠算法|共空间模式|小波包变换|支持向量机参数优化|改进蝙蝠算法,脑机接口信息处理|脑机接口控制,二进制差分算法的变异、交叉、选择机制|智能搜索最佳EEG信号通道和参数,1.0
US2018014130A1,A61B5,身体诊断测量,美国,0,2017,最小化代价函数|构建分类器模型|选择性算法,听力辅助系统,测量各个声源与EEG信号之间相关性,0.0
US2019167974A1,A61N1,电疗器械,美国,0,2019,选择性地连接多个微电极|选择性地连接多个电极单元,,形成电阵列,0.0
EP4203793A1,G06N3,神经网络,欧洲专利局,0,2021,分割脑电图数据|划分第一时间窗口|划分第二时间窗口|处理时间窗口|接收脑电图数据,,刺激同步|变化开始,0.0
US2017105645A1,A61B5,身体诊断测量,美国,0,2016,从EEG信号中移除TMS伪影分量|拟合初始递减有理时间函数|线性组合拟合,神经刺激疗法|脑电图,TMS伪影分量拟合|递减有理时间函数,0.0
IN202641038960A,A61B5,身体诊断测量,印度,0,2026,SVM|决策树算法|基于自适应阈值的眨眼检测算法|基于超声波传感器的避碰算法|带通滤波|眨眼持续时间映射算法|移动平均平滑,免提人机交互|轮椅导航|辅助机器人控制,监督机器学习分类|眨眼持续时间映射|眼部伪迹与有意眨眼相关|自适应阈值检测|超声波避碰,0.0
KR20200107303A,A61B5,身体诊断测量,韩国,0,2019,控制截止频率|放大并输出脑电图信号|计算松弛指数|通过低频带将其作为数字信号输出|通过高频带,脑电图测量,反馈算法,0.0
US2023371872A1,A61B5,身体诊断测量,美国,0,2021,分割脑电图数据|划分第一时间窗|划分第二时间窗|处理时间窗|接收脑电图数据,,大脑注意力状态的可能性,0.0
CZ2009411A3,G06F3,输入输出装置,其他,0,2009,EEG信号参数化和预处理|分段|复指数函数调制信号|抽取块（低通滤波后采样丢弃）|控制策略|时间滤波|最小化成本函数|滤波和去噪|选择语音消息|马氏距离计算,脑机接口,心理活动模式识别|用户心理活动知识库匹配|自相关分析|马氏距离,2.0
US2021259615A1,A61B5,身体诊断测量,美国,0,2021,传递可检测的指示|分析脑电图信号|执行活动|暴露于压力诱发扰动|确定激活水平|记录脑电图信号,韧性训练,深层边缘区域激活,0.0
KR20200036209A,A61B5,身体诊断测量,韩国,0,2018,交叉生成数据|提取独立分量|组合重复生成数据集|选择独立分量|随机选择生成变异数据,深度学习脑电图数据增强,数据交叉|数据变异|滤波,3.0
US2025224805A1,G06N3,神经网络,美国,0,2025,根据动作意图预测结果确定目标动作意图|测量脑电图信号|确定多个时间节点|预测动作意图,,,0.0
US2014330157A1,A61B5,身体诊断测量,美国,0,2013,创建数字域表示|创建时域失真信号|固定电极|引入信号到输入引线对|微分信号|放大EEG信号|数字化EEG信号|获取EEG信号|选择通道,,电刺激启动或终止epileptiform活性|绕过正常感知系统,0.0
US11043210B2,G10L25,语音处理,美国,0,2019,基于相关值分类|计算相关值|计算脑电图倒谱|计算语音倒谱|选择预定数量的系数,听力设备,声音倒谱与脑电图倒谱系数的相关性,2.0
US2019196585A1,A61B5,身体诊断测量,美国,0,2017,呈现与两个或更多选项相关的信息|生成输出|脑电图信号分析|选择动作,计算机控制的脑电图接口,,0.0
EP4567640A1,G06F18,模式识别,欧洲专利局,0,2023,测量脑电图信号|确定时间节点|确定目标动作意图|预测动作意图,记录脑电图信号,,0.0
DE102022201319A1,G06F3,输入输出装置,德国,0,2022,基于数据的眼睛运动模型评估|提供输入数据集|检测EEG信号时间过程|神经网络,可穿戴设备|控制应用系统功能,GRU层|LSTM层|Transformer层|循环层|神经元层,0.0
KR20200025478A,G06F3,输入输出装置,韩国,0,2018,快速傅里叶变换|施密特触发器阈值划分|累积总和计算|频谱部分求和,目标对象控制,累积频谱超过阈值触发控制|脑波频率频谱分析|阈值比较,0.0
US2020005770A1,G10L15,语音识别,美国,0,2019,声音处理|系数选择|计算相关值|计算脑电图倒谱|计算语音倒谱,听力设备,声音倒谱与脑电图倒谱系数的相关性,0.0
US9521959B2,A61B5,身体诊断测量,美国,0,2013,创建数字域表示|创建时域失真信号|固定电极|引入信号到输入引线对|微分信号|放大脑电图信号|数字化脑电图信号|测量脑电图信号,,电刺激启动或终止epileptiform活性|绕过正常感知系统,0.0
CN107272905B,G06K9,图像识别,中国,1,2017,将按键分为行选择键和行内虚拟键两大模块|行内虚拟键选择交给手指EMG信号|通过EOG信号完成行选择,脑机接口|虚拟系统,与现行PC机的键盘输入方式吻合,0.0
KR102136799B1,B64C39,飞行器结构,韩国,0,2018,快速傅里叶变换运算|累积总和计算|阈值比较|频谱部分求和,目标对象控制,施密特触发器阈值划分|脑波频率频谱分析,0.0
US10682069B2,G16H40,医疗设备信息,美国,0,2018,传送控制数据信号|存储用户偏好数据|检测EEG信号|确定控制指令|获取场所ID,场所可控设备控制|脑电图控制系统,用户偏好学习,0.0
US7580742B2,A61B5,身体诊断测量,美国,0,2006,修剪特征集|划分为重叠的时间窗口|收集标记的脑电图数据|构建分类器模型|移除时间维度|组合基础特征|获得特征向量空间|针对特定机器学习技术进一步修剪特征集,任务分类|活动识别,通过特征生成和特征集修剪优化分类器模型,92.0
WO2009139119A1,G06F3,输入输出装置,世界知识产权组织,0,2009,分类判断|识别方法调节,目标选择识别|脑电图接口系统,使用特征量和参考数据判断脑电图信号属于哪个典型化分类|脑状态分类,15.0
US10362414B2,H04R25,助听器,美国,0,2017,最小化成本函数|确定稀疏模型|选择性算法,听力辅助系统,测量各个声源与EEG信号之间相关性,9.0
IN202141062067A,A61B5,身体诊断测量,印度,0,2021,RAM乘法|k均值分类器|信号预处理|小波域变换|累加和锁定|组归一化,情商处理|智能BCI系统|脑机接口,2D特征投影空间|功能性实时MRJ的建模和控制|独立成分的时间序列识别,0.0
CA3192636A1,A61B5,身体诊断测量,加拿大,0,2021,分割脑电图数据|划分第一时间窗口|划分第二时间窗口|处理时间窗口|接收脑电图数据,,刺激同步|可变开始,0.0
WO2020100144A1,G06F3,输入输出装置,世界知识产权组织,0,2019,传递可检测的指示|分析脑电图信号|执行选择性影响深层边缘区域激活的活动|暴露于压力诱发扰动|记录脑电图信号,韧性训练,压力诱发扰动影响深层边缘区域激活|深层边缘区域激活水平与脑电图特征相关,3.0
US2020225749A1,A61B5,身体诊断测量,美国,0,2020,向用户呈现与两个或更多选项相关联的信息|脑电图信号分析,计算机控制的脑电图接口,,0.0
US2007185697A1,G06G7,模拟计算机,美国,0,2006,修剪特征集|划分为重叠的时间窗口|收集标记的EEG数据|构建分类器模型|移除时间维度|组合基础特征|获得特征向量空间|针对特定机器学习技术进一步修剪特征集,任务分类|活动识别,机器学习|特征工程|脑状态分类,0.0
CN115590532A,A61B5,身体诊断测量,中国,1,2022,FBRCSP|STWFBRCSP|十折交叉验证|多频段滤波|实验范式设计|支持向量机SVM投票|改进的RCSP算法|时间和频段分割|特征选择|预处理,脑电信号识别,互信息选择最优特征|多频段滤波|投票决策|时间窗划分|语言想象和运动想象时序编码,7.0
CZ20090411A3,A61B5,身体诊断测量,其他,0,2009,参数化和脑电信号预处理|控制策略|数据清理|最小化成本函数|检测用户改变|模式识别|自相关性分析|马氏距离计算,脑机接口,低通滤波与漏样|复合物指数函数调制信号|相位补偿|马氏距离比较,0.0
CN107252317A,A61B5,身体诊断测量,中国,1,2017,fMRI辅助的EEG通道选择方法|伪迹自动去除|情绪模式的学习和分类|特征提取与选择|特征选择|脑电信号采集|预处理,情绪识别,基于脑电信号的情绪识别,5.0
CA3133970A1,G16H50,医学决策支持,加拿大,0,2020,分离EEG数据成历元|时频域自动过滤|自动平均历元|自动测量幅度和等待时间|自动识别峰值,自动诱发电位测量,平均叠加|时频域滤波,2.0
CN117503157A,A61B5,身体诊断测量,中国,1,2023,CNGRU网络层|SGCRNN模型|全连接层|切比雪夫网络(ChebNet)|堆叠的CNGRU层|最大池化层|邻接矩阵构建|门控循环单元(GRU),脑电信号识别,余弦相似性|时空依赖性捕捉|谱图卷积|递归神经网络|通道特征相关性,6.0
US20220167908A1,A61B5,身体诊断测量,美国,0,2020,在时频域中自动过滤平均历元|将EEG数据分离成历元|测量幅度和等待时间|自动平均历元|自动识别峰值,自动诱发电位测量,时频域滤波|诱发电位或事件相关电位的波形特征,10.0
US10743809B1,A61B5,身体诊断测量,美国,0,2019,分段|占用二进制分类|应用机器学习算法|接收多个脑电信号|控制策略|提取多个特征|生成通知,癫痫发作预测和检测,控制策略|机器学习模型|阈值判断,78.0
US20070239059A1,A61B5,身体诊断测量,美国,0,2007,传感器与患者头部接触|传感器帽选择性可调节定位|导电凝胶源连通并施加凝胶|接收至少一个神经测量系统|选择性定位细长支撑件,神经生理学测试,传感器与患者头部接触以采集信号|导电凝胶用于提高信号传导,39.0
US20210085235A1,A61B5,身体诊断测量,美国,0,2020,分段|占用二进制分类|应用机器学习算法|接收多个脑电信号|控制策略|提取多个特征|生成通知,癫痫发作预测和检测,控制策略|机器学习模型,10.0
US5269302A,A61N1,电疗器械,美国,0,1992,与先前获得的阈值比较|将检测到的电压转换为数字数据|通过显示器或听觉信号通知操作者,电惊厥治疗(ECT),如果所选择的参数已经超过预定阈值参考值和时间段，则通知操作者,169.0
WO2023100053A1,A61B5,身体诊断测量,世界知识产权组织,0,2022,以脉冲形式释放香味作为刺激物|使用250Hz频率导出EEG|对与刺激同步的导出的EEG片段求和|正波动和负波动相加|随机发生的自发EEG活动被平均掉,医学|媒体信息学|建筑|社会学|经济学|艺术|认知研究|设计,刺激持续时间等于200msec|刺激斜率的急剧上升|刺激被重复引入至少8至10次|在20毫秒内至少达到66%的刺激浓度|香料触发特定的嗅觉或三叉神经刺激,0.0
CN119669857A,G06F18,模式识别,中国,1,2024,Transformer模块提取全局依赖关系|时间卷积|时间窗划分|组频谱滤波,运动想象分类技术领域,全局依赖关系建模|多尺度时间信息融合|特征工程,1.0
EP3267698A1,H04R25,助听器,欧洲专利局,0,2017,最小化成本函数|构建分类器模型|选择性算法,听力辅助系统,成本函数,12.0
RU2682492C1,A61B5,身体诊断测量,俄罗斯,0,2018,分类|时频分析|经验模式分解|自适应滤波|连续小波变换,实时模式|数据数字处理和分析领域,alpha节律|delta节律|基莫尔莱尔小波|小波频谱能量平均值|经验模态振幅,5.0
CN109241879B,G06K9,图像识别,中国,1,2018,复合多尺度模糊熵|特征向量构建|特征融合|粗粒化,运动想象脑电信号的特征提取,熵值差异和变化情况|自相关分析,0.0
CN109938725A,A61B5,身体诊断测量,中国,1,2017,自动测量幅度和等待时间|计算滤波信号|通过滤波信号进行处理,脑电信号处理,滤波|离均差计算,3.0
CN111132600A,A61B5,身体诊断测量,中国,1,2018,传播图案建立|在三维中对序列EEG信号进行建模|定义针对数值解的约束|电极位置关联|量化序列EEG信号的量,,皮质脑区域和皮质下脑区域|磁共振成像(MRI)导出的三维脑模型,6.0
CN113476059A,A61B5,身体诊断测量,中国,1,2021,使用时间窗口截取数据段|提取下边界|移动时间窗口|统计超过阈值的数据个数|选取左右脑对称电极位置的振幅整合脑电图数据,临床脑功能评估|脑电图分析,基于振幅整合脑电图图形对称性判断左右脑对称性,0.0
CN114781441A,G06K9,图像识别,中国,1,2022,分类器映射|时间卷积|空间卷积,EEG运动想象领域,特征提取|空间特征保留,7.0
RU2717213C1,G06F3,输入输出装置,俄罗斯,0,2019,分解EEG信号为频谱分量|模数转换|生成控制命令|记录脑电活动|设置频率范围|频谱功率比较|频谱功率计算,医疗设备|设备控制|远程设备监测,α节律和β节律分离|采样率大于等于频带上边界频率乘以二|频谱功率计算,3.0
US20110015503A1,A61B5,身体诊断测量,美国,0,2010,压敏电极放置|放大和滤波|电极阻抗测量|自动伪像能力|自动连通性确定|自动阻抗检查,采集病人脑电图数据,半刚性框架支撑电极|无线传输|电压传输|系绳线传输,179.0
US3760796A,A61B5,身体诊断测量,美国,0,1971,累积幅度比较|线性斜坡信号产生|评估EEG波形的波,脑波信号分析,零交越表示频率|频谱功率计算,19.0
US4873981A,A61N1,电疗器械,美国,0,1988,与阈值参考值比较|检测积分电压|经过时间显示|转换为数字数据,电惊厥治疗(ECT),电诱导的治疗性癫痫发作|积分电压参数超过预定阈值,77.0
CN107864440A,H04R25,助听器,中国,1,2017,分析电输入声音信号及多个EEG信号|基于针对多个声源获得的成本函数确定声源选择信号|确定从每一声源到每一EEG通道的动态有限脉冲响应(FIR)滤波器,助听系统,动态有限脉冲响应(FIR)滤波器|成本函数,29.0
CN109241879A,G06K9,图像识别,中国,1,2018,复合多尺度模糊熵|权重因子|特征向量构建|粗粒化序列,运动想象脑电信号的特征提取,多尺度分析|熵值差异|自相关分析,5.0
CN110151203A,A61B5,身体诊断测量,中国,1,2019,k均值分类器|创建包含空间信息和时间信息的3D数据架构|完全连接层接收RNN层的最后一个时间步的输出|将一维EEG序列转换为二维EEG网格|将提取的空间特征后的序列馈送到RNN中以提取时间特征|提取每个数据网格的空间特征|馈送到softmax层进行处理,疲劳驾驶识别,脑-计算机接口(BCI)使用户能够直接与外界通信或仅使用大脑意图来控制仪器,13.0
CN110151203B,A61B5,身体诊断测量,中国,1,2019,k均值分类器|创建包含空间信息和时间信息的3D数据架构|完全连接层接收RNN层的最后一个时间步的输出|将一维EEG序列转换为二维EEG网格|提取每个数据网格的空间特征|馈送到RNN中以提取时间特征|馈送到softmax层进行处理,疲劳驾驶识别,特征提取|脑-计算机接口(BCI)使用户能够直接与外界通信或仅使用大脑意图来控制仪器,0.0
