pub,主题码,主题名,标题_中文,country,year
CA2909017A1,C0,脑电情绪识别分析,响应于视觉刺激脑电信号分类,加拿大,2014
CA2909017C,C0,脑电情绪识别分析,对视觉刺激的EEG信号进行分类,加拿大,2014
CN102389306A,C0,脑电情绪识别分析,脑电图伪差自动识别方法和采用该方法的自动识别脑电图仪,中国,2011
CN106691378A,C0,脑电情绪识别分析,一种基于脑电图数据的深度学习视觉分类方法,中国,2016
CN108309285A,C0,脑电情绪识别分析,生理共振刺激方法与系统以及电刺激方法与装置,中国,2017
CN108334766A,C0,脑电情绪识别分析,电子装置、解锁方法及相关产品,中国,2018
CN108334766B,C0,脑电情绪识别分析,电子装置、解锁方法及相关产品,中国,2018
CN109726751B,C0,脑电情绪识别分析,-,中国,2018
CN109938725A,C0,脑电情绪识别分析,脑电信号处理方法和系统,中国,2017
CN110251124A,C0,脑电情绪识别分析,一种有效性脑网络的确定方法及系统,中国,2019
CN110495880A,C0,脑电情绪识别分析,基于经颅电刺激脑肌耦合的运动障碍皮层可塑性管理方法,中国,2019
CN111466931A,C0,脑电情绪识别分析,基于EEG和食物图片数据集的情感识别方法,中国,2020
CN111616721A,C0,脑电情绪识别分析,-,中国,2020
CN111616721B,C0,脑电情绪识别分析,基于深度学习和脑机接口的情绪识别系统及应用,中国,2020
CN113057657A,C0,脑电情绪识别分析,基于多尺度连通性特征和元迁移学习的脑电情绪分类方法,中国,2021
CN113057657B,C0,脑电情绪识别分析,基于多尺度连通性特征和元迁移学习的脑电情绪分类方法,中国,2021
CN113095428B,C0,脑电情绪识别分析,一种融合脑电和刺激源信息的视频情感分类方法及系统,中国,2021
CN113180663A,C0,脑电情绪识别分析,一种基于卷积神经网络的情绪识别方法、系统,中国,2021
CN113397559B,C0,脑电情绪识别分析,立体定向脑电图分析方法、装置、计算机设备及存储介质,中国,2021
CN113476059A,C0,脑电情绪识别分析,一种基于振幅整合脑电图判断左右脑对称性的方法,中国,2021
CN114048780A,C0,脑电情绪识别分析,基于联邦学习的脑电信号分类模型训练方法及装置,中国,2021
CN114048780B,C0,脑电情绪识别分析,基于联邦学习的脑电信号分类模型训练方法及装置,中国,2021
CN114242202A,C0,脑电情绪识别分析,脑卒中手部康复训练方法、装置及系统,中国,2021
CN114242202B,C0,脑电情绪识别分析,脑卒中手部康复训练方法、装置及系统,中国,2021
CN114601476A,C0,脑电情绪识别分析,-,中国,2022
CN114756121A,C0,脑电情绪识别分析,-,中国,2022
CN114767130A,C0,脑电情绪识别分析,基于多尺度成像的多模态特征融合脑电情感识别方法,中国,2022
CN114841192A,C0,脑电情绪识别分析,一种基于强化学习联合去噪与时空关系建模的脑电信号特征增强方法,中国,2022
CN115349874A,C0,脑电情绪识别分析,基于多粒度信息的快速序列视觉呈现脑电图信号分类方法,中国,2022
CN115591113A,C0,脑电情绪识别分析,一种闭环电刺激系统,中国,2022
CN115758113A,C0,脑电情绪识别分析,面向快速序列视觉呈现脑-机接口的事件相关电位增强分类方法,中国,2022
CN115886841A,C0,脑电情绪识别分析,-,中国,2022
CN115886841B,C0,脑电情绪识别分析,-,中国,2022
CN116027890A,C0,脑电情绪识别分析,一种基于脑电信号的在线注意力检测系统及检测方法,中国,2022
CN116027890B,C0,脑电情绪识别分析,一种基于脑电信号的在线注意力检测系统及检测方法,中国,2022
CN116522280B,C0,脑电情绪识别分析,基于虚拟现实仿真采集的情绪分级识别方法及系统,中国,2023
CN116746929A,C0,脑电情绪识别分析,一种基于混合增强和时序对比学习的脑电情绪识别方法,中国,2023
CN116978542A,C0,脑电情绪识别分析,利用有向脑网络研究情绪效价影响认知脑机制的方法,中国,2023
CN117093877A,C0,脑电情绪识别分析,基于脑电信号的跨个体情绪识别方法、装置、设备及介质,中国,2023
CN117503157A,C0,脑电情绪识别分析,一种基于SGCRNN模型的脑电信号情绪识别方法,中国,2023
CN118436347A,C0,脑电情绪识别分析,基于自适应数据结构优化的脑电信号情绪识别系统,中国,2024
CN119454026A,C0,脑电情绪识别分析,一种多模态情绪分析方法及系统,中国,2024
CN120000238B,C0,脑电情绪识别分析,一种基于脑电信号的神经反应数据监测系统及方法,中国,2025
CN120324785A,C0,脑电情绪识别分析,基于迷走神经电刺激的脑卒中上肢动态康复方法与系统,中国,2025
CN120928949A,C0,脑电情绪识别分析,一种基于脑电信号的个性化数据收集方法、收集系统、存储介质及电子设备,中国,2025
CN120973228A,C0,脑电情绪识别分析,-,中国,2025
CN121996066A,C0,脑电情绪识别分析,-,中国,2026
EP2613222B1,C0,脑电情绪识别分析,基于脑波分析确定用户决策的装置和方法,欧洲专利局,2011
EP4351422A1,C0,脑电情绪识别分析,用于脑机接口的无线软头皮电子设备和虚拟现实系统,欧洲专利局,2022
EP4351422A4,C0,脑电情绪识别分析,用于脑机接口的无线软头皮电子设备和虚拟现实系统,欧洲专利局,2022
EP4650916A1,C0,脑电情绪识别分析,用于提供分析脑电图数据以用于提供脑机接口的神经网络的方法,欧洲专利局,2024
FR3048867A1,C0,脑电情绪识别分析,一种改进的神经内科反馈装置,法国,2016
IN2015MN02988A,C0,脑电情绪识别分析,对视觉刺激的EEG信号进行分类,印度,2015
IN202521116153A,C0,脑电情绪识别分析,利用脑电图和面部表情分析实现实时多模态情绪识别的系统和方法,印度,2025
IN202521132671A,C0,脑电情绪识别分析,基于脑电图（EEG）的多类别与多标签情绪识别系统及方法,印度,2025
IN202541071201A,C0,脑电情绪识别分析,基于无参考学习过程的脑电图信号测量中自适应伪迹消除方法,印度,2025
IN499659A1,C0,脑电情绪识别分析,响应于视觉刺激对EEG信号进行分类,印度,2015
KR101618275B1,C0,脑电情绪识别分析,方法和系统用于分析EEG响应视频媒体立面的刺激,韩国,2014
KR101648120B1,C0,脑电情绪识别分析,用于情绪调节训练的基于脑电图的神经反馈方法和装置,韩国,2014
KR1020240024856A,C0,脑电情绪识别分析,用于脑到设备接口的无线软头皮电子设备和虚拟现实系统,韩国,2022
KR102247100B1,C0,脑电情绪识别分析,基于多变量多尺度模糊熵分析的脑电记录情感识别方法,韩国,2019
KR102670028B1,C0,脑电情绪识别分析,确定大脑活动的方法以及执行所述方法的电子设备,韩国,2022
KR102817177B1,C0,脑电情绪识别分析,基于稳态视觉诱发磁场中同步指数的目标分类系统及方法,韩国,2024
KR20160047746A,C0,脑电情绪识别分析,用于分析EEG对视频刺激的响应的方法和系统，用于媒体立面,韩国,2014
KR20180113511A,C0,脑电情绪识别分析,用于神经学监测和辅助诊断的系统和方法,韩国,2016
KR20190130808A,C0,脑电情绪识别分析,利用脑电图和面部特征融合的情感分类设备和方法,韩国,2018
KR20200042372A,C0,脑电情绪识别分析,利用内感受相关脑电波确定情绪的方法与装置,韩国,2019
KR20200054069A,C0,脑电情绪识别分析,具有对抗学习的脑机接口方法和装置,韩国,2019
KR20220011573A,C0,脑电情绪识别分析,创建标准化脑电图图像以学习人工智能模型的方法、装置和计算机程序,韩国,2021
KR20230120957A,C0,脑电情绪识别分析,确定大脑活动的方法以及执行所述方法的电子设备,韩国,2022
KR20240024856A,C0,脑电情绪识别分析,用于脑机接口的无线柔性头皮电子器件及虚拟现实系统,韩国,2022
RU2467384C1,C0,脑电情绪识别分析,分析脑电图的方法,俄罗斯,2011
RU2759310C1,C0,脑电情绪识别分析,用于机器人设备的仿生控制方法和系统,俄罗斯,2020
US10456054B2,C0,脑电情绪识别分析,脑电图触发的资源分配查询系统,美国,2017
US11043210B2,C0,脑电情绪识别分析,利用脑电图信号的声音处理装置,美国,2019
US12193827B1,C0,脑电情绪识别分析,基于脑电图(EEG)分析对患有脑障碍的患者进行分类的方法和设备,美国,2023
US12236014B2,C0,脑电情绪识别分析,用于脑机接口的无线软头皮电子设备和虚拟现实系统,美国,2022
US20020183644A1,C0,脑电情绪识别分析,对人的警觉性进行量化的方法,美国,2002
US20050177058A1,C0,脑电情绪识别分析,分析一人或多人的脑电波模式以确定响应一组共同刺激的相似性，作出艺术表现和诊断的系统和方法,美国,2005
US20080226255A1,C0,脑电情绪识别分析,使多摄像机视频和音频记录与家庭、办公室或医院环境中的长期动态脑电图(EEG)同步的概念和相关设备,美国,2008
US2016113545A1,C0,脑电情绪识别分析,用于分析对媒体立面图像刺激的脑电图反应的系统和方法,美国,2015
US2017340262A1,C0,脑电情绪识别分析,脑疾病诊断辅助系统、脑疾病诊断辅助方法及程序,美国,2015
US2019175040A1,C0,脑电情绪识别分析,在植入式医疗设备中使用相位-幅度耦合测量的系统、设备和方法,美国,2017
US2020005770A1,C0,脑电情绪识别分析,声音处理设备,美国,2019
US20200228859A1,C0,脑电情绪识别分析,视频推荐系统及视频推荐方法,美国,2020
US2021259615A1,C0,脑电情绪识别分析,韧性训练,美国,2021
US20220079527A1,C0,脑电情绪识别分析,提供用于去噪神经信号的统一框架的系统和方法,美国,2020
US20220273210A1,C0,脑电情绪识别分析,确定偏好的方法和使用该方法确定偏好的装置,美国,2020
US2023248317A1,C0,脑电情绪识别分析,确定脑活动的方法及执行该方法的电子设备,美国,2022
US2024427418A1,C0,脑电情绪识别分析,用于脑机接口的无线柔性头皮电子设备和虚拟现实系统,美国,2022
US20250000426A1,C0,脑电情绪识别分析,基于脑电图(EEG)分析对患有脑障碍的患者进行分类的方法和设备,美国,2023
US2025224805A1,C0,脑电情绪识别分析,处理脑电图信号的方法和装置、计算机可读介质及计算机设备,美国,2025
US3760796A,C0,脑电情绪识别分析,一种脑波信号自动分析方法及装置,美国,1971
US5363858A,C0,脑电情绪识别分析,用于多面脑电图响应分析(MERA)的方法和装置,美国,1993
US6292688B1,C0,脑电情绪识别分析,分析对情绪诱导刺激的神经响应的方法和装置,美国,1996
US7299088B1,C0,脑电情绪识别分析,用于脑节律分析的装置和方法,美国,2003
US8244475B2,C0,脑电情绪识别分析,将人类神经反应与计算机模式分析相结合，用于对任务相关刺激的显著脑反应的单事件检测,美国,2007
US9326720B2,C0,脑电情绪识别分析,无线植入式脑电图系统,美国,2012
WO2017158273A1,C0,脑电情绪识别分析,一种改进的神经内科反馈装置,世界知识产权组织,2017
WO2020100144A1,C0,脑电情绪识别分析,韧性训练,世界知识产权组织,2019
WO2021086218A1,C0,脑电情绪识别分析,基于脑电图信号对物体进行分类的方法,世界知识产权组织,2019
WO2022251696A1,C0,脑电情绪识别分析,用于脑机接口的无线软头皮电子设备和虚拟现实系统,世界知识产权组织,2022
WO2023082406A1,C0,脑电情绪识别分析,基于联邦学习的脑电信号分类模型训练方法及装置,世界知识产权组织,2021
CN107544675A,C1,脑电特征提取分类,脑控式虚拟现实方法,中国,2017
CN109241879A,C1,脑电特征提取分类,基于加权复合多尺度模糊熵的运动想象脑电信号的特征提取方法,中国,2018
CN109241879B,C1,脑电特征提取分类,基于加权复合多尺度模糊熵的运动想象脑电信号的特征提取方法,中国,2018
CN109726751A,C1,脑电特征提取分类,-,中国,2018
CN110495881A,C1,脑电特征提取分类,一种运动方向的预测方法、装置、设备和存储介质,中国,2019
CN111528836A,C1,脑电特征提取分类,基于动态定向传递函数的脑功能网络特征提取方法,中国,2020
CN111528836B,C1,脑电特征提取分类,基于动态定向传递函数的脑功能网络特征提取方法,中国,2020
CN111832416A,C1,脑电特征提取分类,一种基于增强卷积神经网络的运动想象脑电信号识别方法,中国,2020
CN111832416B,C1,脑电特征提取分类,一种基于增强卷积神经网络的运动想象脑电信号识别方法,中国,2020
CN114169366A,C1,脑电特征提取分类,神经反馈训练系统和方法,中国,2021
CN115562491A,C1,脑电特征提取分类,-,中国,2022
CN115562491B,C1,脑电特征提取分类,基于差异动作的多阶段任务个性化运动想象的方法,中国,2022
CN116584954A,C1,脑电特征提取分类,脑电图的可视化方法、控制装置、存储介质及可视化系统,中国,2023
CN119669857A,C1,脑电特征提取分类,基于多视图特征的运动想象分类方法、装置、设备及存储介质,中国,2024
CN122066822A,C1,脑电特征提取分类,-,中国,2026
EP3535644A1,C1,脑电特征提取分类,流式传输虚拟现实视频,欧洲专利局,2017
IN202431034971A,C1,脑电特征提取分类,面向运动功能障碍人群的低成本、用户友好且高效的免手持/免触控脑控文本输入系统,印度,2024
KR100943396B1,C1,脑电特征提取分类,使用脑电图的运动想象训练装置及其方法,韩国,2009
KR1020140009635A,C1,脑电特征提取分类,使用PSOerd\/ERS特征提取,韩国,2012
KR1020190062285A,C1,脑电特征提取分类,使用公共空间模式基于局部信道区域分析来分类运动图像的设备和方法,韩国,2018
KR1020220051613A,C1,脑电特征提取分类,使用用于基于EEG的运动图像BCI的LP范数形成稳健公共空间模式的方法,韩国,2020
KR1020220153148A,C1,脑电特征提取分类,用于基于方差分析来分析神经信号的设备和方法,韩国,2021
KR102146973B1,C1,脑电特征提取分类,利用人工神经网络学习用户操作意图的装置和方法,韩国,2018
KR20190062285A,C1,脑电特征提取分类,基于共同空间模式的局部通道区域分析的运动想象分类装置和方法,韩国,2018
KR20190067635A,C1,脑电特征提取分类,利用通道间脑电图相关性和旋转矩阵的运动想象分类装置及其方法,韩国,2017
KR20220098533A,C1,脑电特征提取分类,基于言语想象的耳脑电图脑机接口数据采集方法及其系统,韩国,2021
KR20220165941A,C1,脑电特征提取分类,使用协方差去中心化的特征脸脑电图信号分类方法及使用该方法的脑电图信号分类装置,韩国,2021
US2015018705A1,C1,脑电特征提取分类,神经分析与治疗系统,美国,2014
US2016242699A1,C1,脑电特征提取分类,用于评估用户对应于刺激的认知负荷的系统和方法,美国,2014
US20170228512A1,C1,脑电特征提取分类,基于实时脑电图的触发反应,美国,2016
US2018116514A1,C1,脑电特征提取分类,带有入耳电极的耳塞,美国,2017
US2022015659A1,C1,脑电特征提取分类,使用神经网络处理脑电图数据的时频表示,美国,2020
US2025213171A1,C1,脑电特征提取分类,使用大脑特征确定对象属性及其应用,美国,2024
WO2018083211A1,C1,脑电特征提取分类,流式传输虚拟现实视频,世界知识产权组织,2017
WO2025237848A1,C1,脑电特征提取分类,用于提供分析脑电图数据以用于脑机接口的神经网络的方法,世界知识产权组织,2025
AU2020102578A4,C2,柔性电极采集装置,一种低接触阻抗的柔性干电极及其制备方法,澳大利亚,2020
CA2428116A1,C2,柔性电极采集装置,检测神经功能障碍,加拿大,2001
CN101006920A,C2,柔性电极采集装置,一种三维植入式微电极阵列的制作方法,中国,2007
CN101973508A,C2,柔性电极采集装置,基于柔性衬底MEMS技术的脑电图干电极阵列及其制备方法,中国,2010
CN102336386A,C2,柔性电极采集装置,一种三维实体针尖柔性微电极阵列及其制作方法,中国,2011
CN104799853A,C2,柔性电极采集装置,用于脑电信号记录的韧性爪式干电极及制备方法,中国,2015
CN107411735A,C2,柔性电极采集装置,一种生物电信号柔性干式电极及其制备方法,中国,2017
CN107595283A,C2,柔性电极采集装置,分离式脑电干电极,中国,2017
CN108744268A,C2,柔性电极采集装置,柔性透明碳纳米管神经电极阵列在神经光电界面中的应用,中国,2018
CN108968955A,C2,柔性电极采集装置,一种基于光学晶体的头盔式脑电帽,中国,2018
CN109893129A,C2,柔性电极采集装置,一种利用气囊调节深度的干电极及穿戴式脑电检测装置,中国,2019
CN109893129B,C2,柔性电极采集装置,一种利用气囊调节深度的干电极及穿戴式脑电检测装置,中国,2019
CN110368577A,C2,柔性电极采集装置,可编程柔性经颅电刺激与脑电采集一体系统,中国,2019
CN111938633A,C2,柔性电极采集装置,一种基于脑功能分区的柔性可拆分头皮脑电极的制备方法及其结构,中国,2020
CN111938633B,C2,柔性电极采集装置,一种基于脑功能分区的柔性可拆分头皮脑电极的制备方法及其结构,中国,2020
CN111939472A,C2,柔性电极采集装置,一种颅内刺激记录系统及其制备方法,中国,2020
CN113057639A,C2,柔性电极采集装置,柔性脑电极及其制备方法,中国,2021
CN113057639B,C2,柔性电极采集装置,柔性脑电极及其制备方法,中国,2021
CN113545784A,C2,柔性电极采集装置,干电极以及电阻测量装置,中国,2021
CN113974637A,C2,柔性电极采集装置,高度舒适的新型弹性脑电干电极、脑电设备及应用系统,中国,2021
CN113974637B,C2,柔性电极采集装置,高度舒适的新型弹性脑电干电极、脑电设备及应用系统,中国,2021
CN114010197A,C2,柔性电极采集装置,一种基于空间树状网络结构的干湿混合脑电电极,中国,2021
CN114176608A,C2,柔性电极采集装置,一种干电极脑电采集模组及脑电采集系统,中国,2021
CN114176608B,C2,柔性电极采集装置,一种干电极脑电采集模组及脑电采集系统,中国,2021
CN114469114A,C2,柔性电极采集装置,一种自动定位的脑电图电极安放系统及工作方法,中国,2022
CN114642436A,C2,柔性电极采集装置,一种柔性神经电极封装结构、制备方法及设备,中国,2022
CN115299961A,C2,柔性电极采集装置,脑电信号采集装置,中国,2022
CN116077829B,C2,柔性电极采集装置,植入装置和电刺激器以及电极电镀方法,中国,2023
CN116747429A,C2,柔性电极采集装置,-,中国,2023
CN116747429B,C2,柔性电极采集装置,一种用于听觉脑机接口的电极阵列,中国,2023
CN118177835A,C2,柔性电极采集装置,一种基于脑电信号的疲劳程度预测方法及系统,中国,2024
CN118592963B,C2,柔性电极采集装置,一种ECoG电极及其制备方法,中国,2024
CN118787367A,C2,柔性电极采集装置,一种头皮脑电图体表定位头盔,中国,2024
CN118787367B,C2,柔性电极采集装置,一种头皮脑电图体表定位头盔,中国,2024
CN119970047A,C2,柔性电极采集装置,-,中国,2025
CN120066269A,C2,柔性电极采集装置,-,中国,2025
CN120203592A,C2,柔性电极采集装置,-,中国,2025
CN120392104A,C2,柔性电极采集装置,脑电电极,中国,2025
CN120549502A,C2,柔性电极采集装置,-,中国,2025
CN120549502B,C2,柔性电极采集装置,一种颅内电极承载支架,中国,2025
CN120616550A,C2,柔性电极采集装置,-,中国,2025
CN120616550B,C2,柔性电极采集装置,-,中国,2025
CN122004879A,C2,柔性电极采集装置,-,中国,2026
CN122075001A,C2,柔性电极采集装置,-,中国,2026
CN222444132U,C2,柔性电极采集装置,一种用于植入式脑机接口的电极组件及装置,中国,2024
CN223169743U,C2,柔性电极采集装置,微电极阵列,中国,2021
CN85100554A,C2,柔性电极采集装置,一种新型脑电图测量电极,中国,1985
CZ20090411A3,C2,柔性电极采集装置,脑机接口与用户的自动识别,其他,2009
EP1534125A2,C2,柔性电极采集装置,脑机接口系统和方法,欧洲专利局,2003
EP4364791A3,C2,柔性电极采集装置,用于电刺激的电极组件和用于制造电极组件的方法,欧洲专利局,2019
EP4523731A1,C2,柔性电极采集装置,神经接口以及包含该神经接口的闭环解码与神经调控/神经刺激系统,欧洲专利局,2023
IT201900007407A1,C2,柔性电极采集装置,用于测量生物电信号的干电极及相关装置,其他,2019
JP2002529132A,C2,柔性电极采集装置,电极和电极装置适于功能作为一种磁共振成像装置和方法。,日本,1999
JP2002529132A5,C2,柔性电极采集装置,电极和电极装置适于功能作为一种磁共振成像装置和方法。,日本,1999
JP2010279452A,C2,柔性电极采集装置,生物电极，用于测量脑波,日本,2009
JP2011120866A,C2,柔性电极采集装置,脑波测量电极，帽与脑波测量电极和脑波测量装置。,日本,2010
JP2016501049A,C2,柔性电极采集装置,电极测量方法和实现该方法的装置,日本,2013
JP5277405B2,C2,柔性电极采集装置,测量电极，盖与测量电极与脑电图测量的装置,日本,2010
KR101748133B1,C2,柔性电极采集装置,反映头部曲率的反向曲线拱形干电极用于多通道脑电图,韩国,2015
KR102397139B1,C2,柔性电极采集装置,使用导电树脂的脑电测量头模块,韩国,2022
KR20170051699A,C2,柔性电极采集装置,使用干电极的脑电图检测装置,韩国,2015
KR20200009940A,C2,柔性电极采集装置,用于记录脑电图的基于膜的半干电极,韩国,2018
US10434302B2,C2,柔性电极采集装置,具有定位特征的定向电极装置,美国,2015
US10674930B2,C2,柔性电极采集装置,单单元无引线EEG传感器,美国,2016
US10688298B2,C2,柔性电极采集装置,植入式电极及其制造方法,美国,2017
US10987015B2,C2,柔性电极采集装置,用于脑电图检查的干电极,美国,2009
US11311229B2,C2,柔性电极采集装置,用于记录脑电图的膜基半干式电极,美国,2018
US11647936B2,C2,柔性电极采集装置,脑电图电极,美国,2016
US12023164B2,C2,柔性电极采集装置,具有传输能力的脑电图头盔,美国,2020
US12186087B2,C2,柔性电极采集装置,具有传输能力的脑电图头盔,美国,2024
US12193824B2,C2,柔性电极采集装置,用于从干脑电图电极获得信号的方法和系统,美国,2018
US12201841B2,C2,柔性电极采集装置,植入系统和方法,美国,2021
US12251557B2,C2,柔性电极采集装置,可植入电极装置和形成可植入电极装置的方法,美国,2021
US12491359B2,C2,柔性电极采集装置,电极组件的电极体和用于电刺激的电极组件以及用于制造电极组件的方法,美国,2023
US12611132B2,C2,柔性电极采集装置,以高空间和时间分辨率实时可视化大脑活动的系统和方法,美国,2024
US20060149160A1,C2,柔性电极采集装置,使用小电极组对脑活动进行EEG成像的系统和方法,美国,2005
US20070255127A1,C2,柔性电极采集装置,一种移动式脑电图数据采集诊断系统,美国,2007
US20080288037A1,C2,柔性电极采集装置,柔性电路电极阵列,美国,2007
US20090221896A1,C2,柔性电极采集装置,用于大脑和数据处理设备之间数据传输的探头,美国,2007
US20110015503A1,C2,柔性电极采集装置,一种采集病人脑电图数据的医疗装置,美国,2010
US20140288406A1,C2,柔性电极采集装置,线接触干电极,美国,2013
US20150148869A1,C2,柔性电极采集装置,电荷控制高密度电极阵列,美国,2013
US2015018657A1,C2,柔性电极采集装置,用于快速应用的生理电极组件,美国,2014
US20160022168A1,C2,柔性电极采集装置,改善神经训练和康复的脑状态依赖性治疗,美国,2015
US2017095176A1,C2,柔性电极采集装置,单单元无引线脑电图传感器,美国,2016
US2017123495A1,C2,柔性电极采集装置,脑机接口头戴设备,美国,2015
US20180133459A1,C2,柔性电极采集装置,脑神经刺激器电极配件,美国,2016
US2019000338A1,C2,柔性电极采集装置,用于从干式脑电图电极获取信号的方法和系统,美国,2018
US2019059814A1,C2,柔性电极采集装置,使用虚拟现实设备和头带的脑电图测量系统,美国,2018
US2021085207A1,C2,柔性电极采集装置,具有传输能力的脑电图头套,美国,2020
US20220211313A1,C2,柔性电极采集装置,干式脑电电极,美国,2021
US20230051708A1,C2,柔性电极采集装置,用于脑电信号配准的电极支持装置,美国,2022
US20230190175A1,C2,柔性电极采集装置,具有半干电极的轻便脑电图监测装置,美国,2021
US2025248636A1,C2,柔性电极采集装置,用于最佳脑机接口性能的皮层映射,美国,2025
US2025251794A1,C2,柔性电极采集装置,用于高密度和高通道数神经接口的插入器,美国,2025
US63549722P0,C2,柔性电极采集装置,用于最佳脑机接口性能的皮层映射,美国,2024
US6381481B1,C2,柔性电极采集装置,便携式脑电图电极定位器头带,美国,2000
US6445940B1,C2,柔性电极采集装置,陶瓷单板电容器EEG电极,美国,2000
US7006859B1,C2,柔性电极采集装置,具有用于检测和控制脑状态变化的三维多位点，多模态能力的单元化电极,美国,2003
US7551951B1,C2,柔性电极采集装置,具有检测和控制脑状态变化的三维多位点、多模态能力的单元化电极,美国,2006
US8180460B2,C2,柔性电极采集装置,柔性电路电极阵列,美国,2007
US9314184B2,C2,柔性电极采集装置,线接触干电极,美国,2015
US9345418B2,C2,柔性电极采集装置,具有传输能力的脑电图帽,美国,2008
US9409030B2,C2,柔性电极采集装置,神经刺激器系统,美国,2012
WO0101856A1,C2,柔性电极采集装置,快速-放置的脑电图(EEG)电极,世界知识产权组织,2000
WO2011136870A1,C2,柔性电极采集装置,刺激电极的选择,世界知识产权组织,2011
WO2016166740A1,C2,柔性电极采集装置,可伸缩的电极引脚中使用的脑电帽,世界知识产权组织,2016
WO2017200891A1,C2,柔性电极采集装置,头帽用于电刺激和/或记录脑电信号,世界知识产权组织,2017
WO2018230445A1,C2,柔性电极采集装置,生物电极,世界知识产权组织,2018
WO2020056925A1,C2,柔性电极采集装置,皮肤干电极,世界知识产权组织,2018
WO2022266953A1,C2,柔性电极采集装置,-,世界知识产权组织,2021
WO2023230133A3,C2,柔性电极采集装置,一种碳纤维基导电硅胶海绵电极与织物印刷电极连接导线的通用脑电帽,世界知识产权组织,2023
WO2025166163A1,C2,柔性电极采集装置,用于高密度和高通道数神经接口的插入件,世界知识产权组织,2025
WO2025170999A1,C2,柔性电极采集装置,用于优化脑机接口性能的皮层映射,世界知识产权组织,2025
WO2025253119A1,C2,柔性电极采集装置,用于神经接口电子设备的可定制架构,世界知识产权组织,2025
AT520461A1,C3,脑电状态检测评估,用于识别被摄对象的预定身体部分的装置和方法,其他,2017
AT520461B1,C3,脑电状态检测评估,用于学习被摄对象的预定的身体部分的装置,其他,2017
CN103325119A,C3,脑电状态检测评估,一种基于模态融合的默认态脑网络中心节点检测方法,中国,2013
CN108577835A,C3,脑电状态检测评估,一种基于微状态的脑功能网络构建方法,中国,2018
CN108577835B,C3,脑电状态检测评估,一种基于微状态的脑功能网络构建方法,中国,2018
CN111616702A,C3,脑电状态检测评估,一种基于认知负荷增强的测谎分析系统,中国,2020
CN112587155A,C3,脑电状态检测评估,一种基于自监督学习的脑电波图异常检测的方法及装置,中国,2020
CN113057652A,C3,脑电状态检测评估,基于脑电和深度学习的脑负荷检测方法,中国,2021
CN113436728A,C3,脑电状态检测评估,新生儿临床视频脑电图自动分析的方法及设备,中国,2021
CN115414044A,C3,脑电状态检测评估,一种基于脑电分析的人体精神状态管理系统、方法及设备,中国,2022
CN116153522A,C3,脑电状态检测评估,一种基于皮质-肌肉-皮质网络图的模型训练方法及装置,中国,2023
CN119791677A,C3,脑电状态检测评估,基于脑电的摩尔斯电码训练效果评估方法及系统,中国,2024
CN120000238A,C3,脑电状态检测评估,一种基于脑电信号的神经反应数据监测系统及方法,中国,2025
CN121587746A,C3,脑电状态检测评估,一种基于脑电特征的安全帽智能控制方法及系统,中国,2026
CN121587746B,C3,脑电状态检测评估,一种基于脑电特征的安全帽智能控制方法及系统,中国,2026
EP3047475A4,C3,脑电状态检测评估,系统和方法用于评估用户的认知负担相对应的刺激,欧洲专利局,2014
EP3047475B1,C3,脑电状态检测评估,用于评估对应于刺激的用户的认知负载的系统和方法,欧洲专利局,2014
EP3962348A4,C3,脑电状态检测评估,使用生理信号输入的心理适应度评估系统和方法,欧洲专利局,2020
EP3986268A4,C3,脑电状态检测评估,用于测量脑电信号的方法和系统,欧洲专利局,2020
EP4531685A4,C3,脑电状态检测评估,用于具有用于认知测试的定时同步接口的可佩戴设备的方法和装置,欧洲专利局,2023
GB2581455A,C3,脑电状态检测评估,神经反应检测器,英国,2018
GB2581455B,C3,脑电状态检测评估,神经反应检测器,英国,2018
IN202041026123A,C3,脑电状态检测评估,一种具有无线模型的嵌入式系统设备，用于使用小波和复杂小波特征自动检测和识别脑电信号，以及用于定期实时监测COVID-19大流行期间压力水平和精神障碍的神经网络分类器方法,印度,2020
IN202441102559A,C3,脑电状态检测评估,提升职场幸福感：基于单通道脑机接口的神经压力检测,印度,2024
JP2021502135A,C3,脑电状态检测评估,基于人神经元的响应检测，系统和计算机程序·,日本,2018
KR102184325B1,C3,脑电状态检测评估,用于测量集中指数的设备和方法,韩国,2018
KR20200063478A,C3,脑电状态检测评估,个性化认知状态估计装置及其方法,韩国,2018
KR20200107303A,C3,脑电状态检测评估,具有反馈算法的脑电图感测装置,韩国,2019
RU2252692C2,C3,脑电状态检测评估,方法和装置，用于学习功能性状态的脑和方法用于测量subelectrode电阻,俄罗斯,2003
US10959639B2,C3,脑电状态检测评估,脑电图监测装置及在其中呈现消息的方法,美国,2011
US11556809B2,C3,脑电状态检测评估,大脑活动预测,美国,2015
US11642068B2,C3,脑电状态检测评估,用于确定图像的客观视觉记忆的设备和方法,美国,2020
US11759146B2,C3,脑电状态检测评估,感觉诱发诊断用于认知脑功能的评估,美国,2018
US20040116798A1,C3,脑电状态检测评估,使用三维脑源定位研究中枢神经系统药物的方法和系统,美国,2002
US2007185697A1,C3,脑电状态检测评估,利用脑电图信号进行任务分类和活动识别,美国,2006
US20080097235A1,C3,脑电状态检测评估,基于大脑活动的主观意义评估工具,美国,2007
US20120165695A1,C3,脑电状态检测评估,用于在其中呈现消息EEG监视设备和方法,美国,2011
US20120172743A1,C3,脑电状态检测评估,将人类神经反应与计算机模式分析相结合，用于对任务相关刺激的显著脑反应的单事件检测,美国,2007
US20120245474A1,C3,脑电状态检测评估,基于大脑活动的主观意义评估工具,美国,2011
US2018192907A1,C3,脑电状态检测评估,客观确定图像视觉记忆的装置和方法,美国,2017
US2018192936A1,C3,脑电状态检测评估,用于监测和改善认知灵活性的系统和方法,美国,2016
US2020205711A1,C3,脑电状态检测评估,从神经电数据预测抑郁症,美国,2019
US2020205741A1,C3,脑电状态检测评估,从神经电数据预测焦虑,美国,2019
US2020237296A1,C3,脑电状态检测评估,用于评估认知脑功能的感觉诱发诊断,美国,2018
US2020345287A1,C3,脑电状态检测评估,使用生理信号输入的心理健康评估系统和方法,美国,2020
US5295491A,C3,脑电状态检测评估,一种无创性人体神经认知性能测试方法及系统,美国,1991
US5443076A,C3,脑电状态检测评估,用于提高视频电信系统生产率的装置,美国,1992
US7580742B2,C3,脑电状态检测评估,利用脑电图信号进行任务分类和活动识别,美国,2006
US7603168B2,C3,脑电状态检测评估,用于估计麻醉深度的方法和装置,美国,2008
US7689272B2,C3,脑电状态检测评估,一种脑功能的脑指纹图谱，测量，评估和分析方法,美国,2002
US7809434B2,C3,脑电状态检测评估,使用小电极组进行脑活动的EEG成像的系统和方法,美国,2005
US8521294B2,C3,脑电状态检测评估,用于动态可配置的深部脑刺激的系统和方法,美国,2009
US9744356B2,C3,脑电状态检测评估,诱发神经反应阈值的自动确定,美国,2015
WO02100241A2,C3,脑电状态检测评估,方法和装置用于脑图谱，测定，评估和分析的脑功能,世界知识产权组织,2002
WO2010149157A1,C3,脑电状态检测评估,脑电图监测设备和方法用于呈现在其中的消息,世界知识产权组织,2009
WO2016096743A1,C3,脑电状态检测评估,大脑活动预测,世界知识产权组织,2015
WO2019051515A1,C3,脑电状态检测评估,用于测试对象学习特定身体部位刻意控制的设备和方法,世界知识产权组织,2018
WO2020139972A1,C3,脑电状态检测评估,从神经电数据预测抑郁症,世界知识产权组织,2019
WO2024259443A1,C3,脑电状态检测评估,用于自动神经成像信号处理的系统和方法,世界知识产权组织,2024
WO2025189195A1,C3,脑电状态检测评估,基于人工智能的新生儿癫痫检测装置、系统及方法,世界知识产权组织,2025
WO2025213015A1,C3,脑电状态检测评估,预测患者对多种CNS疾病干预方式的反应,世界知识产权组织,2025
WO2026020581A1,C3,脑电状态检测评估,基于虚拟现实技术的风电场电力设备培训方法及装置,世界知识产权组织,2024
WO9518565A1,C3,脑电状态检测评估,非-侵入性neurocognitive测试方法和系统。,世界知识产权组织,1994
CA3038970A1,C4,神经刺激调控系统,微创系统和方法在包括血管内脑电图在内的神经血管信号管理以及癫痫检测和治疗的相关技术中的应用,加拿大,2017
CN102647942A,C4,神经刺激调控系统,在时域中的感觉诱发电位（sep）分类/检测,中国,2010
CN102647942B,C4,神经刺激调控系统,在时域中的感觉诱发电位(sep)分类/检测,中国,2010
CN102886102A,C4,神经刺激调控系统,镜像运动神经调制系统,中国,2012
CN103989482A,C4,神经刺激调控系统,用于幻听检测的声音刺激器及用于幻听检测的装置,中国,2014
CN107272905A,C4,神经刺激调控系统,一种基于eog和emg的交互方法,中国,2017
CN107272905B,C4,神经刺激调控系统,一种基于eog和emg的交互方法,中国,2017
CN107995874A,C4,神经刺激调控系统,一种用于神经刺激的系统和方法,中国,2016
CN108379736A,C4,神经刺激调控系统,能消除背景电压影响的脑神经刺激装置,中国,2015
CN109846478B,C4,神经刺激调控系统,一种评估经颅直流电刺激后大脑皮层兴奋性的方法,中国,2019
CN110572444A,C4,神经刺激调控系统,一种用于传递神经信号的系统及方法,中国,2019
CN110572444B,C4,神经刺激调控系统,一种用于传递神经信号的系统及方法,中国,2019
CN111200967A,C4,神经刺激调控系统,用于监测神经活动的系统和方法,中国,2018
CN113457008A,C4,神经刺激调控系统,用于对患者进行神经刺激的方法和装置,中国,2020
CN114306944A,C4,神经刺激调控系统,一种改善阿尔茨海默症认知障碍的便携式磁光刺激装置,中国,2022
CN115052657A,C4,神经刺激调控系统,闭环神经调节的方法、系统和设备,中国,2020
CN116077829A,C4,神经刺激调控系统,植入装置和电刺激器以及电极电镀方法,中国,2023
CN117398112A,C4,神经刺激调控系统,一种神经调控系统及方法,中国,2023
CN120447729A,C4,神经刺激调控系统,-,中国,2025
EP4424358A1,C4,神经刺激调控系统,帮助从中风或人类功能的其他限制中恢复的神经刺激器,欧洲专利局,2023
EP444150B1,C4,神经刺激调控系统,传感驱动控制器,欧洲专利局,1989
EP4463061A1,C4,神经刺激调控系统,用于幻肢的磁共振引导的虚拟现实运动模式选择,欧洲专利局,2022
GB2567506A,C4,神经刺激调控系统,一种训练用具,英国,2018
IN202411023369A,C4,神经刺激调控系统,用于治疗幻肢痛的脑机接口,印度,2024
IN202411028052A,C4,神经刺激调控系统,用于治疗幻肢痛的脑机接口,印度,2024
JP2013507174A,C4,神经刺激调控系统,在该时间域的意义上的分类诱导的电位(sep)\/检测,日本,2010
JP2013507174A5,C4,神经刺激调控系统,在该时间域的意义上的分类诱导的电位(sep)\/检测,日本,2010
JP2024512411A,C4,神经刺激调控系统,用于减缓脑萎缩的方法和系统,日本,2022
KR101464397B1,C4,神经刺激调控系统,分析营销和娱乐效果,韩国,2008
KR101610939B1,C4,神经刺激调控系统,通过脑刺激调节感觉的方法、装置和计算机可读记录介质,韩国,2015
KR1020130119620A,C4,神经刺激调控系统,装置，用于关闭-环脑电刺激用神经响应信号;,韩国,2012
KR20210000248A,C4,神经刺激调控系统,基于生物信号的感官刺激护理装置和方法,韩国,2019
TW201117771A,C4,神经刺激调控系统,时域中的感觉诱发电位（SEP）分类/检测,中国,2010
US10265525B2,C4,神经刺激调控系统,用于在神经运动障碍后递送适应性硬膜外和/或硬膜下电脊髓刺激以促进和恢复运动的系统,美国,2014
US10322295B2,C4,神经刺激调控系统,用于生成神经系统电磁治疗协议的系统和方法,美国,2016
US10413235B2,C4,神经刺激调控系统,用于通过响应性脑刺激治疗精神和情绪障碍的混合系统,美国,2015
US10413724B2,C4,神经刺激调控系统,神经刺激干预与神经生理活动的低等待时间自动闭环同步的方法,美国,2018
US10709378B2,C4,神经刺激调控系统,闭环神经活动触发康复设备和方法,美国,2016
US10758739B2,C4,神经刺激调控系统,通过组合经颅疗法重构大脑中的神经通路,美国,2018
US10933243B2,C4,神经刺激调控系统,用于通过电刺激治疗神经疾病的设备及用于处理所述设备收集的神经信号的方法,美国,2019
US11172864B2,C4,神经刺激调控系统,监测脑神经电位,美国,2014
US11324436B2,C4,神经刺激调控系统,基于对外部刺激的脑波响应的知识发现,美国,2021
US11672986B2,C4,神经刺激调控系统,用于闭环神经调节的方法、系统和装置,美国,2022
US11883671B2,C4,神经刺激调控系统,用于闭环神经调节的方法、系统和设备,美国,2021
US12168135B2,C4,神经刺激调控系统,用于闭环神经调节的方法、系统和装置,美国,2023
US12376780B2,C4,神经刺激调控系统,监测大脑神经电位,美国,2021
US12515048B2,C4,神经刺激调控系统,非持续电刺激治疗,美国,2018
US12569159B2,C4,神经刺激调控系统,用于幻肢的虚拟现实运动模式的磁共振引导选择,美国,2022
US12613624B2,C4,神经刺激调控系统,用于神经调节系统的规划和/或控制系统,美国,2020
US20030004429A1,C4,神经刺激调控系统,交互修改的交互事件相关电位(IMIERP),美国,2002
US20040181263A1,C4,神经刺激调控系统,用于治疗帕金森病和其它运动障碍的系统和方法,美国,2003
US20060058856A1,C4,神经刺激调控系统,精神疾病的反应性治疗,美国,2004
US20060129205A1,C4,神经刺激调控系统,用矩形和/或复数电脉冲刺激皮层以提供中风和其它神经障碍的治疗的方法和系统,美国,2006
US20100185113A1,C4,神经刺激调控系统,基于操作者对相关刺激和刺激在操作者视野中的位置的认知响应来协调系统响应,美国,2009
US20100222844A1,C4,神经刺激调控系统,神经刺激器及其调节方法,美国,2007
US20110092882A1,C4,神经刺激调控系统,用于患者交互神经刺激和/或化学物质递送的系统和方法,美国,2010
US2011040202A1,C4,神经刺激调控系统,时域中的感觉诱发电位(SEP)分类/检测,美国,2010
US20130046358A1,C4,神经刺激调控系统,减少神经刺激系统中伪影的系统和方法,美国,2012
US20140107728A1,C4,神经刺激调控系统,特异性脑深部刺激增强记忆,美国,2011
US2015045642A1,C4,神经刺激调控系统,脑活动的无线记录和刺激,美国,2014
US20170189639A1,C4,神经刺激调控系统,一种基于虚拟现实的正念治疗方法及装置,美国,2016
US2017020448A1,C4,神经刺激调控系统,闭环神经活动触发康复装置和方法,美国,2016
US2017105645A1,C4,神经刺激调控系统,应用经颅磁刺激的脑电图,美国,2016
US20180193647A1,C4,神经刺激调控系统,用于具有神经记录的电荷平衡神经刺激器的系统和方法,美国,2018
US2018093093A1,C4,神经刺激调控系统,用于在神经运动损伤后递送自适应硬膜外和/或硬膜下电脊髓刺激以促进和恢复运动的系统,美国,2017
US2018333587A1,C4,神经刺激调控系统,脑机接口(BMI),美国,2018
US20190217116A1,C4,神经刺激调控系统,加速theta-突发刺激的个性化临床应用的系统和方法,美国,2018
US2019269917A1,C4,神经刺激调控系统,用于在神经运动障碍后递送适应性硬膜外和/或硬膜下电脊髓刺激以促进和恢复运动的系统,美国,2019
US2019358465A1,C4,神经刺激调控系统,用于生成神经系统电磁治疗协议的系统和方法,美国,2019
US20210361950A1,C4,神经刺激调控系统,用于闭环神经调节的方法，系统和设备,美国,2021
US20220241596A1,C4,神经刺激调控系统,用于闭环神经调节的方法，系统和设备,美国,2022
US2022248996A1,C4,神经刺激调控系统,用于估计用户对刺激的响应的系统,美国,2020
US20230055962A1,C4,神经刺激调控系统,用于提供用于与外部神经调节一起施用的节律性感觉刺激的方法和系统,美国,2022
US20230302282A1,C4,神经刺激调控系统,用于闭环神经调节的方法、系统和装置,美国,2023
US20230381512A1,C4,神经刺激调控系统,用于向脑网络提供个性化靶向非侵入性刺激的系统和方法,美国,2023
US20240001067A1,C4,神经刺激调控系统,借助神经反馈监测的个性化注意力偏倚修改治疗方法及系统,美国,2021
US5178161A,C4,神经刺激调控系统,微电子接口,美国,1991
US5314495A,C4,神经刺激调控系统,微电子接口,美国,1992
US6099319A,C4,神经刺激调控系统,作为营销工具的神经成像,美国,1998
US62932906P0,C4,神经刺激调控系统,响应性血管内神经刺激,美国,2019
US63062633P0,C4,神经刺激调控系统,用于治疗癫痫的血管内神经调节,美国,2020
US6539263B1,C4,神经刺激调控系统,一种用于深部脑刺激的反馈机构,美国,2000
US6690974B2,C4,神经刺激调控系统,用于可植入装置的刺激信号发生器,美国,2001
US7282021B2,C4,神经刺激调控系统,磁场刺激技术,美国,2006
US7623928B2,C4,神经刺激调控系统,控制受试者对癫痫发作的易感性,美国,2007
US8303480B2,C4,神经刺激调控系统,磁场处理技术,美国,2011
US8326396B2,C4,神经刺激调控系统,用于检测EEG信号干电极和用于保持所述干电极的附接装置,美国,2010
US8386007B2,C4,神经刺激调控系统,薄膜微电极阵列及方法,美国,2008
US8392251B2,C4,神经刺激调控系统,刺激材料的位置知觉呈现,美国,2010
US8706241B2,C4,神经刺激调控系统,具有机器人辅助肢体运动的专利交互式神经刺激系统,美国,2010
US9878155B1,C4,神经刺激调控系统,用于神经刺激增强团队表现的方法,美国,2016
WO2008025048A2,C4,神经刺激调控系统,借助脑电图(EEG)或皮层电图(ECoG)控制设备的方法和装置,世界知识产权组织,2007
WO2008121651A1,C4,神经刺激调控系统,营销和娱乐的有效性分析,世界知识产权组织,2008
WO2012129574A2,C4,神经刺激调控系统,神经刺激器,世界知识产权组织,2012
WO2013117655A1,C4,神经刺激调控系统,用于校准的装置和方法的非-侵入性desynchronizing神经刺激,世界知识产权组织,2013
WO2018127087A1,C4,神经刺激调控系统,使用视频游戏进行神经反馈训练的系统和方法,世界知识产权组织,2018
WO2018213872A1,C4,神经刺激调控系统,一种用于监测神经活性“”的系统和方法,世界知识产权组织,2018
WO2021092462A1,C4,神经刺激调控系统,用于闭环神经调节的方法，系统和设备,世界知识产权组织,2020
WO2021118383A1,C4,神经刺激调控系统,中风后神经可塑性过程非侵入性刺激的方法,世界知识产权组织,2019
WO2022226606A1,C4,神经刺激调控系统,引发扩展抑郁症的重复波的可植入半侵入式Eti-Nd装置,世界知识产权组织,2021
WO2024175218A1,C4,神经刺激调控系统,基于发作间期癫痫活动的颅内神经元电刺激系统治疗癫痫发作,世界知识产权组织,2023
WO2024223898A1,C4,神经刺激调控系统,用于恢复运动功能和促进神经恢复的神经调节/神经刺激系统,世界知识产权组织,2024
WO2025215147A1,C4,神经刺激调控系统,通过模型开发实现改进的直接神经接口,世界知识产权组织,2025
CN107274223A,C5,眼动脑电视觉分析,融合脑电信号与注视跟踪特征的广告评估方法,中国,2017
CN107274223B,C5,眼动脑电视觉分析,融合脑电信号与注视跟踪特征的广告评估方法,中国,2017
CN108537574A,C5,眼动脑电视觉分析,一种三维广告展示系统和方法,中国,2018
CN108960937A,C5,眼动脑电视觉分析,AR智能眼镜的应用基于眼动追踪技术的广告推送方法,中国,2018
CN110178102A,C5,眼动脑电视觉分析,显示器内的估计,中国,2017
CN110414856A,C5,眼动脑电视觉分析,一种评估营销信息设计质量的方法及装置,中国,2019
CN110432900A,C5,眼动脑电视觉分析,-,中国,2019
CN110432900B,C5,眼动脑电视觉分析,-,中国,2019
CN111311070A,C5,眼动脑电视觉分析,联合脑电和眼动并结合用户相似度的产品设计方案决策方法,中国,2020
CN111311070B,C5,眼动脑电视觉分析,联合脑电和眼动并结合用户相似度的产品设计方案决策方法,中国,2020
CN112541668A,C5,眼动脑电视觉分析,产品体验自动评估方法和系统,中国,2020
CN112860073A,C5,眼动脑电视觉分析,人机交互的闭环性鼠标标识控制系统,中国,2021
CN115249379A,C5,眼动脑电视觉分析,基于事件相关电位与眼动追踪技术的平面广告评测方法,中国,2021
CN115358777A,C5,眼动脑电视觉分析,虚拟世界的广告投放处理方法及装置,中国,2022
CN115358777B,C5,眼动脑电视觉分析,虚拟世界的广告投放处理方法及装置,中国,2022
CN116430994A,C5,眼动脑电视觉分析,基于脑电数据的对象预测方法和系统,中国,2023
CN116439705A,C5,眼动脑电视觉分析,一种基于多模态信息的视觉注意力评估方法及评估系统,中国,2023
CN119509540A,C5,眼动脑电视觉分析,基于深度强化学习的人机融合智能增强导航方法及装置,中国,2024
CN119548094A,C5,眼动脑电视觉分析,-,中国,2024
CN119548094B,C5,眼动脑电视觉分析,-,中国,2024
CN122048449A,C5,眼动脑电视觉分析,-,中国,2025
DE102022201319A1,C5,眼动脑电视觉分析,用于执行眼睛追踪的方法和装置,德国,2022
EP3545388A1,C5,眼动脑电视觉分析,显示器内的估算,欧洲专利局,2017
EP3545388A4,C5,眼动脑电视觉分析,显示器内的估计,欧洲专利局,2017
EP3545388B1,C5,眼动脑电视觉分析,显示器内的估计,欧洲专利局,2017
GB2221759B,C5,眼动脑电视觉分析,方法和装置，用于生理评价的短膜和娱乐材料,英国,1989
KR101703923B1,C5,眼动脑电视觉分析,基于虚拟现实的个性化愈合胶囊装置,韩国,2015
KR101788969B1,C5,眼动脑电视觉分析,基于稳态视觉诱发电位的脑机接口技术的增强现实系统目标选择方法,韩国,2016
KR102165592B1,C5,眼动脑电视觉分析,用于治疗注意力缺陷多动障碍的虚拟现实内容系统和虚拟现实内容提供方法,韩国,2019
KR20150104781A,C5,眼动脑电视觉分析,基于脑电图和眼球追踪的混合类型接口装置及其控制方法,韩国,2014
KR20170014050A,C5,眼动脑电视觉分析,基于虚拟现实的个性化胶囊式治愈装置及其方法,韩国,2015
KR20260000942A,C5,眼动脑电视觉分析,提供数据的操作方法及其支持的电子设备,韩国,2024
US10877647B2,C5,眼动脑电视觉分析,显示器内的估计,美国,2017
US10925509B2,C5,眼动脑电视觉分析,从脑电图信号生成视觉身份和类别重建的系统和方法,美国,2019
US10966625B2,C5,眼动脑电视觉分析,在植入式医疗设备中使用相位-振幅耦合测量的系统、设备和方法,美国,2017
US20130073396A1,C5,眼动脑电视觉分析,使用神经响应数据的广告交换,美国,2012
US20130185142A1,C5,眼动脑电视觉分析,广告时段的内容选择与元标记,美国,2012
US20140164056A1,C5,眼动脑电视觉分析,用于设计和研究的生物敏感反应评价,美国,2013
US2016371721A1,C5,眼动脑电视觉分析,在广告期间监测观看者大脑活动的方法和系统,美国,2015
US2019196585A1,C5,眼动脑电视觉分析,用于计算机控制的脑电图接口,美国,2017
US2019357797A1,C5,眼动脑电视觉分析,从脑电图信号生成视觉身份和类别重建的系统和方法,美国,2019
US2019377477A1,C5,眼动脑电视觉分析,显示器内的估计,美国,2017
US2020225749A1,C5,眼动脑电视觉分析,用于计算机控制的脑电图接口,美国,2020
US5243517A,C5,眼动脑电视觉分析,短片和娱乐材料的生理评价方法和装置,美国,1988
US9489732B1,C5,眼动脑电视觉分析,插入视觉注意力分散器改善EEG RSVP目标刺激检测,美国,2014
WO2008077178A1,C5,眼动脑电视觉分析,一种用于评价方法的商业通信的有效性,世界知识产权组织,2006
WO2018174854A1,C5,眼动脑电视觉分析,显示器内的估计,世界知识产权组织,2017
WO2023151912A1,C5,眼动脑电视觉分析,用于执行眼动追踪的方法和设备,世界知识产权组织,2023
CN101248992A,C6,电极阵列植入制造,三维有源组装神经硅微电极阵列,中国,2007
CN101522256A,C6,电极阵列植入制造,分层电极阵列和电缆,中国,2007
CN102334989A,C6,电极阵列植入制造,刺入深度可控的异平面微针阵列脑电干电极,中国,2011
CN107007280A,C6,电极阵列植入制造,一种超微头皮电极阵列,中国,2017
CN109645991A,C6,电极阵列植入制造,一种智能颅内皮质电极及其精确采集皮质脑电的方法,中国,2019
CN112043267A,C6,电极阵列植入制造,一种接触面自适应脑电干电极,中国,2020
CN115363591A,C6,电极阵列植入制造,面向多类型神经信号采集的电极阵列结构及其制备方法,中国,2022
CN115363591B,C6,电极阵列植入制造,-,中国,2022
CN115607163A,C6,电极阵列植入制造,一种干电极式模块化多导联织物脑电头戴及其佩戴方法,中国,2022
CN117363481A,C6,电极阵列植入制造,一种用于实现单细胞电互连的微流控神经芯片、制备方法与检验方法,中国,2023
CN118452935A,C6,电极阵列植入制造,一种植入式柔性电极、装置以及套件,中国,2024
CN118948291A,C6,电极阵列植入制造,经颅采集刺激电极,中国,2024
CN118948291B,C6,电极阵列植入制造,经颅采集刺激电极,中国,2024
CN120420053A,C6,电极阵列植入制造,-,中国,2025
CN120420053B,C6,电极阵列植入制造,一种电极阵列气动式植入装置,中国,2025
CN120616552A,C6,电极阵列植入制造,-,中国,2025
CN121059174A,C6,电极阵列植入制造,柔性神经电极阵列化植入方法,中国,2025
CN121918688A,C6,电极阵列植入制造,-,中国,2024
CN222510401U,C6,电极阵列植入制造,一种用于植入式脑机接口的电极及装置,中国,2024
EP4011438A1,C6,电极阵列植入制造,可植入电极装置和形成可植入电极装置的方法,欧洲专利局,2020
KR102140137B1,C6,电极阵列植入制造,深部脑刺激透明电极阵列及使用其的神经信号检测方法,韩国,2018
KR20200022687A,C6,电极阵列植入制造,用于神经信号采集和刺激的慢性植入式神经探针阵列,韩国,2018
US10493297B2,C6,电极阵列植入制造,具有被动流体递送的神经调控转染系统,美国,2012
US12645297B2,C6,电极阵列植入制造,用于高密度和高通道计数神经接口的插入器,美国,2025
US20030176905A1,C6,电极阵列植入制造,一种用于长期神经元记录的小型化高密度多通道电极阵列,美国,2002
US20070239059A1,C6,电极阵列植入制造,一种神经生理学测试系统,美国,2007
US20080064946A1,C6,电极阵列植入制造,柔性电路电极阵列,美国,2007
US20080255582A1,C6,电极阵列植入制造,将电极阵列植入患者体内的方法和模板组件,美国,2007
US20090131995A1,C6,电极阵列植入制造,基于微器件的电极组件和相关联的神经刺激系统、器件和方法,美国,2008
US20100130844A1,C6,电极阵列植入制造,薄膜微电极阵列及方法,美国,2008
US2013090542A1,C6,电极阵列植入制造,可植入微组件电极,美国,2011
US20160144165A1,C6,电极阵列植入制造,用于医疗应用铅和系统,美国,2015
US20180085573A1,C6,电极阵列植入制造,用于脑刺激颅骨植入电极组件,美国,2016
US2018235704A1,C6,电极阵列植入制造,配置立体脑电图程序,美国,2018
US20210007602A1,C6,电极阵列植入制造,具有皮下无线中继和外部可穿戴通信与供电装置的脑植入物,美国,2020
US2021267523A1,C6,电极阵列植入制造,神经接口系统,美国,2019
US20220007985A1,C6,电极阵列植入制造,用于放置在床头以临时记录颅内EEG的单元化设备的系统和方法,美国,2020
US20220409049A1,C6,电极阵列植入制造,注射器注射式脑信号测量刺激结构及其注射器注射方法,美国,2021
US20230414157A1,C6,电极阵列植入制造,颅骨,美国,2021
US20240226565A9,C6,电极阵列植入制造,数百或千通道电极电生理阵列及制作方法,美国,2022
US20250288242A1,C6,电极阵列植入制造,微创式皮层脑电图脑机接口,美国,2025
US20250366767A1,C6,电极阵列植入制造,中枢神经系统表面柔性电极及其制备方法,美国,2022
US3841310A,C6,电极阵列植入制造,用于神经电记录电极插入装置,美国,1973
US62948712P0,C6,电极阵列植入制造,用于微创脑机接口的适形集成电路,美国,2019
US63564204P0,C6,电极阵列植入制造,微创硬膜下皮质电图脑机接口,美国,2024
US6993392B2,C6,电极阵列植入制造,一种用于长期神经元记录的小型化高密度多通道电极阵列,美国,2002
US7107097B2,C6,电极阵列植入制造,关节式神经电极组件,美国,2004
US7127301B1,C6,电极阵列植入制造,柔性视网膜电极阵列,美国,2003
US7308317B1,C6,电极阵列植入制造,微加工电极阵列,美国,2005
US7983756B2,C6,电极阵列植入制造,用于长期神经元记录的小型化高密度多通道电极阵列,美国,2005
US8332046B2,C6,电极阵列植入制造,神经接口系统,美国,2010
US8774937B2,C6,电极阵列植入制造,微制造表面神经刺激装置及其制造和使用方法,美国,2010
US8788064B2,C6,电极阵列植入制造,微型神经刺激器,美国,2009
US9314185B2,C6,电极阵列植入制造,线接触干电极,美国,2015
US9433787B2,C6,电极阵列植入制造,柔性基底电极阵列和替代神经组织,美国,2012
WO2007042999A2,C6,电极阵列植入制造,模块化的多道微电极阵列和制作相同的方法,世界知识产权组织,2006
WO2008011721A1,C6,电极阵列植入制造,层状电极阵列和电缆,世界知识产权组织,2007
WO2011067297A1,C6,电极阵列植入制造,显微制造的神经刺激装置和方法的制造和使用该相同,世界知识产权组织,2010
WO2020099921A3,C6,电极阵列植入制造,用于产生复合神经刺激的方法和系统,世界知识产权组织,2019
WO2020249634A1,C6,电极阵列植入制造,探针阵列,世界知识产权组织,2020
WO2022112908A1,C6,电极阵列植入制造,颅骨,世界知识产权组织,2021
ATE1756927T1,C7,视觉刺激脑电分析,可视脑机接口,其他,2020
CN101711388A,C7,视觉刺激脑电分析,营销和娱乐的效果分析,中国,2008
CN113116356A,C7,视觉刺激脑电分析,-,中国,2021
CN113435234A,C7,视觉刺激脑电分析,一种基于双模态视频EEG数据的驾驶员视觉显著性区域预测方法,中国,2021
CN114098767A,C7,视觉刺激脑电分析,一种显示器刷新率客观评估选择方法,中国,2021
CN114746830A,C7,视觉刺激脑电分析,-,中国,2020
CN114746830B,C7,视觉刺激脑电分析,-,中国,2020
CN117171662A,C7,视觉刺激脑电分析,基于脑电图信号的视觉注意力测量方法、装置和设备,中国,2023
CN119344734A,C7,视觉刺激脑电分析,一种基于双域深监督特征融合网络的脑电注意力水平监测方法,中国,2024
CN119360716A,C7,视觉刺激脑电分析,飞行训练调控方法及系统,中国,2024
CN119759205A,C7,视觉刺激脑电分析,跟踪视觉注意力的方法、计算设备和计算机可读存储介质,中国,2020
DE602016092178T2,C7,视觉刺激脑电分析,脑机接口图像分类,德国,2016
DE602020044142T2,C7,视觉刺激脑电分析,可视脑机接口,德国,2020
DE602020066949T2,C7,视觉刺激脑电分析,可视脑机接口,德国,2020
EP4464250A3,C7,视觉刺激脑电分析,脑-计算机接口,欧洲专利局,2021
EP4492343A2,C7,视觉刺激脑电分析,视觉脑机接口,欧洲专利局,2020
EP4492343A3,C7,视觉刺激脑电分析,视觉脑机接口,欧洲专利局,2020
IN554543B,C7,视觉刺激脑电分析,使用机器学习的青光眼预测,印度,2024
KR1020220093380A,C7,视觉刺激脑电分析,可视脑机接口,韩国,2020
KR1020250107978A,C7,视觉刺激脑电分析,可视脑机接口,韩国,2020
KR102585149B1,C7,视觉刺激脑电分析,基于认知特征的深度学习定制自动驾驶设备和方法,韩国,2020
KR102832583B1,C7,视觉刺激脑电分析,视觉脑机接口,韩国,2020
KR20200057214A,C7,视觉刺激脑电分析,用于使用视觉刺激识别脑电波的增强现实内容创作系统,韩国,2018
KR20220093380A,C7,视觉刺激脑电分析,视觉脑-计算机接口,韩国,2020
KR20250107978A,C7,视觉刺激脑电分析,视觉脑机接口,韩国,2020
US10303971B2,C7,视觉刺激脑电分析,基于脑机接口的图像分类方法,美国,2016
US10948990B2,C7,视觉刺激脑电分析,脑机接口的图像分类,美国,2019
US11467662B1,C7,视觉刺激脑电分析,使用眼动追踪和视觉诱发电位确定用户关注的对象,美国,2021
US12307013B2,C7,视觉刺激脑电分析,脑-计算机接口,美国,2024
US12386421B2,C7,视觉刺激脑电分析,视觉脑机接口,美国,2020
US12422927B2,C7,视觉刺激脑电分析,脑机接口,美国,2020
US20030225340A1,C7,视觉刺激脑电分析,对EEG神经反馈方案的重复视觉刺激,美国,2002
US20090024449A1,C7,视觉刺激脑电分析,利用中枢神经系统、自主神经系统和效应器系统测量习惯分析装置,美国,2008
US20110046473A1,C7,视觉刺激脑电分析,脑电触发fMRI信号采集,美国,2009
US20110279676A1,C7,视觉刺激脑电分析,驾驶注意量确定装置、方法和计算机程序,美国,2011
US20150026195A1,C7,视觉刺激脑电分析,排序装置、排序方法及程序,美国,2012
US2015216439A1,C7,视觉刺激脑电分析,用于识别和跟踪棒球投球轨迹神经关联的系统和方法,美国,2015
US20170351958A1,C7,视觉刺激脑电分析,大脑活动预测,美国,2015
US2017039591A1,C7,视觉刺激脑电分析,用于引入刺激材料的受控和自动注意力分析,美国,2016
US2018049636A1,C7,视觉刺激脑电分析,用于定制显示系统中控制器的动态显示系统和方法,美国,2017
US20200012346A1,C7,视觉刺激脑电分析,基于感官诱发反应的注意力评估系统和方法,美国,2018
US2020390358A1,C7,视觉刺激脑电分析,通过意识到启动效应来检测和调节用户心理状态的非侵入式系统和方法,美国,2020
US20220409094A1,C7,视觉刺激脑电分析,视觉脑机接口,美国,2020
US2022334641A1,C7,视觉刺激脑电分析,使用脑电波活动的免提车辆感测和应用以及监督驾驶系统,美国,2021
US2023359275A1,C7,视觉刺激脑电分析,脑机接口,美国,2020
US2024211033A1,C7,视觉刺激脑电分析,用于测量视觉诱发电位的可穿戴接口,美国,2019
US20250341894A1,C7,视觉刺激脑电分析,视觉脑机接口,美国,2025
US20260064204A1,C7,视觉刺激脑电分析,脑-计算机接口,美国,2025
US2026073809A1,C7,视觉刺激脑电分析,基于认知神经数据的飞行员评估,美国,2024
US8494905B2,C7,视觉刺激脑电分析,使用同步脑电图(EEG)和功能磁共振成像(fMRI)进行观众反应分析,美国,2008
US8730326B2,C7,视觉刺激脑电分析,驾驶注意量确定装置、方法和计算机程序,美国,2011
WO0132078A1,C7,视觉刺激脑电分析,该控制方法和系统和所述有义器官的测试方法和系统基于在电稳定状态引起的响应,世界知识产权组织,2000
WO2014170897A1,C7,视觉刺激脑电分析,响应中的EEG信号进行分类，以视觉刺激,世界知识产权组织,2014
WO2020023190A1,C7,视觉刺激脑电分析,用于测量和显示眼睛和大脑的生物电功能的装置和方法,世界知识产权组织,2019
WO2021099148A1,C7,视觉刺激脑电分析,视觉脑机接口,世界知识产权组织,2020
WO2021140247A1,C7,视觉刺激脑电分析,脑机接口,世界知识产权组织,2021
WO2023172791A1,C7,视觉刺激脑电分析,用于引导的EEG刺激的系统和方法,世界知识产权组织,2023
WO2023227376A1,C7,视觉刺激脑电分析,FMRI引导的昏迷治疗优化,世界知识产权组织,2023
ATE1746300T1,C8,神经刺激监测装置,脑机接口,其他,2021
CN114698389B,C8,神经刺激监测装置,-,中国,2020
CN114830069A,C8,神经刺激监测装置,脑计算机接口,中国,2020
CN114830069B,C8,神经刺激监测装置,脑计算机接口,中国,2020
CN114901351A,C8,神经刺激监测装置,脑刺激和感测,中国,2020
CN114981759A,C8,神经刺激监测装置,脑机接口,中国,2021
CN116530938A,C8,神经刺激监测装置,一种认知增强训练系统及方法,中国,2023
CN116530938B,C8,神经刺激监测装置,一种认知增强训练系统及方法,中国,2023
CN117440778A,C8,神经刺激监测装置,感官伽马刺激疗法在阿尔茨海默病患者中改善睡眠质量并维持功能能力,中国,2021
CN121795928B,C8,神经刺激监测装置,基于颅内脑电信号的反馈式神经康复设备,中国,2026
CN121957345A,C8,神经刺激监测装置,-,中国,2026
CN206507945U,C8,神经刺激监测装置,一种基于无线传输技术的脑电信号监测系统,中国,2016
DE102012002436A1,C8,神经刺激监测装置,装置和程序用于该测量的一个不invasivendesynchronisierenden神经刺激,德国,2012
DE602021022375T2,C8,神经刺激监测装置,脑机接口,德国,2021
EP1335668A1,C8,神经刺激监测装置,检测神经功能障碍,欧洲专利局,2001
EP1335668B1,C8,神经刺激监测装置,检测神经功能障碍,欧洲专利局,2001
EP3304255B1,C8,神经刺激监测装置,脑机接口的图像分类,欧洲专利局,2016
EP3629913B1,C8,神经刺激监测装置,用于监测神经活动的系统,欧洲专利局,2018
EP3629913C0,C8,神经刺激监测装置,用于监测神经活动的系统,欧洲专利局,2018
EP3731925A1,C8,神经刺激监测装置,颅骨内脑机接口系统及其制造、植入和使用的系统和方法,欧洲专利局,2018
EP4062262A1,C8,神经刺激监测装置,视觉脑机接口,欧洲专利局,2020
EP4078341A1,C8,神经刺激监测装置,脑机接口,欧洲专利局,2020
EP4569511A1,C8,神经刺激监测装置,从神经活动解码语音的系统和方法,欧洲专利局,2023
IN202541042586A,C8,神经刺激监测装置,基于动态图重着色的神经可塑性映射方法,印度,2025
IT202200023925A1,C8,神经刺激监测装置,用于分析用户对至少一个刺激的反应的方法,其他,2022
JP2009202020A,C8,神经刺激监测装置,方法和装置用于实现持久的患者的神经功能变化,日本,2009
JP5775066B2,C8,神经刺激监测装置,一种用于治疗神经细胞的方法和系统,日本,2010
KR1020200072099A,C8,神经刺激监测装置,包括与3D抬头显示器通信的可佩戴EEG耳机的EEG检测和神经刺激系统及其方法,韩国,2018
KR1020220109470A,C8,神经刺激监测装置,脑机接口,韩国,2020
KR1020220119161A,C8,神经刺激监测装置,脑机接口,韩国,2021
KR102238067B1,C8,神经刺激监测装置,包括与3D抬头显示器通信的可佩戴EEG耳机的EEG检测和神经刺激系统及其方法,韩国,2018
KR20220109470A,C8,神经刺激监测装置,脑-计算机接口,韩国,2020
KR20250090371A,C8,神经刺激监测装置,脑-计算机接口,韩国,2021
US10449357B2,C8,神经刺激监测装置,自动确定诱发神经反应的阈值,美国,2017
US10463860B2,C8,神经刺激监测装置,用于监测神经活动的系统和方法,美国,2018
US10596382B2,C8,神经刺激监测装置,用于增强与声音模式相关的学习的系统和方法,美国,2016
US10824933B2,C8,神经刺激监测装置,使用用户的神经响应分析无偏执行任务的方法和系统,美国,2017
US11167134B2,C8,神经刺激监测装置,用于生物电子植入物中的两相刺激的无线控制的集成电路设计,美国,2018
US11298070B2,C8,神经刺激监测装置,用于监测神经活动的系统和方法,美国,2018
US11529517B2,C8,神经刺激监测装置,电极运动检测,美国,2020
US11684781B2,C8,神经刺激监测装置,脑部植入式装置,美国,2021
US11944440B2,C8,神经刺激监测装置,用于估计神经募集的方法和装置,美国,2022
US11992684B2,C8,神经刺激监测装置,用于计划和/或提供神经调节的系统,美国,2018
US12093456B2,C8,神经刺激监测装置,脑机接口,美国,2020
US12144637B2,C8,神经刺激监测装置,脑刺激与感知,美国,2020
US12285613B2,C8,神经刺激监测装置,具有神经退行性疾病检测的神经刺激系统,美国,2023
US12409325B2,C8,神经刺激监测装置,用于计算机脑接口设备的闭环自动校准方法、计算机程序和计算机脑接口设备,美国,2022
US20020177882A1,C8,神经刺激监测装置,用于治疗神经疾病，特别是运动障碍的神经调节的最佳方法和装置,美国,2001
US20030028072A1,C8,神经刺激监测装置,用于治疗神经障碍的低频磁性神经刺激器,美国,2002
US20030114886A1,C8,神经刺激监测装置,神经系统的自适应电场调制,美国,2002
US20040019370A1,C8,神经刺激监测装置,在神经刺激阈值测试过程中降低诱导侧枝神经活性的可能性的系统和方法,美国,2003
US20050004621A1,C8,神经刺激监测装置,使用植入和外部部件用电脉冲调节迷走神经(第10脑神经)以提供神经和神经精神障碍的治疗的方法和系统,美国,2004
US20050075680A1,C8,神经刺激监测装置,用于颅内神经刺激和/或感测的方法和系统,美国,2004
US20050154426A1,C8,神经刺激监测装置,利用经颅磁刺激和脉冲电迷走神经刺激为神经精神和神经疾病提供治疗的方法和系统,美国,2005
US20050256539A1,C8,神经刺激监测装置,使用经颅磁刺激增强认知性能的方法和系统,美国,2005
US20060212090A1,C8,神经刺激监测装置,使用神经调节治疗认知障碍的方法,美国,2006
US20070027500A1,C8,神经刺激监测装置,用于治疗心境障碍的选择性神经刺激,美国,2005
US20070043392A1,C8,神经刺激监测装置,在神经刺激阈值测试过程中降低诱导侧枝神经活性的可能性的系统和方法,美国,2006
US20070100392A1,C8,神经刺激监测装置,用于治疗癫痫的选择性神经刺激,美国,2005
US20070112393A1,C8,神经刺激监测装置,增强或优化用于治疗帕金森病和/或其它运动障碍的症状的神经刺激疗法的系统和方法,美国,2006
US20070161919A1,C8,神经刺激监测装置,用于连续EEG监测的方法和系统,美国,2006
US20070167991A1,C8,神经刺激监测装置,用于确定神经调节治疗的受试者特异性参数的方法和系统,美国,2006
US20080004676A1,C8,神经刺激监测装置,可植入的神经刺激系统,美国,2007
US20080300655A1,C8,神经刺激监测装置,监测和趋势神经损伤和恢复的技术,美国,2007
US20090182391A1,C8,神经刺激监测装置,向患者施加神经刺激的装置和方法,美国,2008
US20090327068A1,C8,神经刺激监测装置,基于神经生理学和神经行为学的刺激靶向系统,美国,2008
US20100004705A1,C8,神经刺激监测装置,用于治疗耳鸣系统、方法和装置,美国,2009
US20100004717A1,C8,神经刺激监测装置,成对塑性的定时控制,美国,2009
US20100262205A1,C8,神经刺激监测装置,神经调节刺激设计,美国,2010
US20110021943A1,C8,神经刺激监测装置,神经接口,美国,2009
US20110046502A1,C8,神经刺激监测装置,分布式神经响应数据采集与分析,美国,2009
US20110093052A1,C8,神经刺激监测装置,神经接口系统,美国,2010
US20110130615A1,C8,神经刺激监测装置,脑靶标的多模态神经调节,美国,2010
US20120035684A1,C8,神经刺激监测装置,具有集成电极集成电路的多路复用多电极神经刺激装置,美国,2010
US20120036005A1,C8,神经刺激监测装置,刺激材料的位置知觉呈现,美国,2010
US20120296444A1,C8,神经刺激监测装置,用于运动信号记录和感觉信号刺激的皮层接口,美国,2012
US20130289683A1,C8,神经刺激监测装置,分布式植入系统,美国,2011
US20140164095A1,C8,神经刺激监测装置,神经反应数据同步,美国,2014
US2014194771A1,C8,神经刺激监测装置,用于估计神经募集的方法和装置,美国,2012
US20150005839A1,C8,神经刺激监测装置,脑神经刺激治疗癫痫性障碍,美国,2014
US20150088212A1,C8,神经刺激监测装置,神经调节刺激设计,美国,2014
US20150105837A1,C8,神经刺激监测装置,使用非侵入性脑刺激的脑治疗系统和方法,美国,2013
US20150157862A1,C8,神经刺激监测装置,用于脑刺激和记录皮层植入系统,美国,2014
US20180014772A1,C8,神经刺激监测装置,阿尔茨海默病与轻度认知障碍的早期诊断和治疗,美国,2015
US20180169412A1,C8,神经刺激监测装置,用于增强与声音模式有关学习的系统和方法,美国,2016
US2018070847A1,C8,神经刺激监测装置,改进的皮层兴奋性测量,美国,2016
US2018221620A1,C8,神经刺激监测装置,利用感觉通路的无创刺激调节脑电波活动,美国,2016
US2018345019A1,C8,神经刺激监测装置,用于运动信号记录和感觉信号刺激的皮层接口,美国,2018
US2019143120A1,C8,神经刺激监测装置,用于监测神经活动的系统和方法,美国,2018
US2019294915A1,C8,神经刺激监测装置,通过脑机接口进行图像分类,美国,2019
US2019381317A1,C8,神经刺激监测装置,用于监测神经活动的系统和方法,美国,2019
US2020138324A1,C8,神经刺激监测装置,用于监测神经活动的系统和方法,美国,2018
US20210031034A1,C8,神经刺激监测装置,使用靶向神经刺激治疗脑疾病的系统和方法,美国,2019
US20230166072A1,C8,神经刺激监测装置,感觉γ刺激疗法改善阿尔茨海默病患者睡眠质量并维持功能能力,美国,2023
US2024316310A1,C8,神经刺激监测装置,扩展现实环境中的神经感知反馈装置、系统和方法,美国,2024
US20250010078A1,C8,神经刺激监测装置,脑深部刺激治疗癫痫刺激设置的系统优化,美国,2024
US20250205489A1,C8,神经刺激监测装置,使用电刺激从脑外伤中恢复的装置和方法,美国,2023
US6343226B1,C8,神经刺激监测装置,用于神经组织刺激的多功能电极,美国,1999
US6591138B1,C8,神经刺激监测装置,用于治疗神经障碍的低频神经刺激器,美国,2000
US6819956B2,C8,神经刺激监测装置,用于治疗神经疾病，特别是运动障碍的神经调节的最佳方法和装置,美国,2001
US7236830B2,C8,神经刺激监测装置,增强或优化用于治疗帕金森病和/或其它运动障碍的症状的神经刺激疗法的系统和方法,美国,2002
US7422555B2,C8,神经刺激监测装置,用于治疗神经精神疾病和其它疾病的系统和方法,美国,2004
US7532935B2,C8,神经刺激监测装置,用于治疗心境障碍的选择性神经刺激,美国,2005
US7620456B2,C8,神经刺激监测装置,在神经刺激阈值测试过程中降低诱导侧枝神经活性的可能性的系统和方法,美国,2006
US7684866B2,C8,神经刺激监测装置,向患者施加神经刺激的装置和方法,美国,2004
US7734340B2,C8,神经刺激监测装置,神经调节刺激设计,美国,2005
US8073546B2,C8,神经刺激监测装置,用于实现患者神经功能的持久改变的方法和设备,美国,2010
US8386313B2,C8,神经刺激监测装置,使用受试者神经响应测量刺激放置系统,美国,2008
US8392253B2,C8,神经刺激监测装置,基于神经生理学和神经行为学的刺激靶向系统,美国,2008
US8457747B2,C8,神经刺激监测装置,具有由心动周期决定的信号持续时间的神经刺激,美国,2008
US8489185B2,C8,神经刺激监测装置,成对塑性的定时控制,美国,2009
US8533042B2,C8,神经刺激监测装置,神经反应刺激与刺激属性共振估计器,美国,2008
US8538537B2,C8,神经刺激监测装置,用于提供靶向神经刺激治疗以解决神经病症，包括神经精神疾病和神经精神疾病的系统和方法,美国,2008
US8862236B2,C8,神经刺激监测装置,通过修改特定神经系统通路来恢复和/或改善神经系统功能的方法和设备,美国,2013
US8874218B2,C8,神经刺激监测装置,具有由心动周期决定的信号持续时间的神经刺激,美国,2013
US8918178B2,C8,神经刺激监测装置,无创性迷走神经刺激治疗疾病,美国,2012
US8934967B2,C8,神经刺激监测装置,用于治疗耳鸣系统、方法和装置,美国,2009
US8983628B2,C8,神经刺激监测装置,无创性迷走神经刺激治疗疾病,美国,2012
US9033861B2,C8,神经刺激监测装置,治疗神经系统疾病低频神经刺激器,美国,2009
US9089707B2,C8,神经刺激监测装置,成对塑性的系统、方法和装置,美国,2009
US9138579B2,C8,神经刺激监测装置,通过修改特定神经系统通路来恢复和/或改善神经系统功能的方法和设备,美国,2014
US9215298B2,C8,神经刺激监测装置,患者控制的大脑修复系统及其使用方法,美国,2014
US9272145B2,C8,神经刺激监测装置,成对塑性的定时控制,美国,2013
US9336535B2,C8,神经刺激监测装置,神经反应数据同步,美国,2014
US9339654B2,C8,神经刺激监测装置,成对塑性的定时控制,美国,2014
US9433789B2,C8,神经刺激监测装置,一种远程神经调制脑刺激和反馈控制的方法、系统和装置,美国,2014
WO2004066820A2,C8,神经刺激监测装置,系统和方法用于降低所述的诱导络神经活性在神经刺激的可能性阈值测试步骤,世界知识产权组织,2004
WO2009018374A1,C8,神经刺激监测装置,神经-应答的刺激和刺激属性共振估计器,世界知识产权组织,2008
WO2009055127A1,C8,神经刺激监测装置,医用装置的配置基于在感测的脑信号;,世界知识产权组织,2008
WO2011013041A1,C8,神经刺激监测装置,系统和方法用于深脑刺激,世界知识产权组织,2010
WO2012027791A1,C8,神经刺激监测装置,分布的植入物系统,世界知识产权组织,2011
WO2017143185A1,C8,神经刺激监测装置,无线用于传感和刺激的神经植入系统,世界知识产权组织,2017
WO2021001851A1,C8,神经刺激监测装置,用于估计用户对刺激的响应的系统,世界知识产权组织,2020
WO2021121766A1,C8,神经刺激监测装置,脑-计算机接口,世界知识产权组织,2020
WO2021146774A1,C8,神经刺激监测装置,用于监测神经活动的系统和方法,世界知识产权组织,2021
WO2023033647A1,C8,神经刺激监测装置,基于刺激反应振幅权重确定人的感觉能力,世界知识产权组织,2022
WO2024124045A1,C8,神经刺激监测装置,用于脑状态刺激的系统和方法,世界知识产权组织,2023
WO2025034993A1,C8,神经刺激监测装置,响应运动的自适应深部脑刺激,世界知识产权组织,2024
WO2025083498A1,C8,神经刺激监测装置,使用血管内导线的神经刺激疗法试验,世界知识产权组织,2024
ATE849235T1,C9,经颅聚焦刺激装置,颅骨的系统和装置/脑机接口,其他,2008
CA2702944C,C9,经颅聚焦刺激装置,系统，用于颅骨/脑机接口方法和装置,加拿大,2008
CN104324446A,C9,经颅聚焦刺激装置,大鼠颅脑电刺激装置及其电极固定座,中国,2014
CN109260591A,C9,经颅聚焦刺激装置,经颅刺激方法和装置,中国,2018
CN109260591B,C9,经颅聚焦刺激装置,经颅刺激方法和装置,中国,2018
CN110215605A,C9,经颅聚焦刺激装置,脑部电极固定装置及套件,中国,2018
CN113436170B,C9,经颅聚焦刺激装置,基于磁共振影像的经颅电刺激个体化优化平台,中国,2021
CN117547357A,C9,经颅聚焦刺激装置,神经定位型治疗中枢神经系统疾病的颅内介入手术机器人,中国,2023
CN118902466A,C9,经颅聚焦刺激装置,一种经颈动脉颅内脑电信号探测导管,中国,2024
CN120305568A,C9,经颅聚焦刺激装置,具有自动调节功能的经颅交流电刺激方法及系统,中国,2025
CN120305568B,C9,经颅聚焦刺激装置,具有自动调节功能的经颅交流电刺激方法及系统,中国,2025
CN121371491A,C9,经颅聚焦刺激装置,-,中国,2025
CN121846521A,C9,经颅聚焦刺激装置,-,中国,2025
CN122097849A,C9,经颅聚焦刺激装置,基于脑电特征的经颅电刺激系统、装置及设备,中国,2026
DE602008047702T2,C9,经颅聚焦刺激装置,颅骨的系统和装置/脑机接口,德国,2008
EP2205313B1,C9,经颅聚焦刺激装置,颅骨的系统和装置/脑机接口,欧洲专利局,2008
JP2022521830A,C9,经颅聚焦刺激装置,用于临时记录颅内EEG的安装在床头的联合设备的系统和方法,日本,2020
JP7529685B2,C9,经颅聚焦刺激装置,用于安装在床边的用于临时记录颅内脑电图的组合装置的系统和方法,日本,2020
KR102035265B1,C9,经颅聚焦刺激装置,螺旋式电极与插头式导线连接,韩国,2018
KR102513099B1,C9,经颅聚焦刺激装置,使用个性化经颅电刺激改善认知功能的装置和方法,韩国,2022
US10188860B2,C9,经颅聚焦刺激装置,用于颅骨/脑界面的系统，方法和装置,美国,2016
US10596379B2,C9,经颅聚焦刺激装置,用于治疗神经系统疾病的装置和方法,美国,2016
US12011591B2,C9,经颅聚焦刺激装置,用于阿尔茨海默病和痴呆的经颅交流动态频率刺激(TACS)方法,美国,2023
US12144646B2,C9,经颅聚焦刺激装置,组装式下压多功能脑电图帽,美国,2021
US12263336B2,C9,经颅聚焦刺激装置,用于OUD和SUD的交流动态频率刺激系统及方法,美国,2021
US20020087201A1,C9,经颅聚焦刺激装置,实现患者神经功能持久改变的方法和装置,美国,2001
US20030097161A1,C9,经颅聚焦刺激装置,实现患者神经功能持久改变的方法和装置,美国,2002
US20030130706A1,C9,经颅聚焦刺激装置,实现患者神经功能持久改变的方法和装置,美国,2002
US20040102828A1,C9,经颅聚焦刺激装置,使用颅内电极用于神经刺激和/或脑电描记术的方法和系统,美国,2003
US20060195155A1,C9,经颅聚焦刺激装置,实现患者神经功能持久改变的方法和装置,美国,2006
US20060200206A1,C9,经颅聚焦刺激装置,实现患者神经功能持久改变的方法和装置,美国,2006
US20080046035A1,C9,经颅聚焦刺激装置,用于降低侵入性和/或增强神经刺激功效的电极结构和相关方法,美国,2007
US20080161879A1,C9,经颅聚焦刺激装置,实现患者神经功能持久改变的方法和装置,美国,2007
US20080215112A1,C9,经颅聚焦刺激装置,用于实现患者神经功能的持久改变的方法和设备,美国,2007
US20090112277A1,C9,经颅聚焦刺激装置,用于颅骨/脑界面的系统，方法和装置,美国,2007
US20090112278A1,C9,经颅聚焦刺激装置,用于颅骨/脑界面的系统，方法和装置,美国,2008
US20090112279A1,C9,经颅聚焦刺激装置,用于颅骨/脑界面的系统，方法和装置,美国,2008
US20090292344A1,C9,经颅聚焦刺激装置,用于颅内神经刺激和/或感测的方法和系统,美国,2009
US20140296646A1,C9,经颅聚焦刺激装置,用于颅骨/大脑接口系统、方法和装置,美国,2014
US2020069959A1,C9,经颅聚焦刺激装置,通过经颅疗法组合重构大脑神经通路,美国,2018
US20210213279A1,C9,经颅聚焦刺激装置,用于脑室和脑血管系统内的电生理记录和神经刺激的适形电极阵列,美国,2020
US20230050715A1,C9,经颅聚焦刺激装置,个性化共振频率下的最小神经元激活阈值经颅磁刺激,美国,2022
US6006124A,C9,经颅聚焦刺激装置,放置脑电极的装置和方法,美国,1998
US7010351B2,C9,经颅聚焦刺激装置,实现患者神经功能持久改变的方法和装置,美国,2001
US7302298B2,C9,经颅聚焦刺激装置,使用颅内电极用于神经刺激和/或脑电描记术的方法和系统,美国,2003
US7577481B2,C9,经颅聚焦刺激装置,用于实现患者神经功能的持久改变的方法和设备,美国,2006
US8412302B2,C9,经颅聚焦刺激装置,颅内神经接口系统,美国,2011
US8700142B2,C9,经颅聚焦刺激装置,脑功能扫描系统,美国,2008
US8718777B2,C9,经颅聚焦刺激装置,用于颅内神经刺激和/或感测的方法和系统,美国,2009
US8718778B2,C9,经颅聚焦刺激装置,用于神经颅电刺激装置和方法,美国,2008
US8761889B2,C9,经颅聚焦刺激装置,用于颅骨/大脑接口系统、方法和装置,美国,2008
US8965513B2,C9,经颅聚焦刺激装置,用于颅骨/大脑接口系统、方法和装置,美国,2008
US9179850B2,C9,经颅聚焦刺激装置,用于颅骨/大脑接口的系统、方法和设备,美国,2007
US9597494B2,C9,经颅聚焦刺激装置,用于颅骨/大脑接口系统、方法和装置,美国,2016
US9867978B1,C9,经颅聚焦刺激装置,用于脑室电生理记录和神经刺激的共形电极阵列,美国,2017
WO2009067323A1,C9,经颅聚焦刺激装置,系统，方法和装置用于一种颅骨\/脑接口,世界知识产权组织,2008
WO2019211314A1,C9,经颅聚焦刺激装置,神经接口系统,世界知识产权组织,2019
WO2020205677A1,C9,经颅聚焦刺激装置,用于放置在床头以临时记录颅内EEG的单元化设备的系统和方法,世界知识产权组织,2020
WO2022020045A1,C9,经颅聚焦刺激装置,用于阿尔茨海默病和痴呆的经颅交流动态频率刺激(TACS)系统和方法,世界知识产权组织,2021
CN110139597A,C10,神经信息分析诊断,利用神经生理信号进行迭代分类的系统和方法,中国,2017
CN110139597B,C10,神经信息分析诊断,利用神经生理信号进行迭代分类的系统和方法,中国,2017
CN110325237A,C10,神经信息分析诊断,用神经调制增强学习的系统和方法,中国,2017
CN118335343A,C10,神经信息分析诊断,一种脑深部区域刺激效果模拟方法及其系统,中国,2024
CN121795928A,C10,神经信息分析诊断,基于颅内脑电信号的反馈式神经康复设备,中国,2026
EP3304255A1,C10,神经信息分析诊断,通过脑机接口进行图像分类,欧洲专利局,2016
EP3558102A4,C10,神经信息分析诊断,使用神经生理学信号进行迭代分类的系统和方法,欧洲专利局,2017
EP3558102B1,C10,神经信息分析诊断,使用神经生理学信号进行迭代分类的系统和方法,欧洲专利局,2017
IL267518B1,C10,神经信息分析诊断,使用神经生理学信号进行迭代分类的系统和方法,以色列,2019
IL267518B2,C10,神经信息分析诊断,使用神经生理学信号进行迭代分类的系统和方法,以色列,2019
JP2020502683A,C10,神经信息分析诊断,使用神经生理信号进行迭代分类的系统和方法,日本,2017
JP2020502683A5,C10,神经信息分析诊断,使用神经生理信号进行迭代分类的系统和方法,日本,2017
JP2022502231A,C10,神经信息分析诊断,基于深度神经网络的心理行为属性识别电子装置,日本,2019
JP6998959B2,C10,神经信息分析诊断,使用神经生理学信号进行重复分类的系统和方法,日本,2017
US10067565B2,C10,神经信息分析诊断,用于识别潜在地引起扣押的虚拟现实内容的方法和装置,美国,2016
US10068248B2,C10,神经信息分析诊断,用于刺激材料引入的受控和自动注意力分析,美国,2016
US10206597B2,C10,神经信息分析诊断,高性能并使神经元损伤最小化的神经探针阵列,美国,2016
US10542904B2,C10,神经信息分析诊断,用于家庭神经记录的系统和方法,美国,2016
US11580409B2,C10,神经信息分析诊断,使用神经生理信号进行迭代分类的系统和方法,美国,2017
US12001607B2,C10,神经信息分析诊断,使用神经生理学信号进行迭代分类的系统和方法,美国,2023
US12599332B2,C10,神经信息分析诊断,通过可穿戴设备对糖质流动和神经变性进行非侵入性评估,美国,2024
US20020002390A1,C10,神经信息分析诊断,具有数据通信链路的可植入神经刺激器,美国,2001
US20090030930A1,C10,神经信息分析诊断,神经信息存储系统,美国,2008
US20110105937A1,C10,神经信息分析诊断,刺激材料导入的控制注意和自动注意分析,美国,2009
US20150310750A1,C10,神经信息分析诊断,用于验证人的反应的有效性的方法,美国,2013
US2019090771A1,C10,神经信息分析诊断,基于神经映射预测思维,美国,2017
US20200193299A1,C10,神经信息分析诊断,使用神经生理信号迭代分类的系统和方法,美国,2017
US2020077902A1,C10,神经信息分析诊断,用于检测损坏或不准确的感觉表征的系统和方法,美国,2019
US2020163571A1,C10,神经信息分析诊断,视频游戏中的个性化刺激放置,美国,2019
US2023344907A1,C10,神经信息分析诊断,用于处理、管理和使用神经信号数据的系统和方法,美国,2023
US20250331928A1,C10,神经信息分析诊断,集成电生理监测的外科影像引导系统,美国,2025
US6360122B1,C10,神经信息分析诊断,用于可植入装置的数据记录方法,美国,2000
US8386312B2,C10,神经信息分析诊断,神经信息存储系统,美国,2008
US8655428B2,C10,神经信息分析诊断,神经反应数据同步,美国,2010
US9730642B2,C10,神经信息分析诊断,神经心理时空模式识别,美国,2015
WO03005899A2,C10,神经信息分析诊断,基于electroencepahlography系统和方法用于选择疗法和预测结果,世界知识产权组织,2002
WO2008137579A1,C10,神经信息分析诊断,神经-信息学储存库系统。,世界知识产权组织,2008
WO2020061517A1,C10,神经信息分析诊断,用于重复经颅磁刺激的基于脑电的技术,世界知识产权组织,2019
WO2020074972A1,C10,神经信息分析诊断,基于深度神经网络识别心理行为属性的电子设备,世界知识产权组织,2019
WO2023228131A1,C10,神经信息分析诊断,用于认知测试的具有定时同步接口的可穿戴设备的方法和装置,世界知识产权组织,2023
WO9745160A1,C10,神经信息分析诊断,通过调节大脑神经的可塑性方面的方法的迷走神经刺激,世界知识产权组织,1997
CA3192636A1,C11,睡眠脑电调控增强,量化注意力的方法和系统,加拿大,2021
CN110680314A,C11,睡眠脑电调控增强,基于脑电多参数的虚拟现实情境任务注意力测训系统,中国,2019
CN110680314B,C11,睡眠脑电调控增强,基于脑电多参数的虚拟现实情境任务注意力测训系统,中国,2019
CN111281379A,C11,睡眠脑电调控增强,经颅直流电刺激提升注意力广度的方法及装置,中国,2020
CN111870813A,C11,睡眠脑电调控增强,一种基于便捷式EEG设备的脑电刺激记忆力增强系统,中国,2020
CN112545532A,C11,睡眠脑电调控增强,用于脑电信号分类识别的数据增强方法及系统,中国,2020
CN112545532B,C11,睡眠脑电调控增强,用于脑电信号分类识别的数据增强方法及系统,中国,2020
CN115212422A,C11,睡眠脑电调控增强,一种基于摇晃刺激的睡眠调控系统及方法,中国,2022
CN115212454A,C11,睡眠脑电调控增强,程序性记忆快速增强装置及方法,中国,2022
CN115212454B,C11,睡眠脑电调控增强,程序性记忆快速增强装置及方法,中国,2022
CN117972412A,C11,睡眠脑电调控增强,-,中国,2023
CN118319329A,C11,睡眠脑电调控增强,-,中国,2024
CN118766414A,C11,睡眠脑电调控增强,一种基于跨模态脑功能连接图谱的书写能力脑指纹构建方法及系统,中国,2024
CN118925061A,C11,睡眠脑电调控增强,一种基于注意力状态的智能神经调控方法及系统,中国,2024
CN118925061B,C11,睡眠脑电调控增强,一种基于注意力状态的智能神经调控方法及系统,中国,2024
CN120873793A,C11,睡眠脑电调控增强,一种基于多模态信息融合的乘员晕动症预测方法,中国,2025
CN121219043A,C11,睡眠脑电调控增强,用于恢复运动功能和促进神经复原的神经调控/神经刺激系统,中国,2024
EP3005682A1,C11,睡眠脑电调控增强,通过意图操纵增强现实中的虚拟对象,欧洲专利局,2014
EP3602287A1,C11,睡眠脑电调控增强,基于神经模型的控制器,欧洲专利局,2018
EP4203793A1,C11,睡眠脑电调控增强,量化注意力的方法和系统,欧洲专利局,2021
GB2447640A,C11,睡眠脑电调控增强,睡眠阶段与监测干电极，和报警方法。,英国,2007
IN202411030077A,C11,睡眠脑电调控增强,确定脑机接口长期使用对神经功能和可塑性的影响,印度,2024
IN202441085806A,C11,睡眠脑电调控增强,面向个性化人机人工智能交互的神经适应性接口：一种基于生成对抗网络（GAN）增强的方法,印度,2024
IN202541115913A,C11,睡眠脑电调控增强,面向脑电图（EEG）情绪识别的自适应数据增强与深度特征融合网络,印度,2025
JP2016510230A5,C11,睡眠脑电调控增强,底座的脑回路用于诱导睡眠的体感刺激器,日本,2014
JP2020500567A,C11,睡眠脑电调控增强,脑刺激装置及其用途,日本,2017
KR101675875B1,C11,睡眠脑电调控增强,使用频谱分析和矢量量化的脑电图信号搜索方法和系统,韩国,2015
KR1020230171533A,C11,睡眠脑电调控增强,通过基于大数据的人工智能操作的脑电图传感器和近红外LED的大脑发育系统,韩国,2022
KR20170104602A,C11,睡眠脑电调控增强,调节人体血糖水平的系统和方法,韩国,2015
KR20200030937A,C11,睡眠脑电调控增强,用于测量注意力指数的装置和方法,韩国,2018
RU2704562C1,C11,睡眠脑电调控增强,用于在感知和处理信息时实时确定操作者注意力集中程度的装置,俄罗斯,2018
TR202002077A2,C11,睡眠脑电调控增强,禁用通信系统,其他,2020
US10736561B2,C11,睡眠脑电调控增强,基于神经模型的控制器,美国,2018
US10921888B2,C11,睡眠脑电调控增强,基于感觉诱发反应的注意力评估系统和方法,美国,2018
US11369770B2,C11,睡眠脑电调控增强,脑刺激装置及其用途,美国,2017
US11986649B2,C11,睡眠脑电调控增强,用于脑刺激和监测的系统、方法和设备,美国,2020
US20060129204A1,C11,睡眠脑电调控增强,癫痫和其它神经障碍中脑灌注的调节和分析,美国,2004
US20060265022A1,C11,睡眠脑电调控增强,癫痫和其它神经障碍中脑灌注的调节和分析,美国,2006
US20070249952A1,C11,睡眠脑电调控增强,用于睡眠监测的系统和方法,美国,2006
US2009082829A1,C11,睡眠脑电调控增强,患者导向的治疗控制,美国,2007
US2013131755A1,C11,睡眠脑电调控增强,患者导向的治疗控制,美国,2013
US2013324880A1,C11,睡眠脑电调控增强,听觉事件相关电位测量系统、听觉事件相关电位测量装置、听觉事件相关电位测量方法及其计算机程序,美国,2013
US20140057232A1,C11,睡眠脑电调控增强,用于在睡眠期间调节存储器合并的装置、系统和方法,美国,2013
US2015079560A1,C11,睡眠脑电调控增强,用于专注度和/或情绪的可穿戴监测与训练系统,美国,2014
US2015164361A1,C11,睡眠脑电调控增强,用于记忆增强的声音刺激器,美国,2014
US2016158553A1,C11,睡眠脑电调控增强,患者导向的治疗控制,美国,2016
US2016275726A1,C11,睡眠脑电调控增强,通过意图在增强现实中操纵虚拟对象,美国,2016
US2017340855A1,C11,睡眠脑电调控增强,用于刺激慢脑波的设备和方法,美国,2015
US2018146916A1,C11,睡眠脑电调控增强,基于神经模型的控制器,美国,2018
US2019069796A1,C11,睡眠脑电调控增强,基于脑电图的解码和闭环神经调控系统，用于评估和增强感觉运动学习,美国,2018
US2019216353A1,C11,睡眠脑电调控增强,用于向用户递送感觉刺激以增强用户认知域的系统和方法,美国,2018
US2019240491A1,C11,睡眠脑电调控增强,患者导向的治疗控制,美国,2019
US20210315508A1,C11,睡眠脑电调控增强,用提示反应性评估主动注意力,美国,2021
US20230190185A1,C11,睡眠脑电调控增强,用于精准精神科的高密度脑电系统,美国,2021
US2023371872A1,C11,睡眠脑电调控增强,用于量化注意力的方法和系统,美国,2021
US6272378B1,C11,睡眠脑电调控增强,一种确定睡眠简档的装置及方法,美国,1999
US7341562B2,C11,睡眠脑电调控增强,癫痫和其它神经障碍中脑灌注的调节和分析,美国,2004
US7892182B2,C11,睡眠脑电调控增强,癫痫和其它神经障碍中脑灌注的调节和分析,美国,2007
US8380314B2,C11,睡眠脑电调控增强,患者导向的治疗控制,美国,2007
US8437843B1,C11,睡眠脑电调控增强,一种新型脑电信号采集系统,美国,2006
US9248288B2,C11,睡眠脑电调控增强,患者导向的疗法控制,美国,2013
US9560984B2,C11,睡眠脑电调控增强,用于刺激材料引入的受控注意力和自动注意力分析,美国,2009
WO2009042379A1,C11,睡眠脑电调控增强,患者导向治疗控制,世界知识产权组织,2008
WO2009139119A1,C11,睡眠脑电调控增强,调节脑电图信号识别方法的设备、方法和程序,世界知识产权组织,2009
WO2018182827A1,C11,睡眠脑电调控增强,基于神经模型的控制器,世界知识产权组织,2018
WO2020037332A3,C11,睡眠脑电调控增强,通过神经反馈训练进行个性化学习和注意力评估的系统和方法,世界知识产权组织,2019
WO2026018957A1,C11,睡眠脑电调控增强,基于虚拟现实的认知训练系统,世界知识产权组织,2024
CN101631496A,C12,视觉脑电解码评估,用于评估商业传播的有效性的方法,中国,2006
CN106559625A,C12,视觉脑电解码评估,基于EEG对立体视频不同视差位置字幕舒适度评价方法,中国,2016
CN106709244A,C12,视觉脑电解码评估,一种静息态同步EEG‑fMRI的脑功能网络建模方法,中国,2016
CN109190658A,C12,视觉脑电解码评估,视频觉醒度分类方法、装置及计算机设备,中国,2018
CN109770896A,C12,视觉脑电解码评估,梦境图像重现方法、装置及存储介质、服务器,中国,2019
CN109875583A,C12,视觉脑电解码评估,一种基于AR技术的疲劳驾驶检测系统及方法,中国,2019
CN109891519A,C12,视觉脑电解码评估,信息处理装置、信息处理方法和程序,中国,2017
CN110151203A,C12,视觉脑电解码评估,基于多级雪崩式卷积递归网络EEG分析的疲劳驾驶识别方法,中国,2019
CN110151203B,C12,视觉脑电解码评估,基于多级雪崩式卷积递归网络EEG分析的疲劳驾驶识别方法,中国,2019
CN110569880A,C12,视觉脑电解码评估,一种利用人工神经网络模型对视觉刺激解码方法,中国,2019
CN112203083A,C12,视觉脑电解码评估,一种视频数据的质量等级确定方法和装置,中国,2020
CN112203083B,C12,视觉脑电解码评估,一种视频数据的质量等级确定方法和装置,中国,2020
CN112233199A,C12,视觉脑电解码评估,基于离散表征和条件自回归的fMRI视觉重构方法,中国,2020
CN112233199B,C12,视觉脑电解码评估,基于离散表征和条件自回归的fMRI视觉重构方法,中国,2020
CN112451833A,C12,视觉脑电解码评估,一种基于个性化音乐推荐器的驾驶疲劳检测缓解系统及方法,中国,2020
CN114732421A,C12,视觉脑电解码评估,一种基于脑电图谱的阿尔兹海默症治疗效果量化评估方法,中国,2022
CN114732421B,C12,视觉脑电解码评估,一种基于脑电图谱的阿尔兹海默症治疗效果量化评估方法,中国,2022
CN117204865A,C12,视觉脑电解码评估,基于欠阻尼二阶随机共振的稳态视觉诱发电位视觉疲劳量化方法,中国,2023
CN119205731A,C12,视觉脑电解码评估,一种自然图像的人脑认知文本描述生成方法及系统,中国,2024
CN119205731B,C12,视觉脑电解码评估,一种自然图像的人脑认知文本描述生成方法及系统,中国,2024
CN120437460A,C12,视觉脑电解码评估,基于脑电信号多模态特征识别的智能音乐调控系统及方法,中国,2025
CN121422395A,C12,视觉脑电解码评估,基于中枢-外周融合解码与轨迹闭环校正的康复系统,中国,2025
CN121422395B,C12,视觉脑电解码评估,基于中枢-外周融合解码与轨迹闭环校正的康复系统,中国,2025
CN121489505A,C12,视觉脑电解码评估,-,中国,2025
CN121814971A,C12,视觉脑电解码评估,基于视觉感知和语义一致性的fMRI视频神经解码方法,中国,2026
CN309976664S,C12,视觉脑电解码评估,-,中国,2025
EP4021291A1,C12,视觉脑电解码评估,功能磁共振图像数据采集系统,欧洲专利局,2020
EP4567640A1,C12,视觉脑电解码评估,脑电图信号处理方法、装置、计算机可读介质和计算机设备,欧洲专利局,2023
ES2318933B2,C12,视觉脑电解码评估,基于脑电波的实时警觉水平监测方法及其实现装置,其他,2006
IN202341046071A,C12,视觉脑电解码评估,使用人工智能和机器学习技术实现智能假肢手的方法,印度,2023
IN202411002741A,C12,视觉脑电解码评估,使用机器学习预测青光眼的方法,印度,2024
IN202411020509A,C12,视觉脑电解码评估,驾驶员实时监控和检测疲劳的脑机接口,印度,2024
IN202411089196A,C12,视觉脑电解码评估,基于物联网的用于青光眼检测的医疗保健管理护目镜,印度,2024
JP2022099933A,C12,视觉脑电解码评估,操作检测系统及操作检测方法,日本,2020
JP2022546345A,C12,视觉脑电解码评估,功能磁共振图像数据采集系统,日本,2020
JP7563745B2,C12,视觉脑电解码评估,操作检测系统和操作检测方法,日本,2020
KR101348233B1,C12,视觉脑电解码评估,额EOG测量系统,韩国,2012
KR1020220022390A,C12,视觉脑电解码评估,在MRI环境记录介质中基于具有眼睛注视跟踪的实时视场变化提供360全景视频的MRI360方法和用于执行该方法的装置,韩国,2020
KR1020250067429A,C12,视觉脑电解码评估,利用脑机接口技术检测处于微意识状态的患者脑反应的系统和方法,韩国,2023
KR20210016948A,C12,视觉脑电解码评估,改善用户疲劳的装置和方法,韩国,2019
US11464442B2,C12,视觉脑电解码评估,用于确定视频数据的质量等级的方法和装置,美国,2021
US12097332B2,C12,视觉脑电解码评估,在虚拟现实或多感官环境中生成和操作对象以保持用户积极状态的系统、设备和方法,美国,2023
US20100094702A1,C12,视觉脑电解码评估,用于评估商业通信的有效性的方法,美国,2006
US20140058483A1,C12,视觉脑电解码评估,使用不可察觉的闪烁多色光诱导视觉诱发电位的刺激产生方法、装置和控制系统,美国,2013
US20140207558A1,C12,视觉脑电解码评估,商用通信效能评估方法,美国,2013
US2014058241A1,C12,视觉脑电解码评估,用于评估神经认知状态的方法和装置,美国,2013
US2015313528A1,C12,视觉脑电解码评估,自比评估的验证过程,美国,2015
US2016120436A1,C12,视觉脑电解码评估,心理评估及使用方法,美国,2016
US2016235323A1,C12,视觉脑电解码评估,生理参数测量和反馈系统,美国,2014
US2020364741A1,C12,视觉脑电解码评估,神经反应刺激和刺激属性共振估计器,美国,2020
US2022091671A1,C12,视觉脑电解码评估,可穿戴扩展现实神经科学分析系统,美国,2021
US9060702B2,C12,视觉脑电解码评估,自比评估的验证过程,美国,2012
US9117124B2,C12,视觉脑电解码评估,驾驶注意力程度确定装置、方法及计算机程序,美国,2014
WO2011046665A1,C12,视觉脑电解码评估,神经接口系统,世界知识产权组织,2010
WO2019240564A1,C12,视觉脑电解码评估,用于获取生物统计数据的可拆卸功能模块及包括该模块的头戴式显示器,世界知识产权组织,2019
WO2025160631A1,C12,视觉脑电解码评估,便携式通信设备,世界知识产权组织,2025
AU2014225626B2,C13,多模态神经交互评估,多模态形状因素的生理脑健康的评估,澳大利亚,2014
CA2904264A1,C13,多模态神经交互评估,多模态形状因素生理脑健康的评估,加拿大,2014
CN102293647B,C13,多模态神经交互评估,一种联合脑电和功能磁共振信号的反馈系统,中国,2011
CN105592788A,C13,多模态神经交互评估,用于脑健康的多模态生理评估的形成因素,中国,2014
CN112070141A,C13,多模态神经交互评估,一种融合注意力检测的ssvep异步分类方法,中国,2020
CN112070141B,C13,多模态神经交互评估,一种融合注意力检测的ssvep异步分类方法,中国,2020
CN113729710A,C13,多模态神经交互评估,一种融合多生理模态的实时注意力评估方法及系统,中国,2021
CN113900520B,C13,多模态神经交互评估,一种虚拟现实多感知交互装置及方法,中国,2021
CN114091599A,C13,多模态神经交互评估,模态间密集交互深度神经网络情绪识别方法,中国,2021
CN114795209A,C13,多模态神经交互评估,一种分布式多模态情绪检测方法,中国,2022
CN115517687A,C13,多模态神经交互评估,基于多模态融合改善焦虑的特异性神经反馈系统,中国,2022
CN115736920A,C13,多模态神经交互评估,基于双模态融合的抑郁状态识别方法及系统,中国,2022
CN115736920B,C13,多模态神经交互评估,基于双模态融合的抑郁状态识别方法及系统,中国,2022
CN115956930A,C13,多模态神经交互评估,生物电信号采集测试方法、系统及设备,中国,2022
CN116400802A,C13,多模态神经交互评估,虚拟现实设备及多模态情绪识别方法,中国,2023
CN116522280A,C13,多模态神经交互评估,基于虚拟现实仿真采集的情绪分级识别方法及系统,中国,2023
CN116531637A,C13,多模态神经交互评估,一种睡眠调控系统,中国,2023
CN116595329A,C13,多模态神经交互评估,-,中国,2023
CN116595329B,C13,多模态神经交互评估,一种基于多自由度的速度想象双模态信号采集方法,中国,2023
CN116880701A,C13,多模态神经交互评估,基于全息设备的多模态交互方法及系统,中国,2023
CN116880701B,C13,多模态神经交互评估,基于全息设备的多模态交互方法及系统,中国,2023
CN118312857A,C13,多模态神经交互评估,一种基于多模态的情绪识别方法及系统,中国,2024
CN118503914A,C13,多模态神经交互评估,多模态情感数据集的构建方法及电子设备,中国,2024
CN119069081A,C13,多模态神经交互评估,一种基于人工智能方法的多模态实时心理健康分析系统,中国,2024
CN119069081B,C13,多模态神经交互评估,一种基于人工智能方法的多模态实时心理健康分析系统,中国,2024
CN119258400A,C13,多模态神经交互评估,一种基于多模式电磁和超声刺激的综合调控方法及系统,中国,2024
CN119357784A,C13,多模态神经交互评估,一种基于多模态卷积神经网络的情绪识别装置,中国,2024
CN119440250A,C13,多模态神经交互评估,-,中国,2024
CN119949829A,C13,多模态神经交互评估,一种基于多模态异构图卷积神经网络的情绪障碍检测方法及装置,中国,2024
CN120085760A,C13,多模态神经交互评估,多模态ai眼镜视觉-脑电协同控制方法、装置及设备,中国,2025
CN120085760B,C13,多模态神经交互评估,-,中国,2025
CN120130925A,C13,多模态神经交互评估,一种基于虚拟现实环境的智能认知评估方法及系统,中国,2024
CN120242328A,C13,多模态神经交互评估,一种闭环神经调控方法、设备、介质和程序产品,中国,2025
CN120340895A,C13,多模态神经交互评估,-,中国,2025
CN120585287A,C13,多模态神经交互评估,一种集成多模态生理数据的认知障碍风险识别装置和方法,中国,2025
CN120585287B,C13,多模态神经交互评估,一种集成多模态生理数据的认知障碍风险识别装置和方法,中国,2025
CN120849913A,C13,多模态神经交互评估,-,中国,2025
CN121287143A,C13,多模态神经交互评估,-,中国,2025
CN121287145A,C13,多模态神经交互评估,一种多模态信号融合的情绪识别方法,中国,2025
CN121730843B,C13,多模态神经交互评估,一种多模态协同的认知改善振荡诱发神经调控方法及装置,中国,2025
CN122263043A,C13,多模态神经交互评估,一种基于非侵入式脑机接口多模态数据采集分析方法机系统,中国,2026
EP2964084A4,C13,多模态神经交互评估,多模态形状因素的生理脑健康的评估,欧洲专利局,2014
EP4084861A1,C13,多模态神经交互评估,脑刺激与感知,欧洲专利局,2020
EP4289115A1,C13,多模态神经交互评估,一种双向音视频通信平台的警觉性和质量交互管理装置及流程,欧洲专利局,2022
EP4482392A4,C13,多模态神经交互评估,用于使用认知测试的闭环经颅光生物调节刺激的可佩戴设备的方法和装置,欧洲专利局,2023
IN202521049991A,C13,多模态神经交互评估,基于物联网、利用深度神经网络模型检测人类情绪的系统,印度,2025
IN202541056438A,C13,多模态神经交互评估,使用机器学习对面部诱发的大脑反应进行多模态分析,印度,2025
JP2010522941A,C13,多模态神经交互评估,营销和娱乐效率分析,日本,2008
JP2016513497A,C13,多模态神经交互评估,各种形状的脑电生理健康评估相关元件,日本,2014
KR101910021B1,C13,多模态神经交互评估,科学调查装置,韩国,2017
KR102275436B1,C13,多模态神经交互评估,用于实时情感识别的图像与脑电信号融合技术,韩国,2020
KR20160055103A,C13,多模态神经交互评估,用于脑健康的多模态生理刺激和评估的系统及特征,韩国,2014
US10679241B2,C13,多模态神经交互评估,使用中枢神经系统，自主神经系统和效应器数据分析营销和娱乐效果,美国,2018
US10779747B2,C13,多模态神经交互评估,用于大脑健康的多模态生理刺激和评估的系统及特征,美国,2014
US11141088B2,C13,多模态神经交互评估,基于深度神经网络识别心理行为属性的电子设备,美国,2018
US12102434B2,C13,多模态神经交互评估,用于估计用户对刺激响应的系统,美国,2020
US12214140B2,C13,多模态神经交互评估,具有实时情绪状态分析和符号语言通信的自适应数字治疗系统,美国,2024
US20080045853A1,C13,多模态神经交互评估,用于确定脑状态的方法和装置,美国,2003
US20090024049A1,C13,多模态神经交互评估,中枢神经系统、自主神经系统和效应器数据跨模态合成,美国,2008
US20090025023A1,C13,多模态神经交互评估,使用神经响应测量的多市场计划和商业响应监视系统,美国,2008
US20090030303A1,C13,多模态神经交互评估,使用同步脑电图(EEG)和功能磁共振成像(FMRI)进行观众反应分析,美国,2008
US20090063256A1,C13,多模态神经交互评估,消费者体验刻画效果评估系统,美国,2008
US20090234419A1,C13,多模态神经交互评估,选择性神经刺激治疗癫痫,美国,2009
US20150273206A1,C13,多模态神经交互评估,调整刺激神经和肌肉电极位置的方法和装置,美国,2015
US2016015289A1,C13,多模态神经交互评估,用于脑健康多模态生理评估的外形因素,美国,2014
US20170147578A1,C13,多模态神经交互评估,生理结果的反相关,美国,2015
US20170258389A1,C13,多模态神经交互评估,神经分析、神经诊断和治疗工具,美国,2017
US2018184964A1,C13,多模态神经交互评估,用于多模态生理周期性生物标志物评估的系统和方法,美国,2015
US20230127669A1,C13,多模态神经交互评估,神经肛门YTIC、神经诊断和治疗工具,美国,2022
US20260141815A1,C13,多模态神经交互评估,基于学习者情感引导下的脑机耦合的代理同理心反应方法,美国,2026
US4974602A,C13,多模态神经交互评估,用于分析生物组织复合物中局部生物电流的装置,美国,1989
US7548775B2,C13,多模态神经交互评估,颅内神经接口系统,美国,2004
US8078252B2,C13,多模态神经交互评估,颅内神经接口系统,美国,2010
US8494610B2,C13,多模态神经交互评估,基于脑磁图的营销娱乐效果分析,美国,2008
US8635105B2,C13,多模态神经交互评估,消费者体验刻画效果评估系统,美国,2008
WO2016069058A1,C13,多模态神经交互评估,用于诊断和识别精神及情绪障碍的神经特征的方法,世界知识产权组织,2015
WO2019173558A1,C13,多模态神经交互评估,通过气味，听觉和/或体感刺激测量神经功能的系统和方法,世界知识产权组织,2019
WO2022169424A1,C13,多模态神经交互评估,用于在双向音频-视频通信平台中管理警觉度和质量交互的装置和方法,世界知识产权组织,2022
WO2023097240A1,C13,多模态神经交互评估,多模态生物识别人机接口耳机,世界知识产权组织,2022
WO2023100053A1,C13,多模态神经交互评估,用于无干扰地可再现地产生和检测多感觉联觉EEG数据以及用于以整合的方式分析和存档多感觉联觉EEG数据的技术装置和方法,世界知识产权组织,2022
WO2023161861A1,C13,多模态神经交互评估,用于使用认知测试的闭环经颅光生物调节刺激的可穿戴设备的方法和装置,世界知识产权组织,2023
WO2026060925A1,C13,多模态神经交互评估,一种用于治疗脑部的目标部位相关的疾病的经颅物理刺激装置,世界知识产权组织,2025
CA2675507C,C14,脑电信号采集处理,基于脑波信号处理系统定量评估精神状态的方法和设备,加拿大,2007
CN104434092A,C14,脑电信号采集处理,一种集成有无线数据传输模块的脑电图检测仪,中国,2014
CN104503571A,C14,脑电信号采集处理,基于脑机接口的意念采集装置、电话终端及系统,中国,2014
CN106073768A,C14,脑电信号采集处理,人脑皮层神经电信号高灵敏度无创性探测及分析处理系统,中国,2016
CN106725464B,C14,脑电信号采集处理,-,中国,2017
CN108433721A,C14,脑电信号采集处理,基于虚拟现实的脑功能网络检测和调控的训练方法及系统,中国,2018
CN108852350A,C14,脑电信号采集处理,一种基于深度学习算法的头皮脑电图致痫区的识别与定位方法,中国,2018
CN108852350B,C14,脑电信号采集处理,一种基于深度学习算法的识别与定位头皮脑电图致痫区的建模方法,中国,2018
CN110188836A,C14,脑电信号采集处理,一种基于变分自编码器的脑功能网络分类方法,中国,2019
CN110236534A,C14,脑电信号采集处理,一种基于脑电相关性网络弹性的专注力评估方法,中国,2019
CN110236534B,C14,脑电信号采集处理,一种基于脑电相关性网络弹性的专注力评估方法,中国,2019
CN110399817A,C14,脑电信号采集处理,一种基于改进蝙蝠算法的eeg通道选择系统,中国,2019
CN110399817B,C14,脑电信号采集处理,一种基于改进蝙蝠算法的eeg通道选择方法,中国,2019
CN111046764A,C14,脑电信号采集处理,-,中国,2019
CN111343917A,C14,脑电信号采集处理,用于托管对高分辨率脑电图数据的移动访问的方法,中国,2018
CN111867448A,C14,脑电信号采集处理,用于计算脑活动的指示的方法和系统,中国,2018
CN113297442A,C14,脑电信号采集处理,基于web可视化平台的EEG实时交互分析系统和实时交互分析方法,中国,2020
CN113392733A,C14,脑电信号采集处理,基于标签对齐的多源域自适应跨被试EEG认知状态评估方法,中国,2021
CN113392733B,C14,脑电信号采集处理,基于标签对齐的多源域自适应跨被试EEG认知状态评估方法,中国,2021
CN113589941B,C14,脑电信号采集处理,一种脑机接口系统,中国,2021
CN113900520A,C14,脑电信号采集处理,一种虚拟现实多感知交互装置及方法,中国,2021
CN114003129A,C14,脑电信号采集处理,一种基于非侵入式脑机接口的意念控制虚实融合反馈方法,中国,2021
CN114896573A,C14,脑电信号采集处理,一种基于云平台的脑电实验数据可视化管理系统,中国,2022
CN115061567A,C14,脑电信号采集处理,防眩晕方法、装置、存储介质、处理设备及虚拟现实设备,中国,2022
CN115381454A,C14,脑电信号采集处理,高密脑电图帽、头皮和脑内脑电信号同步采集装置及方法,中国,2022
CN115381454B,C14,脑电信号采集处理,高密脑电图帽、头皮和脑内脑电信号同步采集装置及方法,中国,2022
CN115844325A,C14,脑电信号采集处理,一种面向超扫描应用的分布式fNIRS脑功能成像系统,中国,2022
CN115844325B,C14,脑电信号采集处理,一种面向超扫描应用的分布式fNIRS脑功能成像系统,中国,2022
CN115904084A,C14,脑电信号采集处理,信息互动方法、系统、存储介质、处理器及设备,中国,2022
CN115904084B,C14,脑电信号采集处理,信息互动方法、系统、存储介质、处理器及设备,中国,2022
CN117075741A,C14,脑电信号采集处理,一种意识交互沟通方法及系统,中国,2023
CN117075741B,C14,脑电信号采集处理,一种意识交互沟通方法及系统,中国,2023
CN118576224A,C14,脑电信号采集处理,-,中国,2024
CN118723920A,C14,脑电信号采集处理,基于行列寻址的高密度柔性神经电极阵列制造方法,中国,2024
CN118830845A,C14,脑电信号采集处理,一种基于EEG功能脑网络的抑郁症辅助诊断方法,中国,2024
CN119165965A,C14,脑电信号采集处理,-,中国,2024
CN119165965B,C14,脑电信号采集处理,-,中国,2024
CN119847336A,C14,脑电信号采集处理,一种基于脑电信号的中文连续语言文本重建方法,中国,2024
CN119847336B,C14,脑电信号采集处理,一种基于脑电信号的中文连续语言文本重建方法,中国,2024
CN120045917A,C14,脑电信号采集处理,一种基于多任务学习的eeg情绪识别与情绪障碍检测方法、装置、设备及介质,中国,2025
CN120162567A,C14,脑电信号采集处理,一种基于跨任务迁移学习的脑电信号特征增强与表征方法及系统,中国,2025
CN121144800A,C14,脑电信号采集处理,-,中国,2025
CN121524719A,C14,脑电信号采集处理,一种基于内在可塑性脉冲神经网络的情绪识别方法及系统,中国,2025
CN121943344A,C14,脑电信号采集处理,-,中国,2025
CN204765635U,C14,脑电信号采集处理,一种功能核磁共振和脑电同步采集脑信号装置,中国,2015
CN204863182U,C14,脑电信号采集处理,一种运动想象EEG和fNIRS同步采集脑信息装置,中国,2015
CN216394070U,C14,脑电信号采集处理,工作记忆头皮脑电图与功能性近红外光谱同步采集装置,中国,2021
EP2613222A4,C14,脑电信号采集处理,意图传达支持装置及方法,欧洲专利局,2011
EP3320480A1,C14,脑电信号采集处理,构建表示多个脑网络动态重组的数据结构的方法、相应设备和程序,欧洲专利局,2016
EP3718473A4,C14,脑电信号采集处理,脑内网络活动估计系统，脑内网络活动估计方法，脑内网络活动估计程序和学习的脑活动估计模型,欧洲专利局,2018
IN202521026664A,C14,脑电信号采集处理,一种可穿戴式脑机接口耳机,印度,2025
IN202531120857A,C14,脑电信号采集处理,彩色视觉诱发电位控制的脑机接口拼写器,印度,2025
JP2012183215A,C14,脑电信号采集处理,分析系统，脑电图分析装置和程序,日本,2011
JP4465414B2,C14,脑电信号采集处理,一种方法用于控制该装置使用所述脑和脑接口系统,日本,2009
KR102113684B1,C14,脑电信号采集处理,利用脑电波分析缓解虚拟现实晕动症的方法、虚拟现实显示设备和用于执行该方法的计算机可读介质,韩国,2018
KR20170074427A,C14,脑电信号采集处理,使用干电极的脑电图测量装置和方法,韩国,2015
KR20200036209A,C14,脑电信号采集处理,用于深度学习的脑电图数据增强方法及装置、执行该方法的记录介质,韩国,2018
KR20200091261A,C14,脑电信号采集处理,电子设备和诱导睡眠的方法,韩国,2019
KR20210033870A,C14,脑电信号采集处理,用于控制运动的装置和方法,韩国,2019
KR20240116093A,C14,脑电信号采集处理,使用人工神经网络的基于脑电图的用户认证方法和装置,韩国,2023
RU226130U1,C14,脑电信号采集处理,移动式脑电图仪,俄罗斯,2024
US10413208B2,C14,脑电信号采集处理,脑电图监测系统及监测脑电图的方法,美国,2011
US10668283B2,C14,脑电信号采集处理,脑刺激工具配置,美国,2015
US11432757B2,C14,脑电信号采集处理,用于托管对高分辨率脑电数据的移动访问的方法,美国,2018
US11701053B2,C14,脑电信号采集处理,高分辨率脑电数据移动访问托管方法,美国,2022
US12380193B2,C14,脑电信号采集处理,用于识别神经活动的机器学习模型的用户校准及其应用,美国,2024
US12386938B2,C14,脑电信号采集处理,使用与神经活动相关的生物特征模板进行认证及其应用,美国,2024
US2003176806A1,C14,脑电信号采集处理,智能监控系统和方法,美国,2003
US20060161072A1,C14,脑电信号采集处理,显示系统,美国,2006
US20070043401A1,C14,脑电信号采集处理,通过调节脑网络治疗中枢神经系统疾病的系统和方法,美国,2006
US20100016753A1,C14,脑电信号采集处理,用于便携式神经反馈的系统和方法,美国,2009
US20100262377A1,C14,脑电信号采集处理,EMG和EEG信号分离方法和装置,美国,2008
US20110307030A1,C14,脑电信号采集处理,用于评价和选择脑网络的电极位置以治疗脑疾病的方法,美国,2011
US2015038869A1,C14,脑电信号采集处理,用于脑健康的生理评估和脑电图系统远程质量控制的系统和方法,美国,2012
US2015065907A1,C14,脑电信号采集处理,通过运动识别选择性采集脑电图数据的装置和方法,美国,2014
US20170109437A1,C14,脑电信号采集处理,基于神经活动和生理数据的聚类分析,美国,2015
US20170120043A1,C14,脑电信号采集处理,脑网络治疗的程序调整,美国,2016
US2017224245A1,C14,脑电信号采集处理,用于诊断和治疗神经及心理障碍的系统,美国,2016
US2018178013A1,C14,脑电信号采集处理,闭环深部脑刺激系统和方法,美国,2016
US20190132733A1,C14,脑电信号采集处理,用于认证的脑电图模式识别的系统,美国,2017
US2019059770A1,C14,脑电信号采集处理,用于托管对高分辨率脑电图数据的移动访问的方法,美国,2018
US2019290157A1,C14,脑电信号采集处理,基于脑电图控制系统中的用户偏好和用户层级,美国,2018
US2020129081A1,C14,脑电信号采集处理,数据同步方法和系统,美国,2019
US2021030297A1,C14,脑电信号采集处理,便携式脑电图设备,美国,2019
US20220071544A1,C14,脑电信号采集处理,一种提高阻抗的脑电信号放大装置,美国,2021
US20220101997A1,C14,脑电信号采集处理,处理EEG数据的时域和频域表示,美国,2020
US2022015657A1,C14,脑电信号采集处理,使用孪生神经网络处理脑电图数据,美国,2020
US2022091669A1,C14,脑电信号采集处理,使用脑电波数据与查询助手软件的引导交互,美国,2020
US20230029127A1,C14,脑电信号采集处理,高分辨率脑电数据移动访问托管方法,美国,2022
US20230200647A1,C14,脑电信号采集处理,压缩脑电波生理信号传输方法,美国,2022
US2025114024A1,C14,脑电信号采集处理,用于以高空间和时间分辨率实时可视化脑活动的系统和方法,美国,2024
US2025217464A1,C14,脑电信号采集处理,机器学习模型的用户校准以识别神经活动及其应用,美国,2024
US2025217465A1,C14,脑电信号采集处理,使用与神经活动相关的生物特征模板进行认证及其应用,美国,2024
US2025217676A1,C14,脑电信号采集处理,在机器学习中使用环境刺激来识别神经活动及其应用,美国,2024
US4495950A,C14,脑电信号采集处理,QREEG过程矩阵同步系统,美国,1983
US5730146A,C14,脑电信号采集处理,传输、分析和报告EEG数据,美国,1994
US61349799P0,C14,脑电信号采集处理,基于手机的无线移动脑机接口,美国,2010
US62615108P0,C14,脑电信号采集处理,耳内EEG设备和脑-计算机接口,美国,2018
US63194111P0,C14,脑电信号采集处理,用于基于运动图像的脑机接口的无线软头皮电子和虚拟现实系统,美国,2021
US63311628P0,C14,脑电信号采集处理,通过无线软生物电子实现虚拟现实(VR)的脑-机接口,美国,2022
US7460905B2,C14,脑电信号采集处理,生命体征数据显示系统,美国,2006
US9521959B2,C14,脑电信号采集处理,使用超低功率直接电刺激反馈重新训练脑波模式的方法和系统,美国,2013
US9996154B2,C14,脑电信号采集处理,控制显示设备的装置和方法,美国,2014
WO2014172775A1,C14,脑电信号采集处理,方法和装置用于脑活性监测支撑精神状态的发展和训练,世界知识产权组织,2014
WO2014197387A1,C14,脑电信号采集处理,通过意图在增强现实中操纵虚拟对象,世界知识产权组织,2014
WO2016196790A1,C14,脑电信号采集处理,闭环脑深部刺激系统和方法,世界知识产权组织,2016
WO2017008926A1,C14,脑电信号采集处理,构建代表多个脑网络动态重组的数据结构的方法、相应设备和程序,世界知识产权组织,2016
WO2019102901A1,C14,脑电信号采集处理,脑内网络活动估计系统，脑内网络活动估计方法，脑内网络活动估计程序和学习的脑活动估计模型,世界知识产权组织,2018
WO2021011401A1,C14,脑电信号采集处理,具有皮下无线中继和外部可穿戴通信及电源设备的脑植入物,世界知识产权组织,2020
WO2021037617A1,C14,脑电信号采集处理,功能磁共振图像数据采集系统,世界知识产权组织,2020
WO2025141520A1,C14,脑电信号采集处理,利用机器学习解码神经活动及其应用,世界知识产权组织,2024
WO2025227081A1,C14,脑电信号采集处理,集成电生理监测的外科影像引导系统,世界知识产权组织,2025
CN109730701A,C15,心理生理反馈调节,一种情绪数据的获取方法及装置,中国,2019
CN116823408A,C15,心理生理反馈调节,基于虚拟现实的商品推荐方法、装置、终端及存储介质,中国,2023
JP7543450B2,C15,心理生理反馈调节,一种使用生物特征数据生成产品推荐的系统,日本,2021
KR1020250041363A,C15,心理生理反馈调节,使用脑电信号个性化建筑环境以帮助改善心理健康的方法和装置,韩国,2023
KR102358741B1,C15,心理生理反馈调节,一种基于痴呆患者记忆的大数据分析治疗痴呆患者的装置及方法,韩国,2019
US10772527B2,C15,心理生理反馈调节,大脑匹配,美国,2017
US11660419B2,C15,心理生理反馈调节,用于在虚拟现实或多感官环境中生成和操纵对象以维持用户积极状态的系统、设备和方法,美国,2022
US20040143170A1,C15,心理生理反馈调节,智能欺骗验证系统,美国,2003
US2017270411A1,C15,心理生理反馈调节,大脑匹配,美国,2017
US2017352283A1,C15,心理生理反馈调节,改善心理状态的自我管理评估和训练方法,美国,2017
US20190091470A1,C15,心理生理反馈调节,仿神经刺激装置和方法,美国,2018
US2022067376A1,C15,心理生理反馈调节,使用生物数据生成高亮图像的方法及其设备,美国,2020
US2023012960A1,C15,心理生理反馈调节,用于在虚拟现实或多感官环境中生成和操纵对象以维持用户积极状态的系统、设备和方法,美国,2022
US2023248936A1,C15,心理生理反馈调节,用于在虚拟现实或多感官环境中生成和操作对象以维持用户积极状态的系统、设备和方法,美国,2023
US63222873P0,C15,心理生理反馈调节,用于机器学习的系统、设备和方法,美国,2021
US63225152P0,C15,心理生理反馈调节,用于机器学习的系统、设备和方法,美国,2021
US9949376B2,C15,心理生理反馈调节,用于脑刺激和记录皮层植入系统,美国,2014
WO2015044851A2,C15,心理生理反馈调节,生理参数测量和反馈系统,世界知识产权组织,2014
WO2020159093A1,C15,心理生理反馈调节,使用生物特征数据生成高亮图像的方法及其设备,世界知识产权组织,2020
WO2023288089A1,C15,心理生理反馈调节,生成和操作虚拟现实或多感官环境中的对象以维持用户积极状态的系统、设备和方法,世界知识产权组织,2022
CA2986204A1,C16,事件相关电位检测,通过脑机接口进行图像分类,加拿大,2016
CA3133970A1,C16,事件相关电位检测,用于自动诱发电位测量的系统和方法,加拿大,2020
CN104783788A,C16,事件相关电位检测,脑波诱导控制方法和脑波诱导设备,中国,2015
CN111671418A,C16,事件相关电位检测,一种考虑脑工作状态的事件相关电位采集方法及系统,中国,2020
CN111671418B,C16,事件相关电位检测,一种考虑脑工作状态的事件相关电位采集方法及系统,中国,2020
CN121502352A,C16,事件相关电位检测,一种脑电基础模型高效微调方法、装置及设备,中国,2025
EP4100815A1,C16,事件相关电位检测,基于周期性运动的视觉刺激,欧洲专利局,2020
JP2022121968A,C16,事件相关电位检测,文本输入方法及句子输入装置,日本,2021
JP3993882B2,C16,事件相关电位检测,利用生物信号的控制方法及装置,日本,2005
JP7276354B2,C16,事件相关电位检测,认知能力检测装置及认知能力检测系统,日本,2019
JP7675526B2,C16,事件相关电位检测,文本输入方法及装置,日本,2021
JPWO2020138012A1,C16,事件相关电位检测,认知能力检测装置以及认知能力检测系统,日本,2019
US10390722B2,C16,事件相关电位检测,量化个人感知能力的方法,美国,2014
US10733625B2,C16,事件相关电位检测,神经反应刺激和刺激属性共振估计器,美国,2018
US10888241B2,C16,事件相关电位检测,客观确定图像视觉记忆的装置和方法,美国,2017
US11109795B2,C16,事件相关电位检测,用于测量和显示眼睛和大脑的生物电功能的装置和方法,美国,2018
US11763340B2,C16,事件相关电位检测,神经反应刺激和刺激属性共振估计器,美国,2022
US12343157B2,C16,事件相关电位检测,用线索反应性评估动机注意力,美国,2021
US20030073921A1,C16,事件相关电位检测,分析正在进行的和诱发的神经电活动的方法,美国,2002
US2009049089A1,C16,事件相关电位检测,信息处理系统、信息处理设备和方法,美国,2006
US2010317988A1,C16,事件相关电位检测,用于脑波接口系统的激活装置、方法和计算机程序,美国,2008
US20110188664A1,C16,事件相关电位检测,用于调整助听器装置、方法和程序,美国,2011
US20130053720A1,C16,事件相关电位检测,信息处理器和处理方法、程序和记录介质,美国,2012
US20130332259A1,C16,事件相关电位检测,神经反应刺激与刺激属性共振估计器,美国,2013
US2019139078A1,C16,事件相关电位检测,神经反应刺激和刺激属性共振估计器,美国,2018
US2019357798A1,C16,事件相关电位检测,心理评估和使用方法,美国,2019
US2020029851A1,C16,事件相关电位检测,用于测量和显示眼睛及大脑生物电功能的装置和方法,美国,2018
US20210282687A1,C16,事件相关电位检测,认知能力检测装置和认知能力检测系统,美国,2021
US2021076970A1,C16,事件相关电位检测,用于客观确定图像视觉记忆的装置和方法,美国,2020
US20220167908A1,C16,事件相关电位检测,用于自动诱发电位测量的系统和方法,美国,2020
US4861154A,C16,事件相关电位检测,具有稳态视觉诱发电位刺激器和产物检测器的自动视觉评估系统,美国,1986
US5052401A,C16,事件相关电位检测,用于稳定视觉诱发电位刺激器乘积检测器和乘积检测器,美国,1989
US5467777A,C16,事件相关电位检测,脑电图信息检测方法,美国,1994
US6832110B2,C16,事件相关电位检测,分析正在进行的和诱发的神经电活动的方法,美国,2002
US7945865B2,C16,事件相关电位检测,信息处理系统、信息处理装置及方法,美国,2006
US9149202B2,C16,事件相关电位检测,用于助听器调整的设备、方法和程序,美国,2011
US9798796B2,C16,事件相关电位检测,排名装置、排名方法及程序,美国,2012
WO2009057260A1,C16,事件相关电位检测,用于脑波接口的启动装置、方法和计算机程序,世界知识产权组织,2008
WO2013057928A1,C16,事件相关电位检测,听觉事件相关的电位测量系统，听觉事件相关的电位测量装置，听觉事件相关的潜在的测量方法，和计算机用于相同的程序,世界知识产权组织,2012
WO2023232268A1,C16,事件相关电位检测,移动系统及相关控制器、方法、软件和计算机可读介质,世界知识产权组织,2022
WO2024262759A1,C16,事件相关电位检测,使用脑电波评估认知功能的方法和装置,世界知识产权组织,2024
AU2022203926B2,C17,神经反馈刺激分析,用于具有EEG和生物测定传感器的可穿戴设备的方法和装置,澳大利亚,2022
AU2024203319A1,C17,神经反馈刺激分析,具有不可检测的神经反应的脊髓刺激治疗中的闭环控制,澳大利亚,2024
CN101015451A,C17,神经反馈刺激分析,一种音乐脑电分析方法,中国,2007
CN101815467A,C17,神经反馈刺激分析,神经反应刺激和刺激属性谐振估计器,中国,2008
CN109859570A,C17,神经反馈刺激分析,一种大脑训练方法及系统,中国,2018
CN112512423A,C17,神经反馈刺激分析,用于具有EEG和生物计量传感器的可穿戴设备的方法和装置,中国,2019
CN115067971A,C17,神经反馈刺激分析,基于脑电信号反馈控制虚拟对象的神经反馈系统,中国,2022
CN115067971B,C17,神经反馈刺激分析,基于脑电信号反馈控制虚拟对象的神经反馈系统,中国,2022
CN116421199A,C17,神经反馈刺激分析,一种神经反馈非应答者的检测方法及系统,中国,2023
CN118105599A,C17,神经反馈刺激分析,一种基于脑电波的睡眠管理系统,中国,2024
CN118105599B,C17,神经反馈刺激分析,一种基于脑电波的睡眠管理系统,中国,2024
CN118742876A,C17,神经反馈刺激分析,神经反馈训练的方法和系统,中国,2023
CN118749999A,C17,神经反馈刺激分析,基于脑电时频分析的虚拟现实视频效果评估方法,中国,2024
CN119113329A,C17,神经反馈刺激分析,一种基于个体化音乐脑电神经反馈的主被动压力调节系统和方法,中国,2024
CN121306437A,C17,神经反馈刺激分析,基于脑电大模型的神经反馈训练系统、方法及设备,中国,2025
EP3694410A4,C17,神经反馈刺激分析,用于具有EEG和生物测量传感器的可佩戴设备的方法和装置,欧洲专利局,2019
EP4009333A1,C17,神经反馈刺激分析,通过神经反馈监测进行个性化注意力偏差修正处理的方法和系统,欧洲专利局,2020
IDP00202501303A,C17,神经反馈刺激分析,一种神经反馈训练提取大脑区域真实性的方法,其他,2025
JP2010535083A,C17,神经反馈刺激分析,所述估计装置及刺激属性谐振刺激响应神经细胞,日本,2008
JP2010535083A5,C17,神经反馈刺激分析,所述估计装置及刺激属性谐振刺激响应神经细胞,日本,2008
JP2010537738A,C17,神经反馈刺激分析,消费者的体验评估装置,日本,2008
JP2010537738A5,C17,神经反馈刺激分析,消费者的体验评估装置,日本,2008
KR1020250090382A,C17,神经反馈刺激分析,脑机接口,韩国,2020
KR102055558B1,C17,神经反馈刺激分析,使用健康帽的大脑开发方法,韩国,2019
US10140628B2,C17,神经反馈刺激分析,基于内容的广告插播选择与元标记,美国,2012
US10478086B2,C17,神经反馈刺激分析,皮质兴奋性的测量,美国,2016
US10946165B2,C17,神经反馈刺激分析,使用非侵入性感觉通路刺激调节脑电波活动,美国,2016
US11583678B2,C17,神经反馈刺激分析,具有神经退行性疾病检测的神经刺激系统,美国,2020
US12496426B2,C17,神经反馈刺激分析,多模态动态夹带增强神经反馈系统,美国,2024
US12605548B2,C17,神经反馈刺激分析,脊髓刺激中的闭环控制,美国,2022
US12629073B2,C17,神经反馈刺激分析,用于从稳态视觉诱发电位向目标情感偏向注意提供神经反馈以治疗诸如焦虑和抑郁的治疗结果的系统和方法,美国,2023
US20040138578A1,C17,神经反馈刺激分析,用于实现认知-情绪简档变化的实时自适应系统的方法和系统,美国,2003
US20090036756A1,C17,神经反馈刺激分析,神经反应刺激与刺激属性共振估计器,美国,2008
US20090062629A1,C17,神经反馈刺激分析,使用受试者神经响应测量刺激放置系统,美国,2008
US20090062681A1,C17,神经反馈刺激分析,广告时段的内容选择与元标记,美国,2008
US20090063255A1,C17,神经反馈刺激分析,消费者体验评估系统,美国,2008
US20090082643A1,C17,神经反馈刺激分析,使用脑磁图分析营销和娱乐效果,美国,2008
US20090328089A1,C17,神经反馈刺激分析,受众反应测量和跟踪系统,美国,2008
US20100249636A1,C17,神经反馈刺激分析,电子游戏中个性化刺激的放置,美国,2009
US20110046504A1,C17,神经反馈刺激分析,分布式神经响应数据采集与分析,美国,2010
US20110270620A1,C17,神经反馈刺激分析,神经情感追踪系统,美国,2011
US20110282231A1,C17,神经反馈刺激分析,脑电图数据采集机制,美国,2010
US20110282232A1,C17,神经反馈刺激分析,神经反应数据同步,美国,2010
US20120108995A1,C17,神经反馈刺激分析,购买后神经反应评估,美国,2010
US2014163410A1,C17,神经反馈刺激分析,神经反馈治疗系统和方法,美国,2013
US2018075772A1,C17,神经反馈刺激分析,使用神经反馈监测学习表现,美国,2016
US2018132747A1,C17,神经反馈刺激分析,监测脑神经活动,美国,2016
US2019090776A1,C17,神经反馈刺激分析,改进的神经反馈设备,美国,2017
US2021031043A1,C17,神经反馈刺激分析,具有神经退行性疾病检测的神经刺激系统,美国,2020
US2023032492A1,C17,神经反馈刺激分析,脑机接口,美国,2021
US20240090810A1,C17,神经反馈刺激分析,用于提供来自稳态视觉诱发电位的神经反馈以靶向影响偏倚注意力以治疗诸如焦虑和抑郁的治疗结果的系统和方法,美国,2023
US63321650P0,C17,神经反馈刺激分析,脑机接口,美国,2022
US63325973P0,C17,神经反馈刺激分析,脑机接口,美国,2022
US63374509P0,C17,神经反馈刺激分析,神经反馈促进大脑相干性的方法,美国,2022
US6366813B1,C17,神经反馈刺激分析,闭环颅内刺激用于神经疾病的最佳控制的装置和方法,美国,1999
US7269456B2,C17,神经反馈刺激分析,对EEG神经反馈方案的重复视觉刺激,美国,2002
US8392255B2,C17,神经反馈刺激分析,广告时段的内容选择与元标记,美国,2008
US8484081B2,C17,神经反馈刺激分析,使用中枢神经系统、自主神经系统和效应器数据分析营销和娱乐效果,美国,2008
US9320900B2,C17,神经反馈刺激分析,用于确定神经调节治疗的对象特异性参数的方法和系统,美国,2006
US9764109B2,C17,神经反馈刺激分析,关联脑活动的方法,美国,2012
US9886981B2,C17,神经反馈刺激分析,基于神经反馈的刺激压缩设备,美国,2008
WO2008141340A1,C17,神经反馈刺激分析,听众响应测量和跟踪系统,世界知识产权组织,2008
WO2008154410A1,C17,神经反馈刺激分析,多-市场程序和商业响应监控系统使用神经-响应测量,世界知识产权组织,2008
WO2014116826A1,C17,神经反馈刺激分析,移动式神经辅助个人助理,世界知识产权组织,2014
WO2019111062A1,C17,神经反馈刺激分析,脑电听觉和视觉刺激注意力监测器,世界知识产权组织,2018
WO2022117395A1,C17,神经反馈刺激分析,通过神经反馈监测进行个性化注意力偏差修正处理的方法和系统,世界知识产权组织,2021
WO2024050545A2,C17,神经反馈刺激分析,用于促进大脑协同性的神经反馈的系统、设备和方法,世界知识产权组织,2023
WO2024050545A3,C17,神经反馈刺激分析,用于促进大脑协调的神经反馈系统、设备和方法,世界知识产权组织,2023
WO2024197268A1,C17,神经反馈刺激分析,多模态动态夹带增强神经反馈系统,世界知识产权组织,2024
WO2025055849A1,C17,神经反馈刺激分析,使用功能神经成像和机器学习检测和预测神经认知能力下降,世界知识产权组织,2024
WO9001897A1,C17,神经反馈刺激分析,装置用于翻译所述的EEG成音乐,世界知识产权组织,1988
CN104689470A,C18,神经刺激同步递送,一种植入式神经刺激系统,中国,2015
CN106874672A,C18,神经刺激同步递送,一种显示脑电图数据的方法及移动终端,中国,2017
CN106874672B,C18,神经刺激同步递送,一种显示脑电图数据的方法及移动终端,中国,2017
CN108379736B,C18,神经刺激同步递送,能消除背景电压影响的脑神经刺激装置,中国,2015
CN110381814A,C18,神经刺激同步递送,用于神经刺激干预到神经生理活动的低延迟自动化闭环同步的方法,中国,2018
CN117180612A,C18,神经刺激同步递送,植入式电极、刺激器及其控制方法、存储介质,中国,2023
CN117180612B,C18,神经刺激同步递送,植入式电极、刺激器及其控制方法、存储介质,中国,2023
DE102012002437A1,C18,神经刺激同步递送,装置和程序用于该测量的一种invasiven，电和desynchronisierenden神经刺激,德国,2012
ES2342249B1,C18,神经刺激同步递送,用于呈现触觉刺激并同时记录脑电图的装置,其他,2008
US10953230B2,C18,神经刺激同步递送,神经刺激器和用于响应于预测的或检测的神经生理状况而递送刺激的方法,美国,2017
US11896852B2,C18,神经刺激同步递送,闭环无创经颅刺激和神经活动记录系统及方法,美国,2020
US11992685B2,C18,神经刺激同步递送,用于响应于预测或检测到的神经生理状况而递送刺激的神经刺激器和方法,美国,2021
US12239833B2,C18,神经刺激同步递送,自适应闭环DBS刺激控制,美国,2024
US12638918B2,C18,神经刺激同步递送,基于脑电图的用户界面用于虚拟和增强现实系统,美国,2024
US20020072770A1,C18,神经刺激同步递送,减少癫痫发作的电刺激策略,美国,2001
US20020077670A1,C18,神经刺激同步递送,用于可植入装置的刺激信号发生器,美国,2001
US20070233192A1,C18,神经刺激同步递送,一种迷走神经刺激方法,美国,2007
US20120191158A1,C18,神经刺激同步递送,迷走神经刺激法,美国,2012
US20150018898A1,C18,神经刺激同步递送,用于校准侵入式电去同步神经刺激的装置和方法,美国,2013
US20150297444A1,C18,神经刺激同步递送,用于校准非侵入性去同步神经刺激的装置和方法,美国,2013
US20160008620A1,C18,神经刺激同步递送,使用电磁脉冲进行治疗性脑刺激的方法和系统,美国,2015
US20160331968A1,C18,神经刺激同步递送,皮质视觉假体,美国,2016
US2020329884A1,C18,神经刺激同步递送,生物反馈椅系统,美国,2020
US20220111222A1,C18,神经刺激同步递送,具有随机可变脉冲间隔的磁刺激,美国,2021
US20230071069A1,C18,神经刺激同步递送,电、磁神经调控,美国,2022
US20250242167A1,C18,神经刺激同步递送,使用基于全局优化的时间预测的闭环神经刺激,美国,2023
US5938689A,C18,神经刺激同步递送,用于脑神经起搏的电极结构,美国,1998
US6466822B1,C18,神经刺激同步递送,多模式神经刺激器及其使用方法,美国,2000
US7174213B2,C18,神经刺激同步递送,减少癫痫发作的电刺激策略,美国,2001
US8150508B2,C18,神经刺激同步递送,迷走神经刺激法,美国,2007
US8280505B2,C18,神经刺激同步递送,迷走神经刺激法,美国,2009
US9220897B2,C18,神经刺激同步递送,可植入铅,美国,2013
US9289599B2,C18,神经刺激同步递送,迷走神经刺激法,美国,2012
US9440064B2,C18,神经刺激同步递送,用于颅骨/大脑接口系统、方法和装置,美国,2014
US9486389B2,C18,神经刺激同步递送,用于校准非侵入性去同步神经刺激的装置和方法,美国,2013
WO2008025048A3,C18,神经刺激同步递送,借助脑电图或皮层电图控制设备的方法和装置,世界知识产权组织,2007
WO2013117656A2,C18,神经刺激同步递送,设备和方法用于校准侵入性失电neurostimulation,世界知识产权组织,2013
WO2023147514A1,C18,神经刺激同步递送,用于随机化协调重置深部脑刺激的系统和方法,世界知识产权组织,2023
ATE1625331T1,C19,脑机接口交互控制,使用心理状态的物理检测对直接神经接口进行自适应学习的方法,其他,2021
CA3214642A1,C19,脑机接口交互控制,使用稳态运动视觉诱发电位的增强现实异步脑机接口,加拿大,2022
CN103955269A,C19,脑机接口交互控制,一种基于虚拟现实环境的智能眼镜脑-机接口方法,中国,2014
CN108970109A,C19,脑机接口交互控制,一种基于意念控制的虚拟现实游戏的方法、装置和系统,中国,2018
CN109460144A,C19,脑机接口交互控制,一种基于发声神经电位的脑机接口控制系统及方法,中国,2018
CN109483572A,C19,脑机接口交互控制,-,中国,2018
CN109483572B,C19,脑机接口交互控制,-,中国,2018
CN110442244A,C19,脑机接口交互控制,-,中国,2019
CN112201324A,C19,脑机接口交互控制,一种脑机接口康复训练系统及方法,中国,2020
CN113413157A,C19,脑机接口交互控制,一种在颅骨上构建的智能交互平台,中国,2021
CN113413157B,C19,脑机接口交互控制,一种在颅骨上构建的智能交互平台,中国,2021
CN113589941A,C19,脑机接口交互控制,一种脑机接口系统,中国,2021
CN114447725B,C19,脑机接口交互控制,-,中国,2021
CN116212231A,C19,脑机接口交互控制,一种基于脑机接口的经颅直流电刺激记忆增强方法,中国,2023
CN116212231B,C19,脑机接口交互控制,-,中国,2023
CN117493774A,C19,脑机接口交互控制,一种类听觉系统驱动的脑机接口听觉空间注意力检测系统,中国,2023
CN117493774B,C19,脑机接口交互控制,一种类听觉系统驱动的脑机接口听觉空间注意力检测系统,中国,2023
CN118592963A,C19,脑机接口交互控制,-,中国,2024
CN120353998A,C19,脑机接口交互控制,-,中国,2025
CN121059966A,C19,脑机接口交互控制,-,中国,2025
CN122111663A,C19,脑机接口交互控制,-,中国,2026
EP3629912A1,C19,脑机接口交互控制,具有电生理传感器的可穿戴计算设备,欧洲专利局,2018
EP4193909A1,C19,脑机接口交互控制,脑机接口系统,欧洲专利局,2021
EP4579401A1,C19,脑机接口交互控制,脑机接口设备的控制方法及装置，以及脑机接口设备,欧洲专利局,2024
EP4701716A1,C19,脑机接口交互控制,用于恢复运动功能和促进神经康复的神经调节/神经刺激系统,欧洲专利局,2024
IL274608A,C19,脑机接口交互控制,与脑活动快速解码协同的交互式电子内容递送方法,以色列,2020
IL274608A0,C19,脑机接口交互控制,与大脑活动快速解码协调的交互式电子内容交付,以色列,2020
IL274608B1,C19,脑机接口交互控制,与脑活动快速解码协同的交互式电子内容递送方法,以色列,2020
IL274608B2,C19,脑机接口交互控制,与脑活动快速解码协同的交互式电子内容递送方法,以色列,2020
IN202111017446A,C19,脑机接口交互控制,基于应用程序的系统和方法，从人的视觉和对话中生成图像，使用EEG耳机,印度,2021
IN202111028383A,C19,脑机接口交互控制,使用EEG头戴设备和辅助外骨骼的改进的脑卒中康复系统和方法,印度,2021
IN202421079453A,C19,脑机接口交互控制,神经动力学知情机器学习以提升脑机接口性能,印度,2024
IN202424100061A,C19,脑机接口交互控制,脑机接口设备的控制方法及装置，以及脑机接口设备,印度,2024
IN202441101346A,C19,脑机接口交互控制,结合眼动追踪的混合式脑电图脑机接口用于计算机导航中的光标控制,印度,2024
IN202541098688A,C19,脑机接口交互控制,一种基于脑机接口控制外骨骼的神经康复系统及方法,印度,2025
IN202641068096A,C19,脑机接口交互控制,用于辅助机器人控制的帧同步嵌套混合脑机接口,印度,2026
JP2021504853A,C19,脑机接口交互控制,发送与脑活动快速解码相关联的交互式电子内容,日本,2018
KR1020170143062A,C19,脑机接口交互控制,该装置与眼镜的脑-机接口的智能控制模块,韩国,2016
KR1020180006573A,C19,脑机接口交互控制,形成多体验的装置和方法,韩国,2016
KR1020230162116A,C19,脑机接口交互控制,使用稳态运动视觉诱发电位的AR中的异步脑机接口,韩国,2022
KR102149615B1,C19,脑机接口交互控制,脑机接口学习系统及其方法,韩国,2019
KR20180045278A,C19,脑机接口交互控制,基于生物传感器的虚拟现实认知康复系统,韩国,2016
KR20250067429A,C19,脑机接口交互控制,利用脑机接口技术检测最小意识状态患者脑反应的系统和方法,韩国,2023
US11025981B2,C19,脑机接口交互控制,促进具有脑-计算机交互作用的全景视频流,美国,2019
US11558653B2,C19,脑机接口交互控制,利用脑机交互促进全景视频流式传输,美国,2021
US11662816B2,C19,脑机接口交互控制,结合脑活动快速解码的交互式电子内容递送,美国,2018
US12147603B2,C19,脑机接口交互控制,与大脑活动快速解码协调的交互式电子内容交付,美国,2023
US12167066B2,C19,脑机接口交互控制,利用脑机交互促进全景视频流,美国,2022
US12447349B2,C19,脑机接口交互控制,脑-计算机接口系统,美国,2021
US12572208B1,C19,脑机接口交互控制,具有深度学习功能的脑机接口（BCI）系统，用于通过电信网络传输通信,美国,2025
US2014303511A1,C19,脑机接口交互控制,脑电图中的单次试验检测,美国,2014
US2014354532A1,C19,脑机接口交互控制,通过意图在增强现实中操纵虚拟对象,美国,2013
US20200330749A1,C19,脑机接口交互控制,颅骨内脑机接口系统及其制造、植入和使用的系统和方法,美国,2018
US20200356171A1,C19,脑机接口交互控制,与大脑活动快速解码协调的交互式电子内容交付,美国,2018
US20210250638A1,C19,脑机接口交互控制,促进具有脑-计算机交互作用的全景视频流,美国,2021
US2022176136A1,C19,脑机接口交互控制,脑机接口系统,美国,2021
US2022326771A1,C19,脑机接口交互控制,使用稳态运动视觉诱发电位的增强现实异步脑机接口,美国,2022
US20230121616A1,C19,脑机接口交互控制,利用脑机交互促进全景视频流式传输,美国,2022
US2023259208A1,C19,脑机接口交互控制,与脑活动快速解码协调的交互式电子内容传递,美国,2023
US2024288940A1,C19,脑机接口交互控制,使用稳态运动视觉诱发电位的增强现实异步脑机接口,美国,2024
US20250216942A1,C19,脑机接口交互控制,脑机接口设备的控制方法及装置，以及脑机接口设备,美国,2024
US20250273078A1,C19,脑机接口交互控制,神经反馈训练输出脑区现实的方法,美国,2024
US60476507P0,C19,脑机接口交互控制,基于脑机接口的通信方法,美国,2003
US62873745P0,C19,脑机接口交互控制,具有皮下无线中继和外部可佩戴通信和电源装置的脑植入物,美国,2019
US7546158B2,C19,脑机接口交互控制,基于脑机接口的通信方法,美国,2004
US9354702B2,C19,脑机接口交互控制,通过思维操纵增强现实中的虚拟对象,美国,2013
US9996155B2,C19,脑机接口交互控制,通过思维操纵增强现实中的虚拟对象,美国,2016
US9996983B2,C19,脑机接口交互控制,基于意图的增强现实中虚拟对象操控,美国,2016
WO03073175A2,C19,脑机接口交互控制,智能监控系统的方法和系统,世界知识产权组织,2003
WO2011150407A3,C19,脑机接口交互控制,基于手机的无线和移动脑-机器接口,世界知识产权组织,2011
WO2019104008A1,C19,脑机接口交互控制,与大脑活动快速解码协调的交互式电子内容交付,世界知识产权组织,2018
WO2019130248A1,C19,脑机接口交互控制,颅骨内脑机接口系统及其制造、植入和使用的系统和方法,世界知识产权组织,2018
CN114652532A,C20,脑控轮椅交互系统,基于ssvep与注意力检测的多功能脑控轮椅系统,中国,2022
CN114652532B,C20,脑控轮椅交互系统,基于ssvep与注意力检测的多功能脑控轮椅系统,中国,2022
EP4531786A1,C20,脑控轮椅交互系统,移动系统及相关控制器、方法、软件和计算机可读介质,欧洲专利局,2022
GR1010460B,C20,脑控轮椅交互系统,移动系统及相关控制器、方法、软件和计算机可读介质,其他,2022
IN202541125672A,C20,脑控轮椅交互系统,基于视网膜图像、摄像头及脑电图信号的轮椅运动控制系统,印度,2025
IN202641038960A,C20,脑控轮椅交互系统,无创脑电图脑机接口机器人控制系统，具备自适应眨眼检测和移动辅助功能,印度,2026
KR20180000768A,C20,脑控轮椅交互系统,HMD头戴设备及其输入方法,韩国,2016
US11738192B2,C20,脑控轮椅交互系统,神经刺激装置,美国,2022
US2020281530A1,C20,脑控轮椅交互系统,可调节电极头戴设备,美国,2019
US2021015392A1,C20,脑控轮椅交互系统,深部颅内电极、脑电图仪及其制造方法,美国,2019
US2025344989A1,C20,脑控轮椅交互系统,移动系统及相关控制器、方法、软件和计算机可读介质,美国,2022
US9885869B2,C20,脑控轮椅交互系统,思考与缩放,美国,2015
CN106355189A,C21,多模态脑电融合分析,基于灰建模的EEG-fMRI融合方法,中国,2015
CN107887031A,C21,多模态脑电融合分析,基于同步筛选的脑区间耦合分析方法,中国,2017
CN109069052A,C21,多模态脑电融合分析,用于脑电图与振荡电光相关事件和运动行为的模拟同步的模块化装置和方法,中国,2017
CN109214259A,C21,多模态脑电融合分析,基于EEG信号锁相调制的共同空间模式方法,中国,2017
CN109222965A,C21,多模态脑电融合分析,一种同步EEG-fMRI的在线去伪迹方法,中国,2018
CN113040789A,C21,多模态脑电融合分析,一种同步EEG-fMRI数据采集中核磁伪迹的在线去除方法,中国,2021
CN114449949A,C21,多模态脑电融合分析,用于功能性磁共振图像数据采集的系统,中国,2020
CN114781441A,C21,多模态脑电融合分析,EEG运动想象分类方法及多空间卷积神经网络模型,中国,2022
CN115211868A,C21,多模态脑电融合分析,融合Topomap图像识别与fMRI结合的高精度EEG识别系统,中国,2022
CN115211868B,C21,多模态脑电融合分析,融合Topomap图像识别与fMRI结合的高精度EEG识别系统,中国,2022
CN120067843A,C21,多模态脑电融合分析,基于聚合感知增强卷积Transformer网络的EEG信号解码方法、装置、设备和介质,中国,2025
CN120196869A,C21,多模态脑电融合分析,-,中国,2025
EP270535B1,C21,多模态脑电融合分析,脑电图的注意，监视器,欧洲专利局,1986
EP3430997A4,C21,多模态脑电融合分析,用于脑电图与发光事件，电性质的振荡事件和运动行为事件的类似同步的模块化设备和方法,欧洲专利局,2017
EP3785625A1,C21,多模态脑电融合分析,用于集成EEG功能的磁共振图像数据采集的系统,欧洲专利局,2019
EP4021291B1,C21,多模态脑电融合分析,用于功能磁共振图像数据采集的系统,欧洲专利局,2020
JP2024531871A,C21,多模态脑电融合分析,基于精神图像的神经反馈改善认知功能,日本,2022
JP63500434A,C21,多模态脑电融合分析,用于评估感兴趣的视觉刺激的方法和装置,日本,1986
JP7766173B2,C21,多模态脑电融合分析,基于精神图像的神经反馈改善认知功能,日本,2022
KR100740881B1,C21,多模态脑电融合分析,EEG的同步数据的装置和方法在相同的事件，和EEG分析系统的使用及其,韩国,2005
KR1020230120957A,C21,多模态脑电融合分析,确定脑活动的方法和实施该方法的电子设备,韩国,2022
RU2013110218A,C21,多模态脑电融合分析,θ的增加的EEG活性的方法-，α-节律脑,俄罗斯,2013
US10588561B1,C21,多模态脑电融合分析,用于映射癫痫网络和外科规划的非侵入性系统和方法,美国,2018
US10743790B2,C21,多模态脑电融合分析,基于脑活动的主观显著性评估工具,美国,2011
US11009952B2,C21,多模态脑电融合分析,用于计算机控制的脑电图接口,美国,2020
US11517245B2,C21,多模态脑电融合分析,数据同步的方法和系统,美国,2019
US11633139B2,C21,多模态脑电融合分析,自容式脑电记录系统,美国,2022
US12178616B2,C21,多模态脑电融合分析,确定脑活动的方法和执行该方法的电子设备,美国,2022
US20020117176A1,C21,多模态脑电融合分析,麻醉控制系统,美国,2001
US20030158495A1,C21,多模态脑电融合分析,基于颜色的神经反馈,美国,2002
US20040210156A1,C21,多模态脑电融合分析,基于颜色的神经反馈,美国,2004
US20090156954A1,C21,多模态脑电融合分析,用于评估注意缺陷的方法、装置和计算机程序产品,美国,2008
US20110184307A1,C21,多模态脑电融合分析,用于使EEG与辅助输出，特别是视频同步的系统,美国,2009
US20110237923A1,C21,多模态脑电融合分析,用于检测EEG信号干电极和用于保持所述干电极的附接装置,美国,2010
US20120184869A1,C21,多模态脑电融合分析,一种脑电信号处理方法,美国,2011
US2019104960A1,C21,多模态脑电融合分析,用于模拟脑电图与振荡电光相关事件及运动行为同步的模块化设备和方法,美国,2017
US2020352464A1,C21,多模态脑电融合分析,将神经电测量与诊断内容呈现同步,美国,2020
US20220110578A1,C21,多模态脑电融合分析,用于触发用于诱发脑反应分析的刺激的方法和装置,美国,2021
US20220313135A1,C21,多模态脑电融合分析,用于测量EEG信号的方法和系统,美国,2020
US20220317215A1,C21,多模态脑电融合分析,用于功能磁共振图像数据采集的系统,美国,2020
US2022354411A1,C21,多模态脑电融合分析,基于源定位和脑网络的自然运动脑电图识别方法,美国,2020
US2025213170A1,C21,多模态脑电融合分析,多任务学习识别神经活动及其应用,美国,2024
US4579125A,C21,多模态脑电融合分析,实时脑电频谱分析仪,美国,1984
US4955388A,C21,多模态脑电融合分析,脑电图注意力监视器,美国,1987
US5445162A,C21,多模态脑电融合分析,用于在磁共振成像期间记录脑电图设备和方法,美国,1993
US5846208A,C21,多模态脑电融合分析,用于评估EEG数据的方法和装置,美国,1997
US6236885B1,C21,多模态脑电融合分析,将显示刺激与测试对象对该刺激的响应相关联的系统,美国,1999
US6625485B2,C21,多模态脑电融合分析,对人的警觉性进行量化的方法,美国,2002
US6795724B2,C21,多模态脑电融合分析,基于颜色的神经反馈,美国,2002
US7035686B2,C21,多模态脑电融合分析,基于颜色的神经反馈,美国,2004
US7403814B2,C21,多模态脑电融合分析,用于评估注意缺陷的方法、装置和计算机程序产品,美国,2003
US8340752B2,C21,多模态脑电融合分析,用于评估注意缺陷的方法、装置和计算机程序产品,美国,2008
WO2004034870A2,C21,多模态脑电融合分析,EEG系统用于时间-定标表示,世界知识产权组织,2003
WO2013080992A1,C21,多模态脑电融合分析,EEG测量电极，EEG测量部件，和EEG测量装置。,世界知识产权组织,2012
WO2019046799A1,C21,多模态脑电融合分析,一种托管移动接入高分辨率脑电图数据的方法,世界知识产权组织,2018
WO2019101931A1,C21,多模态脑电融合分析,用于检测脑电图响应的具有可穿戴传感器的系统,世界知识产权组织,2018
WO2020255142A3,C21,多模态脑电融合分析,用于测量EEG信号的方法和系统,世界知识产权组织,2020
WO2022204726A1,C21,多模态脑电融合分析,基于脑电(EEG)的经颅磁刺激(TMS)治疗,世界知识产权组织,2022
AU2014275184A1,C22,脑机虚拟交互控制,通过意图在增强现实中操纵虚拟对象,澳大利亚,2014
AU2014275189A1,C22,脑机虚拟交互控制,通过思维操控增强现实中的虚拟对象,澳大利亚,2014
CN104853287A,C22,脑机虚拟交互控制,一种基于便携式脑电波感应耳机的音乐终端实时交互系统,中国,2015
CN107329571A,C22,脑机虚拟交互控制,-,中国,2017
CN107329571B,C22,脑机虚拟交互控制,-,中国,2017
CN107479696A,C22,脑机虚拟交互控制,基于p300范式虚拟现实脑‑机接口系统和实现方法,中国,2017
CN110502101A,C22,脑机虚拟交互控制,基于脑电信号采集的虚拟现实交互方法及装置,中国,2019
CN114003129B,C22,脑机虚拟交互控制,-,中国,2021
CN114637396A,C22,脑机虚拟交互控制,一种基于ssvep的虚拟现实交互系统及其控制方法,中国,2022
CN116841387A,C22,脑机虚拟交互控制,-,中国,2023
CN119248115A,C22,脑机虚拟交互控制,一种基于生成式大模型的脑机接口交互系统,中国,2024
EP3048955A2,C22,脑机虚拟交互控制,生理参数测量和反馈系统,欧洲专利局,2014
EP3863276A1,C22,脑机虚拟交互控制,通过意图在增强现实中操纵虚拟对象,欧洲专利局,2014
EP3903323A4,C22,脑机虚拟交互控制,用于建模神经活动的系统和方法,欧洲专利局,2020
KR20210090900A,C22,脑机虚拟交互控制,脑机接口链接的增强现实智能镜系统及提供镜像的方法,韩国,2020
RU2798703C1,C22,脑机虚拟交互控制,认知与言语障碍患者的社会适应方法,俄罗斯,2021
US2014354534A1,C22,脑机虚拟交互控制,通过思维在增强现实中操纵虚拟对象,美国,2013
US2016246371A1,C22,脑机虚拟交互控制,通过思维操纵增强现实中的虚拟对象,美国,2016
US2019294244A1,C22,脑机虚拟交互控制,脑电图控制可控设备,美国,2018
US20220125368A1,C22,脑机虚拟交互控制,用于建模神经活动的系统和方法,美国,2020
US5571057A,C22,脑机虚拟交互控制,用于改变视觉图像序列的装置和方法,美国,1994
US9383819B2,C22,脑机虚拟交互控制,基于意图的增强现实中虚拟对象操控,美国,2013
US9824607B1,C22,脑机虚拟交互控制,基于潜意识决策相关刺激的脑机接口以提取用户意图,美国,2013
WO2014197392A1,C22,脑机虚拟交互控制,通过思维操控增强现实中的虚拟对象,世界知识产权组织,2014
WO2016080341A1,C22,脑机虚拟交互控制,使用脑电图的相似性评价方法，评价装置，评价系统和程序,世界知识产权组织,2015
WO2017215177A1,C22,脑机虚拟交互控制,一种虚拟现实中内容交互的方法和装置,世界知识产权组织,2016
WO2019133609A1,C22,脑机虚拟交互控制,用于计算机控制的脑电图接口,世界知识产权组织,2018
CN105487676A,C23,生物信号虚拟交互,具有基于头部生物电信号的人机交互功能的虚拟现实设备,中国,2016
CN111447536A,C23,生物信号虚拟交互,助听装置及其控制方法,中国,2014
CN111447536B,C23,生物信号虚拟交互,助听装置及其控制方法,中国,2014
CN113995411A,C23,生物信号虚拟交互,一种小型便携式多模态鉴赏评估系统及方法,中国,2021
EP3714353A1,C23,生物信号虚拟交互,生物电位唤醒词,欧洲专利局,2018
KR1020210022944A,C23,生物信号虚拟交互,基于生物信号的化身控制系统及方法,韩国,2019
KR102072444B1,C23,生物信号虚拟交互,可附接到头戴式显示器设备并从其拆卸的生物信号测量设备及其使用方法,韩国,2018
KR102313622B1,C23,生物信号虚拟交互,基于生物信号的虚拟形象控制系统和方法,韩国,2019
KR102439557B1,C23,生物信号虚拟交互,利用生物信号的VR内容提供系统,韩国,2020
KR20180058870A,C23,生物信号虚拟交互,用于脑健康多模态生理评估的外形因素,韩国,2014
KR20210022944A,C23,生物信号虚拟交互,基于生物信号的虚拟形象控制系统及方法,韩国,2019
US10452144B2,C23,生物信号虚拟交互,具有电生理传感器的可穿戴计算设备,美国,2018
US10942568B2,C23,生物信号虚拟交互,具有电生理传感器的可穿戴计算设备,美国,2019
US11520404B2,C23,生物信号虚拟交互,具有电生理传感器的可穿戴计算设备,美国,2021
US11609632B2,C23,生物信号虚拟交互,基于生物信号的化身控制系统和方法,美国,2019
US11727792B2,C23,生物信号虚拟交互,光电生物电位控制器,美国,2019
US12248630B2,C23,生物信号虚拟交互,具有电生理传感器的可穿戴计算设备,美国,2023
US12564649B2,C23,生物信号虚拟交互,用于虚拟现实交互的界面材料及其制备方法,美国,2022
US2018348863A1,C23,生物信号虚拟交互,具有电生理传感器的可穿戴计算设备,美国,2018
US2019155226A1,C23,生物信号虚拟交互,生物电位唤醒词,美国,2017
US2020019243A1,C23,生物信号虚拟交互,具有电生理传感器的可穿戴计算设备,美国,2019
US20210055794A1,C23,生物信号虚拟交互,基于生物信号的化身控制系统及方法,美国,2019
US2021022636A1,C23,生物信号虚拟交互,生物信号检测头带,美国,2019
US2021142657A1,C23,生物信号虚拟交互,光电生物电位控制器,美国,2019
US2023070122A1,C23,生物信号虚拟交互,具有电生理传感器的可穿戴计算设备,美国,2022
US2024045503A1,C23,生物信号虚拟交互,具有电生理传感器的可穿戴计算设备,美国,2023
US2025208711A1,C23,生物信号虚拟交互,具有电生理传感器的可穿戴计算设备,美国,2025
US4557270A,C23,生物信号虚拟交互,心内直视手术的脑电图系统,美国,1983
WO2019103841A1,C23,生物信号虚拟交互,生物电位唤醒词,世界知识产权组织,2018
WO2021096559A1,C23,生物信号虚拟交互,光电生物电位控制器,世界知识产权组织,2020
CN104225790A,C24,闭环神经调控系统,闭环神经刺激系统,中国,2014
CN113426007A,C24,闭环神经调控系统,一种用于上肢功能恢复的闭环硬脊膜外电刺激系统,中国,2021
CN119345607A,C24,闭环神经调控系统,一种脑部、脊髓与腰骶部协同干预的闭环神经调控系统,中国,2024
CN119345607B,C24,闭环神经调控系统,一种脑部、脊髓与腰骶部协同干预的闭环神经调控系统,中国,2024
CN120093306A,C24,闭环神经调控系统,-,中国,2025
CN120459532A,C24,闭环神经调控系统,-,中国,2025
CN120673986A,C24,闭环神经调控系统,-,中国,2025
CN121065412A,C24,闭环神经调控系统,一种类脑类器官电刺激闭环控制方法及系统,中国,2025
CN121371498A,C24,闭环神经调控系统,植入式闭环神经刺激系统及其功耗管理方法,中国,2025
CN121371498B,C24,闭环神经调控系统,植入式闭环神经刺激系统及其功耗管理方法,中国,2025
CN121561819A,C24,闭环神经调控系统,一种基于神经反馈状态机的脑机智能协同系统和方法,中国,2026
CN122075018A,C24,闭环神经调控系统,-,中国,2026
EP4429757A4,C24,闭环神经调控系统,用于疼痛控制的闭环神经接口,欧洲专利局,2022
KR101325368B1,C24,闭环神经调控系统,装置，用于关闭-环脑电刺激用神经响应信号;,韩国,2012
US10500399B2,C24,闭环神经调控系统,用于神经刺激的反馈控制的方法和装置,美国,2015
US10932688B2,C24,闭环神经调控系统,基于脑电图的解码和闭环神经调控系统，用于评估和增强感觉运动学习,美国,2018
US11219766B2,C24,闭环神经调控系统,用于神经刺激的反馈控制的方法和装置,美国,2019
US11464980B2,C24,闭环神经调控系统,用于神经刺激的反馈控制的方法和装置,美国,2022
US12102827B2,C24,闭环神经调控系统,用于可植入刺激装置的监管器,美国,2019
US20090018609A1,C24,闭环神经调控系统,闭环反馈驱动神经调节,美国,2008
US20110224752A1,C24,闭环神经调控系统,微电极刺激治疗癫痫或其他神经系统疾病,美国,2009
US20220240846A1,C24,闭环神经调控系统,脑监测和刺激装置及方法,美国,2022
US20220266022A1,C24,闭环神经调控系统,神经反馈辅助DBS,美国,2022
US20230051757A1,C24,闭环神经调控系统,大脑监测和刺激装置及方法,美国,2022
US20230277851A1,C24,闭环神经调控系统,大脑监测和刺激装置及方法,美国,2023
US20240390676A2,C24,闭环神经调控系统,用于闭环脊髓刺激的高带宽系统,美国,2023
US7231254B2,C24,闭环神经调控系统,闭环反馈驱动的神经调节,美国,2004
US7324851B1,C24,闭环神经调控系统,闭环反馈驱动的神经调节,美国,2004
US7636602B2,C24,闭环神经调控系统,用于治疗足下垂和其它神经障碍的全植入式神经信号传感和刺激装置和方法,美国,2004
US8762065B2,C24,闭环神经调控系统,闭环反馈驱动神经调节,美国,2005
US9199089B2,C24,闭环神经调控系统,神经刺激器功率或极性选择的远程控制,美国,2012
US9345880B1,C24,闭环神经调控系统,用于情感控制闭环反馈驱动交感神经调节,美国,2006
WO2010025226A1,C24,闭环神经调控系统,微电极刺激用于治疗癫痫或其它神经障碍,世界知识产权组织,2009
WO2024086346A1,C24,闭环神经调控系统,用于闭环脊髓刺激的高带宽系统,世界知识产权组织,2023
WO2024178317A3,C24,闭环神经调控系统,深部脑刺激系统和方法,世界知识产权组织,2024
WO2025189249A1,C24,闭环神经调控系统,用于对闭环神经刺激治疗进行编程的方法和系统,世界知识产权组织,2025
ATE1793294T1,C25,脑电信号模式识别,脑机接口图像分类,其他,2016
CN111295673A,C25,脑电信号模式识别,神经反应检测器,中国,2018
CN115590532A,C25,脑电信号模式识别,-,中国,2022
CN118177832A,C25,脑电信号模式识别,一种基于局部升阶全局学习策略的脑电信号识别方法,中国,2023
CN118177832B,C25,脑电信号模式识别,一种基于局部升阶全局学习策略的脑电信号识别方法,中国,2023
CN118680581A,C25,脑电信号模式识别,一种用于辅助神经疾病诊断的智能脑电图分析系统,中国,2024
CN120105073B,C25,脑电信号模式识别,基于ai眼镜的个性化脑电模式识别方法、装置及设备,中国,2025
CN121891024A,C25,脑电信号模式识别,-,中国,2026
CN1850308A,C25,脑电信号模式识别,一种诱导脑电波同步的方法和装置,中国,2006
CZ304005B6,C25,脑电信号模式识别,具有自动识别用户功能的脑机接口,其他,2009
FR3161102A1,C25,脑电信号模式识别,通过构建模型增强的直接神经接口,法国,2024
IN202141062067A,C25,脑电信号模式识别,使用脑信号和Zynq SOC的智能情绪商处理,印度,2021
IN202641017292A,C25,脑电信号模式识别,用于生物医学应用的脑电图信号处理方法,印度,2026
IN202641050100A,C25,脑电信号模式识别,一种在极简脑机接口系统中利用单通道脑电信号进行心理状态分类的系统和方法,印度,2026
JP2010015584A,C25,脑电信号模式识别,用于脑波接口系统的启动单元、方法和计算机程序,日本,2009
JP6643771B2,C25,脑电信号模式识别,脑活动分析、脑活动分析方法及脑活动分析程序,日本,2015
KR1020130142476A,C25,脑电信号模式识别,脑波分析系统使用幅度-调制-状态的视觉诱发稳定电位的视觉刺激,韩国,2012
KR1020190045041A,C25,脑电信号模式识别,一种通过估计脑信号识别用户意图的方法及实现该方法的基于头戴式显示器的脑-机接口装置,韩国,2018
KR102029219B1,C25,脑电信号模式识别,一种通过估计脑信号来识别用户意图的方法，以及基于头戴式显示器实现该方法的脑机接口装置,韩国,2018
KR102570170B1,C25,脑电信号模式识别,基于思维图数据库的人机识别系统及方法及相同的人机识别方法,韩国,2020
KR20190045041A,C25,脑电信号模式识别,通过估计脑信号识别用户意图的方法以及实现该方法的基于头戴式显示器的脑机接口装置,韩国,2018
KR20230040041A,C25,脑电信号模式识别,用于检测眼睛开/闭状态的方法,韩国,2021
US10524683B2,C25,脑电信号模式识别,基于脑电图的使用闪烁视觉刺激识别人类意图的脑机接口装置和方法,美国,2015
US10795441B2,C25,脑电信号模式识别,通过估计脑信号识别用户意图的方法以及实现该方法的基于头戴式显示器的脑机接口装置,美国,2018
US11609633B2,C25,脑电信号模式识别,监测生物特征数据以确定精神状态和输入命令,美国,2020
US12070603B2,C25,脑电信号模式识别,神经反馈辅助DBS,美国,2022
US12586479B2,C25,脑电信号模式识别,基于脑电图增强记忆力的装置和方法,美国,2023
US20030171689A1,C25,脑电信号模式识别,一种检测脑活动的系统,美国,2003
US20110004115A1,C25,脑电信号模式识别,神经生理学数据的功能分析,美国,2008
US20190138885A1,C25,脑电信号模式识别,神经反应人体检测仪,美国,2017
US2019121431A1,C25,脑电信号模式识别,通过估计脑信号识别用户意图的方法以及实现该方法的基于头戴式显示器的脑机接口装置,美国,2018
US20210196958A1,C25,脑电信号模式识别,脑刺激与感知,美国,2020
US20220000426A1,C25,脑电信号模式识别,基于多模态脑机接口的系统和方法,美国,2019
US20220096841A1,C25,脑电信号模式识别,电极运动检测,美国,2020
US20250022606A1,C25,脑电信号模式识别,脑卒中的个性化检测,美国,2024
US20250072811A1,C25,脑电信号模式识别,脑刺激与感知,美国,2024
US62948723P0,C25,脑电信号模式识别,具有集成多路复用器的用于脑机接口的电极阵列,美国,2019
WO2016193979A1,C25,脑电信号模式识别,通过脑机接口进行图像分类,世界知识产权组织,2016
CN101058004A,C26,神经刺激电极装置,一种视皮层神经刺激装置及刺激方法,中国,2007
CN107374622A,C26,神经刺激电极装置,一种采集脑电信号的柔性干式电极及其制备方法,中国,2017
CN109222956A,C26,神经刺激电极装置,一种植入式光刺激和电记录集成的柔性神经电极,中国,2018
CN109364370A,C26,神经刺激电极装置,一种声电互相调控、跟随耦合刺激的方法及装置,中国,2018
CN111840803A,C26,神经刺激电极装置,一种结合预设频率和生物电反馈的变频磁刺激系统,中国,2020
CN111973874A,C26,神经刺激电极装置,一种光电组合刺激装置及方法,中国,2020
CN111973874B,C26,神经刺激电极装置,一种光电组合刺激装置及方法,中国,2020
CN112450939A,C26,神经刺激电极装置,-,中国,2020
CN112450939B,C26,神经刺激电极装置,-,中国,2020
CN114849059A,C26,神经刺激电极装置,一种无电池柔性植入式深部脑刺激器、系统和制备方法,中国,2022
CN114849059B,C26,神经刺激电极装置,一种无电池柔性植入式深部脑刺激器、系统和制备方法,中国,2022
CN121360335A,C26,神经刺激电极装置,一种植入式视神经脑机接口系统,中国,2025
CN122140264A,C26,神经刺激电极装置,基于耳机实时脑电监测-听觉刺激的无创脑机接口系统,中国,2026
CN205252318U,C26,神经刺激电极装置,一种双面多信息检测微脑电极芯片,中国,2015
EP3151742A1,C26,神经刺激电极装置,脑机接口头戴设备,欧洲专利局,2015
EP4015033A1,C26,神经刺激电极装置,柔性电极载体,欧洲专利局,2020
JP2009512505A,C26,神经刺激电极装置,嵌入式可充电neurostimulating,日本,2006
JP2012508635A,C26,神经刺激电极装置,细加工neurostimulating装置。,日本,2009
JP5041584B2,C26,神经刺激电极装置,神经细胞信号探针、神经细胞信号输出装置、神经细胞信号记录装置、神经细胞信号输入输出装置以及神经细胞电刺激器,日本,2007
KR102128092B1,C26,神经刺激电极装置,深部脑刺激透明电极阵列及使用其的神经信号检测方法,韩国,2018
KR20200016102A,C26,神经刺激电极装置,深部脑刺激透明电极阵列及使用其的神经信号检测方法,韩国,2018
US10357649B2,C26,神经刺激电极装置,神经接口系统,美国,2017
US10406350B2,C26,神经刺激电极装置,微制造的神经刺激装置,美国,2016
US10695556B2,C26,神经刺激电极装置,用于与神经组织相互作用的装置及其制造和使用方法,美国,2016
US11123548B2,C26,神经刺激电极装置,微制造的神经刺激装置,美国,2019
US11583656B2,C26,神经刺激电极装置,用于诊断和/或治疗的耦合无创神经调节的声刺激和电刺激的系统和方法,美国,2019
US11766560B2,C26,神经刺激电极装置,用于与神经组织相互作用的装置及其制造和使用方法,美国,2020
US20040186532A1,C26,神经刺激电极装置,刺激人脑干的系统和方法,美国,2004
US20050143790A1,C26,神经刺激电极装置,颅内神经接口系统,美国,2004
US20060106430A1,C26,神经刺激电极装置,用于降低侵入性和/或增强神经刺激功效的电极结构和相关方法,美国,2004
US20080033503A1,C26,神经刺激电极装置,用于降低侵入性和/或增强神经刺激功效的电极结构和相关方法,美国,2007
US20080071323A1,C26,神经刺激电极装置,使用颅内电极用于神经刺激和/或脑电描记术的方法和系统,美国,2007
US20090076567A1,C26,神经刺激电极装置,用于减少侵入性和/或增强神经刺激功效电极配置以及相关方法,美国,2008
US20100161017A1,C26,神经刺激电极装置,用于刺激大脑和测量光诱导神经元活性的装置及其制造方法,美国,2009
US20110028859A1,C26,神经刺激电极装置,用于监测神经系统中的靶并促进或控制细胞治疗的方法、系统和装置,美国,2009
US20110264178A1,C26,神经刺激电极装置,神经刺激探头,美国,2011
US20110301665A1,C26,神经刺激电极装置,微型神经刺激器,美国,2009
US20120277834A1,C26,神经刺激电极装置,微制造表面神经刺激装置及其制造和使用方法,美国,2010
US2016220136A1,C26,神经刺激电极装置,用于自动评估失神脑电图的方法、计算机程序及其评估设备,美国,2015
US2023346284A1,C26,神经刺激电极装置,用于人头部有毛发区域的具有滑动导电突起的干电极,美国,2023
US20240408396A1,C26,神经刺激电极装置,多网络神经调节,美国,2024
US4537198A,C26,神经刺激电极装置,电极帽,美国,1983
US6647296B2,C26,神经刺激电极装置,用于治疗神经系统疾病的可植入装置,美国,2001
US6915166B1,C26,神经刺激电极装置,优化耳蜗植入物电极选择,美国,2002
US7706888B2,C26,神经刺激电极装置,具有分流栅双平面电极,美国,2006
US7974705B2,C26,神经刺激电极装置,多路复用多电极神经刺激装置,美国,2009
US8014878B2,C26,神经刺激电极装置,柔性电路电极阵列,美国,2005
US8524311B1,C26,神经刺激电极装置,柔性电路电极阵列的制造方法,美国,2007
US8639344B2,C26,神经刺激电极装置,柔性电路电极阵列,美国,2006
US8738154B2,C26,神经刺激电极装置,多路复用多电极神经刺激装置,美国,2011
US9192767B2,C26,神经刺激电极装置,微制造表面神经刺激装置及其制造和使用方法,美国,2014
US9604051B2,C26,神经刺激电极装置,神经接口系统,美国,2014
WO0238031A2,C26,神经刺激电极装置,系统和方法用于确定癫痫发作的刺激参数用于该处理,世界知识产权组织,2000
WO2008109298A2,C26,神经刺激电极装置,神经接口系统,世界知识产权组织,2008
WO2010055421A1,C26,神经刺激电极装置,显微制造的神经刺激装置。,世界知识产权组织,2009
WO2013011474A2,C26,神经刺激电极装置,神经刺激系统,世界知识产权组织,2012
WO2022033039A1,C26,神经刺激电极装置,一种神经光电组合刺激装置及方法,世界知识产权组织,2021
AU2015200496A1,C27,认知意识神经评估,评估心理特性的方法和系统,澳大利亚,2015
AU2015200496B2,C27,认知意识神经评估,评估心理特性的方法和系统,澳大利亚,2015
CA2809827C,C27,认知意识神经评估,评估心理特性的方法和系统,加拿大,2011
CA3102455A1,C27,认知意识神经评估,用于认知健康评估的系统和方法,加拿大,2019
CN110755041A,C27,认知意识神经评估,基于脑血流的模拟失重条件下工作记忆能力评价方法,中国,2019
CN110755041B,C27,认知意识神经评估,基于脑血流的模拟失重条件下工作记忆能力评价方法,中国,2019
CN111714120A,C27,认知意识神经评估,-,中国,2020
CN113116356B,C27,认知意识神经评估,-,中国,2021
CN113396422A,C27,认知意识神经评估,使用生物统计数据训练感知任务的机器学习模型,中国,2020
CN116636859A,C27,认知意识神经评估,一种基于脑电信号的视觉认知能力的评估方法及系统,中国,2023
CN116636859B,C27,认知意识神经评估,一种基于脑电信号的视觉认知能力的评估方法及系统,中国,2023
CN118335312A,C27,认知意识神经评估,基于EEG的多模态意识水平识别模型的构建方法,中国,2024
CN118340502A,C27,认知意识神经评估,基于视觉刺激的认知评估的脑机接口系统及认知评估方法,中国,2024
CN118924298A,C27,认知意识神经评估,一种用于获取社交认知的多模态数据采集和分析系统,中国,2024
CN119274789A,C27,认知意识神经评估,基于神经多模态监测技术的意识障碍患者脑功能评估系统,中国,2024
CN214761119U,C27,认知意识神经评估,一种基于视觉脑电信号分析的自我意识障碍辅助诊断系统,中国,2021
JP2021079041A,C27,认知意识神经评估,用于评估同感度的系统，同感度评估方法和程序,日本,2019
KR1020240074637A,C27,认知意识神经评估,基于脑电图增强记忆力的装置和方法,韩国,2023
US10299695B2,C27,认知意识神经评估,用于识别和跟踪棒球投球轨迹的神经关联的系统和方法,美国,2015
US10394323B2,C27,认知意识神经评估,基于认知状态与内容项相关联的模板,美国,2015
US10405790B2,C27,认知意识神经评估,生理结果的反向关联,美国,2015
US10455287B2,C27,认知意识神经评估,内容传送系统，方法和记录介质,美国,2016
US10722164B2,C27,认知意识神经评估,一种认知流的检测和分析方法及系统,美国,2017
US10896431B2,C27,认知意识神经评估,评估心理特性的方法和系统,美国,2017
US11278230B2,C27,认知意识神经评估,用于认知健康评估的系统和方法,美国,2019
US20070265489A1,C27,认知意识神经评估,建立用于神经刺激的参数的方法，包括通过执行工作记忆任务，以及相关的试剂盒,美国,2007
US20090036755A1,C27,认知意识神经评估,使用神经响应测量进行实体和关系评估和提取,美国,2008
US20130150748A1,C27,认知意识神经评估,麻醉药与镇痛药的药物效应相互作用与脑电图特征相结合的装置，用于精确评估麻醉期间的意识水平,美国,2011
US2016242669A1,C27,认知意识神经评估,用于识别和追踪棒球投球轨迹的神经关联的系统和方法,美国,2015
US20190110726A1,C27,认知意识神经评估,一种认知流的检测和分析方法及系统,美国,2017
US20190159715A1,C27,认知意识神经评估,认知能力检测和训练的方法及系统,美国,2017
US20250134447A1,C27,认知意识神经评估,传入和传出视觉通路的同时评估,美国,2022
US62839405P0,C27,认知意识神经评估,基于产品引发的脑状态测量的产品配方评估的非侵入性系统和方法,美国,2019
US62894578P0,C27,认知意识神经评估,基于产品引发的脑状态测量的产品配方评估的非侵入性系统和方法,美国,2019
US7844324B2,C27,认知意识神经评估,脑电图反应性测定,美国,2007
US8239000B1,C27,认知意识神经评估,利用脑功能成像识别情绪反应的维度方法,美国,2007
US9558499B2,C27,认知意识神经评估,评估心理特性的方法和系统,美国,2010
WO2015127361A1,C27,认知意识神经评估,认知和情感人机接口,世界知识产权组织,2015
WO2017221082A1,C27,认知意识神经评估,认知流量的检测分析方法及系统,世界知识产权组织,2017
WO2018026710A1,C27,认知意识神经评估,认知能力检测和训练的方法及系统,世界知识产权组织,2017
WO2020014780A1,C27,认知意识神经评估,用于认知健康评估的系统和方法,世界知识产权组织,2019
WO2023039572A1,C27,认知意识神经评估,同时评估传入和传出视觉通路,世界知识产权组织,2022
WO2024107111A1,C27,认知意识神经评估,基于脑电图(EEG)信号的认知增强系统和方法,世界知识产权组织,2023
AU2014275184B2,C28,脑波交互反馈系统,通过意图在增强现实中操纵虚拟对象,澳大利亚,2014
CN103052351A,C28,脑波交互反馈系统,便携式脑电波检测及控制系统,中国,2011
CN103137157A,C28,脑波交互反馈系统,终端媒体播放控制方法、装置及终端,中国,2013
CN106406522A,C28,脑波交互反馈系统,一种虚拟现实场景内容的调整方法及装置,中国,2016
CN106406522B,C28,脑波交互反馈系统,一种虚拟现实场景内容的调整方法及装置,中国,2016
CN106406534A,C28,脑波交互反馈系统,一种脑波参与控制的虚拟现实游戏设计技术,中国,2016
CN107479709A,C28,脑波交互反馈系统,用于使用视频游戏进行神经反馈训练的系统和方法,中国,2017
CN108379713A,C28,脑波交互反馈系统,一个基于虚拟现实的交互冥想系统,中国,2018
CN109963609A,C28,脑波交互反馈系统,脑刺激装置及其用途,中国,2017
CN110602852A,C28,脑波交互反馈系统,-,中国,2019
CN122194740A,C28,脑波交互反馈系统,一种基于多模态生理-脑机接口闭环反馈的VR类自然环境状态调控舱系统,中国,2026
CN217470227U,C28,脑波交互反馈系统,脑电波感应耳机,中国,2021
EP3684463A1,C28,脑波交互反馈系统,用于神经增强的方法和装置,欧洲专利局,2018
GB2514726A,C28,脑波交互反馈系统,与控制机制相关的改进,英国,2013
IN202511080092A,C28,脑波交互反馈系统,基于脑电图、利用图神经网络与自适应神经反馈的情绪及认知状态检测方法,印度,2025
KR101645852B1,C28,脑波交互反馈系统,螺旋形电极以及使用螺旋形电极感测脑信号的装置和方法,韩国,2015
KR101799980B1,C28,脑波交互反馈系统,用于控制虚拟现实图像和模拟器的装置、系统和方法,韩国,2016
KR102191966B1,C28,脑波交互反馈系统,用于控制显示设备的装置和方法,韩国,2013
KR102362491B1,C28,脑波交互反馈系统,提供用户定制脑电波诱导内容的方法及其系统,韩国,2021
KR20030017124A,C28,脑波交互反馈系统,利用脑电波远程控制玩具的无线电遥测系统及方法,韩国,2001
KR20140133767A,C28,脑波交互反馈系统,控制显示设备的装置和方法,韩国,2013
KR20170096284A,C28,脑波交互反馈系统,利用脑电波的购物诱导系统,韩国,2016
KR20170114371A,C28,脑波交互反馈系统,用于控制虚拟现实图像和模拟器的装置、系统和方法,韩国,2016
KR20190089585A,C28,脑波交互反馈系统,使用脑电波分析缓解虚拟现实晕动症的方法、虚拟现实显示设备及用于执行该方法的计算机可读介质,韩国,2018
KR20250047254A,C28,脑波交互反馈系统,一种元界或虚拟现实适应方式的脑波诱导电刺激施加系统,韩国,2025
RU2717213C1,C28,脑波交互反馈系统,通过处理EEG信号控制设备的方法,俄罗斯,2019
US10671164B2,C28,脑波交互反馈系统,用于计算机控制的脑电图接口,美国,2017
US10682069B2,C28,脑波交互反馈系统,基于脑电图控制系统中的用户偏好和用户层级,美国,2018
US11517709B1,C28,脑波交互反馈系统,使用虚拟对象和游戏化的脑波诱导,美国,2022
US11524209B1,C28,脑波交互反馈系统,使用虚拟对象和游戏化的脑波诱导,美国,2022
US11556175B2,C28,脑波交互反馈系统,利用脑电波活动的免提车辆感测和应用以及监督驾驶系统,美国,2021
US11612808B2,C28,脑波交互反馈系统,电子游戏期间的脑活动追踪,美国,2022
US11793970B2,C28,脑波交互反馈系统,使用虚拟对象和游戏化的脑电波夹带,美国,2022
US11921921B2,C28,脑波交互反馈系统,用于虚拟和增强现实系统的基于脑电图的用户界面,美国,2016
US20040073129A1,C28,脑波交互反馈系统,用于时间缩放演示的EEG系统,美国,2002
US20110071828A1,C28,脑波交互反馈系统,语音识别性评估系统和方法及其计算机程序,美国,2010
US20110085780A1,C28,脑波交互反馈系统,使用脑波信号索引媒体文件的系统和方法,美国,2009
US20120078820A1,C28,脑波交互反馈系统,MIME技术 : 使用通过干或湿传感器(有线或非有线)设备获得的EEG脑波数据来指导或以其他方式影响任何媒体文件的结果，包括但不限于视频、视频广告或电影文件。,美国,2010
US20120136273A1,C28,脑波交互反馈系统,用于监测和分析脑波装置和方法,美国,2011
US2015071600A1,C28,脑波交互反馈系统,控制机制,美国,2013
US20180136725A1,C28,脑波交互反馈系统,基于脑电图的用户界面用于虚拟和增强现实系统,美国,2016
US2018279900A1,C28,脑波交互反馈系统,基于情境神经反馈的深度个性化,美国,2017
US2019247662A1,C28,脑波交互反馈系统,用于促进学习和表现的神经增强方法和装置,美国,2018
US2019290211A1,C28,脑波交互反馈系统,基于脑电图控制系统的训练,美国,2018
US20220313943A1,C28,脑波交互反馈系统,使用或包括脑活动传感器的虚拟现实方法和装置,美国,2022
US2022054032A1,C28,脑波交互反馈系统,增强局部脑电图信号的方法和脑电图电极装置,美国,2020
US20230218854A1,C28,脑波交互反馈系统,使用虚拟对象和游戏化的脑电波夹带,美国,2022
US2023116214A1,C28,脑波交互反馈系统,使用虚拟现实系统进行神经功能分析和治疗的系统和方法,美国,2022
US2023218856A1,C28,脑波交互反馈系统,使用虚拟对象和游戏化的脑电波诱导,美国,2022
US20240168552A1,C28,脑波交互反馈系统,基于脑电图的用户界面用于虚拟和增强现实系统,美国,2024
US2025208710A1,C28,脑波交互反馈系统,信息处理装置、信息处理方法及非暂时性计算机可读介质,美国,2024
US9503772B2,C28,脑波交互反馈系统,控制机制,美国,2013
WO2015178549A1,C28,脑波交互反馈系统,提供安全服务的方法和装置通过使用刺激阈值或更小,世界知识产权组织,2014
WO2023103265A1,C28,脑波交互反馈系统,脑电波感应耳机,世界知识产权组织,2022
WO2023137293A1,C28,脑波交互反馈系统,使用虚拟对象和游戏化的脑波诱导,世界知识产权组织,2023
CN100536958C,C29,深部脑刺激调控,瘫痪病人辅助神经信道恢复系统,中国,2006
CN103002947A,C29,深部脑刺激调控,刺激电极选择,中国,2011
CN114343573B,C29,深部脑刺激调控,一种面向药物成瘾患者的闭环数字药物系统、设备及介质,中国,2021
CN114515381A,C29,深部脑刺激调控,产生刺激参数的方法、电刺激控制装置以及电刺激系统,中国,2020
CN115212455A,C29,深部脑刺激调控,脑深部电刺激器的控制装置、方法、电子设备及存储介质,中国,2022
CN119200848A,C29,深部脑刺激调控,基于无线植入式脑机接口的信号采集和神经刺激方法,中国,2024
CN119867782A,C29,深部脑刺激调控,基于脑电信号记录与分析的多模态闭环控制系统及方法,中国,2024
CN121731667A,C29,深部脑刺激调控,基于深度学习的脑电慢波实时反馈经颅电刺激方法及系统,中国,2026
CN121731667B,C29,深部脑刺激调控,基于深度学习的脑电慢波实时反馈经颅电刺激方法及系统,中国,2026
CN1977997A,C29,深部脑刺激调控,瘫痪病人辅助神经信道恢复系统,中国,2006
CN1985758A,C29,深部脑刺激调控,用于截瘫行走的人工运动神经系统重建方法,中国,2006
CN201275369Y,C29,深部脑刺激调控,同频刺激学习记忆器,中国,2008
EP4000683A1,C29,深部脑刺激调控,用于产生刺激参数的方法，电刺激控制设备和电刺激系统,欧洲专利局,2020
EP4196003A4,C29,深部脑刺激调控,用于确定深部脑刺激参数的系统和方法,欧洲专利局,2021
EP4221819A1,C29,深部脑刺激调控,电极运动检测,欧洲专利局,2021
EP4410210A3,C29,深部脑刺激调控,用于产生感觉刺激的系统,欧洲专利局,2018
EP4445832A2,C29,深部脑刺激调控,用于自适应深部脑刺激的系统和方法,欧洲专利局,2021
EP4500308A1,C29,深部脑刺激调控,信息生成方法和设备,欧洲专利局,2023
EP4500308A4,C29,深部脑刺激调控,信息生成方法和装置,欧洲专利局,2023
JP2023509633A,C29,深部脑刺激调控,脑刺激与检测,日本,2020
JP2023536763A,C29,深部脑刺激调控,用于确定深度脑刺激参数的系统和方法,日本,2021
JP2024508562A,C29,深部脑刺激调控,用于中间基底神经节的深部脑刺激的方法和系统,日本,2022
JP7688170B2,C29,深部脑刺激调控,用于中间基底神经节的深部脑刺激的方法和系统,日本,2022
KR101430557B1,C29,深部脑刺激调控,使用实时microstimulation系统血流反应,韩国,2012
KR101566788B1,C29,深部脑刺激调控,基于脑机接口的功能性电刺激器,韩国,2013
KR101817016B1,C29,深部脑刺激调控,实时闭环脑-人工神经网络接口装置及方法,韩国,2016
KR101939537B1,C29,深部脑刺激调控,通过脑刺激改善记忆的方法和装置,韩国,2018
KR102014516B1,C29,深部脑刺激调控,用于诱导动物本体感觉的实验装置和实验方法,韩国,2018
KR1020220007838A,C29,深部脑刺激调控,健脑器,韩国,2020
KR102552199B1,C29,深部脑刺激调控,可缓解被治疗者紧张情绪的无创脑刺激医疗保健系统,韩国,2021
KR102928977B1,C29,深部脑刺激调控,用于个性化优化康复的多模态脑神经刺激系统,韩国,2023
RU2009104463A,C29,深部脑刺激调控,用于脑电波识别方法的调整装置、调整方法及计算机程序,俄罗斯,2007
RU2768172C1,C29,深部脑刺激调控,用于恢复嗅觉和味觉以及纠正情感和认知障碍的脑机接口系统和方法,俄罗斯,2021
US11571576B2,C29,深部脑刺激调控,脑刺激与感知,美国,2020
US11617887B2,C29,深部脑刺激调控,用于从诸如中风的脑损伤恢复的脑刺激的系统和方法,美国,2019
US11697020B2,C29,深部脑刺激调控,用于产生刺激参数的方法、电刺激控制装置和电刺激系统,美国,2020
US11826154B2,C29,深部脑刺激调控,慢性疼痛来源识别及治疗方法和系统,美国,2019
US11944806B2,C29,深部脑刺激调控,经颅交流动态频率刺激焦虑抑郁失眠(ADI)的方法,美国,2021
US12494015B2,C29,深部脑刺激调控,信息生成方法和设备,美国,2023
US20020058867A1,C29,深部脑刺激调控,在动机和情绪功能期间测量脑活动指数的方法和装置,美国,2001
US20030097159A1,C29,深部脑刺激调控,一种用于深部脑刺激的反馈机构,美国,2002
US20050021105A1,C29,深部脑刺激调控,实现患者神经功能改变的方法和装置,美国,2004
US20070027499A1,C29,深部脑刺激调控,一种治疗心境障碍的神经刺激装置,美国,2005
US20070118197A1,C29,深部脑刺激调控,一种用于深部脑神经假体注射部位识别的探针,美国,2006
US20080045775A1,C29,深部脑刺激调控,通过定时神经刺激影响神经功能和/或治疗神经功能障碍的方法和装置,美国,2004
US20080161880A1,C29,深部脑刺激调控,实现患者神经功能持久改变的方法和装置,美国,2007
US20080161881A1,C29,深部脑刺激调控,实现患者神经功能持久改变的方法和装置,美国,2007
US20110144716A1,C29,深部脑刺激调控,用于神经颅电刺激装置和方法,美国,2008
US20120271375A1,C29,深部脑刺激调控,基于生物电共振响应的脑电治疗参数确定,美国,2012
US2014333529A1,C29,深部脑刺激调控,控制显示设备的装置和方法,美国,2014
US2015223718A1,C29,深部脑刺激调控,用于获取大脑电活动的设备及其利用,美国,2013
US20160228693A1,C29,深部脑刺激调控,双侧深部脑刺激器,美国,2015
US2016282940A1,C29,深部脑刺激调控,显示设备、车辆和显示方法,美国,2015
US2016287126A1,C29,深部脑刺激调控,监测脑神经电位,美国,2014
US2017043167A1,C29,深部脑刺激调控,用于治疗精神和情绪障碍的响应性脑刺激混合系统,美国,2015
US20180089531A1,C29,深部脑刺激调控,脑机接口的图像分类,美国,2016
US20180185649A1,C29,深部脑刺激调控,用于反馈驱动神经调节的系统和方法,美国,2018
US2018064950A1,C29,深部脑刺激调控,用于生成神经系统电磁治疗协议的系统和方法,美国,2016
US2018333582A1,C29,深部脑刺激调控,用于深部脑刺激参数的设备、系统和方法,美国,2018
US20190321639A1,C29,深部脑刺激调控,用于脑刺激以从脑损伤例如中风中恢复的系统和方法,美国,2019
US20200139113A1,C29,深部脑刺激调控,脑刺激装置及其用途,美国,2017
US20210090460A1,C29,深部脑刺激调控,信息处理系统,美国,2020
US20210196964A1,C29,深部脑刺激调控,脑刺激与感知,美国,2020
US20220016415A1,C29,深部脑刺激调控,用于自适应深部脑刺激的系统和方法,美国,2021
US2022152392A1,C29,深部脑刺激调控,用于生成刺激参数的方法、电刺激控制装置和电刺激系统,美国,2020
US20230372725A1,C29,深部脑刺激调控,生成电磁治疗协议的系统和方法,美国,2023
US2023377255A1,C29,深部脑刺激调控,信息生成方法和装置,美国,2023
US20240285953A1,C29,深部脑刺激调控,单独控制的双重作用微电极,美国,2024
US20240408405A1,C29,深部脑刺激调控,用于测量脑同步的方法和装置,美国,2024
US20250370541A1,C29,深部脑刺激调控,脑-计算机接口,美国,2025
US20260080621A1,C29,深部脑刺激调控,信息生成方法和装置,美国,2025
US5788648A,C29,深部脑刺激调控,用于探索对量化刺激响应的脑电图仪,美国,1997
US63245625P0,C29,深部脑刺激调控,用于机器学习的系统、设备和方法,美国,2021
US7123955B1,C29,深部脑刺激调控,基于电稳态诱发响应的控制方法和系统以及感官测试方法和系统,美国,2002
US7146217B2,C29,深部脑刺激调控,实现患者神经功能改变的方法和装置,美国,2002
US8350804B1,C29,深部脑刺激调控,思维控制系统,美国,1997
US8391966B2,C29,深部脑刺激调控,时域中的感觉诱发电位分类/检测,美国,2010
US8892208B2,C29,深部脑刺激调控,闭环神经刺激,美国,2013
US9084896B2,C29,深部脑刺激调控,用于操纵激活体积临床医生程序员系统和方法,美国,2012
US9248280B2,C29,深部脑刺激调控,用于控制组织内刺激能量闭环反馈,美国,2007
US9302110B2,C29,深部脑刺激调控,用于操纵激活体积临床医生程序员系统和方法,美国,2015
US9364659B1,C29,深部脑刺激调控,用于深部脑刺激的智能导线,美国,2015
US9878161B2,C29,深部脑刺激调控,生物脑电信号的卷吸,美国,2012
WO2004016165A1,C29,深部脑刺激调控,装置，用于调制的所述脑中神经元活性通过装置的感觉刺激和检测的脑活性,世界知识产权组织,2003
WO2010147599A1,C29,深部脑刺激调控,实时通过触发的刺激脑状态，以提高感知和认知,世界知识产权组织,2009
WO2015153675A1,C29,深部脑刺激调控,用于治疗脑刺激的方法和系统使用电磁脉冲,世界知识产权组织,2015
WO2018164960A1,C29,深部脑刺激调控,基于感官诱发反应的注意力评估系统和方法,世界知识产权组织,2018
WO2018204119A1,C29,深部脑刺激调控,方法和装置，以确定最佳的脑刺激以诱导期望的特性,世界知识产权组织,2018
WO2020003173A1,C29,深部脑刺激调控,使用改变的自然刺激进行脑电波刺激的系统,世界知识产权组织,2019
WO2021141163A1,C29,深部脑刺激调控,深部脑刺激透明电极阵列及使用该阵列的神经信号检测方法,世界知识产权组织,2020
WO2022072341A1,C29,深部脑刺激调控,电极运动检测,世界知识产权组织,2021
WO2022182892A1,C29,深部脑刺激调控,用于深度脑刺激梅纳氏基底核的方法和系统,世界知识产权组织,2022
WO2022226211A1,C29,深部脑刺激调控,无线深部脑刺激装置,世界知识产权组织,2022
WO2023224433A1,C29,深部脑刺激调控,信息生成方法和设备,世界知识产权组织,2023
WO2024204823A1,C29,深部脑刺激调控,深部脑刺激装置,世界知识产权组织,2024
CN103366618A,C30,脑电神经反馈康复训练,基于人工智能与虚拟现实用于汉语学习培训的场景设备,中国,2013
CN105578954A,C30,脑电神经反馈康复训练,生理参数测量和反馈系统,中国,2014
CN105578954B,C30,脑电神经反馈康复训练,生理参数测量和反馈系统,中国,2014
CN106933348A,C30,脑电神经反馈康复训练,一种基于虚拟现实的脑电神经反馈干预系统及方法,中国,2017
CN109171770B,C30,脑电神经反馈康复训练,一种用于注意力训练的脑-机接口系统,中国,2018
CN109875501A,C30,脑电神经反馈康复训练,生理参数测量和反馈系统,中国,2014
CN109875501B,C30,脑电神经反馈康复训练,生理参数测量和反馈系统,中国,2014
CN113126766A,C30,脑电神经反馈康复训练,-,中国,2021
CN113506607A,C30,脑电神经反馈康复训练,一种基于树莓派的便携式脑卒中康复训练系统及方法,中国,2021
CN114173663A,C30,脑电神经反馈康复训练,神经康复系统及神经康复方法,中国,2020
CN119311124A,C30,脑电神经反馈康复训练,一种基于元宇宙的沉浸式空间虚实交互方法及系统,中国,2024
CN119405329A,C30,脑电神经反馈康复训练,残疾人居家康复监测系统,中国,2024
CN120544439A,C30,脑电神经反馈康复训练,一种基于虚拟现实的情境交互式外语训练系统,中国,2025
CN121306437B,C30,脑电神经反馈康复训练,基于脑电大模型的神经反馈训练系统、方法及设备,中国,2025
CN121393737A,C30,脑电神经反馈康复训练,基于脑机接口与数字孪生的脊柱侧弯神经肌肉康复系统,中国,2025
CN121747384A,C30,脑电神经反馈康复训练,基于脑间同步性测量的虚拟现实封闭孤立环境多人协作训练系统及方法,中国,2025
CN122158119A,C30,脑电神经反馈康复训练,一种基于机器学习的神经外科术后评估系统,中国,2026
EP4000578A4,C30,脑电神经反馈康复训练,神经康复系统和用于神经康复的方法,欧洲专利局,2020
EP4519888A4,C30,脑电神经反馈康复训练,用于测试和训练大脑能力的系统及其实现方法,欧洲专利局,2023
GB2564865A,C30,脑电神经反馈康复训练,生物反馈系统和可佩戴装置,英国,2017
IN467517B,C30,脑电神经反馈康复训练,生理参数测量和反馈系统,印度,2016
JP2017076193A,C30,脑电神经反馈康复训练,大脑活动分析装置、大脑活动分析方法和大脑活动分析程序,日本,2015
KR1020180065709A,C30,脑电神经反馈康复训练,神经反馈训练系统设备和各种视频内容及其方法,韩国,2016
KR102365613B1,C30,脑电神经反馈康复训练,基于虚拟现实或视频游戏的运动康复时通过脑电波使用浓度测量的浓度反馈运动系统及其使用方法,韩国,2020
KR20190074606A,C30,脑电神经反馈康复训练,用于缓解创伤后应激障碍症状的虚拟现实神经反馈装置,韩国,2017
KR20200014861A,C30,脑电神经反馈康复训练,用于改善认知功能的脑电图生物反馈训练装置,韩国,2020
KR20250056522A,C30,脑电神经反馈康复训练,脑机虚拟现实接口,韩国,2023
KR20250067418A,C30,脑电神经反馈康复训练,使用脑机接口技术恢复最小意识状态患者的康复训练系统及方法,韩国,2023
RU2742071C1,C30,脑电神经反馈康复训练,脑卒中患者康复方法,俄罗斯,2020
US11253187B2,C30,脑电神经反馈康复训练,基于上下文神经反馈的深度个性化,美国,2017
US11751796B2,C30,脑电神经反馈康复训练,使用视频游戏进行神经反馈训练的系统和方法,美国,2017
US20090069707A1,C30,脑电神经反馈康复训练,一种利用计算机游戏式认知或娱乐训练活动的强化系统改进神经反馈训练的方法,美国,2008
US20090118636A1,C30,脑电神经反馈康复训练,使用Live Z-Scores的多通道、多变量全头归一化,美国,2008
US20100003656A1,C30,脑电神经反馈康复训练,成对塑性的系统、方法和装置,美国,2009
US2014330157A1,C30,脑电神经反馈康复训练,使用超低功率直接电刺激反馈重新训练脑电波模式的方法和系统,美国,2013
US20160196765A1,C30,脑电神经反馈康复训练,基于脑电图（EEG）神经反馈和基于动作反馈的注意力训练系统和方法。,美国,2015
US2018184936A1,C30,脑电神经反馈康复训练,使用视频游戏进行神经反馈训练的系统和方法,美国,2017
US20200082735A1,C30,脑电神经反馈康复训练,神经自适应智能虚拟现实学习系统及方法,美国,2019
US2024411368A1,C30,脑电神经反馈康复训练,通过应用多用户方法提高神经反馈训练依从性的方法和系统,美国,2024
US6496724B1,C30,脑电神经反馈康复训练,对人的警觉性进行量化的方法,美国,1999
WO2020056190A1,C30,脑电神经反馈康复训练,神经自适应智能虚拟现实学习系统及方法,世界知识产权组织,2019
WO2021045637A1,C30,脑电神经反馈康复训练,用于神经思维和神经集中训练的虚拟现实交互系统,世界知识产权组织,2019
WO2023214413A1,C30,脑电神经反馈康复训练,一种大脑能力测试训练系统及其实现方法,世界知识产权组织,2023
WO2024121855A1,C30,脑电神经反馈康复训练,用于在整形外科、脊柱外科和肌肉骨骼外科手术后恢复功能和运动范围的系统,世界知识产权组织,2023
CA3098311A1,C31,植入式神经接口系统,神经接口系统,加拿大,2019
EP1684861B1,C31,植入式神经接口系统,颅内神经接口系统,欧洲专利局,2004
EP2617459B1,C31,植入式神经接口系统,可植入神经接口装置与可变形载体,欧洲专利局,2013
EP3787735A1,C31,植入式神经接口系统,神经接口系统,欧洲专利局,2019
IN202641049330A,C31,植入式神经接口系统,用于下一代无线网络中安全脑信号传输的能量优化神经形态量子学习系统,印度,2026
JP2020074993A,C31,植入式神经接口系统,皮层脑波电极、脑活动处理系统和脑活动处理方法,日本,2018
KR102618142B1,C31,植入式神经接口系统,一种柔性神经探针,韩国,2022
KR20170085000A,C31,植入式神经接口系统,用于触觉启用的神经接口的系统和方法,韩国,2017
US11237633B2,C31,植入式神经接口系统,用于触觉启用神经接口的系统和方法,美国,2019
US20030009207A1,C31,植入式神经接口系统,可植入医用导线,美国,2001
US20030050549A1,C31,植入式神经接口系统,用于可植入器件的可植入引线连接器组件及其使用方法,美国,2001
US20110046470A1,C31,植入式神经接口系统,颅内神经接口系统,美国,2010
US20170020403A1,C31,植入式神经接口系统,高性能神经探头阵列及其对神经元损伤的最小化,美国,2016
US2018341331A1,C31,植入式神经接口系统,用于触觉启用神经接口的系统和方法,美国,2018
US20250148123A1,C31,植入式神经接口系统,保护神经计算机接口系统中的机密信息,美国,2023
US2025311954A1,C31,植入式神经接口系统,神经接口系统,美国,2025
US62640752P0,C31,植入式神经接口系统,通过临时附着到低轮廓微丝植入的低侵入性柔性神经网格,美国,2018
US62758363P0,C31,植入式神经接口系统,通过临时附着到低轮廓微丝植入的低侵入性柔性神经网格,美国,2018
US7979105B2,C31,植入式神经接口系统,颅内神经接口系统,美国,2009
US8958890B2,C31,植入式神经接口系统,具有可变形载体的植入式神经接口装置,美国,2013
WO2011123150A2,C31,植入式神经接口系统,分布，最小-侵入性神经接口用于无线硬膜外记录,世界知识产权组织,2010
WO2024178317A2,C31,植入式神经接口系统,深度脑刺激系统和方法,世界知识产权组织,2024
BR112021023808A2,C32,脑电信号评估分析,用于评估封闭环境中投影内容的方法和设备、机器可读存储介质、处理器以及计算机程序产品,巴西,2019
CA3142060A1,C32,脑电信号评估分析,封闭环境中投影内容评估方法、设备及存储介质,加拿大,2019
CN100366215C,C32,脑电信号评估分析,基于脑电稳态诱发响应的控制方法及系统和感官测试方法及系统,中国,2000
CN101583308A,C32,脑电信号评估分析,利用短暂测量分析脑模式,中国,2007
CN104434140B,C32,脑电信号评估分析,评价信息系统及利用此系统的评价方法,中国,2014
CN105816170A,C32,脑电信号评估分析,基于可穿戴式NIRS-EEG的精神分裂症早期检测评估系统,中国,2016
CN108478224A,C32,脑电信号评估分析,基于虚拟现实与脑电的紧张情绪检测系统及检测方法,中国,2018
CN108836320A,C32,脑电信号评估分析,一种基于嗅觉脑电波进行感官物质分类的方法,中国,2018
CN109846478A,C32,脑电信号评估分析,一种评估经颅直流电刺激后大脑皮层兴奋性的方法,中国,2019
CN109923529A,C32,脑电信号评估分析,信息处理装置、信息处理方法和程序,中国,2017
CN111798974A,C32,脑电信号评估分析,一种评价酒类产品人体饮后舒适程度的方法,中国,2019
CN112416987A,C32,脑电信号评估分析,基于用户画像和脑电数据的体验质量确定方法及装置,中国,2020
CN112493998A,C32,脑电信号评估分析,嗅觉感官评估方法和系统,中国,2020
CN112493998B,C32,脑电信号评估分析,嗅觉感官评估方法和系统,中国,2020
CN112587136A,C32,脑电信号评估分析,味觉感官评估方法和系统,中国,2020
CN112587136B,C32,脑电信号评估分析,味觉感官评估方法和系统,中国,2020
CN113288147A,C32,脑电信号评估分析,基于EEG与神经反馈技术的轻度认知障碍康复评估系统,中国,2021
CN113558635A,C32,脑电信号评估分析,一种神经性耳聋病人脑功能网络演化的评估方法,中国,2021
CN113558635B,C32,脑电信号评估分析,一种神经性耳聋病人脑功能网络演化的评估方法,中国,2021
CN113993449A,C32,脑电信号评估分析,使用生理信号输入的心理健康评估系统和方法,中国,2020
CN114947882A,C32,脑电信号评估分析,一种基于卷积神经网络和EEG的大脑疲劳检测方法,中国,2022
CN115063188A,C32,脑电信号评估分析,一种基于脑电信号的智能消费者喜好度指数评估方法,中国,2022
CN115063188B,C32,脑电信号评估分析,一种基于脑电信号的智能消费者喜好度指数评估方法,中国,2022
CN115120249A,C32,脑电信号评估分析,一种双模态脑功能成像装置,中国,2022
CN115120249B,C32,脑电信号评估分析,一种双模态脑功能成像装置,中国,2022
CN116098634A,C32,脑电信号评估分析,一种基于刺激事件的脑功能检测评估方法、装置及系统,中国,2023
CN119344734B,C32,脑电信号评估分析,一种基于双域深监督特征融合网络的脑电注意力水平监测方法,中国,2024
CN120392116A,C32,脑电信号评估分析,脑机接口和皮电手环同步监测疲劳的方法和装置,中国,2025
CN1420745A,C32,脑电信号评估分析,基于脑电稳态诱发响应的控制方法及系统和感官测试方法及系统,中国,2000
EP3229678A1,C32,脑电信号评估分析,大脑活动预测,欧洲专利局,2015
EP3981327A1,C32,脑电信号评估分析,用于评估封闭环境中投影内容的方法、装置和存储介质,欧洲专利局,2019
EP4212092A1,C32,脑电信号评估分析,用于幻肢的磁共振引导虚拟现实运动模式选择,欧洲专利局,2022
EP4395641C0,C32,脑电信号评估分析,基于刺激反应幅度权重确定人的感觉能力,欧洲专利局,2022
IN202541098013A,C32,脑电信号评估分析,基于脑电图（EEG）的脑机接口系统，用于神经系统疾病检测,印度,2025
JP2003522580A,C32,脑电信号评估分析,该功能的研究方法神经细胞,日本,2001
KR1020230096378A,C32,脑电信号评估分析,基于脑电波的认知功能评估装置及方法,韩国,2021
KR102239984B1,C32,脑电信号评估分析,用于基于静止状态EEG提供关于癫痫症状的信息的设备和方法,韩国,2019
NL2029113B1,C32,脑电信号评估分析,基于刺激反应振幅权重确定人的感觉能力,其他,2021
NL2038199A,C32,脑电信号评估分析,一种使用脑电信号评估中风后抑郁状态的系统和方法,其他,2024
NL2038199B1,C32,脑电信号评估分析,一种使用脑电信号评估中风后抑郁状态的系统和方法,其他,2024
RU2682492C1,C32,脑电信号评估分析,一种未训练操作者运动活动想象时脑电信号分类方法,俄罗斯,2018
RU2693217C1,C32,脑电信号评估分析,便携式无线记录脑电活动的装置,俄罗斯,2017
US10817057B2,C32,脑电信号评估分析,信息处理设备、信息处理方法和程序,美国,2017
US10827981B2,C32,脑电信号评估分析,用于评估用户对应刺激的认知负荷的系统和方法,美国,2014
US10986992B2,C32,脑电信号评估分析,用于在显示系统中定制控制器的动态显示系统和方法,美国,2017
US11771955B2,C32,脑电信号评估分析,使用虚拟现实系统进行神经功能分析和治疗的系统和方法,美国,2022
US12514483B2,C32,脑电信号评估分析,封闭环境中投影内容评估方法、装置及存储介质,美国,2019
US20020188217A1,C32,脑电信号评估分析,脑功能的脑指纹图谱，测量，评估和分析的方法和装置,美国,2002
US20030013981A1,C32,脑电信号评估分析,一种神经认知功能脑电测量方法及系统,美国,2002
US20030153841A1,C32,脑电信号评估分析,一种神经功能检测方法,美国,2003
US20040059241A1,C32,脑电信号评估分析,使用定量蛋来分类和治疗生理脑失衡的方法,美国,2003
US20040152995A1,C32,脑电信号评估分析,用于评估注意缺陷的方法，装置和计算机程序产品,美国,2003
US20090024447A1,C32,脑电信号评估分析,使用中枢神经系统、自主神经系统和效应器数据分析营销和娱乐效果,美国,2008
US20110144519A1,C32,脑电信号评估分析,用于神经病学监测和改进神经病学状态的分类和治疗的系统和方法,美国,2009
US2012150545A1,C32,脑电信号评估分析,用于神经系统健康生理评估的脑机接口测试组,美国,2011
US20150079578A1,C32,脑电信号评估分析,神经功能商数,美国,2013
US20200015696A1,C32,脑电信号评估分析,用于认知健康评估的系统和方法,美国,2019
US2020178834A1,C32,脑电信号评估分析,用于确定精神障碍可能性/可能性的系统、方法和计算机可访问介质,美国,2018
US20220142546A1,C32,脑电信号评估分析,用于认知健康评估的系统和方法,美国,2022
US20220175275A1,C32,脑电信号评估分析,基于增强现实和脑机接口的下肢康复系统。,美国,2021
US2022273226A1,C32,脑电信号评估分析,封闭环境中投影内容评估方法、装置及存储介质,美国,2019
US20260083375A1,C32,脑电信号评估分析,核心认知功能认知健康评估,美国,2025
US5181520A,C32,脑电信号评估分析,用于分析脑电图的方法和装置,美国,1990
US5392788A,C32,脑电信号评估分析,一种从脑波数据解释概念和概念思维并辅助诊断脑波功能障碍的方法和装置,美国,1993
US8392254B2,C32,脑电信号评估分析,消费者体验评估系统,美国,2008
US8577451B2,C32,脑电信号评估分析,用于神经病学监测和改进神经病学状态的分类和治疗的系统和方法,美国,2009
US9101276B2,C32,脑电信号评估分析,使用时域测量分析脑模式,美国,2007
US9149214B2,C32,脑电信号评估分析,烦恼判断系统、装置、方法和程序,美国,2012
WO2008091323A1,C32,脑电信号评估分析,基于脑波信号处理系统定量评估精神状态的方法和装置,世界知识产权组织,2007
WO2018088187A1,C32,脑电信号评估分析,信息处理设备、信息处理方法和程序,世界知识产权组织,2017
WO2021141262A1,C32,脑电信号评估分析,通过使用可佩戴显示器改善认知功能的方法，装置和系统,世界知识产权组织,2020
WO2021147292A1,C32,脑电信号评估分析,联合脑电和眼动并结合用户相似度的产品设计方案决策方法,世界知识产权组织,2020
WO2023114767A1,C32,脑电信号评估分析,评估大脑对口语反应的系统和方法,世界知识产权组织,2022
WO2024246871A1,C32,脑电信号评估分析,核心认知功能评估,世界知识产权组织,2024
WO2024249822A1,C32,脑电信号评估分析,用于评估大脑对口语的反应的系统和方法,世界知识产权组织,2024
CA3082656A1,C33,神经信号采集解码,神经接口,加拿大,2018
CA3237603A1,C33,神经信号采集解码,闭环神经接口，用于疼痛控制,加拿大,2022
CN106030642A,C33,神经信号采集解码,认知与情感人机界面,中国,2015
CN108937924A,C33,神经信号采集解码,脑电帽伸缩式脑电采集干电极和系统,中国,2018
CN109816630A,C33,神经信号采集解码,基于迁移学习的fMRI视觉编码模型构建方法,中国,2018
CN109816630B,C33,神经信号采集解码,基于迁移学习的fMRI视觉编码模型构建方法,中国,2018
CN109828656A,C33,神经信号采集解码,一种基于脑电波监测并调整用户兴奋程度虚拟现实系统,中国,2017
CN114207556B,C33,神经信号采集解码,用于将大脑状态连续解码为免持装置中多自由度控制信号的系统和方法,中国,2020
CN114224366A,C33,神经信号采集解码,-,中国,2021
CN114224366B,C33,神经信号采集解码,-,中国,2021
CN114401670A,C33,神经信号采集解码,基于产品诱发的大脑状态测量的产品配方评估的无创系统和方法,中国,2020
CN114698389A,C33,神经信号采集解码,-,中国,2020
CN114981759B,C33,神经信号采集解码,-,中国,2021
CN115481650A,C33,神经信号采集解码,基于注意力检测的安全生产监控方法、装置及电子设备,中国,2022
CN116269412A,C33,神经信号采集解码,一种基于忆阻器的高密度MEA神经信号采集处理电路,中国,2023
CN120994068A,C33,神经信号采集解码,脑机接口,中国,2020
CN206147520U,C33,神经信号采集解码,-,中国,2016
EP3710989A1,C33,神经信号采集解码,神经接口,欧洲专利局,2018
EP3880071A1,C33,神经信号采集解码,韧性训练,欧洲专利局,2019
EP3994554A1,C33,神经信号采集解码,用于手部免提设备中多自由度控制信号的连续脑状态解码的系统和方法,欧洲专利局,2020
EP4004691A1,C33,神经信号采集解码,脑-计算机接口,欧洲专利局,2020
EP4193912B1,C33,神经信号采集解码,用于监测受试者大脑神经活动的方法和系统,欧洲专利局,2012
IL256068A,C33,神经信号采集解码,脑机接口的图像分类,以色列,2017
IN202541038393A,C33,神经信号采集解码,使用无监督学习增强睡眠障碍分类并扩展数据集以提高准确性和适应性,印度,2025
IN202541039300A,C33,神经信号采集解码,神经形态与脑机接口,印度,2025
IN202541058441A,C33,神经信号采集解码,基于深度学习的脑电图信号解码方法,印度,2025
IN202541125967A,C33,神经信号采集解码,基于脑电图（EEG）的脑机接口系统，采用机器学习与深度学习算法用于辅助技术,印度,2025
IN202641043107A,C33,神经信号采集解码,利用智能人工智能代理进行个性化神经指令生成的脑机接口系统,印度,2026
JP2023519968A,C33,神经信号采集解码,用于使用检测到的神经相关信号的变化来控制装置的系统和方法,日本,2021
JP7478752B2,C33,神经信号采集解码,基于产品诱导的脑状态测量来评估产品成分的非侵入性系统和方法,日本,2020
JP7781766B2,C33,神经信号采集解码,用于使用检测到的神经相关信号的变化来控制设备的系统和方法,日本,2021
KR1020220036368A,C33,神经信号采集解码,脑机接口,韩国,2020
KR102820566B1,C33,神经信号采集解码,脑-计算机接口,韩国,2020
KR20210045467A,C33,神经信号采集解码,基于深度神经网络的精神行为属性识别电子设备,韩国,2019
KR20220036368A,C33,神经信号采集解码,脑-计算机接口,韩国,2020
KR20250090382A,C33,神经信号采集解码,脑机接口,韩国,2020
US10058263B2,C33,神经信号采集解码,神经接口,美国,2015
US10386924B2,C33,神经信号采集解码,用于触觉神经接口的系统和方法,美国,2018
US10653330B2,C33,神经信号采集解码,处理神经信号的系统和方法,美国,2019
US11635815B2,C33,神经信号采集解码,神经接口,美国,2018
US11691015B2,C33,神经信号采集解码,用于神经调节的系统,美国,2020
US12045389B2,C33,神经信号采集解码,脑-计算机接口,美国,2020
US12053291B2,C33,神经信号采集解码,用于基于产品引发的脑状态测量的产品配方评估的非侵入性系统和方法,美国,2021
US12131659B2,C33,神经信号采集解码,个性化数据教育系统,美国,2023
US12340018B2,C33,神经信号采集解码,脑-计算机接口,美国,2024
US12377274B2,C33,神经信号采集解码,神经反应的插值方法,美国,2022
US12433527B1,C33,神经信号采集解码,预测患者对多种CNS疾病干预方式的反应,美国,2024
US20050070810A1,C33,神经信号采集解码,用于检测神经信号和使用神经信号驱动外部功能的装置和方法,美国,2003
US20110004412A1,C33,神经信号采集解码,神经心理模式分析和建模的临床应用,美国,2008
US20110213266A1,C33,神经信号采集解码,闭环神经活动触发康复装置及方法,美国,2010
US20120302856A1,C33,神经信号采集解码,用于无线硬膜外记录的分布式微创神经接口,美国,2010
US2014228702A1,C33,神经信号采集解码,神经生理学数据的功能分析,美国,2014
US2019090772A1,C33,神经信号采集解码,基于神经映射预测思想,美国,2017
US2019246929A1,C33,神经信号采集解码,处理神经信号的系统和方法,美国,2019
US2019262612A1,C33,神经信号采集解码,用于恢复和增强脑功能的神经协处理器及相关系统和方法,美国,2017
US2019294245A1,C33,神经信号采集解码,可控设备的神经控制,美国,2018
US2020222010A1,C33,神经信号采集解码,深度思维分析系统和方法,美国,2020
US2020373001A1,C33,神经信号采集解码,用于检测脑电图反应的可穿戴传感器系统,美国,2018
US2022276707A1,C33,神经信号采集解码,脑机接口,美国,2020
US2023368684A1,C33,神经信号采集解码,个性化数据教育系统,美国,2023
US2024036649A1,C33,神经信号采集解码,神经接口,美国,2023
US2024152208A1,C33,神经信号采集解码,脑机接口,美国,2024
US2024304098A1,C33,神经信号采集解码,个性化教育系统,美国,2024
US20250251796A1,C33,神经信号采集解码,脑-计算机接口,美国,2025
US5299118A,C33,神经信号采集解码,用于分析长期生理多导记录的方法和系统,美国,1991
US6230049B1,C33,神经信号采集解码,具有多个电极的用于EEG监测和电刺激的集成系统,美国,1999
US63370920P0,C33,神经信号采集解码,尝试语音的神经解码,美国,2022
US6654633B2,C33,神经信号采集解码,一种移动式神经信号数据采集系统及方法,美国,2001
US8165684B2,C33,神经信号采集解码,癫痫无线监测系统,美国,2008
US8706205B2,C33,神经信号采集解码,神经生理学数据的功能分析,美国,2008
US8954144B2,C33,神经信号采集解码,混合聚类神经接口系统,美国,2012
US9826914B2,C33,神经信号采集解码,神经生理数据的功能分析,美国,2014
US9854987B2,C33,神经信号采集解码,用于无线硬膜外记录的分布式微创神经接口,美国,2010
WO2012145142A2,C33,神经信号采集解码,使用神经分析控制电子设备,世界知识产权组织,2012
WO2012145142A3,C33,神经信号采集解码,利用神经分析控制电子设备,世界知识产权组织,2012
WO2019092456A1,C33,神经信号采集解码,神经接口,世界知识产权组织,2018
WO2020095111A1,C33,神经信号采集解码,用于感测神经元活动输入和路径之间的平衡以及神经调节的方法和系统,世界知识产权组织,2019
WO2021019088A1,C33,神经信号采集解码,脑-计算机接口,世界知识产权组织,2020
WO2021125693A1,C33,神经信号采集解码,脑电波测量头帽,世界知识产权组织,2020
WO2023081218A1,C33,神经信号采集解码,闭环神经接口，用于疼痛控制,世界知识产权组织,2022
WO2024036213A1,C33,神经信号采集解码,从神经活动解码语音的系统和方法,世界知识产权组织,2023
WO2026089575A1,C33,神经信号采集解码,颅穿式神经柔性电极,世界知识产权组织,2025
CA2606870C,C34,脑电图像生成与映射,近实时大脑皮层电活动的三维定位、显示、记录及分析,加拿大,2006
CN104434140A,C34,脑电图像生成与映射,评价信息系统及利用此系统的评价方法,中国,2014
CN108992065A,C34,脑电图像生成与映射,脑电波能量可视化设备,中国,2018
CN109044349A,C34,脑电图像生成与映射,脑电波可视化设备,中国,2018
CN111132600A,C34,脑电图像生成与映射,利用磁共振成像(MRI)融合脑电图(EEG)模型进行病情发作表征,中国,2018
CN111543949A,C34,脑电图像生成与映射,一种基于脑磁图与脑电图的儿童ASD诊断装置,中国,2020
CN111543949B,C34,脑电图像生成与映射,一种基于脑磁图与脑电图的儿童ASD诊断装置,中国,2020
CN112200912A,C34,脑电图像生成与映射,基于电阻抗成像和脑电图信号的脑部成像系统及其方法,中国,2020
CN113918008A,C34,脑电图像生成与映射,一种基于源空间脑磁信号解码的脑机接口系统及应用方法,中国,2021
CN113918008B,C34,脑电图像生成与映射,-,中国,2021
CN114677379A,C34,脑电图像生成与映射,基于人工智能的头皮脑电图致痫区的定位方法,中国,2022
CN114677379B,C34,脑电图像生成与映射,基于人工智能的头皮脑电图致痫区的定位方法,中国,2022
CN116712085A,C34,脑电图像生成与映射,基于脑电图的阿尔茨海默和额颞叶痴呆诊断方法和装置,中国,2023
CN116712085B,C34,脑电图像生成与映射,基于脑电图的阿尔茨海默和额颞叶痴呆诊断装置,中国,2023
CN118537654A,C34,脑电图像生成与映射,一种基于多视角特征表达及优选的跨任务EEG解码方法,中国,2024
CN118541083A,C34,脑电图像生成与映射,在磁共振引导下对幻肢的虚拟现实运动模式的选择,中国,2022
CN119478100A,C34,脑电图像生成与映射,一种基于自回归预训练和特征对齐的脑电图像生成方法,中国,2024
CN119718073A,C34,脑电图像生成与映射,基于脑机接口和眼动技术的虚拟现实交互方法及边缘设备,中国,2024
CN120129492A,C34,脑电图像生成与映射,基于脑电图信号的认知增强系统和方法,中国,2023
CN120219765A,C34,脑电图像生成与映射,-,中国,2025
CN120852569A,C34,脑电图像生成与映射,一种基于脑电信号的视觉想象图像重建方法、系统及装置,中国,2025
CN120852569B,C34,脑电图像生成与映射,一种基于脑电信号的视觉想象图像重建方法、系统及装置,中国,2025
CN121564129A,C34,脑电图像生成与映射,-,中国,2025
CN121614026A,C34,脑电图像生成与映射,-,中国,2025
CN204990187U,C34,脑电图像生成与映射,一种带脑电波控制功能的虚拟现实头盔,中国,2015
EP1885241B1,C34,脑电图像生成与映射,近实时三维定位、显示、记录和分析大脑皮层中的电活动,欧洲专利局,2006
EP4485395A1,C34,脑电图像生成与映射,基于脑电波活动数据的自适应提示定制方法,欧洲专利局,2024
IN202444048931A,C34,脑电图像生成与映射,基于脑电波活动数据的自适应提示定制方法,印度,2024
JP2019093008A5,C34,脑电图像生成与映射,估计脑中的网络活动的系统，网络中的脑活动的方法，网络程序的脑活动，以及学习模型脑活动,日本,2017
JP6742628B2,C34,脑电图像生成与映射,一种大脑皮层活动岛的方法,日本,2016
KR1020220011573A,C34,脑电图像生成与映射,用于创建用于学习人工智能模型的标准化脑电波图像的方法，装置和计算机程序,韩国,2021
KR1020220098533A,C34,脑电图像生成与映射,基于耳脑电语音成像的脑机接口数据采集方法及系统,韩国,2021
KR102363723B1,C34,脑电图像生成与映射,认知信息与视觉信息关联分析装置及方法,韩国,2019
KR102366534B1,C34,脑电图像生成与映射,创建标准化脑电图图像以学习人工智能模型的方法、装置和计算机程序,韩国,2021
KR102492342B1,C34,脑电图像生成与映射,使用脑电图信号的面部图像生成方法和装置,韩国,2021
KR102511641B1,C34,脑电图像生成与映射,基于语音想象的耳-脑电图脑机接口数据采集方法及其系统,韩国,2021
KR102513398B1,C34,脑电图像生成与映射,利用脑电波信号定量分析结果撰写脑电波阅读意见纸的装置及方法,韩国,2021
KR102758528B1,C34,脑电图像生成与映射,利用脑电波生成图像的装置和方法,韩国,2019
KR20210051055A,C34,脑电图像生成与映射,使用脑电波生成图像的装置和方法,韩国,2019
KR20210051056A,C34,脑电图像生成与映射,利用脑电波生成图像的装置和方法,韩国,2019
KR20210052986A,C34,脑电图像生成与映射,基于相关系数的使用分离脑电图通道对的认知任务分类设备和方法,韩国,2019
KR20210058496A,C34,脑电图像生成与映射,分析认知信息与视觉信息之间相关性的装置和方法,韩国,2019
KR20220064851A,C34,脑电图像生成与映射,基于思维图数据库的人机识别系统及方法及相同的人机识别方法,韩国,2020
US10327701B2,C34,脑电图像生成与映射,用于在MRI期间进行电生理信号递送和记录的装置和方法,美国,2005
US10959656B2,C34,脑电图像生成与映射,一种脑岛皮质活动的取样方法,美国,2017
US11890489B2,C34,脑电图像生成与映射,应用动态脑电图治疗神经系统异常,美国,2022
US12217487B2,C34,脑电图像生成与映射,用于生成图像的方法、装置、电子设备和介质,美国,2022
US12511872B2,C34,脑电图像生成与映射,商标相似度判定系统,美国,2022
US20080039737A1,C34,脑电图像生成与映射,在动机和情绪功能期间测量脑活动指数的方法和装置,美国,2007
US20080306397A1,C34,脑电图像生成与映射,用于MRI期间电生理信号递送和记录的装置和方法,美国,2005
US20100042011A1,C34,脑电图像生成与映射,大脑皮层电活动的三维定位、显示、记录和分析,美国,2007
US2017340230A1,C34,脑电图像生成与映射,使用脑电波的相似性评估方法、评估设备、评估系统及程序,美国,2015
US2018103887A1,C34,脑电图像生成与映射,用于采样脑岛皮层活动的方法,美国,2017
US20190120918A1,C34,脑电图像生成与映射,使用来自其他受试者的附加成像数据从各个受试者的脑成像数据解码,美国,2017
US20250255531A1,C34,脑电图像生成与映射,碳纤维基导电硅胶海绵电极织物印刷电极连接线通用脑电图帽,美国,2023
US20250349092A1,C34,脑电图像生成与映射,用于增强现实的不对称内容呈现系统及方法,美国,2025
US2025090040A1,C34,脑电图像生成与映射,用于幻肢的虚拟现实运动模式的磁共振引导选择,美国,2022
US4498080A,C34,脑电图像生成与映射,用于多通道数据地形显示的装置和方法,美国,1983
US63510423P0,C34,脑电图像生成与映射,使用脑电波活动数据的自适应提示定制,美国,2023
US9179854B2,C34,脑电图像生成与映射,大脑皮层中电活动的三维定位、显示、记录和分析,美国,2007
WO2006122398A1,C34,脑电图像生成与映射,近实时时间的三-维定位，显示，记录，和所述脑皮层中的电活性分析,世界知识产权组织,2006
WO2020218013A1,C34,脑电图像生成与映射,信息处理设备，确定方法和确定程序,世界知识产权组织,2020
WO2023250309A3,C34,脑电图像生成与映射,用于运动和感觉恢复的植入式电皮质电图脑机接口系统,世界知识产权组织,2023
CA2428116C,C35,神经刺激参数优化,检测神经功能障碍,加拿大,2001
CN110585593A,C35,神经刺激参数优化,一种基于脑电信号反馈的多模式记忆巩固刺激设备,中国,2019
CN111200967B,C35,神经刺激参数优化,用于监测神经活动的系统和方法,中国,2018
CN113101517A,C35,神经刺激参数优化,植入式电极装置及其制备方法,中国,2021
CN113101517B,C35,神经刺激参数优化,植入式电极装置及其制备方法,中国,2021
CN117042678A,C35,神经刺激参数优化,用于监测神经病症的症状的设备、系统和方法,中国,2022
CN118001586A,C35,神经刺激参数优化,基于跨频耦合的多频段自适应同步调制刺激系统和方法,中国,2024
CN118576215A,C35,神经刺激参数优化,介入式脑电采集和电刺激方法及装置,中国,2024
CN118873156A,C35,神经刺激参数优化,一种基于脑电图测量临界闪烁融合频率的方法,中国,2024
CN118873156B,C35,神经刺激参数优化,一种基于脑电图测量临界闪烁融合频率的方法,中国,2024
CN119868794A,C35,神经刺激参数优化,植入电极及脑机接口装置,中国,2025
CN120815287A,C35,神经刺激参数优化,一种基于脑机接口技术的智能电针系统及其使用方法,中国,2025
CN121360335B,C35,神经刺激参数优化,一种植入式视神经脑机接口系统,中国,2025
DE102019209096A1,C35,神经刺激参数优化,用于连续修改的神经元信号系统,德国,2019
EP4140533B1,C35,神经刺激参数优化,基于模板的电生理信号源确定,欧洲专利局,2022
EP4637891A1,C35,神经刺激参数优化,基于测量的神经信号优化神经刺激的系统和方法,欧洲专利局,2023
JP2004275619A,C35,神经刺激参数优化,将视觉图像刺激传递到脑电波动画的方法和用于该方法的系统,日本,2003
KR20160041748A,C35,神经刺激参数优化,用于检测和分析P300脑电波的装置,韩国,2015
US10821285B2,C35,神经刺激参数优化,用于神经调节治疗的对偶带算法,美国,2018
US11344745B2,C35,神经刺激参数优化,使用动态脑电描记术治疗神经异常,美国,2021
US11363981B2,C35,神经刺激参数优化,用于治疗性神经调节的方法和系统,美国,2020
US11413460B2,C35,神经刺激参数优化,用于施加神经刺激的方法和装置,美国,2022
US11712564B2,C35,神经刺激参数优化,用于自动化深度脑刺激编程的系统和方法,美国,2021
US11771898B2,C35,神经刺激参数优化,癫痫发作分级及刺激参数选择,美国,2022
US11998748B2,C35,神经刺激参数优化,医疗系统中受损组件的识别,美国,2021
US12623080B2,C35,神经刺激参数优化,神经调节系统,美国,2023
US20040158298A1,C35,神经刺激参数优化,用于自动优化神经刺激器的刺激参数和电极配置的系统和方法,美国,2001
US20050154435A1,C35,神经刺激参数优化,关节式神经电极组件,美国,2004
US20060015153A1,C35,神经刺激参数优化,增强或影响神经刺激效率和/或功效的系统和方法,美国,2005
US20060149337A1,C35,神经刺激参数优化,医疗中用于组织刺激的系统和方法,美国,2006
US20070032834A1,C35,神经刺激参数优化,用于自动优化神经刺激器的刺激参数和电极配置的系统和方法,美国,2006
US20070088403A1,C35,神经刺激参数优化,建立用于神经刺激的参数的方法和系统,美国,2005
US20070142874A1,C35,神经刺激参数优化,使用基于粗纱的神经刺激的多症状医疗。,美国,2007
US20080269836A1,C35,神经刺激参数优化,借助作为局部生物电位函数的慢性适应性脑刺激治疗神经障碍的装置,美国,2006
US20090105784A1,C35,神经刺激参数优化,一种用于深部脑刺激的微型无线系统,美国,2008
US20100174329A1,C35,神经刺激参数优化,光和电联合神经刺激,美国,2009
US20100185256A1,C35,神经刺激参数优化,基于功能和/或结构测量来建立，调整和/或调制神经刺激参数的方法和系统,美国,2009
US2011152710A1,C35,神经刺激参数优化,自适应脑机接口设备,美国,2010
US20120041498A1,C35,神经刺激参数优化,用于增强或影响神经刺激效率和/或功效的系统和方法,美国,2011
US20120109262A1,C35,神经刺激参数优化,多电极神经刺激装置,美国,2011
US20140094674A1,C35,神经刺激参数优化,可植入无线神经装置,美国,2013
US20140222113A1,C35,神经刺激参数优化,用于增强或影响神经刺激效率和/或功效的系统和方法,美国,2013
US20140243931A1,C35,神经刺激参数优化,用于施加神经刺激的方法和装置,美国,2012
US20150297108A1,C35,神经刺激参数优化,利用反馈提高认知能力,美国,2014
US20150374999A1,C35,神经刺激参数优化,用于施加神经刺激的方法和装置,美国,2015
US20170001017A9,C35,神经刺激参数优化,用于施加神经刺激的方法和装置,美国,2015
US20180117335A1,C35,神经刺激参数优化,用于施加神经刺激的方法和装置,美国,2017
US2018020972A1,C35,神经刺激参数优化,用于校准非侵入性机械触觉和/或热神经刺激的装置和方法,美国,2016
US20190001140A1,C35,神经刺激参数优化,有效侵入性装置和方法的多段式神经刺激,美国,2016
US20190217113A1,C35,神经刺激参数优化,使用可植入神经刺激器个性化治疗神经病症的系统和方法,美国,2018
US20210346699A1,C35,神经刺激参数优化,用于自动深度脑刺激编程的系统和方法,美国,2021
US20240335663A1,C35,神经刺激参数优化,用于通过诱发电位放置导联的系统和方法,美国,2024
US5113870A,C35,神经刺激参数优化,用于通过解释P3响应来分析、显示和分类事件相关电位的方法和装置,美国,1990
US6161045A,C35,神经刺激参数优化,用于确定治疗癫痫发作的刺激参数的方法,美国,1999
US7050856B2,C35,神经刺激参数优化,神经刺激参数的变化,美国,2002
US7555344B2,C35,神经刺激参数优化,选择性神经刺激治疗癫痫,美国,2005
US8078281B2,C35,神经刺激参数优化,通过局部生物电作用的慢性适应性脑刺激治疗神经系统疾病的装置,美国,2006
US8364273B2,C35,神经刺激参数优化,强直性和爆发性刺激联合治疗神经系统疾病,美国,2008
US8412332B2,C35,神经刺激参数优化,用于脑深部刺激的微型无线系统,美国,2008
US8412335B2,C35,神经刺激参数优化,用于自动优化神经刺激器的刺激参数和电极配置的系统和方法,美国,2012
US8855775B2,C35,神经刺激参数优化,减少神经刺激系统中伪影的系统和方法,美国,2012
US9155892B2,C35,神经刺激参数优化,用于施加神经刺激的方法和装置,美国,2012
US9242094B2,C35,神经刺激参数优化,可植入前庭假体,美国,2014
US9943689B2,C35,神经刺激参数优化,神经刺激行为分析和参数化分析仪,美国,2015
US9974455B2,C35,神经刺激参数优化,用于估计神经募集的方法和装置,美国,2012
WO0238031A3,C35,神经刺激参数优化,系统和方法用于确定癫痫发作的刺激参数用于该处理,世界知识产权组织,2000
WO2012088482A1,C35,神经刺激参数优化,神经刺激系统用于需要刺激幅度估计用于电极的配置,世界知识产权组织,2011
WO2022174312A1,C35,神经刺激参数优化,用于监测神经病症的症状的设备，系统和方法,世界知识产权组织,2022
CN114343573A,C36,自适应神经刺激调控,一种面向药物成瘾患者的闭环数字药物系统、设备及介质,中国,2021
CN114504730A,C36,自适应神经刺激调控,基于深度学习的便携式脑控手部电刺激康复系统,中国,2022
CN119405966A,C36,自适应神经刺激调控,自适应神经调节睡眠优化系统、方法、穿戴设备及介质,中国,2024
CN120679086A,C36,自适应神经刺激调控,基于脑电意图识别的神经肌肉电刺激康复控制方法及系统,中国,2025
CN120679086B,C36,自适应神经刺激调控,基于脑电意图识别的神经肌肉电刺激康复控制方法及系统,中国,2025
EP1940508B1,C36,自适应神经刺激调控,通过装置的装置，用于治疗神经疾病慢性自适应脑刺激作为一种功能的局部biopotentials,欧洲专利局,2006
GB2596105A,C36,自适应神经刺激调控,实现刺激协议的系统和方法,英国,2020
IN202521020645A,C36,自适应神经刺激调控,通过睡眠增强学习：脑机接口在释放认知潜能中的作用,印度,2025
IN202641061373A,C36,自适应神经刺激调控,用于虚拟现实的硬件集成脑机接口系统，采用自适应小波变换,印度,2026
JP7784741B2,C36,自适应神经刺激调控,用于自适应深部脑刺激的系统和方法,日本,2021
KR101356625B1,C36,自适应神经刺激调控,基于微控制器的用于神经刺激的多通道实时反馈系统,韩国,2012
US10537737B2,C36,自适应神经刺激调控,自适应非侵入式交流脑刺激系统和方法,美国,2018
US20060212093A1,C36,自适应神经刺激调控,由生理治疗驱动的差异性神经刺激治疗,美国,2006
US20240285937A1,C36,自适应神经刺激调控,自适应闭环DBS刺激控制,美国,2024
US7483747B2,C36,自适应神经刺激调控,用于增强或影响神经刺激效率和/或功效的系统和方法,美国,2005
WO2007049105A1,C36,自适应神经刺激调控,通过装置的装置，用于治疗神经疾病慢性自适应脑刺激作为一种功能的局部biopotentials,世界知识产权组织,2006
WO2021194104A1,C36,自适应神经刺激调控,基于神经信号处理的自适应神经刺激系统，装置和方法,世界知识产权组织,2021
WO2022013827A2,C36,自适应神经刺激调控,用于自适应深部脑刺激的系统和方法,世界知识产权组织,2021
WO2025224540A1,C36,自适应神经刺激调控,对自适应深部脑刺激的调整,世界知识产权组织,2025
WO2025264492A1,C36,自适应神经刺激调控,基于脑电波的刺激优化系统,世界知识产权组织,2025
AU2018363296A1,C37,神经调节刺激控制,神经接口,澳大利亚,2018
CA2251852C,C37,神经调节刺激控制,装置和方法用于所述治疗的神经疾病,加拿大,1998
CN113289249A,C37,神经调节刺激控制,基于密集电极阵列的多目标脑区精确电刺激方法,中国,2021
CN114129893A,C37,神经调节刺激控制,一种多点位深部脑刺激电极的定向刺激方法,中国,2021
CN114129893B,C37,神经调节刺激控制,一种多点位脑深部电极模型的定向刺激仿真方法,中国,2021
CN115253072A,C37,神经调节刺激控制,一种多模式深脑电刺激精准神经调控系统及方法,中国,2022
CN117323537A,C37,神经调节刺激控制,一种用于精神状态调节的头盔,中国,2023
CN119499546A,C37,神经调节刺激控制,基于脑电特征的迷走神经刺激参数闭环调整方法和系统,中国,2024
CN119587890A,C37,神经调节刺激控制,一种用于增强工作记忆的经颅电刺激控制方法及系统,中国,2024
CN119587890B,C37,神经调节刺激控制,一种用于增强工作记忆的经颅电刺激控制方法及系统,中国,2024
CN119964819B,C37,神经调节刺激控制,自适应神经网络在个体化神经调控中的应用方法,中国,2025
CN120478839A,C37,神经调节刺激控制,一种基于跨区锁相刺激的多靶点经颅电刺激装置,中国,2025
CN120636693A,C37,神经调节刺激控制,基于脑机接口的交感神经型颈椎病自主神经调节增强方法,中国,2025
CN120814833A,C37,神经调节刺激控制,一种模拟针灸的经颅刺激放电及脑电采集系统,中国,2025
CN220385625U,C37,神经调节刺激控制,一种用于听觉脑机接口的电极阵列,中国,2023
EP3915470A1,C37,神经调节刺激控制,神经调节和/或神经刺激系统,欧洲专利局,2020
JP2016510230A,C37,神经调节刺激控制,底座的脑回路用于诱导睡眠的体感刺激器,日本,2014
KR20260011017A,C37,神经调节刺激控制,基于言语想象生物信号和音素信息恢复学习人工神经网络的方法、设备和程序,韩国,2024
US10940316B2,C37,神经调节刺激控制,使用诱发反应调节神经刺激强度的方法和装置,美国,2018
US11752342B2,C37,神经调节刺激控制,用于神经调节的系统,美国,2020
US11998740B2,C37,神经调节刺激控制,用于向脑网络提供个性化的靶向非侵入性刺激的系统和方法,美国,2023
US12357828B2,C37,神经调节刺激控制,用于计划和/或提供神经调节的系统,美国,2021
US20010029391A1,C37,神经调节刺激控制,神经系统的自适应电场调制,美国,2000
US20010051819A1,C37,神经调节刺激控制,用于治疗神经系统疾病的可植入装置,美国,2001
US20010056290A1,C37,神经调节刺激控制,响应性治疗神经障碍的方法,美国,2001
US20040073273A1,C37,神经调节刺激控制,神经系统的自适应电场调制,美国,2003
US20060173510A1,C37,神经调节刺激控制,用于检测，预防和/或治疗神经障碍的医疗装置及其相关方法,美国,2005
US20060190056A1,C37,神经调节刺激控制,向患者施加神经刺激的装置和方法,美国,2006
US20060293720A1,C37,神经调节刺激控制,闭环反馈驱动的神经调节,美国,2005
US20070208212A1,C37,神经调节刺激控制,控制受试者对癫痫发作的易感性,美国,2007
US20080004660A1,C37,神经调节刺激控制,改善认知功能的系统和方法,美国,2007
US20100023089A1,C37,神经调节刺激控制,控制受试者对癫痫发作的易感性,美国,2009
US20110009922A1,C37,神经调节刺激控制,改善认知功能的系统和方法,美国,2010
US20110313483A1,C37,神经调节刺激控制,使用诱发响应控制神经刺激的方法和装置,美国,2011
US20120310298A1,C37,神经调节刺激控制,用于检测、预防和/或治疗神经系统疾病医疗装置及其相关方法,美国,2012
US20130281890A1,C37,神经调节刺激控制,神经调节装置和方法,美国,2013
US20150051663A1,C37,神经调节刺激控制,基于电生理测试的经颅刺激装置和方法,美国,2014
US20150112409A1,C37,神经调节刺激控制,基于电生理测试的经颅刺激装置和方法,美国,2014
US20160001096A1,C37,神经调节刺激控制,用于优化神经调节的装置和方法及其应用,美国,2014
US2016220836A1,C37,神经调节刺激控制,用于将脑刺激锁相到脑电图节律的装置和方法,美国,2016
US2021365114A1,C37,神经调节刺激控制,神经接口,美国,2018
US20220347473A1,C37,神经调节刺激控制,用于颅骨/脑界面的系统，方法和装置,美国,2022
US20220355115A1,C37,神经调节刺激控制,神经刺激治疗的远程滴定,美国,2022
US20230211159A1,C37,神经调节刺激控制,基于实时脑电信号监测通过夹带同步振荡刺激脑电波的定制TACS装置和方法,美国,2022
US20250073502A1,C37,神经调节刺激控制,用于个性化超声神经调节的系统和方法,美国,2022
US20250114597A1,C37,神经调节刺激控制,精神状态调节头盔,美国,2024
US6016449A,C37,神经调节刺激控制,神经系统疾病治疗系统,美国,1997
US6128538A,C37,神经调节刺激控制,用于治疗神经障碍的装置和方法,美国,1999
US6134474A,C37,神经调节刺激控制,用于治疗神经系统疾病的可响应植入系统,美国,2000
US6339725B1,C37,神经调节刺激控制,通过迷走神经刺激调节脑神经可塑性方面的方法,美国,2000
US6459936B2,C37,神经调节刺激控制,响应性治疗神经障碍的方法,美国,2001
US6665562B2,C37,神经调节刺激控制,神经系统的自适应电场调制,美国,2000
US6873872B2,C37,神经调节刺激控制,神经系统的自适应电场调制,美国,2002
US7403820B2,C37,神经调节刺激控制,闭环反馈驱动神经调节,美国,2005
US7561918B2,C37,神经调节刺激控制,神经刺激器中的自动捕获,美国,2005
US7974696B1,C37,神经调节刺激控制,用于神经和代谢疾病最佳控制闭环自主神经调节,美国,2005
US8000794B2,C37,神经调节刺激控制,通过定时神经刺激影响神经功能和/或治疗神经功能障碍的方法和装置,美国,2004
US8116875B2,C37,神经调节刺激控制,植入式神经刺激系统,美国,2007
US8126562B2,C37,神经调节刺激控制,用于向患者施加神经刺激装置和方法,美国,2008
US8958882B1,C37,神经调节刺激控制,基于电生理测试的经颅刺激装置和方法,美国,2014
US9113801B2,C37,神经调节刺激控制,用于连续脑电图监测的方法和系统,美国,2006
US9119583B2,C37,神经调节刺激控制,通过感觉刺激和脑活动检测调节脑内神经元活动的方法,美国,2013
US9211408B2,C37,神经调节刺激控制,用于使用刺激或波形的复合模式进行神经调节的系统和方法,美国,2013
US9872990B2,C37,神经调节刺激控制,用于施加神经刺激的方法和装置,美国,2015
US9986933B2,C37,神经调节刺激控制,基于神经生理学的控制系统完整性验证,美国,2012
WO0141867A1,C37,神经调节刺激控制,自适应的电场调制的神经系统,世界知识产权组织,2000
WO2006019764A2,C37,神经调节刺激控制,系统和方法用于增强或影响神经刺激的效率和\/或效力,世界知识产权组织,2005
WO2022240355A1,C37,神经调节刺激控制,心理唤醒水平调节系统及方法,世界知识产权组织,2022
WO2023278199A1,C37,神经调节刺激控制,用于个性化超声神经调节的系统和方法,世界知识产权组织,2022
WO2024137287A1,C37,神经调节刺激控制,用于基于测量的神经信号优化神经刺激的系统和方法,世界知识产权组织,2023
WO2024229479A1,C37,神经调节刺激控制,多网络神经调节,世界知识产权组织,2024
WO2025101626A1,C37,神经调节刺激控制,用于治疗疾病的生成性神经刺激和神经调节的系统和方法,世界知识产权组织,2024
CN102469961A,C38,事件相关电位分析,语音清晰度评价系统、方法及其程序,中国,2011
CN103077206A,C38,事件相关电位分析,一种基于事件相关电位的图片语义分类搜索方法,中国,2012
CN103189001A,C38,事件相关电位分析,听觉事件相关电位测量系统、听觉事件相关电位测量方法及其计算机程序,中国,2012
CN103189001B,C38,事件相关电位分析,听觉事件相关电位测量系统、听觉事件相关电位测量方法,中国,2012
CN120523316A,C38,事件相关电位分析,-,中国,2025
KR102646182B1,C38,事件相关电位分析,包括佩戴患者的可佩戴EEG耳机和3D眼镜的EEG检测和神经刺激系统,韩国,2023
US20110152708A1,C38,事件相关电位分析,语音清晰度评估系统和方法及其程序,美国,2011
US20120072213A1,C38,事件相关电位分析,语音清晰度评估系统及其方法和程序,美国,2011
US20130039498A1,C38,事件相关电位分析,烦恼判断系统、装置、方法和程序,美国,2012
US2019125203A1,C38,事件相关电位分析,脑电图触发的资源分配查询系统,美国,2017
US8849391B2,C38,事件相关电位分析,语音清晰度评估系统及其方法和程序,美国,2011
WO2011155196A1,C38,事件相关电位分析,评价系统的语音声音听力，相同的方法和程序的相同,世界知识产权组织,2011
AU2020252190A1,C39,脑活动监测与解码,使用非侵入性脑接口系统和方法调节用户精神状态,澳大利亚,2020
CA3134153A1,C39,脑活动监测与解码,使用非侵入性脑接口系统和方法调节用户精神状态,加拿大,2020
CN102293647A,C39,脑活动监测与解码,一种联合脑电和功能磁共振信号的反馈系统,中国,2011
CN113677259A,C39,脑活动监测与解码,使用无创大脑界面系统和方法调制用户的心理状态,中国,2020
CN117058514A,C39,脑活动监测与解码,基于图神经网络的多模态脑影像数据融合解码方法和装置,中国,2023
CN117058514B,C39,脑活动监测与解码,基于图神经网络的多模态脑影像数据融合解码方法和装置,中国,2023
CN121743838A,C39,脑活动监测与解码,一种全模态脑信号基础大模型处理方法及系统,中国,2026
CN121743838B,C39,脑活动监测与解码,一种全模态脑信号基础大模型处理方法及系统,中国,2026
EP2679151A1,C39,脑活动监测与解码,定位脑活动的方法,欧洲专利局,2013
EP3946013A1,C39,脑活动监测与解码,使用非侵入性脑接口系统和方法调节用户精神状态,欧洲专利局,2020
IN202411022568A,C39,脑活动监测与解码,用于心理健康领域情绪状态评估与调节的脑机接口,印度,2024
JP2008229238A,C39,脑活动监测与解码,脑活性的分析方法和装置。,日本,2007
JP2019093008A,C39,脑活动监测与解码,估计脑中的网络活动的系统，网络中的脑活动的方法，网络程序的脑活动，以及学习模型脑活动,日本,2017
JP2022530143A,C39,脑活动监测与解码,基于产品诱发脑状态测量的产品配置评估的无创系统及方法,日本,2020
JP2022530745A,C39,脑活动监测与解码,使用非侵入性脑接口系统和方法调节用户的精神状态,日本,2020
KR20190090577A,C39,脑活动监测与解码,用于卵子信息库的系统及其操作方法,韩国,2018
US10786173B2,C39,脑活动监测与解码,使用脑电波的相似性评估方法、评估设备、评估系统和程序,美国,2015
US11006878B2,C39,脑活动监测与解码,使用非侵入性脑接口系统和方法调节用户精神状态,美国,2020
US11172869B2,C39,脑活动监测与解码,基于产品引发的脑状态测量的产品配方评估的非侵入性系统和方法,美国,2020
US11490851B2,C39,脑活动监测与解码,神经分析，神经诊断和治疗工具,美国,2017
US11801004B2,C39,脑活动监测与解码,用于颅内测量、刺激和生成脑状态模型的系统、方法和装置,美国,2019
US12070320B2,C39,脑活动监测与解码,神经肛门治疗、神经诊断和治疗工具,美国,2022
US20110313308A1,C39,脑活动监测与解码,使用脑活动模式与计算机通信的系统和方法,美国,2010
US20130204153A1,C39,脑活动监测与解码,基于用户的脑电波模式生成警报,美国,2012
US2013184558A1,C39,脑活动监测与解码,从脑活动解码感觉和认知信息的装置和方法,美国,2012
US2014163408A1,C39,脑活动监测与解码,用于分析心理和行为相关性的系统,美国,2013
US2017188932A1,C39,脑活动监测与解码,用于神经监测和辅助诊断的系统和方法,美国,2016
US20190269328A1,C39,脑活动监测与解码,用于调节生理状态的系统和方法,美国,2019
US20200337624A1,C39,脑活动监测与解码,基于产品引发的脑状态测量的产品配方评估的非侵入性系统和方法,美国,2020
US2020077915A1,C39,脑活动监测与解码,按摩机,美国,2019
US2020315510A1,C39,脑活动监测与解码,使用非侵入性脑接口系统和方法调节用户精神状态,美国,2020
US2021196173A1,C39,脑活动监测与解码,使用非侵入性脑接口系统和方法调节用户精神状态,美国,2021
US20220031225A1,C39,脑活动监测与解码,基于产品引发的脑状态测量的产品配方评估的非侵入性系统和方法,美国,2021
US2022274010A1,C39,脑活动监测与解码,电子游戏期间的脑活动追踪,美国,2022
US20230363690A1,C39,脑活动监测与解码,用于颅内测量、刺激和生成脑状态模型的系统、方法和设备,美国,2023
US61589748P0,C39,脑活动监测与解码,隐式时间锁定的用户界面,美国,2012
US62829124P0,C39,脑活动监测与解码,使用非侵入性脑接口系统和方法调节用户的精神状态,美国,2019
US8442626B2,C39,脑活动监测与解码,使用脑活动模式与计算机通信的系统和方法,美国,2010
WO2020205870A1,C39,脑活动监测与解码,使用非侵入性脑接口系统和方法调节用户精神状态,世界知识产权组织,2020
WO2020219402A1,C39,脑活动监测与解码,基于产品引发的脑状态测量的产品配方评估的非侵入性系统和方法,世界知识产权组织,2020
WO2022182526A1,C39,脑活动监测与解码,电子游戏期间的脑活动追踪,世界知识产权组织,2022
CN101234224A,C40,脑电虚拟现实交互,一种利用虚拟现实技术帮助用户进行训练康复的方法,中国,2008
CN105893780A,C40,脑电虚拟现实交互,基于vr交互与脑电波及脑血流监测的精神心理评估方法,中国,2016
CN105893780B,C40,脑电虚拟现实交互,基于vr交互与脑电波及脑血流监测的精神心理评估方法,中国,2016
CN106560765A,C40,脑电虚拟现实交互,一种虚拟现实中内容交互的方法和装置,中国,2016
CN107252317A,C40,脑电虚拟现实交互,一种基于脑电信号的情绪识别方法,中国,2017
CN107291248A,C40,脑电虚拟现实交互,一种基于虚拟现实的压力评测减压的系统及方法,中国,2017
CN107773254A,C40,脑电虚拟现实交互,一种测试用户体验的方法及装置,中国,2017
CN108056774A,C40,脑电虚拟现实交互,基于视频刺激材料的实验范式情绪分析实现方法及其装置,中国,2017
CN109316196A,C40,脑电虚拟现实交互,基于虚拟现实联合脑电监测的苯丙胺类兴奋剂渴求评估方法,中国,2018
CN109316196B,C40,脑电虚拟现实交互,基于虚拟现实联合脑电监测的苯丙胺类兴奋剂渴求评估方法,中国,2018
CN110221701A,C40,脑电虚拟现实交互,一种基于脑电波的虚拟现实场景用户安全保护方法,中国,2019
CN110522427A,C40,脑电虚拟现实交互,基于虚拟现实的民用飞行员执行控制力的监测系统及方法,中国,2019
CN115061567B,C40,脑电虚拟现实交互,防眩晕方法、装置、存储介质、处理设备及虚拟现实设备,中国,2022
CN118609812A,C40,脑电虚拟现实交互,一种用于评估人工耳蜗植入者情感语义辨识能力的脑电范式,中国,2024
CN121015207A,C40,脑电虚拟现实交互,基于脑机接口和虚拟现实的人员状态调节训练方法、边缘计算设备及介质,中国,2025
CN121265938A,C40,脑电虚拟现实交互,一种自适应虚拟现实认知训练方法及系统,中国,2025
KR20180130172A,C40,脑电虚拟现实交互,通过测量脑电图的心理护理系统及使用该系统的心理护理方法,韩国,2017
KR20210115129A,C40,脑电虚拟现实交互,使用生物信号的虚拟现实内容提供系统,韩国,2020
US20120036004A1,C40,脑电虚拟现实交互,虚拟现实环境中神经响应评估刺激,美国,2010
US2020245890A1,C40,脑电虚拟现实交互,生物反馈系统及可穿戴设备,美国,2018
US8392250B2,C40,脑电虚拟现实交互,虚拟现实环境中神经响应评估刺激,美国,2010
AU2024267113A1,C41,脑电电极采集装置,无线可穿戴高速情绪检测脑机交互系统,澳大利亚,2024
CN104287727A,C41,脑电电极采集装置,弹性干式软电极,中国,2014
CN107088065B,C41,脑电电极采集装置,脑电电极,中国,2017
CN107595283B,C41,脑电电极采集装置,-,中国,2017
CN107788977A,C41,脑电电极采集装置,一种脑电及头皮肌电传感器,中国,2017
CN107951486A,C41,脑电电极采集装置,一种头戴式干电极脑电信号采集装置,中国,2017
CN112043266A,C41,脑电电极采集装置,一种梳状脑电干电极穿戴装置,中国,2020
CN113080980A,C41,脑电电极采集装置,-,中国,2021
CN114431880A,C41,脑电电极采集装置,脑电信号获取装置,中国,2021
CN114617561A,C41,脑电电极采集装置,针式干电极结构及可拆卸电极和调节导联的无线脑电帽,中国,2022
CN115844413A,C41,脑电电极采集装置,一种新型梳状脑电采集干电极,中国,2022
CN115844413B,C41,脑电电极采集装置,一种新型梳状脑电采集干电极,中国,2022
CN118723920B,C41,脑电电极采集装置,基于行列寻址的高密度柔性神经电极阵列制造方法,中国,2024
CN119279589A,C41,脑电电极采集装置,一种无线可穿戴高速率情绪检测脑机交互系统,中国,2024
CN119606388A,C41,脑电电极采集装置,头部穿戴设备、脑电信号检测方法、装置及存储介质,中国,2023
CN121730831A,C41,脑电电极采集装置,一种介入式颅内电极承载支架,中国,2025
CN203914913U,C41,脑电电极采集装置,干电极脑电帽,中国,2014
CN210843047U,C41,脑电电极采集装置,伸缩式电极及应用其的脑电检测终端,中国,2019
CN213606414U,C41,脑电电极采集装置,用于脑电检测的干电极,中国,2020
CN217408826U,C41,脑电电极采集装置,一种穿戴式脑电采集器,中国,2021
CN2930616Y,C41,脑电电极采集装置,一种脑电图电极头盔,中国,2006
EP2474263B1,C41,脑电电极采集装置,连接装置用于保持干燥的电极，用于检测EEG信号;,欧洲专利局,2010
EP3753486A3,C41,脑电电极采集装置,干式电极和用于测量生物电信号的装置,欧洲专利局,2020
EP4133995A1,C41,脑电电极采集装置,用于记录脑电信号的电极支撑装置,欧洲专利局,2022
JP2006094979A,C41,脑电电极采集装置,电极用于脑电图检测和头设置式脑电图,日本,2004
JP2013166005A,C41,脑电电极采集装置,测量电极，一个帽用一种测量电极和脑电图测量装置。,日本,2013
KR101797375B1,C41,脑电电极采集装置,用于引导脑电图电极放置的系统,韩国,2016
KR1020150036904A,C41,脑电电极采集装置,非侵入式有源干电极和具有该电极用于无线脑电极模块对计算机接口,韩国,2013
KR20150036904A,C41,脑电电极采集装置,具有用于无线脑机接口的电极的非侵入性主动干电极和电极模块,韩国,2013
KR20160137726A,C41,脑电电极采集装置,反映头部曲率的反向曲线拱形干电极用于多通道脑电图,韩国,2015
KR20200049203A,C41,脑电电极采集装置,生成脑电图增强分辨率数据的设备和方法,韩国,2018
RU216028U1,C41,脑电电极采集装置,用于动物脑电图的人体工学适应性电极垫,俄罗斯,2022
US10130278B2,C41,脑电电极采集装置,无线EEG单元,美国,2013
US10369352B2,C41,脑电电极采集装置,听觉脑干植入电极的可重复放置,美国,2017
US10463272B1,C41,脑电电极采集装置,用于快速应用的生理电极组件,美国,2018
US10478085B2,C41,脑电电极采集装置,用于获取脑电活动的装置及其利用,美国,2018
US10842404B2,C41,脑电电极采集装置,电极、可穿戴组件和系统,美国,2018
US20020029005A1,C41,脑电电极采集装置,便携式脑电图电极定位器头带,美国,2001
US20100198042A1,C41,脑电电极采集装置,脑电干电极帽,美国,2006
US20110046503A1,C41,脑电电极采集装置,脑电干电极,美国,2009
US2018353096A1,C41,脑电电极采集装置,电极、可穿戴组件和系统,美国,2018
US2019167974A1,C41,脑电电极采集装置,用于测量脑电图信号或电刺激的电子设备,美国,2019
US2020107741A1,C41,脑电电极采集装置,用于收集脑电图数据的电极和电极单元,美国,2018
US2021015393A1,C41,脑电电极采集装置,具有电极定位系统的脑电图头戴装置,美国,2019
US20210361235A1,C41,脑电电极采集装置,脑电图电极帽,美国,2019
US20230414158A1,C41,脑电电极采集装置,实时捕获脑电图(EEG)的系统和方法,美国,2023
US5119816A,C41,脑电电极采集装置,一种脑电空间定位与增强方法,美国,1990
US5479934A,C41,脑电电极采集装置,具有一次性电极EEG头盔、与之一起使用的设备、系统和方法,美国,1993
US6161030A,C41,脑电电极采集装置,便携式脑电图电极定位器头带,美国,1999
US62009488P0,C41,脑电电极采集装置,脑机接口耳机,美国,2014
US8548554B2,C41,脑电电极采集装置,脑电干电极帽,美国,2006
US9050015B2,C41,脑电电极采集装置,用于快速应用的生理电极组件,美国,2014
US9078584B2,C41,脑电电极采集装置,用于小动物的脑电图电极单元及使用其的测量系统,美国,2011
US9901278B1,C41,脑电电极采集装置,用于快速应用的生理电极组件,美国,2015
WO0027279A1,C41,脑电电极采集装置,fmri相容的电极和电极放置技术,世界知识产权组织,1999
WO0045701A1,C41,脑电电极采集装置,便携式脑电电极定位器的头架,世界知识产权组织,2000
WO2008115189A2,C41,脑电电极采集装置,移动electoencephalograph数据收集和诊断系统,世界知识产权组织,2007
WO2019136555A1,C41,脑电电极采集装置,入耳式脑电图设备和脑机接口,世界知识产权组织,2019
WO2021138543A1,C41,脑电电极采集装置,脑刺激与感知,世界知识产权组织,2020
WO2023099962A1,C41,脑电电极采集装置,脑电波感知处理方法及系统,世界知识产权组织,2022
CN107024993A,C42,脑电听觉调控降噪,交互系统、方法及装置,中国,2017
CN107864440A,C42,脑电听觉调控降噪,包括EEG记录和分析系统的助听系统,中国,2017
CN108537200A,C42,脑电听觉调控降噪,一种用于通过动作识别选择性地收集脑电图数据的装置及方法,中国,2018
CN108537200B,C42,脑电听觉调控降噪,一种用于通过动作识别选择性地收集脑电图数据的装置及方法,中国,2018
CN109696745A,C42,脑电听觉调控降噪,一种基于脑电波检测与控制的虚拟现实一体头盔,中国,2017
CZ2009411A3,C42,脑电听觉调控降噪,具有用户自动识别的脑机接口,其他,2009
EP3267698A1,C42,脑电听觉调控降噪,听力辅助系统，包括脑电记录分析系统,欧洲专利局,2017
EP4395641B1,C42,脑电听觉调控降噪,基于刺激反应幅度权重确定人的感觉能力,欧洲专利局,2022
IL199953A,C42,脑电听觉调控降噪,基于脑波信号处理系统定量评估精神状态的方法和装置,以色列,2009
KR101470588B1,C42,脑电听觉调控降噪,脑-脑接口装置及方法,韩国,2013
KR101710013B1,C42,脑电听觉调控降噪,提供虚拟现实服务的装置和方法,韩国,2015
KR20140137870A,C42,脑电听觉调控降噪,脑-脑接口的装置和方法,韩国,2013
US10362414B2,C42,脑电听觉调控降噪,包含脑电图记录和分析系统的听力辅助系统,美国,2017
US11468789B2,C42,脑电听觉调控降噪,脑电图控制的视频输入和听觉显示盲人引导装置及方法,美国,2018
US20130266163A1,C42,脑电听觉调控降噪,不舒适阈值估计系统、方法及其程序； 助听器调节系统； 和不舒适阈值处理电路,美国,2013
US20130304540A1,C42,脑电听觉调控降噪,基于脑磁图的营销娱乐效果分析,美国,2013
US2018014130A1,C42,脑电听觉调控降噪,包含脑电图记录和分析系统的听力辅助系统,美国,2017
US2020357303A1,C42,脑电听觉调控降噪,脑电图控制的视频输入和听觉显示盲导装置及方法,美国,2018
US20210001147A1,C42,脑电听觉调控降噪,用于测量脑同步的方法和装置,美国,2020
US2021000367A1,C42,脑电听觉调控降噪,确定脑活动的方法,美国,2019
US6529774B1,C42,脑电听觉调控降噪,硬膜外引线，神经刺激器组件及其用于体感和脑刺激的方法,美国,2000
US8224433B2,C42,脑电听觉调控降噪,用于选择治疗和预测结果的基于脑电图的系统和方法,美国,2009
US9241226B2,C42,脑电听觉调控降噪,不舒适阈值估计系统、方法及其程序；助听器调整系统；以及不舒适阈值处理电路,美国,2013
WO2013017169A1,C42,脑电听觉调控降噪,助听器具有自装配能力,世界知识产权组织,2011
WO2018201779A1,C42,脑电听觉调控降噪,交互系统、方法及装置,世界知识产权组织,2018
CN112006685A,C43,癫痫监测预测干预,皮层癫痫脑功能定位柔性微纳电极阵列及其制备方法,中国,2020
CN115644892A,C43,癫痫监测预测干预,基于深度学习和电生理信号的癫痫病灶区定位系统及方法,中国,2022
CN119302671A,C43,癫痫监测预测干预,基于脑电图通道内和通道间特征混合的癫痫发作预测方法,中国,2024
EP3520428A4,C43,癫痫监测预测干预,用于识别潜在诱发癫痫发作的虚拟现实内容的方法和装置,欧洲专利局,2017
KR20200142441A,C43,癫痫监测预测干预,利用功能网络测量皮层区域异常的装置及其方法,韩国,2019
US10743809B1,C43,癫痫监测预测干预,用于癫痫发作预测和检测的系统和方法,美国,2019
US10955917B2,C43,癫痫监测预测干预,用于识别潜在诱发癫痫发作的虚拟现实内容的方法和装置,美国,2018
US11931162B2,C43,癫痫监测预测干预,用于基于脑电图(EEG)非线性变化的癫痫发作检测的系统和方法,美国,2021
US12138064B2,C43,癫痫监测预测干预,在可植入医疗装置中使用相位-振幅耦合测量的系统、装置和方法,美国,2021
US12514489B2,C43,癫痫监测预测干预,用于基于脑电图(EEG)非线性变化的癫痫发作检测的系统和方法,美国,2024
US20070067003A1,C43,癫痫监测预测干预,用于预测和预防癫痫发作的闭环微控制系统,美国,2006
US20080082019A1,C43,癫痫监测预测干预,用于癫痫检测系统和装置,美国,2006
US20090281446A2,C43,癫痫监测预测干预,用于癫痫检测系统和装置,美国,2006
US20100145176A1,C43,癫痫监测预测干预,一种用于脑活动监测的通用电极阵列,美国,2009
US20170035316A1,C43,癫痫监测预测干预,微创盔下颅外脑电图监护仪,美国,2015
US20180088669A1,C43,癫痫监测预测干预,用于识别潜在地引起扣押的虚拟现实内容的方法和装置,美国,2016
US20180117331A1,C43,癫痫监测预测干预,一种微创盔下颅外脑电图监护装置,美国,2016
US20200029849A1,C43,癫痫监测预测干预,用于神经血管信号管理的微创系统和方法在癫痫检测和治疗中的用途，所述神经血管信号管理包括血管内脑电和相关技术,美国,2017
US20210085235A1,C43,癫痫监测预测干预,用于癫痫发作预测和检测的系统和方法,美国,2020
US20220160291A1,C43,癫痫监测预测干预,癫痫发作记录系统,美国,2021
US4873981A,C43,癫痫监测预测干预,用于自动监测患者癫痫发作电惊厥治疗设备和方法,美国,1988
US5269302A,C43,癫痫监测预测干预,用于监测患者癫痫发作电惊厥治疗设备和方法,美国,1992
US7885706B2,C43,癫痫监测预测干预,一种用于癫痫发作检测的系统和装置,美国,2006
WO2023098303A1,C43,癫痫监测预测干预,面向癫痫视频脑电图检查的癫痫发作实时检测监控系统,世界知识产权组织,2022
CN113095428A,C44,脑电频率识别分析,一种融合脑电和刺激源信息的视频情感分类方法及系统,中国,2021
CN117653148A,C44,脑电频率识别分析,脑电刺激方法、装置、设备及可读存储介质,中国,2023
CN117653148B,C44,脑电频率识别分析,脑电刺激方法、装置、设备及可读存储介质,中国,2023
EP2939706A1,C44,脑电频率识别分析,认知增强的使用反馈的,欧洲专利局,2015
JP2024526030A,C44,脑电频率识别分析,用于脑机接口的无线软头皮电子和虚拟现实系统,日本,2022
KR102136799B1,C44,脑电频率识别分析,利用脑波控制目标对象的方法和装置,韩国,2018
KR102743336B1,C44,脑电频率识别分析,通过基于大数据的人工智能操作的脑电图传感器和近红外LED的大脑发育系统,韩国,2022
KR20170013092A,C44,脑电频率识别分析,基于脑电图的脑机接口装置及利用显示器上线刺激识别人类意图的方法,韩国,2015
KR20200025478A,C44,脑电频率识别分析,使用脑波控制目标对象的方法和装置,韩国,2018
RU2702728C1,C44,脑电频率识别分析,MU节律脑电图个体频率范围的确定方法,俄罗斯,2018
US10893822B2,C44,脑电频率识别分析,用于监测受试者大脑神经活动的方法和系统,美国,2012
US2014148657A1,C44,脑电频率识别分析,用于监测受试者大脑神经活动的方法和系统,美国,2012
US2016192858A1,C44,脑电频率识别分析,基于脑电图的脑机接口装置及利用闪烁视觉刺激识别人类意图的方法,美国,2015
US2019209856A1,C44,脑电频率识别分析,生成电磁治疗方案的系统和方法,美国,2017
US8914119B2,C44,脑电频率识别分析,基于生物电共振响应的脑电治疗参数确定,美国,2012
WO2025216156A1,C44,脑电频率识别分析,视野范围确定装置和视野范围确定方法,世界知识产权组织,2025
CN108417249A,,,基于vr的视听触觉多模态手功能康复方法,中国,2018
CN113397559A,,,立体定向脑电图分析方法、装置、计算机设备及存储介质,中国,2021
CN113712572A,,,认知功能的评估系统和方法,中国,2021
CN115486848A,,,一种多电极触点微细碳基生物神经调控探针及其制备方法,中国,2022
CN115568865A,,,一种基于脑电数据驱动的多通道脑响应辨识系统,中国,2022
CN117275042A,,,-,中国,2023
US11132625B1,,,用于训练模拟用户大脑的神经系统的系统和方法,美国,2021
US20080103547A1,,,脑深部刺激的多导联方法,美国,2007
US20130085361A1,,,用于与神经组织相互作用装置及其制造和使用方法,美国,2011
US20140277258A1,,,微制造表面神经刺激装置及其制造和使用方法,美国,2014
US2021321897A1,,,用于在呈现各种信息时远程收集和群体处理心理生理反应的方法,美国,2020
US5649061A,,,用于估计心理决策的设备和方法,美国,1995
US6475162B1,,,使用中断信号使视觉诱发电位采样率与视觉刺激同步的视觉检查系统和方法,美国,2001
