主题码,主题名,n_国内,n_国外,F_AB,C_AB,H_AB,S_AB,F_J,C_J,H_J,g_A,g_B,G_AB,p_A初期,p_A末期,p_B初期,p_B末期,Δp_A,Δp_B,T_AB,M_AB,K_B,A_B,V_B,R_AB,标记,问题相似度,风险排名
C0→C1,脑电情绪识别分析→脑电特征提取分类,45,20,0.7125487327575684,0.7086493372917175,0.3279372453689575,0.5830451051394144,0.023622047244094488,0.031746031746031744,0.9824561403508771,0.7866057781540008,0.6932301006799398,0.4534473803802056,0.0,0.0,0.0,0.0,0.0,0.0,0.5,0.4767236901901028,0.45263157894736844,,,,无高价值专利,0.6550671458244324,
C0→C10,脑电情绪识别分析→神经信息分析诊断,45,36,0.6584027409553528,0.6822499632835388,0.36590576171875,0.5688528219858805,0.0035587188612099642,0.025974025974025976,0.984,0.7866057781540008,0.5811448339517777,0.3986910902200911,0.0,0.0,0.0,0.13793103448275862,0.0,0.13793103448275862,0.5685314644405662,0.48361127733032866,0.9879379666858128,0.0,0.9939689833429064,0.6315509374461116,,0.6175863742828369,660.0
C0→C11,脑电情绪识别分析→睡眠脑电调控增强,45,51,0.7077780365943909,0.6918668746948242,0.3465830087661743,0.5820759733517964,0.01775147928994083,0.009174311926605505,0.9865771812080537,0.7866057781540008,0.6835550559100223,0.4486562577950313,0.0,0.0,0.009009009009009009,0.0,0.0,-0.009009009009009009,0.49549561735676945,0.4720759375759004,0.949193066347878,0.0,0.974596533173939,0.6349271415093621,,0.6299048662185669,504.0
C0→C12,脑电情绪识别分析→视觉脑电解码评估,45,30,0.700844407081604,0.6592779159545898,0.35436105728149414,0.571494460105896,0.0035587188612099642,0.011494252873563218,0.9831932773109243,0.7866057781540008,0.7829175892646888,0.49815591391687586,0.0,0.0,0.0,0.0,0.0,0.0,0.5,0.49907795695843793,0.6666666666666666,0.0,0.8333333333333333,0.6076458529145607,,0.6224123239517212,1516.0
C0→C13,脑电情绪识别分析→多模态神经交互评估,45,43,0.7286351919174194,0.7263693809509277,0.3212629556655884,0.5920891761779785,0.0057306590257879654,0.0,0.9867549668874173,0.7866057781540008,0.6373326104204997,0.42591288196254007,0.0,0.0,0.009009009009009009,0.1724137931034483,0.0,0.1634047840944393,0.5809828937506275,0.5034478878565838,0.8674772036474164,0.0,0.9337386018237082,0.6397724364396076,,0.6817888021469116,325.0
C0→C14,脑电情绪识别分析→脑电信号采集处理,45,66,0.7153654098510742,0.7389340400695801,0.32255983352661133,0.5922864278157552,0.0024630541871921183,0.029850746268656716,0.9760479041916168,0.7866057781540008,0.679455675419048,0.4466290456790701,0.0,0.0,0.009009009009009009,0.0,0.0,-0.009009009009009009,0.49549561735676945,0.47106233151791976,0.7874493927125507,0.0,0.8937246963562753,0.6268058262871127,,0.7009575366973877,856.0
C0→C15,脑电情绪识别分析→心理生理反馈调节,45,18,0.6291906833648682,0.6594606637954712,0.39731305837631226,0.5619881351788838,0.004405286343612335,0.028169014084507043,1.0,0.7866057781540008,0.5865596100887834,0.4012901553421619,0.0,0.0,0.0,0.0,0.0,0.0,0.5,0.450645077671081,0.8366666666666667,0.0,0.9183333333333333,0.6081110982233706,,0.594642162322998,1501.0
C0→C16,脑电情绪识别分析→事件相关电位检测,45,37,0.6800087690353394,0.6694592237472534,0.3566969633102417,0.5687216520309448,0.006578947368421052,0.011764705882352941,0.9920634920634921,0.7866057781540008,0.4632333326977074,0.34372344316126935,0.0,0.0,0.0,0.0,0.0,0.0,0.5,0.4218617215806347,0.9571865443425076,0.0,0.9785932721712538,0.6180669512688697,,0.6341897249221802,1203.0
C0→C17,脑电情绪识别分析→神经反馈刺激分析,45,58,0.7043451070785522,0.6803210973739624,0.35229331254959106,0.5789865056673685,0.005988023952095809,0.007633587786259542,1.0,0.7866057781540008,0.6150229443551454,0.41504070409165256,0.0,0.0,0.0,0.27586206896551724,0.0,0.27586206896551724,0.6345355116007656,0.5247881078462091,0.9730941704035875,0.05263157894736842,0.9602312957281095,0.6395609193603815,,0.6300919055938721,331.0
C0→C18,脑电情绪识别分析→神经刺激同步递送,45,31,0.6268555521965027,0.657821536064148,0.3842278718948364,0.5563016533851624,0.0,0.0,1.0,0.7866057781540008,0.5368834240869825,0.37767117331904376,0.0,0.0,0.0,0.0,0.0,0.0,0.5,0.4388355866595219,0.9751098096632503,0.0,0.9875549048316252,0.6144260017310323,,0.5980284214019775,1322.0
C0→C19,脑电情绪识别分析→脑机接口交互控制,45,53,0.6914980411529541,0.6843142509460449,0.3407357931137085,0.5721826950709025,0.008620689655172414,0.01652892561983471,0.972027972027972,0.7866057781540008,0.7533341408009894,0.48337031723388535,0.0,0.0,0.0,0.0,0.0,0.0,0.5,0.4916851586169427,0.7592997811816192,0.0,0.8796498905908097,0.6151290869790849,,0.653664231300354,1289.0
C0→C2,脑电情绪识别分析→柔性电极采集装置,45,70,0.6042596697807312,0.7206400632858276,0.3946746587753296,0.5731914639472961,0.0,0.017543859649122806,1.0,0.7866057781540008,0.6073936135656598,0.4113410448574413,0.0,0.0,0.0,0.0,0.0,0.0,0.5,0.45567052242872064,0.8650602409638555,0.0,0.9325301204819277,0.61879775118522,,0.6469774842262268,1174.0
C0→C20,脑电情绪识别分析→脑控轮椅交互系统,45,10,0.6366143226623535,0.5772464871406555,0.39302343130111694,0.535628080368042,0.0,0.0,1.0,0.7866057781540008,0.50031249376726,0.3606402020781792,0.0,0.0,0.0,0.0,0.0,0.0,0.5,0.4303201010390896,0.5454545454545454,,,,无高价值专利,0.5468969345092773,
C0→C21,脑电情绪识别分析→多模态脑电融合分析,45,46,0.7024024128913879,0.6973540782928467,0.3302863836288452,0.5766809582710266,0.011976047904191617,0.010526315789473684,0.9793103448275862,0.7866057781540008,0.3291122455290337,0.28598041443465705,0.0,0.0,0.018018018018018018,0.0,0.0,-0.018018018018018018,0.49099196578624643,0.3884861901104517,0.9682345754428833,0.0,0.9841172877214417,0.6182546715469848,,0.6723613739013672,1197.0
C0→C22,脑电情绪识别分析→脑机虚拟交互控制,45,18,0.6775456666946411,0.6953576803207397,0.35934484004974365,0.5774160623550415,0.0,0.03076923076923077,0.9903846153846154,0.7866057781540008,0.5586537376365586,0.3879579383190349,0.0,0.0,0.0,0.0,0.0,0.0,0.5,0.44397896915951746,0.7864583333333334,0.0,0.8932291666666667,0.6122952950740741,,0.6125365495681763,1400.0
C0→C23,脑电情绪识别分析→生物信号虚拟交互,45,26,0.6296515464782715,0.6924594640731812,0.406913161277771,0.5763413906097412,0.0,0.013157894736842105,1.0,0.7866057781540008,0.5849439801948719,0.40051407281843365,0.0,0.0,0.009009009009009009,0.0,0.0,-0.009009009009009009,0.49549561735676945,0.4480048450876015,0.9470198675496688,0.0,0.9735099337748344,0.6267530260263696,,0.6121302843093872,858.0
C0→C24,脑电情绪识别分析→闭环神经调控系统,45,24,0.6627401113510132,0.646384060382843,0.3617545962333679,0.5569595893224081,0.0,0.0,1.0,0.7866057781540008,0.5622256589370602,0.389655570870794,0.0,0.0,0.0,0.0,0.0,0.0,0.5,0.444827785435397,0.9495841995841996,0.125,0.9122920997920998,0.6027392852648423,,0.607276439666748,1586.0
C0→C25,脑电情绪识别分析→脑电信号模式识别,45,30,0.7085294723510742,0.7185249328613281,0.3482869863510132,0.5917804638544718,0.02054794520547945,0.023255813953488372,0.9925373134328358,0.7866057781540008,0.7095321562876163,0.4615393154792167,0.0,0.0,0.0,0.0,0.0,0.0,0.5,0.48076965773960834,0.872852233676976,,,,无高价值专利,0.6514763832092285,
C0→C26,脑电情绪识别分析→神经刺激电极装置,45,43,0.6175184845924377,0.6868176460266113,0.3909757137298584,0.5651039481163025,0.0,0.02,0.9923076923076923,0.7866057781540008,0.578603280366496,0.39747311371011473,0.0,0.0,0.0,0.0,0.0,0.0,0.5,0.44873655685505737,0.9559055118110236,0.0,0.9779527559055118,0.6202928423974551,,0.6083203554153442,1120.0
C0→C27,脑电情绪识别分析→认知意识神经评估,45,31,0.6764606237411499,0.6359614133834839,0.35923492908477783,0.5572189887364706,0.0037313432835820895,0.0,0.9915966386554622,0.7866057781540008,0.8069023936113827,0.5101469144177002,0.0,0.0,0.0,0.034482758620689655,0.0,0.034482758620689655,0.517234548877195,0.5136907316474476,0.916256157635468,0.0,0.958128078817734,0.6227952420260267,,0.6300630569458008,1022.0
C0→C28,脑电情绪识别分析→脑波交互反馈系统,45,44,0.6925028562545776,0.6812095642089844,0.3460196256637573,0.5732440153757731,0.006006006006006006,0.019417475728155338,0.9926470588235294,0.7866057781540008,0.7644472515623096,0.48892254965529475,0.0,0.0,0.0,0.0,0.0,0.0,0.5,0.49446127482764735,0.7387755102040816,0.0,0.8693877551020408,0.6144665401901348,,0.6331647038459778,1321.0
C0→C29,脑电情绪识别分析→深部脑刺激调控,45,83,0.6954529285430908,0.7068672180175781,0.34929072856903076,0.5838702917098999,0.0,0.028368794326241134,0.9836956521739131,0.7866057781540008,0.6351596374162822,0.42485059363417893,0.0,0.0,0.0,0.0,0.0,0.0,0.5,0.46242529681708944,0.957544993077988,0.06666666666666667,0.9454391632056607,0.629219490844142,,0.6496109366416931,757.0
C0→C3,脑电情绪识别分析→脑电状态检测评估,45,50,0.7287111878395081,0.7045384645462036,0.3291410803794861,0.5874635775883993,0.014326647564469915,0.0,0.9797297297297297,0.7866057781540008,0.5131838629552182,0.3665969739869778,0.0,0.0,0.0,0.0,0.0,0.0,0.5,0.43329848699348894,0.9434650455927052,0.0,0.9717325227963526,0.6310313459280749,,0.646777868270874,682.0
C0→C30,脑电情绪识别分析→脑电神经反馈康复训练,45,27,0.7075154185295105,0.6882975697517395,0.3541971445083618,0.5833367109298706,0.014134275618374558,0.02127659574468085,0.9926470588235294,0.7866057781540008,0.5959707455919181,0.4058206093595173,0.0,0.0,0.009009009009009009,0.0,0.0,-0.009009009009009009,0.49549561735676945,0.4506581133581434,0.7529002320185615,0.3333333333333333,0.7097834493426142,0.5820883361163848,,0.63848876953125,1733.0
C0→C31,脑电情绪识别分析→植入式神经接口系统,45,22,0.5800917744636536,0.6618775129318237,0.4362466335296631,0.5594053069750468,0.0,0.013513513513513514,1.0,0.7866057781540008,0.5840290770930134,0.40007481176800735,0.0,0.0,0.0,0.0,0.0,0.0,0.5,0.45003740588400365,1.0,0.0,1.0,0.6205483615484405,,0.5878618359565735,1110.0
C0→C32,脑电情绪识别分析→脑电信号评估分析,45,48,0.7359036803245544,0.6890891790390015,0.3219641447067261,0.5823190013567606,0.030211480362537766,0.007751937984496124,0.9937888198757764,0.7866057781540008,0.5236597877749698,0.37147552687087565,0.0,0.0,0.018018018018018018,0.06896551724137931,0.0,0.050947499223361295,0.5254517321781959,0.4484636295245358,0.9023331524688009,0.0,0.9511665762344004,0.626743590540655,,0.658298134803772,859.0
C0→C33,脑电情绪识别分析→神经信号采集解码,45,67,0.6977820992469788,0.7232663631439209,0.35383737087249756,0.5916286110877991,0.007978723404255319,0.02702702702702703,0.994535519125683,0.7866057781540008,0.6501304005657931,0.4321828328517566,0.0,0.0,0.018018018018018018,0.0,0.0,-0.018018018018018018,0.49099196578624643,0.4615873993190015,0.9439330543933054,0.0,0.9719665271966527,0.6388267841185451,,0.656404435634613,356.0
C0→C34,脑电情绪识别分析→脑电图像生成与映射,45,39,0.700316309928894,0.6883553266525269,0.3382449150085449,0.5756388505299885,0.012779552715654952,0.010869565217391304,0.9772727272727273,0.7866057781540008,0.5842642844359555,0.4001877236339817,0.0,0.0,0.009009009009009009,0.0,0.0,-0.009009009009009009,0.49549561735676945,0.4478416704953756,0.7593283582089553,0.0,0.8796641791044777,0.6093862314480154,,0.6549509167671204,1483.0
C0→C35,脑电情绪识别分析→神经刺激参数优化,45,56,0.6792589426040649,0.6796913146972656,0.36854517459869385,0.5758318106333414,0.0028169014084507044,0.00980392156862745,0.9935897435897436,0.7866057781540008,0.5508990447467422,0.38428174957885575,0.0,0.0,0.009009009009009009,0.0,0.0,-0.009009009009009009,0.49549561735676945,0.4398886834678126,0.9911555470101904,0.0,0.9955777735050952,0.6288725131445072,,0.6236664056777954,767.0
C0→C36,脑电情绪识别分析→自适应神经刺激调控,45,15,0.664581835269928,0.6601704955101013,0.367722749710083,0.5641583601633707,0.0,0.0,1.0,0.7866057781540008,0.520118521467215,0.3698233976210695,0.0,0.0,0.0,0.0,0.0,0.0,0.5,0.43491169881053476,0.9539347408829175,0.0,0.9769673704414588,0.6170887353815546,,0.630871593952179,1233.0
C0→C37,脑电情绪识别分析→神经调节刺激控制,45,59,0.6589860320091248,0.6607248187065125,0.37101125717163086,0.5635740359624227,0.014367816091954023,0.0,0.9939759036144579,0.7866057781540008,0.4658115066911082,0.3448875354250169,0.0,0.0,0.018018018018018018,0.0,0.0,-0.018018018018018018,0.49099196578624643,0.41793975060563165,0.992143511850203,0.0,0.9960717559251016,0.6170775765400003,,0.6224409937858582,1234.0
C0→C38,脑电情绪识别分析→事件相关电位分析,45,7,0.6705496311187744,0.6311266422271729,0.3585430383682251,0.5534064372380574,0.0,0.0,0.9895833333333334,0.7866057781540008,0.5150485035655191,0.3674633566525965,0.0,0.0,0.0,0.0,0.0,0.0,0.5,0.4337316783262982,0.7263157894736842,,,,无高价值专利,0.6071439981460571,
C0→C39,脑电情绪识别分析→脑活动监测与解码,45,35,0.6934827566146851,0.6794145107269287,0.35002565383911133,0.5743076403935751,0.0036900369003690036,0.0,0.9905660377358491,0.7866057781540008,0.8267363689746892,0.5200545308638845,0.0,0.0,0.0,0.0,0.0,0.0,0.5,0.5100272654319422,0.8997214484679665,0.0,0.9498607242339833,0.6321244262128582,,0.6432670950889587,641.0
C0→C4,脑电情绪识别分析→神经刺激调控系统,45,84,0.6825945377349854,0.6960610747337341,0.34917640686035156,0.5759440064430237,0.009324009324009324,0.0,0.9837837837837837,0.7866057781540008,0.5739366304571628,0.39524005124501776,0.0,0.0,0.0,0.034482758620689655,0.0,0.034482758620689655,0.517234548877195,0.4562373000611064,0.9646086282614311,0.0,0.9823043141307155,0.6294846314693665,,0.6335952281951904,745.0
C0→C40,脑电情绪识别分析→脑电虚拟现实交互,45,5,0.6976250410079956,0.6314276456832886,0.34525835514068604,0.5581036806106567,0.0,0.0,1.0,0.7866057781540008,0.409545021537841,0.31992390770837714,0.0,0.0,0.0,0.034482758620689655,0.0,0.034482758620689655,0.517234548877195,0.41857922829278604,0.6150442477876106,0.0,0.8075221238938053,0.5794653639873847,,0.6149859428405762,1744.0
C0→C41,脑电情绪识别分析→脑电电极采集装置,45,40,0.5947918891906738,0.6929444074630737,0.4217005968093872,0.5698122978210449,0.0033444816053511705,0.022988505747126436,1.0,0.7866057781540008,0.4445427445021895,0.3353410301625586,0.0,0.0,0.0,0.034482758620689655,0.0,0.034482758620689655,0.517234548877195,0.4262877895198768,0.9487505294366794,0.0,0.9743752647183397,0.6188146145308411,,0.6401752233505249,1173.0
C0→C42,脑电情绪识别分析→脑电听觉调控降噪,45,20,0.6728062629699707,0.6771914958953857,0.37100696563720703,0.5736682415008545,0.0,0.012987012987012988,1.0,0.7866057781540008,0.6573096058558042,0.4357097725041714,0.0,0.0,0.0,0.0,0.0,0.0,0.5,0.4678548862520857,0.9382022471910112,0.0,0.9691011235955056,0.627714087847617,,0.6335235238075256,815.0
C0→C43,脑电情绪识别分析→癫痫监测预测干预,45,21,0.6867273449897766,0.6769871711730957,0.38491058349609375,0.5828750332196553,0.0,0.015151515151515152,1.0,0.7866057781540008,0.4366782007220494,0.33184434264543916,0.0,0.0,0.018018018018018018,0.0,0.0,-0.018018018018018018,0.49099196578624643,0.4114181542158428,0.9698535745047373,0.0,0.9849267872523686,0.6265133940425235,,0.6121674180030823,864.0
C0→C44,脑电情绪识别分析→脑电频率识别分析,45,13,0.7120797634124756,0.7146444320678711,0.3131079077720642,0.5799440344174703,0.008547008547008548,0.016666666666666666,1.0,0.7866057781540008,0.6381395033007632,0.4263075175895818,0.0,0.0,0.0,0.0,0.0,0.0,0.5,0.4631537587947909,0.7122302158273381,0.0,0.8561151079136691,0.6105946271612539,,0.6764020919799805,1450.0
C0→C5,脑电情绪识别分析→眼动脑电视觉分析,45,27,0.6975739002227783,0.6492215991020203,0.3575643301010132,0.5681199431419373,0.0,0.012195121951219513,1.0,0.7866057781540008,0.5322104001372527,0.37547704330019854,0.0,0.0,0.009009009009009009,0.0,0.0,-0.009009009009009009,0.49549561735676945,0.435486330328484,0.8195050946142649,0.0,0.9097525473071324,0.6078155220942686,,0.6240021586418152,1510.0
C0→C6,脑电情绪识别分析→电极阵列植入制造,45,42,0.562351644039154,0.6818606853485107,0.4119107723236084,0.5520410339037577,0.0,0.00980392156862745,0.9925373134328358,0.7866057781540008,0.571474259607952,0.39406352248895693,0.0,0.0,0.0,0.0,0.0,0.0,0.5,0.44703176124447846,0.9067315490673155,0.0,0.9533657745336577,0.6071155453507611,,0.5965293645858765,1521.0
C0→C7,脑电情绪识别分析→视觉刺激脑电分析,45,48,0.7160196304321289,0.6798654198646545,0.3310995101928711,0.5756615201632181,0.0032258064516129032,0.02247191011235955,0.9784172661870504,0.7866057781540008,0.7934048652653686,0.5033994911724223,0.0,0.0,0.0,0.06896551724137931,0.0,0.06896551724137931,0.5344281929745097,0.518913842073466,0.9191073919107392,0.0,0.9595536959553697,0.6362283823374636,,0.6377613544464111,444.0
C0→C8,脑电情绪识别分析→神经刺激监测装置,45,128,0.6770225763320923,0.6912109851837158,0.3464885950088501,0.571574052174886,0.006109979633401222,0.010050251256281407,0.9824561403508771,0.7866057781540008,0.7415056039068469,0.47746518959962186,0.0,0.0,0.009009009009009009,0.13793103448275862,0.0,0.12892202547374962,0.5641062381131012,0.5207857138563615,0.9955230399650579,0.0,0.9977615199825289,0.6403284921002317,,0.6488562822341919,309.0
C0→C9,脑电情绪识别分析→经颅聚焦刺激装置,45,47,0.6356912851333618,0.6564522981643677,0.38760554790496826,0.5599163770675659,0.003367003367003367,0.009174311926605505,0.9847328244274809,0.7866057781540008,0.5980469930299713,0.4068222917535039,0.0,0.0,0.0,0.0,0.0,0.0,0.5,0.4534111458767519,0.9824984912492456,0.0,0.9912492456246228,0.6199664819588198,,0.6255679130554199,1133.0
C1→C0,脑电特征提取分类→脑电情绪识别分析,15,58,0.7125487327575684,0.7086493372917175,0.3279372453689575,0.5830451051394144,0.01937984496124031,0.0125,0.9916666666666667,0.5934485397194582,0.5536726087522731,0.48012251629676805,0.0,0.0,0.02702702702702703,0.0,0.0,-0.02702702702702703,0.48648977588659537,0.4833061460916817,0.7784615384615384,0.25,0.7642307692307693,0.5990052877020363,,0.6550671458244324,1630.0
C1→C10,脑电特征提取分类→神经信息分析诊断,15,36,0.6238776445388794,0.6422078609466553,0.42635679244995117,0.5641474326451619,0.0,0.0,1.0,0.5934485397194582,0.5811448339517777,0.49384845752227113,0.0,0.0,0.0,0.13793103448275862,0.0,0.13793103448275862,0.5685314644405662,0.5311899609814187,0.9879379666858128,0.0,0.9939689833429064,0.6364284914468551,,0.6075737476348877,429.0
C1→C11,脑电特征提取分类→睡眠脑电调控增强,15,51,0.6728898286819458,0.6403305530548096,0.4032022953033447,0.5721408923467,0.009852216748768473,0.0136986301369863,0.978021978021978,0.5934485397194582,0.6835550559100223,0.5449317208918768,0.0,0.0,0.009009009009009009,0.0,0.0,-0.009009009009009009,0.49549561735676945,0.5202136691243231,0.949193066347878,0.0,0.974596533173939,0.6366844110177765,,0.6132476329803467,417.0
C1→C12,脑电特征提取分类→视觉脑电解码评估,15,30,0.6581051349639893,0.635704517364502,0.39697587490081787,0.563595175743103,0.0,0.0196078431372549,1.0,0.5934485397194582,0.7829175892646888,0.593616959837616,0.0,0.0,0.0,0.0,0.0,0.0,0.5,0.546808479918808,0.6666666666666666,0.0,0.8333333333333333,0.6111359719179726,,0.592156708240509,1434.0
C1→C13,脑电特征提取分类→多模态神经交互评估,15,43,0.6769168376922607,0.6418967247009277,0.37879037857055664,0.5658679803212483,0.009523809523809525,0.0,1.0,0.5934485397194582,0.6373326104204997,0.5219279607832241,0.0,0.0,0.009009009009009009,0.1724137931034483,0.0,0.1634047840944393,0.5809828937506275,0.5514554272669259,0.8674772036474164,0.0,0.9337386018237082,0.6308561650869489,,0.6277433633804321,694.0
C1→C14,脑电特征提取分类→脑电信号采集处理,15,66,0.6912611722946167,0.715881884098053,0.36799919605255127,0.591714084148407,0.003745318352059925,0.009900990099009901,0.9910714285714286,0.5934485397194582,0.679455675419048,0.5428978449380071,0.0,0.0,0.009009009009009009,0.0,0.0,-0.009009009009009009,0.49549561735676945,0.5191967311473883,0.7874493927125507,0.0,0.8937246963562753,0.6351880957681806,,0.6633820533752441,490.0
C1→C15,脑电特征提取分类→心理生理反馈调节,15,18,0.5838838815689087,0.6301393508911133,0.43726205825805664,0.5504284302393595,0.0,0.05714285714285714,1.0,0.5934485397194582,0.5865596100887834,0.4965555896720207,0.0,0.0,0.0,0.0,0.0,0.0,0.5,0.4982777948360103,0.8366666666666667,0.0,0.9183333333333333,0.6088478488122425,,0.573360025882721,1492.0
C1→C16,脑电特征提取分类→事件相关电位检测,15,37,0.6275915503501892,0.6332933902740479,0.4301588535308838,0.5636812647183735,0.0,0.0,1.0,0.5934485397194582,0.4632333326977074,0.43525790583659485,0.0,0.0,0.0,0.0,0.0,0.0,0.5,0.4676289529182974,0.9571865443425076,0.0,0.9785932721712538,0.6227334213795066,,0.6183496713638306,1026.0
C1→C17,脑电特征提取分类→神经反馈刺激分析,15,58,0.662176251411438,0.6415178775787354,0.38561028242111206,0.5631014704704285,0.010256410256410256,0.02127659574468085,0.9895833333333334,0.5934485397194582,0.6150229443551454,0.5107855289772029,0.0,0.0,0.0,0.27586206896551724,0.0,0.27586206896551724,0.6345355116007656,0.5726605202889843,0.9730941704035875,0.05263157894736842,0.9602312957281095,0.6370075809159864,,0.6230005621910095,404.0
C1→C18,脑电特征提取分类→神经刺激同步递送,15,31,0.583461582660675,0.6212412118911743,0.44586992263793945,0.5501909057299296,0.0,0.0,0.984375,0.5934485397194582,0.5368834240869825,0.4717475680346152,0.0,0.0,0.0,0.0,0.0,0.0,0.5,0.48587378401730763,0.9751098096632503,0.0,0.9875549048316252,0.6183405030107195,,0.5674501061439514,1193.0
C1→C19,脑电特征提取分类→脑机接口交互控制,15,53,0.6530059576034546,0.6417017579078674,0.3819130063056946,0.5588735739390055,0.009523809523809525,0.03571428571428571,0.9770114942528736,0.5934485397194582,0.7533341408009894,0.5792684913508335,0.0,0.0,0.0,0.0,0.0,0.0,0.5,0.5396342456754167,0.7592997811816192,0.0,0.8796498905908097,0.6148991404839873,,0.6341705322265625,1296.0
C1→C2,脑电特征提取分类→柔性电极采集装置,15,70,0.5814718008041382,0.6733816862106323,0.450888991355896,0.5685808261235554,0.004464285714285714,0.012658227848101266,1.0,0.5934485397194582,0.6073936135656598,0.5069720849865943,0.0,0.0,0.0,0.0,0.0,0.0,0.5,0.5034860424932972,0.8650602409638555,0.0,0.9325301204819277,0.6242047354772678,,0.605009913444519,959.0
C1→C20,脑电特征提取分类→脑控轮椅交互系统,15,10,0.6027371883392334,0.5512504577636719,0.4890841245651245,0.5476905902226765,0.0,0.0,1.0,0.5934485397194582,0.50031249376726,0.4535661601557762,0.0,0.0,0.0,0.0,0.0,0.0,0.5,0.4767830800778881,0.5454545454545454,,,,无高价值专利,0.5206894874572754,
C1→C21,脑电特征提取分类→多模态脑电融合分析,15,46,0.6746515035629272,0.6786989569664001,0.37586331367492676,0.576404591401418,0.01015228426395939,0.01694915254237288,1.0,0.5934485397194582,0.3291122455290337,0.37082653889492084,0.0,0.0,0.018018018018018018,0.0,0.0,-0.018018018018018018,0.49099196578624643,0.43090925234058364,0.9682345754428833,0.0,0.9841172877214417,0.6256483375022179,,0.6312904357910156,898.0
C1→C22,脑电特征提取分类→脑机虚拟交互控制,15,18,0.6517935991287231,0.6541531682014465,0.4152531623840332,0.5737333099047343,0.0,0.06896551724137931,0.9782608695652174,0.5934485397194582,0.5586537376365586,0.4826096164452297,0.0,0.0,0.0,0.0,0.0,0.0,0.5,0.49130480822261485,0.7864583333333334,0.0,0.8932291666666667,0.6184939953404782,,0.5996048450469971,1188.0
C1→C23,脑电特征提取分类→生物信号虚拟交互,15,26,0.5935930013656616,0.6455041170120239,0.4332447648048401,0.5574472943941752,0.0,0.0,1.0,0.5934485397194582,0.5849439801948719,0.4957478227537088,0.0,0.0,0.009009009009009009,0.0,0.0,-0.009009009009009009,0.49549561735676945,0.49562172005523913,0.9470198675496688,0.0,0.9735099337748344,0.6224931479659239,,0.5864297747612,1039.0
C1→C24,脑电特征提取分类→闭环神经调控系统,15,24,0.6214653253555298,0.5842313766479492,0.41514909267425537,0.5402819315592448,0.0,0.0,1.0,0.5934485397194582,0.5622256589370602,0.48439363066406926,0.0,0.0,0.0,0.0,0.0,0.0,0.5,0.49219681533203463,0.9495841995841996,0.125,0.9122920997920998,0.6000225805137918,,0.5790111422538757,1621.0
C1→C25,脑电特征提取分类→脑电信号模式识别,15,30,0.6905100345611572,0.6516543626785278,0.3733532428741455,0.5718392133712769,0.006329113924050633,0.0196078431372549,0.9733333333333334,0.5934485397194582,0.7095321562876163,0.5577824936313144,0.0,0.0,0.0,0.0,0.0,0.0,0.5,0.5288912468156572,0.872852233676976,,,,无高价值专利,0.6349239945411682,
C1→C26,脑电特征提取分类→神经刺激电极装置,15,43,0.5842312574386597,0.6443721055984497,0.4414280652999878,0.5566771427790324,0.0,0.0,1.0,0.5934485397194582,0.578603280366496,0.4925779155461007,0.0,0.0,0.0,0.0,0.0,0.0,0.5,0.4962889577730504,0.9559055118110236,0.0,0.9779527559055118,0.6228414593313996,,0.5784542560577393,1018.0
C1→C27,脑电特征提取分类→认知意识神经评估,15,31,0.6429184675216675,0.5771039128303528,0.4213714599609375,0.5471312801043192,0.0,0.0,1.0,0.5934485397194582,0.8069023936113827,0.6051350163633251,0.0,0.0,0.0,0.034482758620689655,0.0,0.034482758620689655,0.517234548877195,0.5611847826202601,0.916256157635468,0.0,0.958128078817734,0.6238810784378175,,0.6014248728752136,982.0
C1→C28,脑电特征提取分类→脑波交互反馈系统,15,44,0.650657594203949,0.6329532265663147,0.387345552444458,0.5569854577382405,0.0,0.014705882352941176,0.974025974025974,0.5934485397194582,0.7644472515623096,0.5846756392890925,0.0,0.0,0.0,0.0,0.0,0.0,0.5,0.5423378196445463,0.7387755102040816,0.0,0.8693877551020408,0.6123425360791485,,0.6258001327514648,1397.0
C1→C29,脑电特征提取分类→深部脑刺激调控,15,83,0.6602476835250854,0.6448192596435547,0.4054363965988159,0.5701677799224854,0.0,0.018691588785046728,0.9921875,0.5934485397194582,0.6351596374162822,0.5208434623227679,0.0,0.0,0.0,0.0,0.0,0.0,0.5,0.5104217311613839,0.957544993077988,0.06666666666666667,0.9454391632056607,0.6286914542553036,,0.6122726202011108,773.0
C1→C3,脑电特征提取分类→脑电状态检测评估,15,50,0.6802808046340942,0.6714471578598022,0.374985933303833,0.5755712985992432,0.009389671361502348,0.0,0.9891304347826086,0.5934485397194582,0.5131838629552182,0.4599536232086831,0.0,0.0,0.0,0.0,0.0,0.0,0.5,0.4799768116043416,0.9434650455927052,0.0,0.9717325227963526,0.6315377958685519,,0.6406854391098022,662.0
C1→C30,脑电特征提取分类→脑电神经反馈康复训练,15,27,0.6662580370903015,0.6424777507781982,0.39770185947418213,0.5688125491142273,0.0,0.05263157894736842,0.974025974025974,0.5934485397194582,0.5959707455919181,0.5012611002620585,0.0,0.0,0.009009009009009009,0.0,0.0,-0.009009009009009009,0.49549561735676945,0.49837835880941395,0.7529002320185615,0.3333333333333333,0.7097834493426142,0.5826658225618396,,0.6128392219543457,1729.0
C1→C31,脑电特征提取分类→植入式神经接口系统,15,22,0.5516231656074524,0.6308816075325012,0.4925349950790405,0.5583465894063313,0.0,0.02631578947368421,1.0,0.5934485397194582,0.5840290770930134,0.4952904079741413,0.0,0.0,0.0,0.0,0.0,0.0,0.5,0.4976452039870707,1.0,0.0,1.0,0.6279049378220493,,0.5645023584365845,806.0
C1→C32,脑电特征提取分类→脑电信号评估分析,15,48,0.6970293521881104,0.6597332954406738,0.38284051418304443,0.5798677206039429,0.01507537688442211,0.010752688172043012,1.0,0.5934485397194582,0.5236597877749698,0.4651621645480096,0.0,0.0,0.018018018018018018,0.06896551724137931,0.0,0.050947499223361295,0.5254517321781959,0.49530694836310274,0.9023331524688009,0.0,0.9511665762344004,0.6334459408394709,,0.6342989206314087,562.0
C1→C33,脑电特征提取分类→神经信号采集解码,15,67,0.6721521615982056,0.6360186338424683,0.4002803564071655,0.569483717282613,0.0041841004184100415,0.012987012987012988,1.0,0.5934485397194582,0.6501304005657931,0.5283106178161783,0.0,0.0,0.018018018018018018,0.0,0.0,-0.018018018018018018,0.49099196578624643,0.5096512918012124,0.9439330543933054,0.0,0.9719665271966527,0.6326612942633274,,0.6328611373901367,610.0
C1→C34,脑电特征提取分类→脑电图像生成与映射,15,39,0.6904358863830566,0.6621993780136108,0.3743109703063965,0.5756487449010212,0.0,0.017857142857142856,1.0,0.5934485397194582,0.5842642844359555,0.495408001470049,0.0,0.0,0.009009009009009009,0.0,0.0,-0.009009009009009009,0.49549561735676945,0.4954518094134092,0.7593283582089553,0.0,0.8796641791044777,0.6180424018972189,,0.6416231393814087,1205.0
C1→C35,脑电特征提取分类→神经刺激参数优化,15,56,0.6412005424499512,0.6442921161651611,0.4296911954879761,0.571727951367696,0.0,0.015151515151515152,1.0,0.5934485397194582,0.5508990447467422,0.4787380822456958,0.0,0.0,0.009009009009009009,0.0,0.0,-0.009009009009009009,0.49549561735676945,0.4871168498012326,0.9911555470101904,0.0,0.9955777735050952,0.6343403563857919,,0.5905482172966003,528.0
C1→C36,脑电特征提取分类→自适应神经刺激调控,15,15,0.6202392578125,0.597545862197876,0.41856956481933594,0.5454515616099039,0.0,0.0,1.0,0.5934485397194582,0.520118521467215,0.4634005693053305,0.0,0.0,0.0,0.0,0.0,0.0,0.5,0.48170028465266523,0.9539347408829175,0.0,0.9769673704414588,0.6126666726465856,,0.5992177724838257,1382.0
C1→C37,脑电特征提取分类→神经调节刺激控制,15,59,0.630873441696167,0.6151247024536133,0.42260950803756714,0.5562025507291157,0.014218009478672985,0.0,0.9907407407407407,0.5934485397194582,0.4658115066911082,0.4365258002563459,0.0,0.0,0.018018018018018018,0.0,0.0,-0.018018018018018018,0.49099196578624643,0.4637588830212962,0.992143511850203,0.0,0.9960717559251016,0.6200815039270035,,0.5974900722503662,1129.0
C1→C38,脑电特征提取分类→事件相关电位分析,15,7,0.6163891553878784,0.545386791229248,0.4437521696090698,0.5351760387420654,0.0,0.0,1.0,0.5934485397194582,0.5150485035655191,0.46088010010989355,0.0,0.0,0.0,0.0,0.0,0.0,0.5,0.4804400500549468,0.7263157894736842,,,,无高价值专利,0.5822148323059082,
C1→C39,脑电特征提取分类→脑活动监测与解码,15,35,0.6387026309967041,0.6534227132797241,0.35329508781433105,0.5484734773635864,0.0,0.0,1.0,0.5934485397194582,0.8267363689746892,0.6145729411136114,0.0,0.0,0.0,0.0,0.0,0.0,0.5,0.5572864705568057,0.8997214484679665,0.0,0.9498607242339833,0.6227928933909231,,0.6050224900245667,1023.0
C1→C4,脑电特征提取分类→神经刺激调控系统,15,84,0.6386429071426392,0.637580394744873,0.4080759286880493,0.5614330768585205,0.00684931506849315,0.00819672131147541,1.0,0.5934485397194582,0.5739366304571628,0.49024528325847117,0.0,0.0,0.0,0.034482758620689655,0.0,0.034482758620689655,0.517234548877195,0.5037399160678331,0.9646086282614311,0.0,0.9823043141307155,0.6280287037170483,,0.6168197393417358,802.0
C1→C40,脑电特征提取分类→脑电虚拟现实交互,15,5,0.6422950029373169,0.5869974493980408,0.41877782344818115,0.5493567585945129,0.0,0.0,1.0,0.5934485397194582,0.409545021537841,0.40907102498375036,0.0,0.0,0.0,0.034482758620689655,0.0,0.034482758620689655,0.517234548877195,0.4631527869304727,0.6150442477876106,0.0,0.8075221238938053,0.5822566627522894,,0.5948286056518555,1732.0
C1→C41,脑电特征提取分类→脑电电极采集装置,15,40,0.5805233120918274,0.6484330892562866,0.4629325866699219,0.563962996006012,0.0,0.019230769230769232,1.0,0.5934485397194582,0.4445427445021895,0.42609254504977245,0.0,0.0,0.0,0.034482758620689655,0.0,0.034482758620689655,0.517234548877195,0.4716635469634837,0.9487505294366794,0.0,0.9743752647183397,0.6228885489632127,,0.6086805462837219,1015.0
C1→C42,脑电特征提取分类→脑电听觉调控降噪,15,20,0.6406440138816833,0.6388266682624817,0.4144335389137268,0.5646347403526306,0.0,0.024390243902439025,0.9811320754716981,0.5934485397194582,0.6573096058558042,0.5318871970133092,0.0,0.0,0.0,0.0,0.0,0.0,0.5,0.5159435985066546,0.9382022471910112,0.0,0.9691011235955056,0.6300055452617369,,0.6088054180145264,726.0
C1→C43,脑电特征提取分类→癫痫监测预测干预,15,21,0.6547572612762451,0.6487883925437927,0.41719692945480347,0.5735808610916138,0.0,0.03333333333333333,1.0,0.5934485397194582,0.4366782007220494,0.4222507356393979,0.0,0.0,0.018018018018018018,0.0,0.0,-0.018018018018018018,0.49099196578624643,0.45662135071282217,0.9698535745047373,0.0,0.9849267872523686,0.6284582800182915,,0.5768747329711914,786.0
C1→C44,脑电特征提取分类→脑电频率识别分析,15,13,0.6672458648681641,0.6211325526237488,0.40057313442230225,0.5629838506380717,0.010416666666666666,0.041666666666666664,1.0,0.5934485397194582,0.6381395033007632,0.5223306169217389,0.0,0.0,0.0,0.0,0.0,0.0,0.5,0.5111653084608694,0.7122302158273381,0.0,0.8561151079136691,0.6084551921022393,,0.5852550268173218,1498.0
C1→C5,脑电特征提取分类→眼动脑电视觉分析,15,27,0.659844160079956,0.5997748374938965,0.4168180823326111,0.5588123599688212,0.0,0.021739130434782608,1.0,0.5934485397194582,0.5322104001372527,0.4694191478390772,0.0,0.0,0.009009009009009009,0.0,0.0,-0.009009009009009009,0.49549561735676945,0.4824573825979233,0.8195050946142649,0.0,0.9097525473071324,0.6101399955976693,,0.5942493081092834,1462.0
C1→C6,脑电特征提取分类→电极阵列植入制造,15,42,0.5517072677612305,0.6338223218917847,0.467756986618042,0.5510955254236857,0.0,0.015151515151515152,1.0,0.5934485397194582,0.571474259607952,0.48901462805246926,0.0,0.0,0.0,0.0,0.0,0.0,0.5,0.4945073140262346,0.9067315490673155,0.0,0.9533657745336577,0.6146336467146274,,0.5666831731796265,1310.0
C1→C7,脑电特征提取分类→视觉刺激脑电分析,15,48,0.6811128854751587,0.6464329957962036,0.3985271453857422,0.5753576755523682,0.0,0.018518518518518517,1.0,0.5934485397194582,0.7934048652653686,0.5986666734177357,0.0,0.0,0.0,0.06896551724137931,0.0,0.06896551724137931,0.5344281929745097,0.5665474331961227,0.9191073919107392,0.0,0.9595536959553697,0.6441456435011255,,0.6248458623886108,206.0
C1→C8,脑电特征提取分类→神经刺激监测装置,15,128,0.6352611184120178,0.6569315195083618,0.41897088289260864,0.5703878402709961,0.002824858757062147,0.006097560975609756,1.0,0.5934485397194582,0.7415056039068469,0.5734923095200625,0.0,0.0,0.009009009009009009,0.13793103448275862,0.0,0.12892202547374962,0.5641062381131012,0.5687992738165819,0.9955230399650579,0.0,0.9977615199825289,0.6475436637668917,,0.6221587061882019,139.0
C1→C9,脑电特征提取分类→经颅聚焦刺激装置,15,47,0.5963340997695923,0.6244207620620728,0.43974125385284424,0.5534987052281697,0.0,0.0,1.0,0.5934485397194582,0.5980469930299713,0.5022992104490854,0.0,0.0,0.0,0.0,0.0,0.0,0.5,0.5011496052245428,0.9824984912492456,0.0,0.9912492456246228,0.6237519691750533,,0.5925595760345459,988.0
C10→C0,神经信息分析诊断→脑电情绪识别分析,5,58,0.6584027409553528,0.6822499632835388,0.36590576171875,0.5688528219858805,0.0,0.014285714285714285,1.0,0.37479086941428413,0.5536726087522731,0.588498927703249,0.0,0.0,0.02702702702702703,0.0,0.0,-0.02702702702702703,0.48648977588659537,0.5374943517949222,0.7784615384615384,0.25,0.7642307692307693,0.6003377680931592,,0.6175863742828369,1617.0
C10→C1,神经信息分析诊断→脑电特征提取分类,5,20,0.6238776445388794,0.6422078609466553,0.42635679244995117,0.5641474326451619,0.0,0.0,1.0,0.37479086941428413,0.6932301006799398,0.6540474923382128,0.0,0.0,0.0,0.0,0.0,0.0,0.5,0.5770237461691063,0.45263157894736844,,,,无高价值专利,0.6075737476348877,
C10→C11,神经信息分析诊断→睡眠脑电调控增强,5,51,0.6592903733253479,0.6686142683029175,0.34932780265808105,0.5590774814287821,0.0,0.0,1.0,0.37479086941428413,0.6835550559100223,0.6496562070963667,0.0,0.0,0.009009009009009009,0.0,0.0,-0.009009009009009009,0.49549561735676945,0.5725759122265681,0.949193066347878,0.0,0.974596533173939,0.6366293997997445,,0.6387726068496704,422.0
C10→C12,神经信息分析诊断→视觉脑电解码评估,5,30,0.6372743844985962,0.6554896831512451,0.38404303789138794,0.5589357018470764,0.009174311926605505,0.0,1.0,0.37479086941428413,0.7829175892646888,0.6934404711079841,0.0,0.0,0.0,0.0,0.0,0.0,0.5,0.596720235553992,0.6666666666666666,0.0,0.8333333333333333,0.6168023713895999,,0.5937475562095642,1242.0
C10→C13,神经信息分析诊断→多模态神经交互评估,5,43,0.6782724261283875,0.6969497203826904,0.3471212387084961,0.5741144617398579,0.0,0.0,1.0,0.37479086941428413,0.6373326104204997,0.6283356840545995,0.0,0.0,0.009009009009009009,0.1724137931034483,0.0,0.1634047840944393,0.5809828937506275,0.6046592889026134,0.8674772036474164,0.0,0.9337386018237082,0.6453786051616061,,0.6587369441986084,184.0
C10→C14,神经信息分析诊断→脑电信号采集处理,5,66,0.6781988143920898,0.6831843852996826,0.3596276044845581,0.5736702680587769,0.0,0.0,0.9887640449438202,0.37479086941428413,0.679455675419048,0.6477878623545067,0.0,0.0,0.009009009009009009,0.0,0.0,-0.009009009009009009,0.49549561735676945,0.571641739855638,0.7874493927125507,0.0,0.8937246963562753,0.632650568927495,,0.6257117986679077,611.0
C10→C15,神经信息分析诊断→心理生理反馈调节,5,18,0.6237891912460327,0.6210470199584961,0.3983847498893738,0.5477403203646342,0.0,0.0,1.0,0.37479086941428413,0.5865596100887834,0.604329427439147,0.0,0.0,0.0,0.0,0.0,0.0,0.5,0.5521647137195735,0.8366666666666667,0.0,0.9183333333333333,0.6161956235110299,,0.6110901832580566,1256.0
C10→C16,神经信息分析诊断→事件相关电位检测,5,37,0.6623631119728088,0.5962464809417725,0.3549967408180237,0.5378687779108683,0.022900763358778626,0.02564102564102564,1.0,0.37479086941428413,0.4632333326977074,0.5441062907456007,0.0,0.0,0.0,0.0,0.0,0.0,0.5,0.5220531453728003,0.9571865443425076,0.0,0.9785932721712538,0.6144763227851184,,0.6271802186965942,1318.0
C10→C17,神经信息分析诊断→神经反馈刺激分析,5,58,0.6955504417419434,0.6700727343559265,0.33054471015930176,0.5653892954190571,0.0,0.011764705882352941,1.0,0.37479086941428413,0.6150229443551454,0.6178574710131672,0.0,0.0,0.0,0.27586206896551724,0.0,0.27586206896551724,0.6345355116007656,0.6261964913069664,0.9730941704035875,0.05263157894736842,0.9602312957281095,0.6473880431574529,,0.6704769134521484,145.0
C10→C18,神经信息分析诊断→神经刺激同步递送,5,31,0.6524227857589722,0.6639386415481567,0.3724421262741089,0.5629345178604126,0.0,0.0,0.975609756097561,0.37479086941428413,0.5368834240869825,0.5803438553900301,0.0,0.0,0.0,0.0,0.0,0.0,0.5,0.540171927695015,0.9751098096632503,0.0,0.9875549048316252,0.6360349958229832,,0.6567126512527466,449.0
C10→C19,神经信息分析诊断→脑机接口交互控制,5,53,0.6500109434127808,0.6273014545440674,0.3421670198440552,0.539826472600301,0.0,0.02666666666666667,1.0,0.37479086941428413,0.7533341408009894,0.6807208567488218,0.0,0.0,0.0,0.0,0.0,0.0,0.5,0.5903604283744108,0.7592997811816192,0.0,0.8796498905908097,0.6107572935873214,,0.6269844770431519,1444.0
C10→C2,神经信息分析诊断→柔性电极采集装置,5,70,0.6102144122123718,0.6741433143615723,0.4255986213684082,0.5699854493141174,0.0,0.014492753623188406,1.0,0.37479086941428413,0.6073936135656598,0.6142483338220909,0.0,0.0,0.0,0.0,0.0,0.0,0.5,0.5571241669110454,0.8650602409638555,0.0,0.9325301204819277,0.6343668200344017,,0.596224308013916,527.0
C10→C20,神经信息分析诊断→脑控轮椅交互系统,5,10,0.584931492805481,0.5180602073669434,0.4053962826728821,0.5027959942817688,0.0,0.0,1.0,0.37479086941428413,0.50031249376726,0.5624332632707827,0.0,0.0,0.0,0.0,0.0,0.0,0.5,0.5312166316353913,0.5454545454545454,,,,无高价值专利,0.5064477324485779,
C10→C21,神经信息分析诊断→多模态脑电融合分析,5,46,0.633118748664856,0.6432247757911682,0.3896191120147705,0.5553208788235982,0.0,0.0,1.0,0.37479086941428413,0.3291122455290337,0.477176559831396,0.0,0.0,0.018018018018018018,0.0,0.0,-0.018018018018018018,0.49099196578624643,0.4840842628088212,0.9682345754428833,0.0,0.9841172877214417,0.620910028694605,,0.5975455045700073,1092.0
C10→C22,神经信息分析诊断→脑机虚拟交互控制,5,18,0.642920970916748,0.628817081451416,0.38810479640960693,0.5532809495925903,0.0,0.0,1.0,0.37479086941428413,0.5586537376365586,0.590909322085414,0.0,0.0,0.0,0.0,0.0,0.0,0.5,0.545454661042707,0.7864583333333334,0.0,0.8932291666666667,0.6145278598946357,,0.5553827285766602,1317.0
C10→C23,神经信息分析诊断→生物信号虚拟交互,5,26,0.5881523489952087,0.6071290969848633,0.4224971532821655,0.5392595330874125,0.0,0.0,1.0,0.37479086941428413,0.5849439801948719,0.6035565236722391,0.0,0.0,0.009009009009009009,0.0,0.0,-0.009009009009009009,0.49549561735676945,0.5495260705145043,0.9470198675496688,0.0,0.9735099337748344,0.6190856943527863,,0.5728435516357422,1161.0
C10→C24,神经信息分析诊断→闭环神经调控系统,5,24,0.6513325572013855,0.6587454080581665,0.34995484352111816,0.5533442695935568,0.02564102564102564,0.0,1.0,0.37479086941428413,0.5622256589370602,0.5926351142725915,0.0,0.0,0.0,0.0,0.0,0.0,0.5,0.5463175571362957,0.9495841995841996,0.125,0.9122920997920998,0.6179607414933863,,0.6495659351348877,1208.0
C10→C25,神经信息分析诊断→脑电信号模式识别,5,30,0.6540087461471558,0.642776370048523,0.3678429126739502,0.5548760096232096,0.016129032258064516,0.024390243902439025,1.0,0.37479086941428413,0.7095321562876163,0.6613872891283026,0.0,0.0,0.0,0.0,0.0,0.0,0.5,0.5806936445641513,0.872852233676976,,,,无高价值专利,0.6545645594596863,
C10→C26,神经信息分析诊断→神经刺激电极装置,5,43,0.6390960812568665,0.7008554935455322,0.39112699031829834,0.5770261883735657,0.008620689655172414,0.0,1.0,0.37479086941428413,0.578603280366496,0.6005182191891588,0.0,0.0,0.0,0.0,0.0,0.0,0.5,0.5502591095945795,0.9559055118110236,0.0,0.9779527559055118,0.6456226277748736,,0.616361141204834,177.0
C10→C27,神经信息分析诊断→认知意识神经评估,5,31,0.6520358324050903,0.6451308131217957,0.3465474843978882,0.5479047099749247,0.0,0.0,1.0,0.37479086941428413,0.8069023936113827,0.7035422143938087,0.0,0.0,0.0,0.034482758620689655,0.0,0.034482758620689655,0.517234548877195,0.6103883816355018,0.916256157635468,0.0,0.958128078817734,0.6324215412895853,,0.6496387720108032,627.0
C10→C28,神经信息分析诊断→脑波交互反馈系统,5,44,0.6539734601974487,0.6410844326019287,0.39980876445770264,0.5649555524190266,0.0,0.0,1.0,0.37479086941428413,0.7644472515623096,0.6855319800126455,0.0,0.0,0.0,0.0,0.0,0.0,0.5,0.5927659900063227,0.7387755102040816,0.0,0.8693877551020408,0.6263164044788087,,0.6268100738525391,873.0
C10→C29,神经信息分析诊断→深部脑刺激调控,5,83,0.6832457780838013,0.6805016994476318,0.3254406452178955,0.5630627075831095,0.0078125,0.01020408163265306,1.0,0.37479086941428413,0.6351596374162822,0.6273202107192332,0.0,0.0,0.0,0.0,0.0,0.0,0.5,0.5636601053596166,0.957544993077988,0.06666666666666667,0.9454391632056607,0.6330079782912795,,0.6720678806304932,583.0
C10→C3,神经信息分析诊断→脑电状态检测评估,5,50,0.6664936542510986,0.6769453287124634,0.376803457736969,0.573414146900177,0.0,0.0,1.0,0.37479086941428413,0.5131838629552182,0.5687580903657907,0.0,0.0,0.0,0.0,0.0,0.0,0.5,0.5343790451828954,0.9434650455927052,0.0,0.9717325227963526,0.6394578180489531,,0.657544732093811,336.0
C10→C30,神经信息分析诊断→脑电神经反馈康复训练,5,27,0.6444258689880371,0.6603296995162964,0.3561311960220337,0.5536289215087891,0.008771929824561403,0.02040816326530612,1.0,0.37479086941428413,0.5959707455919181,0.6088211686287432,0.0,0.0,0.009009009009009009,0.0,0.0,-0.009009009009009009,0.49549561735676945,0.5521583929927564,0.7529002320185615,0.3333333333333333,0.7097834493426142,0.583357787284404,,0.6350690722465515,1724.0
C10→C31,神经信息分析诊断→植入式神经接口系统,5,22,0.5972710847854614,0.6743916273117065,0.4461376667022705,0.5726001262664795,0.0,0.0,1.0,0.37479086941428413,0.5840290770930134,0.603118612021146,0.0,0.0,0.0,0.0,0.0,0.0,0.5,0.551559306010573,1.0,0.0,1.0,0.646556106166287,,0.6020867824554443,163.0
C10→C32,神经信息分析诊断→脑电信号评估分析,5,48,0.6664446592330933,0.6756730079650879,0.36232757568359375,0.5681484142939249,0.005952380952380952,0.0,1.0,0.37479086941428413,0.5236597877749698,0.5738894192894177,0.0,0.0,0.018018018018018018,0.06896551724137931,0.0,0.050947499223361295,0.5254517321781959,0.5496705757338067,0.9023331524688009,0.0,0.9511665762344004,0.6350362394609043,,0.6394009590148926,498.0
C10→C33,神经信息分析诊断→神经信号采集解码,5,67,0.6960247755050659,0.6692885160446167,0.3435194492340088,0.5696109135945637,0.00975609756097561,0.014925373134328358,1.0,0.37479086941428413,0.6501304005657931,0.6342931243001289,0.0,0.0,0.018018018018018018,0.0,0.0,-0.018018018018018018,0.49099196578624643,0.5626425450431877,0.9439330543933054,0.0,0.9719665271966527,0.6417030260320432,,0.6505250930786133,265.0
C10→C34,神经信息分析诊断→脑电图像生成与映射,5,39,0.6455633640289307,0.6510292291641235,0.38353604078292847,0.5600428779919941,0.0,0.0,1.0,0.37479086941428413,0.5842642844359555,0.6032312080985037,0.0,0.0,0.009009009009009009,0.0,0.0,-0.009009009009009009,0.49549561735676945,0.5493634127276366,0.7593283582089553,0.0,0.8796641791044777,0.6173579067238096,,0.6137763261795044,1223.0
C10→C35,神经信息分析诊断→神经刺激参数优化,5,56,0.6731117367744446,0.7077034711837769,0.36812537908554077,0.582980195681254,0.00546448087431694,0.0,1.0,0.37479086941428413,0.5508990447467422,0.5871549348012041,0.0,0.0,0.009009009009009009,0.0,0.0,-0.009009009009009009,0.49549561735676945,0.5413252760789867,0.9911555470101904,0.0,0.9955777735050952,0.6510867715638747,,0.6576241254806519,97.0
C10→C36,神经信息分析诊断→自适应神经刺激调控,5,15,0.6413143873214722,0.6659403443336487,0.359045147895813,0.5554332931836445,0.0,0.0,1.0,0.37479086941428413,0.520118521467215,0.5721565546520656,0.0,0.0,0.0,0.0,0.0,0.0,0.5,0.5360782773260329,0.9539347408829175,0.0,0.9769673704414588,0.6285038739483456,,0.6407470703125,783.0
C10→C37,神经信息分析诊断→神经调节刺激控制,5,59,0.6735697984695435,0.7133898735046387,0.3358621597290039,0.574273943901062,0.005555555555555556,0.0,0.9882352941176471,0.37479086941428413,0.4658115066911082,0.545385053105122,0.0,0.0,0.018018018018018018,0.0,0.0,-0.018018018018018018,0.49099196578624643,0.5181885094456842,0.992143511850203,0.0,0.9960717559251016,0.6414158379748894,,0.6881527900695801,271.0
C10→C38,神经信息分析诊断→事件相关电位分析,5,7,0.631294846534729,0.5527318716049194,0.3822728395462036,0.5220998525619507,0.0,0.0,1.0,0.37479086941428413,0.5150485035655191,0.5696725442988825,0.0,0.0,0.0,0.0,0.0,0.0,0.5,0.5348362721494413,0.7263157894736842,,,,无高价值专利,0.5439764261245728,
C10→C39,神经信息分析诊断→脑活动监测与解码,5,35,0.6494466066360474,0.6458331346511841,0.37529808282852173,0.556859274705251,0.0,0.0,1.0,0.37479086941428413,0.8267363689746892,0.7117484473549125,0.0,0.0,0.0,0.0,0.0,0.0,0.5,0.6058742236774562,0.8997214484679665,0.0,0.9498607242339833,0.6365162848721414,,0.6277848482131958,425.0
C10→C4,神经信息分析诊断→神经刺激调控系统,5,84,0.6672266721725464,0.6987942457199097,0.34259313344955444,0.5695380171140034,0.0,0.008928571428571428,0.9905660377358491,0.37479086941428413,0.5739366304571628,0.5982771108136088,0.0,0.0,0.0,0.034482758620689655,0.0,0.034482758620689655,0.517234548877195,0.557755829845402,0.9646086282614311,0.0,0.9823043141307155,0.6425644666861462,,0.6727641820907593,247.0
C10→C40,神经信息分析诊断→脑电虚拟现实交互,5,5,0.6347473859786987,0.5643318295478821,0.40635108947753906,0.5351434350013733,0.0,0.0,1.0,0.37479086941428413,0.409545021537841,0.5173700831335722,0.0,0.0,0.0,0.034482758620689655,0.0,0.034482758620689655,0.517234548877195,0.5173023160053836,0.6150442477876106,0.0,0.8075221238938053,0.5828186698875769,,0.604041337966919,1728.0
C10→C41,神经信息分析诊断→脑电电极采集装置,5,40,0.591154932975769,0.6061971783638,0.45742249488830566,0.5515915354092915,0.0,0.0,1.0,0.37479086941428413,0.4445427445021895,0.5348194864895826,0.0,0.0,0.0,0.034482758620689655,0.0,0.034482758620689655,0.517234548877195,0.5260270176833888,0.9487505294366794,0.0,0.9743752647183397,0.6237946475257461,,0.5798680782318115,984.0
C10→C42,神经信息分析诊断→脑电听觉调控降噪,5,20,0.625438928604126,0.6462093591690063,0.38770174980163574,0.5531166791915894,0.0,0.0,1.0,0.37479086941428413,0.6573096058558042,0.637617311206228,0.0,0.0,0.0,0.0,0.0,0.0,0.5,0.568808655603114,0.9382022471910112,0.0,0.9691011235955056,0.6310305686222742,,0.6232415437698364,683.0
C10→C43,神经信息分析诊断→癫痫监测预测干预,5,21,0.6425283551216125,0.6719781160354614,0.39579832553863525,0.5701015988985697,0.0,0.0,1.0,0.37479086941428413,0.4366782007220494,0.5309042209054048,0.0,0.0,0.018018018018018018,0.0,0.0,-0.018018018018018018,0.49099196578624643,0.5109480933458256,0.9698535745047373,0.0,0.9849267872523686,0.635502794904494,,0.6395487785339355,473.0
C10→C44,神经信息分析诊断→脑电频率识别分析,5,13,0.61876380443573,0.6266062259674072,0.38509970903396606,0.543489913145701,0.0,0.0,1.0,0.37479086941428413,0.6381395033007632,0.628712473248925,0.0,0.0,0.0,0.0,0.0,0.0,0.5,0.5643562366244625,0.7122302158273381,0.0,0.8561151079136691,0.6048892766524541,,0.6168504953384399,1554.0
C10→C5,神经信息分析诊断→眼动脑电视觉分析,5,27,0.642805278301239,0.5826815366744995,0.39326274394989014,0.5395831863085429,0.0,0.0,1.0,0.37479086941428413,0.5322104001372527,0.5780659795464236,0.0,0.0,0.009009009009009009,0.0,0.0,-0.009009009009009009,0.49549561735676945,0.5367807984515965,0.8195050946142649,0.0,0.9097525473071324,0.6066726640222329,,0.5899897813796997,1531.0
C10→C6,神经信息分析诊断→电极阵列植入制造,5,42,0.591201901435852,0.667275607585907,0.4327824115753174,0.5637533068656921,0.0,0.0,1.0,0.37479086941428413,0.571474259607952,0.5970929197249254,0.0,0.0,0.0,0.0,0.0,0.0,0.5,0.5485464598624628,0.9067315490673155,0.0,0.9533657745336577,0.6322652092460895,,0.5932914614677429,633.0
C10→C7,神经信息分析诊断→视觉刺激脑电分析,5,48,0.6991693377494812,0.6519373655319214,0.3042173385620117,0.5517746806144714,0.02962962962962963,0.022727272727272728,1.0,0.37479086941428413,0.7934048652653686,0.6978810780281994,0.0,0.0,0.0,0.06896551724137931,0.0,0.06896551724137931,0.5344281929745097,0.6161546355013545,0.9191073919107392,0.0,0.9595536959553697,0.6362611338809823,,0.6633248329162598,443.0
C10→C8,神经信息分析诊断→神经刺激监测装置,5,128,0.7089233994483948,0.7409207820892334,0.3163554072380066,0.5887331962585449,0.012578616352201259,0.019736842105263157,0.9933333333333333,0.37479086941428413,0.7415056039068469,0.6755573943188963,0.0,0.0,0.009009009009009009,0.13793103448275862,0.0,0.12892202547374962,0.5641062381131012,0.6198318162159988,0.9955230399650579,0.0,0.9977615199825289,0.6684775954874742,,0.7094413042068481,9.0
C10→C9,神经信息分析诊断→经颅聚焦刺激装置,5,47,0.6247636079788208,0.6696360111236572,0.3886451721191406,0.5610149304072062,0.0,0.0,0.9803921568627451,0.37479086941428413,0.5980469930299713,0.6098096702054955,0.0,0.0,0.0,0.0,0.0,0.0,0.5,0.5549048351027477,0.9824984912492456,0.0,0.9912492456246228,0.6377842082490608,,0.6399439573287964,383.0
C11→C0,睡眠脑电调控增强→脑电情绪识别分析,16,58,0.7077780365943909,0.6918668746948242,0.3465830087661743,0.5820759733517964,0.026415094339622643,0.0,1.0,0.5715370619270574,0.5536726087522731,0.49106872349768016,0.0,0.0,0.02702702702702703,0.0,0.0,-0.02702702702702703,0.48648977588659537,0.48877924969213776,0.7784615384615384,0.25,0.7642307692307693,0.5994564300454216,,0.6299048662185669,1627.0
C11→C1,睡眠脑电调控增强→脑电特征提取分类,16,20,0.6728898286819458,0.6403305530548096,0.4032022953033447,0.5721408923467,0.015625,0.0,1.0,0.5715370619270574,0.6932301006799398,0.5605479253560507,0.0,0.0,0.0,0.0,0.0,0.0,0.5,0.5302739626780253,0.45263157894736844,,,,无高价值专利,0.6132476329803467,
C11→C10,睡眠脑电调控增强→神经信息分析诊断,16,36,0.6592903733253479,0.6686142683029175,0.34932780265808105,0.5590774814287821,0.0,0.0,1.0,0.5715370619270574,0.5811448339517777,0.5048037382033929,0.0,0.0,0.0,0.13793103448275862,0.0,0.13793103448275862,0.5685314644405662,0.5366676013219795,0.9879379666858128,0.0,0.9939689833429064,0.6338989575175428,,0.6387726068496704,546.0
C11→C12,睡眠脑电调控增强→视觉脑电解码评估,16,30,0.6819672584533691,0.6530392169952393,0.38697779178619385,0.5739947557449341,0.006622516556291391,0.0,1.0,0.5715370619270574,0.7829175892646888,0.6041437568565757,0.0,0.0,0.0,0.0,0.0,0.0,0.5,0.5520718784282879,0.6666666666666666,0.0,0.8333333333333333,0.6188187771793026,,0.604828953742981,1172.0
C11→C13,睡眠脑电调控增强→多模态神经交互评估,16,43,0.7017382383346558,0.6891173124313354,0.3625599145889282,0.5844718217849731,0.0,0.0,1.0,0.5715370619270574,0.6373326104204997,0.5328503842240123,0.0,0.0,0.009009009009009009,0.1724137931034483,0.0,0.1634047840944393,0.5809828937506275,0.5569166389873199,0.8674772036474164,0.0,0.9337386018237082,0.6441648648445674,,0.6296025514602661,205.0
C11→C14,睡眠脑电调控增强→脑电信号采集处理,16,66,0.705244779586792,0.6857211589813232,0.3602738380432129,0.583746592203776,0.007272727272727273,0.009259259259259259,1.0,0.5715370619270574,0.679455675419048,0.5537508003226217,0.0,0.0,0.009009009009009009,0.0,0.0,-0.009009009009009009,0.49549561735676945,0.5246232088396956,0.7874493927125507,0.0,0.8937246963562753,0.631009249545095,,0.6348902583122253,684.0
C11→C15,睡眠脑电调控增强→心理生理反馈调节,16,18,0.6377520561218262,0.634406328201294,0.3903627395629883,0.5541737079620361,0.010309278350515464,0.0,1.0,0.5715370619270574,0.5865596100887834,0.5075107090913817,0.0,0.0,0.0,0.0,0.0,0.0,0.5,0.5037553545456909,0.8366666666666667,0.0,0.9183333333333333,0.6122745741276955,,0.5839425325393677,1402.0
C11→C16,睡眠脑电调控增强→事件相关电位检测,16,37,0.6846646070480347,0.6306596994400024,0.3663557767868042,0.5605600277582804,0.0,0.0,1.0,0.5715370619270574,0.4632333326977074,0.44605887501079233,0.0,0.0,0.0,0.0,0.0,0.0,0.5,0.47302943750539617,0.9571865443425076,0.0,0.9785932721712538,0.6215882250128518,,0.6153850555419922,1070.0
C11→C17,睡眠脑电调控增强→神经反馈刺激分析,16,58,0.7078849077224731,0.6757813692092896,0.33891409635543823,0.5741934577624003,0.014778325123152709,0.0,1.0,0.5715370619270574,0.6150229443551454,0.5217292461131986,0.0,0.0,0.0,0.27586206896551724,0.0,0.27586206896551724,0.6345355116007656,0.5781323788569821,0.9730941704035875,0.05263157894736842,0.9602312957281095,0.6454261425533221,,0.6250690221786499,182.0
C11→C18,睡眠脑电调控增强→神经刺激同步递送,16,31,0.6543488502502441,0.6631661653518677,0.37957054376602173,0.5656951864560444,0.013793103448275862,0.0,1.0,0.5715370619270574,0.5368834240869825,0.4826801135289838,0.0,0.0,0.0,0.0,0.0,0.0,0.5,0.4913400567644919,0.9751098096632503,0.0,0.9875549048316252,0.6296691608131904,,0.604802131652832,737.0
C11→C19,睡眠脑电调控增强→脑机接口交互控制,16,53,0.7072762250900269,0.6691057085990906,0.34179961681365967,0.5727271835009257,0.0091324200913242,0.0,1.0,0.5715370619270574,0.7533341408009894,0.5899101990149895,0.0,0.0,0.0,0.0,0.0,0.0,0.5,0.5449550995074948,0.7592997811816192,0.0,0.8796498905908097,0.6249344472198728,,0.6414522528648376,928.0
C11→C2,睡眠脑电调控增强→柔性电极采集装置,16,70,0.6142304539680481,0.6684010028839111,0.4143334627151489,0.565654973189036,0.0,0.0,1.0,0.5715370619270574,0.6073936135656598,0.5179205963532855,0.0,0.0,0.0,0.0,0.0,0.0,0.5,0.5089602981766428,0.8650602409638555,0.0,0.9325301204819277,0.6232232856311938,,0.6128906011581421,1004.0
C11→C20,睡眠脑电调控增强→脑控轮椅交互系统,16,10,0.6277650594711304,0.5653027296066284,0.4070442318916321,0.5333706736564636,0.0,0.0,1.0,0.5715370619270574,0.50031249376726,0.46444781362381293,0.0,0.0,0.0,0.0,0.0,0.0,0.5,0.48222390681190647,0.5454545454545454,,,,无高价值专利,0.5315067768096924,
C11→C21,睡眠脑电调控增强→多模态脑电融合分析,16,46,0.6659358739852905,0.6511159539222717,0.3833862543106079,0.5668126940727234,0.009708737864077669,0.03076923076923077,1.0,0.5715370619270574,0.3291122455290337,0.381107610866089,0.0,0.0,0.018018018018018018,0.0,0.0,-0.018018018018018018,0.49099196578624643,0.4360497883261677,0.9682345754428833,0.0,0.9841172877214417,0.6202796291257622,,0.602022647857666,1121.0
C11→C22,睡眠脑电调控增强→脑机虚拟交互控制,16,18,0.6895860433578491,0.6410795450210571,0.37965327501296997,0.570106287797292,0.0,0.0,1.0,0.5715370619270574,0.5586537376365586,0.49355869422688076,0.0,0.0,0.0,0.0,0.0,0.0,0.5,0.4967793471134404,0.7864583333333334,0.0,0.8932291666666667,0.6171183842129893,,0.5948015451431274,1232.0
C11→C23,睡眠脑电调控增强→生物信号虚拟交互,16,26,0.6403923630714417,0.6474999189376831,0.4151788353919983,0.567690372467041,0.0,0.0,1.0,0.5715370619270574,0.5849439801948719,0.506703057524006,0.0,0.0,0.009009009009009009,0.0,0.0,-0.009009009009009009,0.49549561735676945,0.5010993374403877,0.9470198675496688,0.0,0.9735099337748344,0.630268646567736,,0.5971901416778564,715.0
C11→C24,睡眠脑电调控增强→闭环神经调控系统,16,24,0.6883401870727539,0.6661683320999146,0.36005067825317383,0.5715197324752808,0.008264462809917356,0.0,1.0,0.5715370619270574,0.5622256589370602,0.49534443305356235,0.0,0.0,0.0,0.0,0.0,0.0,0.5,0.4976722165267812,0.9495841995841996,0.125,0.9122920997920998,0.6215699183996548,,0.6091168522834778,1071.0
C11→C25,睡眠脑电调控增强→脑电信号模式识别,16,30,0.6883624196052551,0.6746910810470581,0.38446617126464844,0.5825065573056538,0.01818181818181818,0.0,1.0,0.5715370619270574,0.7095321562876163,0.568562892381152,0.0,0.0,0.0,0.0,0.0,0.0,0.5,0.534281446190576,0.872852233676976,,,,无高价值专利,0.6201839447021484,
C11→C26,睡眠脑电调控增强→神经刺激电极装置,16,43,0.627763032913208,0.6578484773635864,0.40675777196884155,0.5641230940818787,0.0,0.0,1.0,0.5715370619270574,0.578603280366496,0.5035330504164799,0.0,0.0,0.0,0.0,0.0,0.0,0.5,0.5017665252082399,0.9559055118110236,0.0,0.9779527559055118,0.6287587797134883,,0.5960525870323181,769.0
C11→C27,睡眠脑电调控增强→认知意识神经评估,16,31,0.6732914447784424,0.6325861811637878,0.356670618057251,0.554182747999827,0.007246376811594203,0.017857142857142856,1.0,0.5715370619270574,0.8069023936113827,0.6155566800251293,0.0,0.0,0.0,0.034482758620689655,0.0,0.034482758620689655,0.517234548877195,0.5663956144511622,0.916256157635468,0.0,0.958128078817734,0.6295547052429538,,0.6346546411514282,739.0
C11→C28,睡眠脑电调控增强→脑波交互反馈系统,16,44,0.7015320062637329,0.6610814929008484,0.33381175994873047,0.5654750863711039,0.004901960784313725,0.0,1.0,0.5715370619270574,0.7644472515623096,0.5952761370950098,0.0,0.0,0.0,0.0,0.0,0.0,0.5,0.5476380685475049,0.7387755102040816,0.0,0.8693877551020408,0.6188525617106952,,0.6360493898391724,1170.0
C11→C29,睡眠脑电调控增强→深部脑刺激调控,16,83,0.7089453935623169,0.7125943303108215,0.3312340974807739,0.5842579404513041,0.0033444816053511705,0.0,1.0,0.5715370619270574,0.6351596374162822,0.5317684348770763,0.0,0.0,0.0,0.0,0.0,0.0,0.5,0.5158842174385381,0.957544993077988,0.06666666666666667,0.9454391632056607,0.6389241575015837,,0.6601158976554871,351.0
C11→C3,睡眠脑电调控增强→脑电状态检测评估,16,50,0.70171058177948,0.6716885566711426,0.3616443872451782,0.5783478418986002,0.009009009009009009,0.0,1.0,0.5715370619270574,0.5131838629552182,0.47085647184281004,0.0,0.0,0.0,0.0,0.0,0.0,0.5,0.48542823592140505,0.9434650455927052,0.0,0.9717325227963526,0.6343142386111845,,0.6201567649841309,530.0
C11→C30,睡眠脑电调控增强→脑电神经反馈康复训练,16,27,0.6900520324707031,0.6553900241851807,0.35238492488861084,0.5659423271814982,0.012903225806451613,0.015151515151515152,1.0,0.5715370619270574,0.5959707455919181,0.5122144112413902,0.0,0.0,0.009009009009009009,0.0,0.0,-0.009009009009009009,0.49549561735676945,0.5038550142990799,0.7529002320185615,0.3333333333333333,0.7097834493426142,0.5819518328424815,,0.6479073762893677,1735.0
C11→C31,睡眠脑电调控增强→植入式神经接口系统,16,22,0.5924067497253418,0.6443371772766113,0.4492100477218628,0.561984658241272,0.0,0.0,1.0,0.5715370619270574,0.5840290770930134,0.5062456827058402,0.0,0.0,0.0,0.0,0.0,0.0,0.5,0.5031228413529201,1.0,0.0,1.0,0.6312777280581856,,0.569704532623291,674.0
C11→C32,睡眠脑电调控增强→脑电信号评估分析,16,48,0.706600546836853,0.6478722095489502,0.3569685220718384,0.5704804261525471,0.014423076923076924,0.0,1.0,0.5715370619270574,0.5236597877749698,0.4760796371496174,0.0,0.0,0.018018018018018018,0.06896551724137931,0.0,0.050947499223361295,0.5254517321781959,0.5007656846639066,0.9023331524688009,0.0,0.9511665762344004,0.6282188919646139,,0.6156696677207947,796.0
C11→C33,睡眠脑电调控增强→神经信号采集解码,16,67,0.6965606808662415,0.6649718880653381,0.3697795867919922,0.5771040519078573,0.008097165991902834,0.0,1.0,0.5715370619270574,0.6501304005657931,0.5392159580312097,0.0,0.0,0.018018018018018018,0.0,0.0,-0.018018018018018018,0.49099196578624643,0.5151039619087281,0.9439330543933054,0.0,0.9719665271966527,0.6386649724029713,,0.6210275292396545,359.0
C11→C34,睡眠脑电调控增强→脑电图像生成与映射,16,39,0.6831482648849487,0.6526838541030884,0.3823331594467163,0.5727217594782511,0.0,0.0,1.0,0.5715370619270574,0.5842642844359555,0.5063632676794751,0.0,0.0,0.009009009009009009,0.0,0.0,-0.009009009009009009,0.49549561735676945,0.5009294425181223,0.7593283582089553,0.0,0.8796641791044777,0.6171355391255984,,0.6119763255119324,1230.0
C11→C35,睡眠脑电调控增强→神经刺激参数优化,16,56,0.6924338936805725,0.6778887510299683,0.38161635398864746,0.5839796662330627,0.008928571428571428,0.0,1.0,0.5715370619270574,0.5508990447467422,0.48968245621099765,0.0,0.0,0.009009009009009009,0.0,0.0,-0.009009009009009009,0.49549561735676945,0.49258903678388355,0.9911555470101904,0.0,0.9955777735050952,0.643409224213573,,0.6348311901092529,225.0
C11→C36,睡眠脑电调控增强→自适应神经刺激调控,16,15,0.6772661209106445,0.6817268133163452,0.36636555194854736,0.5751194953918457,0.0,0.0,1.0,0.5715370619270574,0.520118521467215,0.4743133631256323,0.0,0.0,0.0,0.0,0.0,0.0,0.5,0.48715668156281616,0.9539347408829175,0.0,0.9769673704414588,0.6333940881264053,,0.611587405204773,566.0
C11→C37,睡眠脑电调控增强→神经调节刺激控制,16,59,0.6805920004844666,0.6775631904602051,0.3632758855819702,0.5738103588422139,0.013636363636363636,0.0,1.0,0.5715370619270574,0.4658115066911082,0.4473333105123048,0.0,0.0,0.018018018018018018,0.0,0.0,-0.018018018018018018,0.49099196578624643,0.4691626381492756,0.992143511850203,0.0,0.9960717559251016,0.6327204538318835,,0.6487905979156494,608.0
C11→C38,睡眠脑电调控增强→事件相关电位分析,16,7,0.6624756455421448,0.5624545812606812,0.388713538646698,0.5378812551498413,0.0,0.0,1.0,0.5715370619270574,0.5150485035655191,0.47178572461905544,0.0,0.0,0.0,0.0,0.0,0.0,0.5,0.4858928623095277,0.7263157894736842,,,,无高价值专利,0.5683447122573853,
C11→C39,睡眠脑电调控增强→脑活动监测与解码,16,35,0.6743589639663696,0.6329524517059326,0.3768652677536011,0.5613922278086344,0.0,0.0,1.0,0.5715370619270574,0.8267363689746892,0.6248999142677472,0.0,0.0,0.0,0.0,0.0,0.0,0.5,0.5624499571338736,0.8997214484679665,0.0,0.9498607242339833,0.6324180358304239,,0.6016194820404053,628.0
C11→C4,睡眠脑电调控增强→神经刺激调控系统,16,84,0.6988450288772583,0.7044733166694641,0.34829503297805786,0.5838711261749268,0.016778523489932886,0.007751937984496124,1.0,0.5715370619270574,0.5739366304571628,0.5011997819623004,0.0,0.0,0.0,0.034482758620689655,0.0,0.034482758620689655,0.517234548877195,0.5092171654197477,0.9646086282614311,0.0,0.9823043141307155,0.6439171703158155,,0.64356529712677,212.0
C11→C40,睡眠脑电调控增强→脑电虚拟现实交互,16,5,0.6988239288330078,0.5869448781013489,0.3958902359008789,0.5605530142784119,0.014084507042253521,0.0,1.0,0.5715370619270574,0.409545021537841,0.4197051048757648,0.0,0.0,0.0,0.034482758620689655,0.0,0.034482758620689655,0.517234548877195,0.46846982687647987,0.6150442477876106,0.0,0.8075221238938053,0.590333176370822,,0.6113353371620178,1687.0
C11→C41,睡眠脑电调控增强→脑电电极采集装置,16,40,0.6149487495422363,0.6488343477249146,0.43725836277008057,0.5670138200124104,0.005917159763313609,0.0,1.0,0.5715370619270574,0.4445427445021895,0.43684200484526853,0.0,0.0,0.0,0.034482758620689655,0.0,0.034482758620689655,0.517234548877195,0.4770382768612318,0.9487505294366794,0.0,0.9743752647183397,0.625836165824532,,0.61155104637146,890.0
C11→C42,睡眠脑电调控增强→脑电听觉调控降噪,16,20,0.6663093566894531,0.6414949297904968,0.3935219645500183,0.5671087503433228,0.0,0.0,1.0,0.5715370619270574,0.6573096058558042,0.5427814101145721,0.0,0.0,0.0,0.0,0.0,0.0,0.5,0.5213907050572861,0.9382022471910112,0.0,0.9691011235955056,0.632586108358795,,0.608372688293457,618.0
C11→C43,睡眠脑电调控增强→癫痫监测预测干预,16,21,0.675082802772522,0.6361924409866333,0.405605673789978,0.5722936391830444,0.0,0.0,1.0,0.5715370619270574,0.4366782007220494,0.43297639508335634,0.0,0.0,0.018018018018018018,0.0,0.0,-0.018018018018018018,0.49099196578624643,0.4619841804348014,0.9698535745047373,0.0,0.9849267872523686,0.6285445666336436,,0.5846335887908936,782.0
C11→C44,睡眠脑电调控增强→脑电频率识别分析,16,13,0.6771293878555298,0.6901659965515137,0.3468509912490845,0.5713821252187093,0.0,0.0,1.0,0.5715370619270574,0.6381395033007632,0.5332520677690629,0.0,0.0,0.0,0.0,0.0,0.0,0.5,0.5166260338845314,0.7122302158273381,0.0,0.8561151079136691,0.6148645460371421,,0.6159470081329346,1299.0
C11→C5,睡眠脑电调控增强→眼动脑电视觉分析,16,27,0.6821843385696411,0.6388794779777527,0.37851613759994507,0.5665266513824463,0.0,0.0,1.0,0.5715370619270574,0.5322104001372527,0.48034679985081985,0.0,0.0,0.009009009009009009,0.0,0.0,-0.009009009009009009,0.49549561735676945,0.4879212086037946,0.8195050946142649,0.0,0.9097525473071324,0.616144439084963,,0.595029354095459,1259.0
C11→C6,睡眠脑电调控增强→电极阵列植入制造,16,42,0.5759092569351196,0.6544221043586731,0.43148016929626465,0.5539371768633524,0.0,0.0,1.0,0.5715370619270574,0.571474259607952,0.4999685988404885,0.0,0.0,0.0,0.0,0.0,0.0,0.5,0.49998429942024425,0.9067315490673155,0.0,0.9533657745336577,0.6174650841530802,,0.5831263065338135,1220.0
C11→C7,睡眠脑电调控增强→视觉刺激脑电分析,16,48,0.7121700644493103,0.6807544827461243,0.33342432975769043,0.5754496256510416,0.0111731843575419,0.0,1.0,0.5715370619270574,0.7934048652653686,0.6091487901740393,0.0,0.0,0.0,0.06896551724137931,0.0,0.06896551724137931,0.5344281929745097,0.5717884915742746,0.9191073919107392,0.0,0.9595536959553697,0.6450914528684245,,0.6215556859970093,190.0
C11→C8,睡眠脑电调控增强→神经刺激监测装置,16,128,0.7028940916061401,0.6888397932052612,0.3473011255264282,0.5796783367792765,0.008310249307479225,0.0,1.0,0.5715370619270574,0.7415056039068469,0.5841752397960257,0.0,0.0,0.009009009009009009,0.13793103448275862,0.0,0.12892202547374962,0.5641062381131012,0.5741407389545634,0.9955230399650579,0.0,0.9977615199825289,0.6547423899333008,,0.6546449661254883,68.0
C11→C9,睡眠脑电调控增强→经颅聚焦刺激装置,16,47,0.6420993804931641,0.6642144322395325,0.38930678367614746,0.5652068654696146,0.0,0.0,1.0,0.5715370619270574,0.5980469930299713,0.5132518613315509,0.0,0.0,0.0,0.0,0.0,0.0,0.5,0.5066259306657754,0.9824984912492456,0.0,0.9912492456246228,0.6325614309270748,,0.6182512044906616,621.0
C12→C0,视觉脑电解码评估→脑电情绪识别分析,26,58,0.700844407081604,0.6592779159545898,0.35436105728149414,0.571494460105896,0.012903225806451613,0.0,0.9770992366412213,0.7084842999068852,0.5536726087522731,0.4232066696350475,0.0,0.0,0.02702702702702703,0.0,0.0,-0.02702702702702703,0.48648977588659537,0.45484822276082143,0.7784615384615384,0.25,0.7642307692307693,0.5864188953831472,,0.6224123239517212,1712.0
C12→C1,视觉脑电解码评估→脑电特征提取分类,26,20,0.6581051349639893,0.635704517364502,0.39697587490081787,0.563595175743103,0.005847953216374269,0.0,1.0,0.7084842999068852,0.6932301006799398,0.4923734919162499,0.0,0.0,0.0,0.0,0.0,0.0,0.5,0.49618674595812495,0.45263157894736844,,,,无高价值专利,0.592156708240509,
C12→C10,视觉脑电解码评估→神经信息分析诊断,26,36,0.6372743844985962,0.6554896831512451,0.38404303789138794,0.5589357018470764,0.0051813471502590676,0.01818181818181818,1.0,0.7084842999068852,0.5811448339517777,0.4366721915386518,0.0,0.0,0.0,0.13793103448275862,0.0,0.13793103448275862,0.5685314644405662,0.502601827989609,0.9879379666858128,0.0,0.9939689833429064,0.6281220226878598,,0.5937475562095642,800.0
C12→C11,视觉脑电解码评估→睡眠脑电调控增强,26,51,0.6819672584533691,0.6530392169952393,0.38697779178619385,0.5739947557449341,0.015873015873015872,0.011627906976744186,1.0,0.7084842999068852,0.6835550559100223,0.48753795947778616,0.0,0.0,0.009009009009009009,0.0,0.0,-0.009009009009009009,0.49549561735676945,0.4915167884172778,0.949193066347878,0.0,0.974596533173939,0.6329942608210611,,0.604828953742981,584.0
C12→C13,视觉脑电解码评估→多模态神经交互评估,26,43,0.6779078841209412,0.6507372856140137,0.36396896839141846,0.564204712708791,0.003816793893129771,0.0,0.9906542056074766,0.7084842999068852,0.6373326104204997,0.46448406891717126,0.0,0.0,0.009009009009009009,0.1724137931034483,0.0,0.1634047840944393,0.5809828937506275,0.5227334813338994,0.8674772036474164,0.0,0.9337386018237082,0.6248429775776165,,0.6404653191566467,933.0
C12→C14,视觉脑电解码评估→脑电信号采集处理,26,66,0.698161244392395,0.6612046360969543,0.3652690649032593,0.5748783151308695,0.00949367088607595,0.008771929824561403,1.0,0.7084842999068852,0.679455675419048,0.48548976326419324,0.0,0.0,0.009009009009009009,0.0,0.0,-0.009009009009009009,0.49549561735676945,0.49049269031048137,0.7874493927125507,0.0,0.8937246963562753,0.6191776590970326,,0.6031724214553833,1156.0
C12→C15,视觉脑电解码评估→心理生理反馈调节,26,18,0.6581014394760132,0.6430878639221191,0.3896881341934204,0.5636258125305176,0.0,0.02040816326530612,1.0,0.7084842999068852,0.5865596100887834,0.4393379508041422,0.0,0.0,0.0,0.0,0.0,0.0,0.5,0.4696689754020711,0.8366666666666667,0.0,0.9183333333333333,0.6125458498757183,,0.6366387605667114,1389.0
C12→C16,视觉脑电解码评估→事件相关电位检测,26,37,0.6819556951522827,0.6357281804084778,0.34841907024383545,0.555367648601532,0.0,0.016129032258064516,1.0,0.7084842999068852,0.4632333326977074,0.3797753318653169,0.0,0.0,0.0,0.0,0.0,0.0,0.5,0.4398876659326585,0.9571865443425076,0.0,0.9785932721712538,0.6124431053149993,,0.6314420700073242,1394.0
C12→C17,视觉脑电解码评估→神经反馈刺激分析,26,58,0.688697099685669,0.6458685398101807,0.3478834629058838,0.5608163674672445,0.012244897959183673,0.0,1.0,0.7084842999068852,0.6150229443551454,0.45340491303410946,0.0,0.0,0.0,0.27586206896551724,0.0,0.27586206896551724,0.6345355116007656,0.5439702123174375,0.9730941704035875,0.05263157894736842,0.9602312957281095,0.6306709365113224,,0.6147867441177368,698.0
C12→C18,视觉脑电解码评估→神经刺激同步递送,26,31,0.6090418100357056,0.6119701266288757,0.42892253398895264,0.5499781568845112,0.0,0.0,1.0,0.7084842999068852,0.5368834240869825,0.41503194356556017,0.0,0.0,0.0,0.0,0.0,0.0,0.5,0.4575159717827801,0.9751098096632503,0.0,0.9875549048316252,0.6134101047851106,,0.5574382543563843,1356.0
C12→C19,视觉脑电解码评估→脑机接口交互控制,26,53,0.6712625026702881,0.6225128173828125,0.35906922817230225,0.5509481827418009,0.007662835249042145,0.0,0.9900990099009901,0.7084842999068852,0.7533341408009894,0.5224098965645361,0.0,0.0,0.0,0.0,0.0,0.0,0.5,0.511204948282268,0.7592997811816192,0.0,0.8796498905908097,0.604737885426828,,0.6107124090194702,1558.0
C12→C2,视觉脑电解码评估→柔性电极采集装置,26,70,0.5911709666252136,0.623700737953186,0.4404710531234741,0.5517809192339579,0.0,0.0,1.0,0.7084842999068852,0.6073936135656598,0.4496261356984911,0.0,0.0,0.0,0.0,0.0,0.0,0.5,0.47481306784924554,0.8650602409638555,0.0,0.9325301204819277,0.6081462245376263,,0.5615481734275818,1500.0
C12→C20,视觉脑电解码评估→脑控轮椅交互系统,26,10,0.6396954655647278,0.5415042042732239,0.41935527324676514,0.5335183143615723,0.0,0.0,1.0,0.7084842999068852,0.50031249376726,0.3973920218084664,0.0,0.0,0.0,0.0,0.0,0.0,0.5,0.44869601090423317,0.5454545454545454,,,,无高价值专利,0.5199010372161865,
C12→C21,视觉脑电解码评估→多模态脑电融合分析,26,46,0.6731157302856445,0.6431019306182861,0.37211740016937256,0.5627783536911011,0.004016064257028112,0.028169014084507043,1.0,0.7084842999068852,0.3291122455290337,0.31891899587413997,0.0,0.0,0.018018018018018018,0.0,0.0,-0.018018018018018018,0.49099196578624643,0.40495548083019317,0.9682345754428833,0.0,0.9841172877214417,0.6121818247227233,,0.6003773212432861,1410.0
C12→C22,视觉脑电解码评估→脑机虚拟交互控制,26,18,0.668714165687561,0.6476216316223145,0.3557528257369995,0.5573628743489583,0.0,0.0,1.0,0.7084842999068852,0.5586537376365586,0.4256403262000728,0.0,0.0,0.0,0.0,0.0,0.0,0.5,0.4628201631000364,0.7864583333333334,0.0,0.8932291666666667,0.6028107928596806,,0.5700416564941406,1584.0
C12→C23,视觉脑电解码评估→生物信号虚拟交互,26,26,0.6218388080596924,0.6313909292221069,0.4122508764266968,0.5551602045694987,0.0,0.0,1.0,0.7084842999068852,0.5849439801948719,0.43854218319371435,0.0,0.0,0.009009009009009009,0.0,0.0,-0.009009009009009009,0.49549561735676945,0.4670189002752419,0.9470198675496688,0.0,0.9735099337748344,0.6160951362476136,,0.6070444583892822,1263.0
C12→C24,视觉脑电解码评估→闭环神经调控系统,26,24,0.6530362367630005,0.581373929977417,0.3971751928329468,0.5438617865244547,0.0,0.0,1.0,0.7084842999068852,0.5622256589370602,0.4273877067663268,0.0,0.0,0.0,0.0,0.0,0.0,0.5,0.4636938533831634,0.9495841995841996,0.125,0.9122920997920998,0.5974846177870823,,0.5676156282424927,1640.0
C12→C25,视觉脑电解码评估→脑电信号模式识别,26,30,0.6854144334793091,0.6205444931983948,0.3736809492111206,0.5598799586296082,0.019417475728155338,0.015625,1.0,0.7084842999068852,0.7095321562876163,0.5005239279986073,0.0,0.0,0.0,0.0,0.0,0.0,0.5,0.5002619639993037,0.872852233676976,,,,无高价值专利,0.6032570600509644,
C12→C26,视觉脑电解码评估→神经刺激电极装置,26,43,0.5980808734893799,0.6036834120750427,0.4408808946609497,0.5475483934084574,0.0,0.0,1.0,0.7084842999068852,0.578603280366496,0.43542220516115854,0.0,0.0,0.0,0.0,0.0,0.0,0.5,0.46771110258057924,0.9559055118110236,0.0,0.9779527559055118,0.6118830695266906,,0.5580143928527832,1412.0
C12→C27,视觉脑电解码评估→认知意识神经评估,26,31,0.6745976209640503,0.6340935230255127,0.3600335121154785,0.5562415520350138,0.0,0.0,1.0,0.7084842999068852,0.8069023936113827,0.5490507784300253,0.0,0.0,0.0,0.034482758620689655,0.0,0.034482758620689655,0.517234548877195,0.5331426636536101,0.916256157635468,0.0,0.958128078817734,0.6254155247889008,,0.6270613670349121,911.0
C12→C28,视觉脑电解码评估→脑波交互反馈系统,26,44,0.6726178526878357,0.6042203903198242,0.36898207664489746,0.5486067732175192,0.0040650406504065045,0.0,1.0,0.7084842999068852,0.7644472515623096,0.5279523010955912,0.0,0.0,0.0,0.0,0.0,0.0,0.5,0.5139761505477956,0.7387755102040816,0.0,0.8693877551020408,0.6018929782830094,,0.6076229810714722,1596.0
C12→C29,视觉脑电解码评估→深部脑刺激调控,26,83,0.6808350086212158,0.6536852121353149,0.3713400363922119,0.5686200857162476,0.0,0.008264462809917356,1.0,0.7084842999068852,0.6351596374162822,0.46340323283891305,0.0,0.0,0.0,0.0,0.0,0.0,0.5,0.4817016164194565,0.957544993077988,0.06666666666666667,0.9454391632056607,0.6226844866922597,,0.611404538154602,1030.0
C12→C3,视觉脑电解码评估→脑电状态检测评估,26,50,0.6965279579162598,0.648097038269043,0.35521984100341797,0.5666149457295736,0.015267175572519083,0.011904761904761904,1.0,0.7084842999068852,0.5131838629552182,0.4035726609159935,0.0,0.0,0.0,0.0,0.0,0.0,0.5,0.45178633045799677,0.9434650455927052,0.0,0.9717325227963526,0.6207348183410353,,0.6337511539459229,1103.0
C12→C30,视觉脑电解码评估→脑电神经反馈康复训练,26,27,0.6735415458679199,0.608310341835022,0.38299107551574707,0.5549476544062296,0.0,0.0,1.0,0.7084842999068852,0.5959707455919181,0.44397941736290125,0.0,0.0,0.009009009009009009,0.0,0.0,-0.009009009009009009,0.49549561735676945,0.4697375173598354,0.7529002320185615,0.3333333333333333,0.7097834493426142,0.5686191474455337,,0.597709596157074,1768.0
C12→C31,视觉脑电解码评估→植入式神经接口系统,26,22,0.5692453384399414,0.5789191722869873,0.4596192240715027,0.5359279115994771,0.0,0.0,1.0,0.7084842999068852,0.5840290770930134,0.43809169372243567,0.0,0.0,0.0,0.0,0.0,0.0,0.5,0.46904584686121786,1.0,0.0,1.0,0.6079473465361898,,0.5569854974746704,1506.0
C12→C32,视觉脑电解码评估→脑电信号评估分析,26,48,0.6946521997451782,0.6674239635467529,0.3636380434036255,0.5752380688985189,0.01606425702811245,0.0,1.0,0.7084842999068852,0.5236597877749698,0.4086258324003678,0.0,0.0,0.018018018018018018,0.06896551724137931,0.0,0.050947499223361295,0.5254517321781959,0.46703878228928186,0.9023331524688009,0.0,0.9511665762344004,0.6254494606154692,,0.6295641660690308,909.0
C12→C33,视觉脑电解码评估→神经信号采集解码,26,67,0.6716488599777222,0.6462513208389282,0.3746112585067749,0.5641704797744751,0.0034482758620689655,0.02247191011235955,1.0,0.7084842999068852,0.6501304005657931,0.4708561228479084,0.0,0.0,0.018018018018018018,0.0,0.0,-0.018018018018018018,0.49099196578624643,0.4809240443170774,0.9439330543933054,0.0,0.9719665271966527,0.6242051948313817,,0.6005316376686096,958.0
C12→C34,视觉脑电解码评估→脑电图像生成与映射,26,39,0.6748563051223755,0.6538349390029907,0.3804748058319092,0.5697220166524251,0.0043859649122807015,0.0,1.0,0.7084842999068852,0.5842642844359555,0.4382074978349027,0.0,0.0,0.009009009009009009,0.0,0.0,-0.009009009009009009,0.49549561735676945,0.4668515575958361,0.7593283582089553,0.0,0.8796641791044777,0.6090744431413504,,0.6042437553405762,1486.0
C12→C35,视觉脑电解码评估→神经刺激参数优化,26,56,0.665111780166626,0.6133350729942322,0.40138405561447144,0.5599436362584431,0.0,0.0,1.0,0.7084842999068852,0.5508990447467422,0.42185318027539376,0.0,0.0,0.009009009009009009,0.0,0.0,-0.009009009009009009,0.49549561735676945,0.45867439881608163,0.9911555470101904,0.0,0.9955777735050952,0.6216278711941844,,0.578029990196228,1069.0
C12→C36,视觉脑电解码评估→自适应神经刺激调控,26,15,0.646094799041748,0.5996561050415039,0.38990962505340576,0.5452201763788859,0.0,0.0,1.0,0.7084842999068852,0.520118521467215,0.4069154470441219,0.0,0.0,0.0,0.0,0.0,0.0,0.5,0.45345772352206093,0.9539347408829175,0.0,0.9769673704414588,0.6077391319925657,,0.5696924924850464,1515.0
C12→C37,视觉脑电解码评估→神经调节刺激控制,26,59,0.64637690782547,0.6150710582733154,0.4088815450668335,0.5567765037218729,0.0076045627376425855,0.0,1.0,0.7084842999068852,0.4658115066911082,0.3809906398599341,0.0,0.0,0.018018018018018018,0.0,0.0,-0.018018018018018018,0.49099196578624643,0.4359913028230903,0.992143511850203,0.0,0.9960717559251016,0.6157173594551683,,0.5896747708320618,1270.0
C12→C38,视觉脑电解码评估→事件相关电位分析,26,7,0.6467986702919006,0.5638077259063721,0.3722032308578491,0.5276032090187073,0.0,0.0,1.0,0.7084842999068852,0.5150485035655191,0.4044706273724134,0.0,0.0,0.0,0.0,0.0,0.0,0.5,0.45223531368620673,0.7263157894736842,,,,无高价值专利,0.5605827569961548,
C12→C39,视觉脑电解码评估→脑活动监测与解码,26,35,0.6651172041893005,0.6089119911193848,0.36735713481903076,0.5471287767092387,0.0,0.0,1.0,0.7084842999068852,0.8267363689746892,0.5588519700667853,0.0,0.0,0.0,0.0,0.0,0.0,0.5,0.5294259850333927,0.8997214484679665,0.0,0.9498607242339833,0.6172522452464896,,0.6142618060112,1225.0
C12→C4,视觉脑电解码评估→神经刺激调控系统,26,84,0.6650259494781494,0.6426424980163574,0.3757546544075012,0.561141033967336,0.008771929824561403,0.007407407407407408,1.0,0.7084842999068852,0.5739366304571628,0.43312920148173034,0.0,0.0,0.0,0.034482758620689655,0.0,0.034482758620689655,0.517234548877195,0.47518187517946264,0.9646086282614311,0.0,0.9823043141307155,0.6229784127038432,,0.5859241485595703,1012.0
C12→C40,视觉脑电解码评估→脑电虚拟现实交互,26,5,0.6676295399665833,0.6080074310302734,0.3816748261451721,0.5524372657140095,0.008849557522123894,0.0,1.0,0.7084842999068852,0.409545021537841,0.3548291963985509,0.0,0.0,0.0,0.034482758620689655,0.0,0.034482758620689655,0.517234548877195,0.4360318726378729,0.6150442477876106,0.0,0.8075221238938053,0.5791934488625017,,0.6182517409324646,1747.0
C12→C41,视觉脑电解码评估→脑电电极采集装置,26,40,0.5828609466552734,0.613183856010437,0.46349239349365234,0.5531790653864542,0.0,0.0,1.0,0.7084842999068852,0.4445427445021895,0.37101075401290884,0.0,0.0,0.0,0.034482758620689655,0.0,0.034482758620689655,0.517234548877195,0.4441226514450519,0.9487505294366794,0.0,0.9743752647183397,0.6109967839957465,,0.5627145767211914,1437.0
C12→C42,视觉脑电解码评估→脑电听觉调控降噪,26,20,0.6470850706100464,0.6139972805976868,0.391689658164978,0.5509240031242371,0.0,0.0,1.0,0.7084842999068852,0.6573096058558042,0.4744349660696086,0.0,0.0,0.0,0.0,0.0,0.0,0.5,0.4872174830348043,0.9382022471910112,0.0,0.9691011235955056,0.6159501676338909,,0.6074894666671753,1266.0
C12→C43,视觉脑电解码评估→癫痫监测预测干预,26,21,0.651584267616272,0.5687158703804016,0.39141935110092163,0.5372398296991984,0.0,0.0,1.0,0.7084842999068852,0.4366782007220494,0.36734769367228487,0.0,0.0,0.018018018018018018,0.0,0.0,-0.018018018018018018,0.49099196578624643,0.42916982972926565,0.9698535745047373,0.0,0.9849267872523686,0.5996261393896076,,0.5455503463745117,1625.0
C12→C44,视觉脑电解码评估→脑电频率识别分析,26,13,0.6458880305290222,0.597675085067749,0.3933621644973755,0.5456417600313822,0.0,0.0,1.0,0.7084842999068852,0.6381395033007632,0.46488550267912104,0.0,0.0,0.0,0.0,0.0,0.0,0.5,0.4824427513395605,0.7122302158273381,0.0,0.8561151079136691,0.5920895849171847,,0.5785455703735352,1674.0
C12→C5,视觉脑电解码评估→眼动脑电视觉分析,26,27,0.6883977651596069,0.6481956243515015,0.3721250295639038,0.5695728063583374,0.0,0.0,1.0,0.7084842999068852,0.5322104001372527,0.41276472298172473,0.0,0.0,0.009009009009009009,0.0,0.0,-0.009009009009009009,0.49549561735676945,0.45413017016924706,0.8195050946142649,0.0,0.9097525473071324,0.6121084289730229,,0.5991562008857727,1411.0
C12→C6,视觉脑电解码评估→电极阵列植入制造,26,42,0.5473238229751587,0.5981823801994324,0.4610295295715332,0.5355119109153748,0.0,0.0,1.0,0.7084842999068852,0.571474259607952,0.43192043855730033,0.0,0.0,0.0,0.0,0.0,0.0,0.5,0.46596021927865017,0.9067315490673155,0.0,0.9533657745336577,0.5993525333005281,,0.5307472944259644,1628.0
C12→C7,视觉脑电解码评估→视觉刺激脑电分析,26,48,0.703171968460083,0.6835941076278687,0.34470224380493164,0.5771561066309611,0.00904977375565611,0.030303030303030304,1.0,0.7084842999068852,0.7934048652653686,0.5423585087691731,0.0,0.0,0.0,0.06896551724137931,0.0,0.06896551724137931,0.5344281929745097,0.5383933508718415,0.9191073919107392,0.0,0.9595536959553697,0.6405640527691373,,0.6342087984085083,298.0
C12→C8,视觉脑电解码评估→神经刺激监测装置,26,128,0.6627301573753357,0.6408104300498962,0.37353217601776123,0.5590242544809977,0.0049504950495049506,0.005649717514124294,1.0,0.7084842999068852,0.7415056039068469,0.5165046535087665,0.0,0.0,0.009009009009009009,0.13793103448275862,0.0,0.12892202547374962,0.5641062381131012,0.5403054458109339,0.9955230399650579,0.0,0.9977615199825289,0.6350917778618207,,0.6112409234046936,495.0
C12→C9,视觉脑电解码评估→经颅聚焦刺激装置,26,47,0.6093178987503052,0.5957626104354858,0.4182034730911255,0.5410946607589722,0.0,0.0,1.0,0.7084842999068852,0.5980469930299713,0.44500474632768344,0.0,0.0,0.0,0.0,0.0,0.0,0.5,0.4725023731638417,0.9824984912492456,0.0,0.9912492456246228,0.610574842660934,,0.5741391181945801,1451.0
C13→C0,多模态神经交互评估→脑电情绪识别分析,39,58,0.7286351919174194,0.7263693809509277,0.3212629556655884,0.5920891761779785,0.023872679045092837,0.027522935779816515,0.9866666666666667,0.6963235227582881,0.5536726087522731,0.4291544444246969,0.0,0.0,0.02702702702702703,0.0,0.0,-0.02702702702702703,0.48648977588659537,0.4578221101556461,0.7784615384615384,0.25,0.7642307692307693,0.5995926139202987,,0.6817888021469116,1626.0
C13→C1,多模态神经交互评估→脑电特征提取分类,39,20,0.6769168376922607,0.6418967247009277,0.37879037857055664,0.5658679803212483,0.012448132780082987,0.01694915254237288,0.9886363636363636,0.6963235227582881,0.6932301006799398,0.4984532938944337,0.0,0.0,0.0,0.0,0.0,0.0,0.5,0.49922664694721686,0.45263157894736844,,,,无高价值专利,0.6277433633804321,
C13→C10,多模态神经交互评估→神经信息分析诊断,39,36,0.6782724261283875,0.6969497203826904,0.3471212387084961,0.5741144617398579,0.0037735849056603774,0.0,0.98989898989899,0.6963235227582881,0.5811448339517777,0.4426639740427096,0.0,0.0,0.0,0.13793103448275862,0.0,0.13793103448275862,0.5685314644405662,0.5055977192416379,0.9879379666858128,0.0,0.9939689833429064,0.6388125051970557,,0.6587369441986084,357.0
C13→C11,多模态神经交互评估→睡眠脑电调控增强,39,51,0.7017382383346558,0.6891173124313354,0.3625599145889282,0.5844718217849731,0.006134969325153374,0.019417475728155338,1.0,0.6963235227582881,0.6835550559100223,0.49361611350173895,0.0,0.0,0.009009009009009009,0.0,0.0,-0.009009009009009009,0.49549561735676945,0.4945558654292542,0.949193066347878,0.0,0.974596533173939,0.6404317995964616,,0.6296025514602661,305.0
C13→C12,多模态神经交互评估→视觉脑电解码评估,39,30,0.6779078841209412,0.6507372856140137,0.36396896839141846,0.564204712708791,0.007575757575757576,0.024691358024691357,0.989247311827957,0.6963235227582881,0.7829175892646888,0.5431891354700931,0.0,0.0,0.0,0.0,0.0,0.0,0.5,0.5215945677350465,0.6666666666666666,0.0,0.8333333333333333,0.6070388714127701,,0.6404653191566467,1522.0
C13→C14,多模态神经交互评估→脑电信号采集处理,39,66,0.7063498497009277,0.69920414686203,0.36076903343200684,0.5887743433316548,0.007731958762886598,0.023076923076923078,0.993006993006993,0.6963235227582881,0.679455675419048,0.49156687612469174,0.0,0.0,0.009009009009009009,0.0,0.0,-0.009009009009009009,0.49549561735676945,0.49353124674073057,0.7874493927125507,0.0,0.8937246963562753,0.6286659888008197,,0.6552817821502686,774.0
C13→C15,多模态神经交互评估→心理生理反馈调节,39,18,0.6364793181419373,0.6766716241836548,0.3886875510215759,0.5672794977823893,0.004739336492890996,0.046153846153846156,1.0,0.6963235227582881,0.5865596100887834,0.4453373946875312,0.0,0.0,0.0,0.0,0.0,0.0,0.5,0.4726686973437656,0.8366666666666667,0.0,0.9183333333333333,0.6154564962003598,,0.6419939398765564,1277.0
C13→C16,多模态神经交互评估→事件相关电位检测,39,37,0.6671407222747803,0.6418777704238892,0.3995898962020874,0.5695361296335856,0.0,0.0,0.98989898989899,0.6963235227582881,0.4632333326977074,0.3855206939199125,0.0,0.0,0.0,0.0,0.0,0.0,0.5,0.44276034695995625,0.9571865443425076,0.0,0.9785932721712538,0.6222739567224856,,0.6197688579559326,1047.0
C13→C17,多模态神经交互评估→神经反馈刺激分析,39,58,0.7200548648834229,0.6899467706680298,0.3185451030731201,0.5761822462081909,0.006289308176100629,0.007936507936507936,0.9921259842519685,0.6963235227582881,0.6150229443551454,0.4594390378439142,0.0,0.0,0.0,0.27586206896551724,0.0,0.27586206896551724,0.6345355116007656,0.5469872747223399,0.9730941704035875,0.05263157894736842,0.9602312957281095,0.6414966897875484,,0.6662577390670776,268.0
C13→C18,多模态神经交互评估→神经刺激同步递送,39,31,0.639180064201355,0.6721491813659668,0.384334921836853,0.5652213891347249,0.007722007722007722,0.0,1.0,0.6963235227582881,0.5368834240869825,0.42094867655498414,0.0,0.0,0.0,0.0,0.0,0.0,0.5,0.46047433827749207,0.9751098096632503,0.0,0.9875549048316252,0.6240653754456951,,0.632988691329956,963.0
C13→C19,多模态神经交互评估→脑机接口交互控制,39,53,0.696331799030304,0.685102105140686,0.3380657434463501,0.57316654920578,0.015151515151515152,0.03508771929824561,0.9655172413793104,0.6963235227582881,0.7533341408009894,0.5284744663665554,0.0,0.0,0.0,0.0,0.0,0.0,0.5,0.5142372331832776,0.7592997811816192,0.0,0.8796498905908097,0.6197942546298797,,0.6479007601737976,1136.0
C13→C2,多模态神经交互评估→柔性电极采集装置,39,70,0.6148875951766968,0.6785790920257568,0.41823476552963257,0.5705671509106953,0.0,0.00909090909090909,1.0,0.6963235227582881,0.6073936135656598,0.45565189323707106,0.0,0.0,0.0,0.0,0.0,0.0,0.5,0.4778259466185355,0.8650602409638555,0.0,0.9325301204819277,0.6210171143915336,,0.627759575843811,1086.0
C13→C20,多模态神经交互评估→脑控轮椅交互系统,39,10,0.6208257675170898,0.5679619312286377,0.4135270118713379,0.5341049035390217,0.0049261083743842365,0.0,1.0,0.6963235227582881,0.50031249376726,0.4032306263255287,0.0,0.0,0.0,0.0,0.0,0.0,0.5,0.4516153131627644,0.5454545454545454,,,,无高价值专利,0.5513231754302979,
C13→C21,多模态神经交互评估→多模态脑电融合分析,39,46,0.6684502363204956,0.6641925573348999,0.3772878050804138,0.5699768662452698,0.009404388714733543,0.02247191011235955,1.0,0.6963235227582881,0.3291122455290337,0.32422497956257523,0.0,0.0,0.018018018018018018,0.0,0.0,-0.018018018018018018,0.49099196578624643,0.4076084726744108,0.9682345754428833,0.0,0.9841172877214417,0.6173391301392664,,0.6265357732772827,1224.0
C13→C22,多模态神经交互评估→脑机虚拟交互控制,39,18,0.6706578731536865,0.6780992746353149,0.37573230266571045,0.5748298168182373,0.0,0.03333333333333333,0.987012987012987,0.6963235227582881,0.5586537376365586,0.4315967108792394,0.0,0.0,0.0,0.0,0.0,0.0,0.5,0.46579835543961967,0.7864583333333334,0.0,0.8932291666666667,0.6146146031276805,,0.6110416054725647,1314.0
C13→C23,多模态神经交互评估→生物信号虚拟交互,39,26,0.6441946029663086,0.6892584562301636,0.3774862289428711,0.5703130960464478,0.0,0.014084507042253521,0.9775280898876404,0.6963235227582881,0.5849439801948719,0.44453937639375785,0.0,0.0,0.009009009009009009,0.0,0.0,-0.009009009009009009,0.49549561735676945,0.4700174968752636,0.9470198675496688,0.0,0.9735099337748344,0.6266514151259501,,0.6517328023910522,861.0
C13→C24,多模态神经交互评估→闭环神经调控系统,39,24,0.6824756860733032,0.6551775932312012,0.3740604519844055,0.57057124376297,0.0,0.0,1.0,0.6963235227582881,0.5622256589370602,0.4333500947745363,0.0,0.0,0.0,0.0,0.0,0.0,0.5,0.46667504738726817,0.9495841995841996,0.125,0.9122920997920998,0.6154538566515035,,0.6340751647949219,1278.0
C13→C25,多模态神经交互评估→脑电信号模式识别,39,30,0.6895312666893005,0.6871888637542725,0.3775104284286499,0.5847435196240742,0.007142857142857143,0.024691358024691357,0.9811320754716981,0.6963235227582881,0.7095321562876163,0.506603932710821,0.0,0.0,0.0,0.0,0.0,0.0,0.5,0.5033019663554106,0.872852233676976,,,,无高价值专利,0.6328045129776001,
C13→C26,多模态神经交互评估→神经刺激电极装置,39,43,0.6406885981559753,0.6719589233398438,0.41150689125061035,0.5747181375821431,0.0,0.0,1.0,0.6963235227582881,0.578603280366496,0.4414102756413509,0.0,0.0,0.0,0.0,0.0,0.0,0.5,0.47070513782067547,0.9559055118110236,0.0,0.9779527559055118,0.6304451072362193,,0.620856761932373,703.0
C13→C27,多模态神经交互评估→认知意识神经评估,39,31,0.6865333914756775,0.6999287605285645,0.33050280809402466,0.5723216533660889,0.003968253968253968,0.02531645569620253,1.0,0.6963235227582881,0.8069023936113827,0.5550651782569231,0.0,0.0,0.0,0.034482758620689655,0.0,0.034482758620689655,0.517234548877195,0.5361498635670591,0.916256157635468,0.0,0.958128078817734,0.6367143860010973,,0.6634588241577148,416.0
C13→C28,多模态神经交互评估→脑波交互反馈系统,39,44,0.6869343519210815,0.6618955135345459,0.37216925621032715,0.5736663738886515,0.012698412698412698,0.02040816326530612,1.0,0.6963235227582881,0.7644472515623096,0.5340092701174248,0.0,0.0,0.0,0.0,0.0,0.0,0.5,0.5170046350587124,0.7387755102040816,0.0,0.8693877551020408,0.618782616402149,,0.643608033657074,1175.0
C13→C29,多模态神经交互评估→深部脑刺激调控,39,83,0.7006136178970337,0.7020130753517151,0.3477301597595215,0.5834522843360901,0.0,0.014492753623188406,0.9937106918238994,0.6963235227582881,0.6351596374162822,0.4694561362436666,0.0,0.0,0.0,0.0,0.0,0.0,0.5,0.48472806812183333,0.957544993077988,0.06666666666666667,0.9454391632056607,0.6329158003145351,,0.6688729524612427,591.0
C13→C3,多模态神经交互评估→脑电状态检测评估,39,50,0.6984187364578247,0.7169452905654907,0.352699875831604,0.5893546342849731,0.011976047904191617,0.03,0.9666666666666667,0.6963235227582881,0.5131838629552182,0.4094403741267816,0.0,0.0,0.0,0.0,0.0,0.0,0.5,0.4547201870633908,0.9434650455927052,0.0,0.9717325227963526,0.6360876664464936,,0.6555947661399841,447.0
C13→C30,多模态神经交互评估→脑电神经反馈康复训练,39,27,0.7031488418579102,0.6884168386459351,0.3763282299041748,0.5892979701360066,0.007434944237918215,0.03409090909090909,1.0,0.6963235227582881,0.5959707455919181,0.4499913724445675,0.0,0.0,0.009009009009009009,0.0,0.0,-0.009009009009009009,0.49549561735676945,0.47274349490066847,0.7529002320185615,0.3333333333333333,0.7097834493426142,0.5900833856553546,,0.630481481552124,1689.0
C13→C31,多模态神经交互评估→植入式神经接口系统,39,22,0.6242203712463379,0.6755909323692322,0.43287181854248047,0.5775610407193501,0.0,0.014492753623188406,1.0,0.6963235227582881,0.5840290770930134,0.4440875990819504,0.0,0.0,0.0,0.0,0.0,0.0,0.5,0.4720437995409752,1.0,0.0,1.0,0.6363778116105696,,0.6297277212142944,436.0
C13→C32,多模态神经交互评估→脑电信号评估分析,39,48,0.7242717146873474,0.709652304649353,0.3523908853530884,0.5954383015632629,0.028481012658227847,0.008064516129032258,1.0,0.6963235227582881,0.5236597877749698,0.4145159541487744,0.0,0.0,0.018018018018018018,0.06896551724137931,0.0,0.050947499223361295,0.5254517321781959,0.4699838431634851,0.9023331524688009,0.0,0.9511665762344004,0.6390665422944856,,0.6652863025665283,346.0
C13→C33,多模态神经交互评估→神经信号采集解码,39,67,0.6984167098999023,0.6804521083831787,0.35060644149780273,0.5764917532602946,0.011142061281337047,0.009259259259259259,0.9935897435897436,0.6963235227582881,0.6501304005657931,0.47691985274328363,0.0,0.0,0.018018018018018018,0.0,0.0,-0.018018018018018018,0.49099196578624643,0.48395590926476506,0.9439330543933054,0.0,0.9719665271966527,0.6328767724431036,,0.6519162654876709,597.0
C13→C34,多模态神经交互评估→脑电图像生成与映射,39,39,0.6838018894195557,0.6696577072143555,0.35826122760772705,0.570573608080546,0.006688963210702341,0.011494252873563218,0.9906542056074766,0.6963235227582881,0.5842642844359555,0.44420373519711304,0.0,0.0,0.009009009009009009,0.0,0.0,-0.009009009009009009,0.49549561735676945,0.46984967627694124,0.7593283582089553,0.0,0.8796641791044777,0.6101631121728084,,0.6309610605239868,1461.0
C13→C35,多模态神经交互评估→神经刺激参数优化,39,56,0.6876658201217651,0.7018758058547974,0.3713676929473877,0.58696977297465,0.0,0.010309278350515464,1.0,0.6963235227582881,0.5508990447467422,0.4277960412931127,0.0,0.0,0.009009009009009009,0.0,0.0,-0.009009009009009009,0.49549561735676945,0.4616458293249411,0.9911555470101904,0.0,0.9955777735050952,0.6399822409060512,,0.6429716348648071,319.0
C13→C36,多模态神经交互评估→自适应神经刺激调控,39,15,0.6601508855819702,0.676982045173645,0.36931949853897095,0.5688174764315287,0.004366812227074236,0.015625,1.0,0.6963235227582881,0.520118521467215,0.41279812398850113,0.0,0.0,0.0,0.0,0.0,0.0,0.5,0.45639906199425057,0.9539347408829175,0.0,0.9769673704414588,0.6238995212077327,,0.6246511936187744,980.0
C13→C37,多模态神经交互评估→神经调节刺激控制,39,59,0.6779003143310547,0.6758479475975037,0.3625323176383972,0.5720935265223185,0.012012012012012012,0.007692307692307693,1.0,0.6963235227582881,0.4658115066911082,0.3867429231065723,0.0,0.0,0.018018018018018018,0.0,0.0,-0.018018018018018018,0.49099196578624643,0.43886744444640935,0.992143511850203,0.0,0.9960717559251016,0.6263277037928809,,0.6576633453369141,872.0
C13→C38,多模态神经交互评估→事件相关电位分析,39,7,0.6596865653991699,0.5739861726760864,0.410457968711853,0.5480435689290364,0.0,0.0,1.0,0.6963235227582881,0.5150485035655191,0.4103424140192667,0.0,0.0,0.0,0.0,0.0,0.0,0.5,0.4551712070096333,0.7263157894736842,,,,无高价值专利,0.5720696449279785,
C13→C39,多模态神经交互评估→脑活动监测与解码,39,35,0.6969872713088989,0.6874285936355591,0.3239884376525879,0.5694681008656819,0.0,0.013888888888888888,0.9873417721518988,0.6963235227582881,0.8267363689746892,0.5648392544483333,0.0,0.0,0.0,0.0,0.0,0.0,0.5,0.5324196272241666,0.8997214484679665,0.0,0.9498607242339833,0.6327640302613945,,0.670777440071106,606.0
C13→C4,多模态神经交互评估→神经刺激调控系统,39,84,0.7031131982803345,0.6974665522575378,0.33945977687835693,0.5800131758054097,0.019559902200488997,0.0,0.9810126582278481,0.6963235227582881,0.5739366304571628,0.43911026404991543,0.0,0.0,0.0,0.034482758620689655,0.0,0.034482758620689655,0.517234548877195,0.4781724064635552,0.9646086282614311,0.0,0.9823043141307155,0.6359874896807747,,0.6633228063583374,453.0
C13→C40,多模态神经交互评估→脑电虚拟现实交互,39,5,0.7085019946098328,0.6542595624923706,0.38668370246887207,0.5831484198570251,0.010869565217391304,0.0196078431372549,1.0,0.6963235227582881,0.409545021537841,0.3604164708771663,0.0,0.0,0.0,0.034482758620689655,0.0,0.034482758620689655,0.517234548877195,0.4388255098771806,0.6150442477876106,0.0,0.8075221238938053,0.5988404679180038,,0.6387007236480713,1633.0
C13→C41,多模态神经交互评估→脑电电极采集装置,39,40,0.6015792489051819,0.6687226295471191,0.44773006439208984,0.5726773142814636,0.0070921985815602835,0.012048192771084338,1.0,0.6963235227582881,0.4445427445021895,0.3767040555662822,0.0,0.0,0.0,0.034482758620689655,0.0,0.034482758620689655,0.517234548877195,0.4469693022217386,0.9487505294366794,0.0,0.9743752647183397,0.6243293315773301,,0.614698052406311,954.0
C13→C42,多模态神经交互评估→脑电听觉调控降噪,39,20,0.6554970741271973,0.6750008463859558,0.40532004833221436,0.5786059896151224,0.004201680672268907,0.013888888888888888,1.0,0.6963235227582881,0.6573096058558042,0.48050293261436344,0.0,0.0,0.0,0.0,0.0,0.0,0.5,0.49025146630718175,0.9382022471910112,0.0,0.9691011235955056,0.6348656796001452,,0.6439849734306335,506.0
C13→C43,多模态神经交互评估→癫痫监测预测干预,39,21,0.6629847288131714,0.6498153209686279,0.39670848846435547,0.5698361794153849,0.0,0.0,1.0,0.6963235227582881,0.4366782007220494,0.3730181197822504,0.0,0.0,0.018018018018018018,0.0,0.0,-0.018018018018018018,0.49099196578624643,0.43200504278424845,0.9698535745047373,0.0,0.9849267872523686,0.6216953170273622,,0.6213986873626709,1066.0
C13→C44,多模态神经交互评估→脑电频率识别分析,39,13,0.682910680770874,0.6706234216690063,0.359578013420105,0.5710373719533284,0.0,0.01818181818181818,1.0,0.6963235227582881,0.6381395033007632,0.4709407750468465,0.0,0.0,0.0,0.0,0.0,0.0,0.5,0.48547038752342325,0.7122302158273381,0.0,0.8561151079136691,0.6090235165029132,,0.6166911721229553,1487.0
C13→C5,多模态神经交互评估→眼动脑电视觉分析,39,27,0.6975130438804626,0.6815664768218994,0.36193937063217163,0.5803396304448445,0.007380073800738007,0.012987012987012988,1.0,0.6963235227582881,0.5322104001372527,0.4186722674985754,0.0,0.0,0.009009009009009009,0.0,0.0,-0.009009009009009009,0.49549561735676945,0.4570839424276724,0.8195050946142649,0.0,0.9097525473071324,0.6195608469807659,,0.6154466867446899,1147.0
C13→C6,多模态神经交互评估→电极阵列植入制造,39,42,0.5851582288742065,0.6719896793365479,0.4362297058105469,0.5644592046737671,0.0,0.020833333333333332,1.0,0.6963235227582881,0.571474259607952,0.4378977034570226,0.0,0.0,0.0,0.0,0.0,0.0,0.5,0.4689488517285113,0.9067315490673155,0.0,0.9533657745336577,0.6191071331971504,,0.5983180403709412,1158.0
C13→C7,多模态神经交互评估→视觉刺激脑电分析,39,48,0.7162851095199585,0.6939048767089844,0.31909096240997314,0.5764269828796387,0.006825938566552901,0.011764705882352941,0.9912280701754386,0.6963235227582881,0.7934048652653686,0.5483887487990738,0.0,0.0,0.0,0.06896551724137931,0.0,0.06896551724137931,0.5344281929745097,0.5414084708867918,0.9191073919107392,0.0,0.9595536959553697,0.6405934316322148,,0.6325879096984863,296.0
C13→C8,多模态神经交互评估→神经刺激监测装置,39,128,0.7069934606552124,0.7161179184913635,0.3456944227218628,0.5896019339561462,0.00631578947368421,0.010309278350515464,0.9950980392156863,0.6963235227582881,0.7415056039068469,0.5225756805125714,0.0,0.0,0.009009009009009009,0.13793103448275862,0.0,0.12892202547374962,0.5641062381131012,0.5433409593128363,0.9955230399650579,0.0,0.9977615199825289,0.656229801218418,,0.6772997379302979,56.0
C13→C9,多模态神经交互评估→经颅聚焦刺激装置,39,47,0.6620813012123108,0.6608685255050659,0.3883490562438965,0.5704329609870911,0.0,0.0,0.9904761904761905,0.6963235227582881,0.5980469930299713,0.45101932333127587,0.0,0.0,0.0,0.0,0.0,0.0,0.5,0.4755096616656379,0.9824984912492456,0.0,0.9912492456246228,0.6307456480899214,,0.6409404277801514,696.0
C14→C0,脑电信号采集处理→脑电情绪识别分析,46,58,0.7153654098510742,0.7389340400695801,0.32255983352661133,0.5922864278157552,0.014367816091954023,0.008264462809917356,1.0,0.8483855102423916,0.5536726087522731,0.35676661260747267,0.0,0.0,0.02702702702702703,0.0,0.0,-0.02702702702702703,0.48648977588659537,0.421628194247034,0.7784615384615384,0.25,0.7642307692307693,0.5925435656527416,,0.7009575366973877,1670.0
C14→C1,脑电信号采集处理→脑电特征提取分类,46,20,0.6912611722946167,0.715881884098053,0.36799919605255127,0.591714084148407,0.009569377990430622,0.014492753623188406,1.0,0.8483855102423916,0.6932301006799398,0.42303887325890627,0.0,0.0,0.0,0.0,0.0,0.0,0.5,0.46151943662945316,0.45263157894736844,,,,无高价值专利,0.6633820533752441,
C14→C10,脑电信号采集处理→神经信息分析诊断,46,36,0.6781988143920898,0.6831843852996826,0.3596276044845581,0.5736702680587769,0.008658008658008658,0.0,1.0,0.8483855102423916,0.5811448339517777,0.3694722915754354,0.0,0.0,0.0,0.13793103448275862,0.0,0.13793103448275862,0.5685314644405662,0.4690018780080008,0.9879379666858128,0.0,0.9939689833429064,0.632236664063778,,0.6257117986679077,634.0
C14→C11,脑电信号采集处理→睡眠脑电调控增强,46,51,0.705244779586792,0.6857211589813232,0.3602738380432129,0.583746592203776,0.010273972602739725,0.008771929824561403,0.9928057553956835,0.8483855102423916,0.6835550559100223,0.4183231315901616,0.0,0.0,0.009009009009009009,0.0,0.0,-0.009009009009009009,0.49549561735676945,0.4569093744734655,0.949193066347878,0.0,0.974596533173939,0.6333443119948033,,0.6348902583122253,569.0
C14→C12,脑电信号采集处理→视觉脑电解码评估,46,30,0.698161244392395,0.6612046360969543,0.3652690649032593,0.5748783151308695,0.0,0.010869565217391304,1.0,0.8483855102423916,0.7829175892646888,0.4673127259220403,0.0,0.0,0.0,0.0,0.0,0.0,0.5,0.48365636296102016,0.6666666666666666,0.0,0.8333333333333333,0.6069689973437673,,0.6031724214553833,1524.0
C14→C13,脑电信号采集处理→多模态神经交互评估,46,43,0.7063498497009277,0.69920414686203,0.36076903343200684,0.5887743433316548,0.0033222591362126247,0.008264462809917356,1.0,0.8483855102423916,0.6373326104204997,0.39601296074518677,0.0,0.0,0.009009009009009009,0.1724137931034483,0.0,0.1634047840944393,0.5809828937506275,0.48849792724790714,0.8674772036474164,0.0,0.9337386018237082,0.6349595498005127,,0.6552817821502686,502.0
C14→C15,脑电信号采集处理→心理生理反馈调节,46,18,0.6355812549591064,0.6610896587371826,0.394758403301239,0.5638097723325093,0.0,0.02631578947368421,1.0,0.8483855102423916,0.5865596100887834,0.37199871789008926,0.0,0.0,0.0,0.0,0.0,0.0,0.5,0.4359993589450446,0.8366666666666667,0.0,0.9183333333333333,0.6066772451271697,,0.5839395523071289,1530.0
C14→C16,脑电信号采集处理→事件相关电位检测,46,37,0.6819796562194824,0.6685212850570679,0.344082772731781,0.5648612380027771,0.0,0.0,1.0,0.8483855102423916,0.4632333326977074,0.31641327182365325,0.0,0.0,0.0,0.0,0.0,0.0,0.5,0.4082066359118266,0.9571865443425076,0.0,0.9785932721712538,0.6131385006615941,,0.6144707202911377,1363.0
C14→C17,脑电信号采集处理→神经反馈刺激分析,46,58,0.7033506035804749,0.671384871006012,0.34829187393188477,0.5743424495061239,0.01056338028169014,0.014814814814814815,1.0,0.8483855102423916,0.6150229443551454,0.3853916533061723,0.0,0.0,0.0,0.27586206896551724,0.0,0.27586206896551724,0.6345355116007656,0.509963582453469,0.9730941704035875,0.05263157894736842,0.9602312957281095,0.6339288451139765,,0.6289652585983276,544.0
C14→C18,脑电信号采集处理→神经刺激同步递送,46,31,0.6467324495315552,0.680245041847229,0.38783204555511475,0.5716031789779663,0.004405286343612335,0.0,1.0,0.8483855102423916,0.5368834240869825,0.3490985080501856,0.0,0.0,0.0,0.0,0.0,0.0,0.5,0.4245492540250928,0.9751098096632503,0.0,0.9875549048316252,0.6220015627633241,,0.6251403093338013,1059.0
C14→C19,脑电信号采集处理→脑机接口交互控制,46,53,0.7133966088294983,0.7329150438308716,0.3432697057723999,0.59652711947759,0.013422818791946308,0.024,0.9925925925925926,0.8483855102423916,0.7533341408009894,0.45261692767709105,0.0,0.0,0.0,0.0,0.0,0.0,0.5,0.4763084638385455,0.7592997811816192,0.0,0.8796498905908097,0.6278626630013575,,0.6845797300338745,810.0
C14→C2,脑电信号采集处理→柔性电极采集装置,46,70,0.646359920501709,0.7356610298156738,0.3816131353378296,0.5878780285517374,0.0,0.008333333333333333,1.0,0.8483855102423916,0.6073936135656598,0.3817837908689762,0.0,0.0,0.0,0.0,0.0,0.0,0.5,0.4408918954344881,0.8650602409638555,0.0,0.9325301204819277,0.6255786825595646,,0.6682833433151245,904.0
C14→C20,脑电信号采集处理→脑控轮椅交互系统,46,10,0.6411564350128174,0.6231198310852051,0.415502667427063,0.5599263111750284,0.0058823529411764705,0.0,1.0,0.8483855102423916,0.50031249376726,0.33266725510193296,0.0,0.0,0.0,0.0,0.0,0.0,0.5,0.4163336275509665,0.5454545454545454,,,,无高价值专利,0.5678888559341431,
C14→C21,脑电信号采集处理→多模态脑电融合分析,46,46,0.7152523994445801,0.6952279806137085,0.3434901237487793,0.584656834602356,0.017605633802816902,0.01,1.0,0.8483855102423916,0.3291122455290337,0.26143053938855315,0.0,0.0,0.018018018018018018,0.0,0.0,-0.018018018018018018,0.49099196578624643,0.3762112525873998,0.9682345754428833,0.0,0.9841172877214417,0.6211352037602711,,0.6618047952651978,1080.0
C14→C22,脑电信号采集处理→脑机虚拟交互控制,46,18,0.7165044546127319,0.7131853103637695,0.3674280643463135,0.5990392764409382,0.0,0.02857142857142857,1.0,0.8483855102423916,0.5586537376365586,0.3590560412440286,0.0,0.0,0.0,0.0,0.0,0.0,0.5,0.42952802062201434,0.7864583333333334,0.0,0.8932291666666667,0.6232370060640591,,0.6553574800491333,1003.0
C14→C23,脑电信号采集处理→生物信号虚拟交互,46,26,0.6557787656784058,0.6940085887908936,0.3719984292984009,0.5739285945892334,0.0,0.0,0.9905660377358491,0.8483855102423916,0.5849439801948719,0.37124415771076125,0.0,0.0,0.009009009009009009,0.0,0.0,-0.009009009009009009,0.49549561735676945,0.4333698875337654,0.9470198675496688,0.0,0.9735099337748344,0.6225948439982678,,0.6242920160293579,1034.0
C14→C24,脑电信号采集处理→闭环神经调控系统,46,24,0.6744158864021301,0.6716038584709167,0.34710586071014404,0.5643752018610636,0.0,0.0,1.0,0.8483855102423916,0.5622256589370602,0.3607017380584148,0.0,0.0,0.0,0.0,0.0,0.0,0.5,0.4303508690292074,0.9495841995841996,0.125,0.9122920997920998,0.6049409336618019,,0.6212340593338013,1553.0
C14→C25,脑电信号采集处理→脑电信号模式识别,46,30,0.7051715850830078,0.7039319276809692,0.36461853981018066,0.5912406841913859,0.0163265306122449,0.02197802197802198,1.0,0.8483855102423916,0.7095321562876163,0.431016096607618,0.0,0.0,0.0,0.0,0.0,0.0,0.5,0.465508048303809,0.872852233676976,,,,无高价值专利,0.6527167558670044,
C14→C26,脑电信号采集处理→神经刺激电极装置,46,43,0.6418439149856567,0.6877281665802002,0.3836503028869629,0.5710741281509399,0.0041841004184100415,0.009433962264150943,1.0,0.8483855102423916,0.578603280366496,0.3682889058413872,0.0,0.0,0.0,0.0,0.0,0.0,0.5,0.4341444529206936,0.9559055118110236,0.0,0.9779527559055118,0.6216548565214316,,0.6259596943855286,1067.0
C14→C27,脑电信号采集处理→认知意识神经评估,46,31,0.6866003274917603,0.6496608257293701,0.3764945864677429,0.570918579896291,0.0045662100456621,0.0,1.0,0.8483855102423916,0.8069023936113827,0.47927033119692997,0.0,0.0,0.0,0.034482758620689655,0.0,0.034482758620689655,0.517234548877195,0.4982524400370625,0.916256157635468,0.0,0.958128078817734,0.6292778601383308,,0.5975069999694824,755.0
C14→C28,脑电信号采集处理→脑波交互反馈系统,46,44,0.7169045209884644,0.72491455078125,0.3515728712081909,0.5977973143259684,0.007042253521126761,0.018518518518518517,1.0,0.8483855102423916,0.7644472515623096,0.45812916000175347,0.0,0.0,0.0,0.0,0.0,0.0,0.5,0.4790645800008767,0.7387755102040816,0.0,0.8693877551020408,0.6272701444669748,,0.6625860333442688,840.0
C14→C29,脑电信号采集处理→深部脑刺激调控,46,83,0.7052748203277588,0.7293846011161804,0.3504995107650757,0.595052977403005,0.005277044854881266,0.013513513513513514,1.0,0.8483855102423916,0.6351596374162822,0.394973939471868,0.0,0.0,0.0,0.0,0.0,0.0,0.5,0.447486969735934,0.957544993077988,0.06666666666666667,0.9454391632056607,0.6337129992265431,,0.6636329889297485,553.0
C14→C3,脑电信号采集处理→脑电状态检测评估,46,50,0.7076005935668945,0.702894926071167,0.350726842880249,0.5870741208394368,0.02348993288590604,0.008928571428571428,0.9855072463768116,0.8483855102423916,0.5131838629552182,0.33840654227757627,0.0,0.0,0.0,0.0,0.0,0.0,0.5,0.41920327113878814,0.9434650455927052,0.0,0.9717325227963526,0.6282414645807527,,0.6371520757675171,795.0
C14→C30,脑电信号采集处理→脑电神经反馈康复训练,46,27,0.7075076103210449,0.6780707836151123,0.34718602895736694,0.5775881409645081,0.00847457627118644,0.020202020202020204,1.0,0.8483855102423916,0.5959707455919181,0.37640638452839525,0.0,0.0,0.009009009009009009,0.0,0.0,-0.009009009009009009,0.49549561735676945,0.4359510009425823,0.7529002320185615,0.3333333333333333,0.7097834493426142,0.575695123975352,,0.6276019215583801,1756.0
C14→C31,脑电信号采集处理→植入式神经接口系统,46,22,0.6282460689544678,0.701823353767395,0.4291844367980957,0.5864179531733195,0.0053475935828877,0.012658227848101266,1.0,0.8483855102423916,0.5840290770930134,0.3708171415329382,0.0,0.0,0.0,0.0,0.0,0.0,0.5,0.4354085707664691,1.0,0.0,1.0,0.6357737173982317,,0.6064773797988892,462.0
C14→C32,脑电信号采集处理→脑电信号评估分析,46,48,0.7223677635192871,0.7144721746444702,0.3484634757041931,0.5951011379559834,0.02456140350877193,0.015037593984962405,1.0,0.8483855102423916,0.5236597877749698,0.3431131636014656,0.0,0.0,0.018018018018018018,0.06896551724137931,0.0,0.050947499223361295,0.5254517321781959,0.4342824478898307,0.9023331524688009,0.0,0.9511665762344004,0.6323808217772757,,0.6350144147872925,631.0
C14→C33,脑电信号采集处理→神经信号采集解码,46,67,0.7087610960006714,0.7203413248062134,0.3512911796569824,0.5934645334879557,0.018518518518518517,0.017094017094017096,1.0,0.8483855102423916,0.6501304005657931,0.4021510851994451,0.0,0.0,0.018018018018018018,0.0,0.0,-0.018018018018018018,0.49099196578624643,0.44657152549284573,0.9439330543933054,0.0,0.9719665271966527,0.6373254477898134,,0.6600567102432251,394.0
C14→C34,脑电信号采集处理→脑电图像生成与映射,46,39,0.6914566159248352,0.7087641954421997,0.35736900568008423,0.5858632723490397,0.0,0.020833333333333332,1.0,0.8483855102423916,0.5842642844359555,0.3709269014929459,0.0,0.0,0.009009009009009009,0.0,0.0,-0.009009009009009009,0.49549561735676945,0.43321125942485766,0.7593283582089553,0.0,0.8796641791044777,0.6131336828141414,,0.639628529548645,1364.0
C14→C35,脑电信号采集处理→神经刺激参数优化,46,56,0.692035436630249,0.6921606063842773,0.37962931394577026,0.5879417856534321,0.0,0.009345794392523364,1.0,0.8483855102423916,0.5508990447467422,0.3554946482720846,0.0,0.0,0.009009009009009009,0.0,0.0,-0.009009009009009009,0.49549561735676945,0.425495132814427,0.9911555470101904,0.0,0.9955777735050952,0.6342130027091237,,0.632032036781311,534.0
C14→C36,脑电信号采集处理→自适应神经刺激调控,46,15,0.6857869625091553,0.6766070127487183,0.3633052110671997,0.5752330621083577,0.0,0.0,1.0,0.8483855102423916,0.520118521467215,0.34151863465451865,0.0,0.0,0.0,0.0,0.0,0.0,0.5,0.42075931732725935,0.9539347408829175,0.0,0.9769673704414588,0.6218178839388335,,0.6259167194366455,1061.0
C14→C37,脑电信号采集处理→神经调节刺激控制,46,59,0.6683220863342285,0.6811503767967224,0.35968244075775146,0.5697183012962341,0.009966777408637873,0.0,1.0,0.8483855102423916,0.4658115066911082,0.31752962312648564,0.0,0.0,0.018018018018018018,0.0,0.0,-0.018018018018018018,0.49099196578624643,0.40426079445636603,0.992143511850203,0.0,0.9960717559251016,0.6186949593734936,,0.6370203495025635,1180.0
C14→C38,脑电信号采集处理→事件相关电位分析,46,7,0.6669970750808716,0.579340398311615,0.36121779680252075,0.5358517567316691,0.0,0.0,1.0,0.8483855102423916,0.5150485035655191,0.3392419844219279,0.0,0.0,0.0,0.0,0.0,0.0,0.5,0.41962099221096394,0.7263157894736842,,,,无高价值专利,0.5751962661743164,
C14→C39,脑电信号采集处理→脑活动监测与解码,46,35,0.6876652240753174,0.6802623271942139,0.36166656017303467,0.5765313704808552,0.0045045045045045045,0.012195121951219513,1.0,0.8483855102423916,0.8267363689746892,0.4891771201549456,0.0,0.0,0.0,0.0,0.0,0.0,0.5,0.49458856007747276,0.8997214484679665,0.0,0.9498607242339833,0.6309031371523188,,0.6340286731719971,692.0
C14→C4,脑电信号采集处理→神经刺激调控系统,46,84,0.6995295882225037,0.7022019624710083,0.34087157249450684,0.5808677077293396,0.015873015873015872,0.0,0.9885714285714285,0.8483855102423916,0.5739366304571628,0.36612017498254706,0.0,0.0,0.0,0.034482758620689655,0.0,0.034482758620689655,0.517234548877195,0.44167736192987106,0.9646086282614311,0.0,0.9823043141307155,0.6301386265915787,,0.6345250606536865,721.0
C14→C40,脑电信号采集处理→脑电虚拟现实交互,46,5,0.6974407434463501,0.6184371709823608,0.3490658402442932,0.554981251557668,0.006578947368421052,0.0,1.0,0.8483855102423916,0.409545021537841,0.29365856774608534,0.0,0.0,0.0,0.034482758620689655,0.0,0.034482758620689655,0.517234548877195,0.40544655831164017,0.6150442477876106,0.0,0.8075221238938053,0.5750357214650003,,0.6266944408416748,1758.0
C14→C41,脑电信号采集处理→脑电电极采集装置,46,40,0.6550604701042175,0.7114917039871216,0.38679349422454834,0.5844485561052958,0.008032128514056224,0.021739130434782608,1.0,0.8483855102423916,0.4445427445021895,0.3083839140793007,0.0,0.0,0.0,0.034482758620689655,0.0,0.034482758620689655,0.517234548877195,0.4128092314782479,0.9487505294366794,0.0,0.9743752647183397,0.6258776831938744,,0.6596822142601013,887.0
C14→C42,脑电信号采集处理→脑电听觉调控降噪,46,20,0.6732314825057983,0.7186577320098877,0.3943450450897217,0.5954114198684692,0.004878048780487805,0.012195121951219513,1.0,0.8483855102423916,0.6573096058558042,0.4056080119680193,0.0,0.0,0.0,0.0,0.0,0.0,0.5,0.45280400598400966,0.9382022471910112,0.0,0.9691011235955056,0.6391849580363613,,0.6296988725662231,341.0
C14→C43,脑电信号采集处理→癫痫监测预测干预,46,21,0.6852779388427734,0.6674511432647705,0.37997931241989136,0.5775694648424784,0.004901960784313725,0.014084507042253521,1.0,0.8483855102423916,0.4366782007220494,0.30503931216761443,0.0,0.0,0.018018018018018018,0.0,0.0,-0.018018018018018018,0.49099196578624643,0.39801563897693043,0.9698535745047373,0.0,0.9849267872523686,0.6206863243843426,,0.6369572877883911,1105.0
C14→C44,脑电信号采集处理→脑电频率识别分析,46,13,0.6852232813835144,0.6944331526756287,0.36109769344329834,0.5802513758341471,0.0,0.015384615384615385,1.0,0.8483855102423916,0.6381395033007632,0.3963990215309194,0.0,0.0,0.0,0.0,0.0,0.0,0.5,0.4481995107654597,0.7122302158273381,0.0,0.8561151079136691,0.6080099042278373,,0.6328463554382324,1505.0
C14→C5,脑电信号采集处理→眼动脑电视觉分析,46,27,0.6910293102264404,0.6475157737731934,0.37645286321640015,0.5716659824053446,0.0041841004184100415,0.011494252873563218,1.0,0.8483855102423916,0.5322104001372527,0.3469778236713615,0.0,0.0,0.009009009009009009,0.0,0.0,-0.009009009009009009,0.49549561735676945,0.42123672051406547,0.8195050946142649,0.0,0.9097525473071324,0.6074957347526301,,0.5994569063186646,1518.0
C14→C6,脑电信号采集处理→电极阵列植入制造,46,42,0.6202255487442017,0.689750075340271,0.3988431692123413,0.5696062644322712,0.008403361344537815,0.009345794392523364,0.991869918699187,0.8483855102423916,0.571474259607952,0.36497801504172317,0.0,0.0,0.0,0.0,0.0,0.0,0.5,0.4324890075208616,0.9067315490673155,0.0,0.9533657745336577,0.6160556512133116,,0.6196155548095703,1264.0
C14→C7,脑电信号采集处理→视觉刺激脑电分析,46,48,0.7072134017944336,0.6717684268951416,0.34298384189605713,0.5739885568618774,0.0038314176245210726,0.02127659574468085,1.0,0.8483855102423916,0.7934048652653686,0.47253734396161773,0.0,0.0,0.0,0.06896551724137931,0.0,0.06896551724137931,0.5344281929745097,0.5034827684680637,0.9191073919107392,0.0,0.9595536959553697,0.6324584546086054,,0.6197576522827148,625.0
C14→C8,脑电信号采集处理→神经刺激监测装置,46,128,0.6936873197555542,0.7018119096755981,0.3569399118423462,0.5841463804244995,0.004514672686230248,0.004878048780487805,1.0,0.8483855102423916,0.7415056039068469,0.44676260844104027,0.0,0.0,0.009009009009009009,0.13793103448275862,0.0,0.12892202547374962,0.5641062381131012,0.5054344232770708,0.9955230399650579,0.0,0.9977615199825289,0.6461111767576433,,0.6539011001586914,171.0
C14→C9,脑电信号采集处理→经颅聚焦刺激装置,46,47,0.645596981048584,0.6835588216781616,0.3800222873687744,0.56972603003184,0.0,0.0,1.0,0.8483855102423916,0.5980469930299713,0.37738157639131814,0.0,0.0,0.0,0.0,0.0,0.0,0.5,0.4386907881956591,0.9824984912492456,0.0,0.9912492456246228,0.6238996890360295,,0.632981538772583,979.0
C15→C0,心理生理反馈调节→脑电情绪识别分析,2,58,0.6291906833648682,0.6594606637954712,0.39731305837631226,0.5619881351788838,0.0,0.0,1.0,0.21635722814343952,0.5536726087522731,0.662539287356482,0.0,0.0,0.02702702702702703,0.0,0.0,-0.02702702702702703,0.48648977588659537,0.5745145316215388,0.7784615384615384,0.25,0.7642307692307693,0.6027031670055495,样本不足,0.594642162322998,1588.0
C15→C1,心理生理反馈调节→脑电特征提取分类,2,20,0.5838838815689087,0.6301393508911133,0.43726205825805664,0.5504284302393595,0.0,0.0,1.0,0.21635722814343952,0.6932301006799398,0.7218678533386881,0.0,0.0,0.0,0.0,0.0,0.0,0.5,0.6109339266693441,0.45263157894736844,,,,样本不足;无高价值专利,0.573360025882721,
C15→C10,心理生理反馈调节→神经信息分析诊断,2,36,0.6237891912460327,0.6210470199584961,0.3983847498893738,0.5477403203646342,0.0,0.0,1.0,0.21635722814343952,0.5811448339517777,0.6747120487745933,0.0,0.0,0.0,0.13793103448275862,0.0,0.13793103448275862,0.5685314644405662,0.6216217566075798,0.9879379666858128,0.0,0.9939689833429064,0.639831136678631,样本不足,0.6110901832580566,321.0
C15→C11,心理生理反馈调节→睡眠脑电调控增强,2,51,0.6377520561218262,0.634406328201294,0.3903627395629883,0.5541737079620361,0.0,0.0,1.0,0.21635722814343952,0.6835550559100223,0.7179662171537299,0.0,0.0,0.009009009009009009,0.0,0.0,-0.009009009009009009,0.49549561735676945,0.6067309172552496,0.949193066347878,0.0,0.974596533173939,0.6388284898862261,样本不足,0.5839425325393677,355.0
C15→C12,心理生理反馈调节→视觉脑电解码评估,2,30,0.6581014394760132,0.6430878639221191,0.3896881341934204,0.5636258125305176,0.0,0.0,1.0,0.21635722814343952,0.7829175892646888,0.7564143574159623,0.0,0.0,0.0,0.0,0.0,0.0,0.5,0.6282071787079812,0.6666666666666666,0.0,0.8333333333333333,0.6253265518527512,样本不足,0.6366387605667114,917.0
C15→C13,心理生理反馈调节→多模态神经交互评估,2,43,0.6364793181419373,0.6766716241836548,0.3886875510215759,0.5672794977823893,0.0,0.0,1.0,0.21635722814343952,0.6373326104204997,0.6988759104303983,0.0,0.0,0.009009009009009009,0.1724137931034483,0.0,0.1634047840944393,0.5809828937506275,0.6399294020905129,0.8674772036474164,0.0,0.9337386018237082,0.6465937469907318,样本不足,0.6419939398765564,160.0
C15→C14,心理生理反馈调节→脑电信号采集处理,2,66,0.6355812549591064,0.6610896587371826,0.394758403301239,0.5638097723325093,0.0,0.0,1.0,0.21635722814343952,0.679455675419048,0.7163030812767825,0.0,0.0,0.009009009009009009,0.0,0.0,-0.009009009009009009,0.49549561735676945,0.605899349316776,0.7874493927125507,0.0,0.8937246963562753,0.6319176989352201,样本不足,0.5839395523071289,649.0
C15→C16,心理生理反馈调节→事件相关电位检测,2,37,0.6216496229171753,0.5864311456680298,0.42706137895584106,0.545047382513682,0.0,0.0,1.0,0.21635722814343952,0.4632333326977074,0.6209899577109442,0.0,0.0,0.0,0.0,0.0,0.0,0.5,0.5604949788554721,0.9571865443425076,0.0,0.9785932721712538,0.6256824391339215,样本不足,0.5609543323516846,896.0
C15→C17,心理生理反馈调节→神经反馈刺激分析,2,58,0.6584303975105286,0.6324596405029297,0.37569570541381836,0.5555285811424255,0.0,0.0,1.0,0.21635722814343952,0.6150229443551454,0.6894033594503883,0.0,0.0,0.0,0.27586206896551724,0.0,0.27586206896551724,0.6345355116007656,0.661969435525577,0.9730941704035875,0.05263157894736842,0.9602312957281095,0.6463290607881638,样本不足,0.6210571527481079,165.0
C15→C18,心理生理反馈调节→神经刺激同步递送,2,31,0.6133322715759277,0.6205403804779053,0.4321708679199219,0.5553478399912516,0.0,0.0,1.0,0.21635722814343952,0.5368834240869825,0.6549913164709505,0.0,0.0,0.0,0.0,0.0,0.0,0.5,0.5774956582354753,0.9751098096632503,0.0,0.9875549048316252,0.6369984905301875,样本不足,0.5818296670913696,406.0
C15→C19,心理生理反馈调节→脑机接口交互控制,2,53,0.6301703453063965,0.6734392046928406,0.3987307548522949,0.567446768283844,0.0,0.0,1.0,0.21635722814343952,0.7533341408009894,0.7453480966336234,0.0,0.0,0.0,0.0,0.0,0.0,0.5,0.6226740483168117,0.7592997811816192,0.0,0.8796498905908097,0.6348169482313816,样本不足,0.6035969257354736,508.0
C15→C2,心理生理反馈调节→柔性电极采集装置,2,70,0.5805298089981079,0.6126648187637329,0.463043749332428,0.5520794590314229,0.0,0.0,1.0,0.21635722814343952,0.6073936135656598,0.6861266714843925,0.0,0.0,0.0,0.0,0.0,0.0,0.5,0.5930633357421963,0.8650602409638555,0.0,0.9325301204819277,0.6282962706834757,样本不足,0.5625949501991272,791.0
C15→C20,心理生理反馈调节→脑控轮椅交互系统,2,10,0.5625884532928467,0.510158896446228,0.44716429710388184,0.5066372156143188,0.0,0.0,1.0,0.21635722814343952,0.50031249376726,0.6382809014831072,0.0,0.0,0.0,0.0,0.0,0.0,0.5,0.5691404507415536,0.5454545454545454,,,,样本不足;无高价值专利,0.5210069417953491,
C15→C21,心理生理反馈调节→多模态脑电融合分析,2,46,0.5979213118553162,0.6125667095184326,0.410774827003479,0.5404209494590759,0.0,0.0,1.0,0.21635722814343952,0.3291122455290337,0.5561397953750857,0.0,0.0,0.018018018018018018,0.0,0.0,-0.018018018018018018,0.49099196578624643,0.5235658805806661,0.9682345754428833,0.0,0.9841172877214417,0.6173782735917583,样本不足,0.5374935865402222,1222.0
C15→C22,心理生理反馈调节→脑机虚拟交互控制,2,18,0.6146829724311829,0.6344202756881714,0.4120970368385315,0.5537334283192952,0.0,0.0,1.0,0.21635722814343952,0.5586537376365586,0.6647630394913736,0.0,0.0,0.0,0.0,0.0,0.0,0.5,0.5823815197456867,0.7864583333333334,0.0,0.8932291666666667,0.6210937567941451,样本不足,0.5671789646148682,1084.0
C15→C23,心理生理反馈调节→生物信号虚拟交互,2,26,0.6103694438934326,0.6374554634094238,0.386130690574646,0.5446518659591675,0.0,0.0,1.0,0.21635722814343952,0.5849439801948719,0.6763774704549395,0.0,0.0,0.009009009009009009,0.0,0.0,-0.009009009009009009,0.49549561735676945,0.5859365439058545,0.9470198675496688,0.0,0.9735099337748344,0.6287059764503261,样本不足,0.6129928827285767,771.0
C15→C24,心理生理反馈调节→闭环神经调控系统,2,24,0.62946617603302,0.5813231468200684,0.39952975511550903,0.5367730259895325,0.0,0.0,1.0,0.21635722814343952,0.5622256589370602,0.6663531888185098,0.0,0.0,0.0,0.0,0.0,0.0,0.5,0.5831765944092548,0.9495841995841996,0.125,0.9122920997920998,0.6128770264505188,样本不足,0.5939915180206299,1376.0
C15→C25,心理生理反馈调节→脑电信号模式识别,2,30,0.6220711469650269,0.6287941932678223,0.4362106919288635,0.5623586773872375,0.0,0.0,1.0,0.21635722814343952,0.7095321562876163,0.7283663480395253,0.0,0.0,0.0,0.0,0.0,0.0,0.5,0.6141831740197626,0.872852233676976,,,,样本不足;无高价值专利,0.5782352685928345,
C15→C26,心理生理反馈调节→神经刺激电极装置,2,43,0.5780900716781616,0.5898484587669373,0.4524436593055725,0.5401273965835571,0.0,0.0,1.0,0.21635722814343952,0.578603280366496,0.6735954410372573,0.0,0.0,0.0,0.0,0.0,0.0,0.5,0.5867977205186287,0.9559055118110236,0.0,0.9779527559055118,0.6264173277228771,样本不足,0.5694760084152222,869.0
C15→C27,心理生理反馈调节→认知意识神经评估,2,31,0.6417490243911743,0.6394842267036438,0.37615132331848145,0.5524615248044331,0.0,0.0,1.0,0.21635722814343952,0.8069023936113827,0.7651437915311972,0.0,0.0,0.0,0.034482758620689655,0.0,0.034482758620689655,0.517234548877195,0.6411891702041961,0.916256157635468,0.0,0.958128078817734,0.640535306050428,样本不足,0.5999159812927246,300.0
C15→C28,心理生理反馈调节→脑波交互反馈系统,2,44,0.6616623401641846,0.6424270868301392,0.3801174759864807,0.5614023009936014,0.0,0.0,1.0,0.21635722814343952,0.7644472515623096,0.7495436774100424,0.0,0.0,0.0,0.0,0.0,0.0,0.5,0.6247718387050212,0.7387755102040816,0.0,0.8693877551020408,0.6293776403077712,样本不足,0.6063597202301025,750.0
C15→C29,心理生理反馈调节→深部脑刺激调控,2,83,0.6767321228981018,0.6763850450515747,0.35522568225860596,0.5694476167360941,0.0,0.0,1.0,0.21635722814343952,0.6351596374162822,0.6979605234351826,0.0,0.0,0.0,0.0,0.0,0.0,0.5,0.5989802617175912,0.957544993077988,0.06666666666666667,0.9454391632056607,0.643230118674378,样本不足,0.6312414407730103,228.0
C15→C3,心理生理反馈调节→脑电状态检测评估,2,50,0.6194802522659302,0.6470195055007935,0.402616024017334,0.5563719272613525,0.0,0.0,1.0,0.21635722814343952,0.5131838629552182,0.6442029356600547,0.0,0.0,0.0,0.0,0.0,0.0,0.5,0.5721014678300274,0.9434650455927052,0.0,0.9717325227963526,0.6342308550283419,样本不足,0.608247697353363,533.0
C15→C30,心理生理反馈调节→脑电神经反馈康复训练,2,27,0.6287646293640137,0.6243902444839478,0.3976821303367615,0.5502790013949076,0.0,0.02,1.0,0.21635722814343952,0.5959707455919181,0.6811858911793293,0.0,0.0,0.009009009009009009,0.0,0.0,-0.009009009009009009,0.49549561735676945,0.5883407542680493,0.7529002320185615,0.3333333333333333,0.7097834493426142,0.5878469442690964,样本不足,0.6125497817993164,1701.0
C15→C31,心理生理反馈调节→植入式神经接口系统,2,22,0.5755710005760193,0.607110857963562,0.48578059673309326,0.5561541517575581,0.0,0.0,1.0,0.21635722814343952,0.5840290770930134,0.6759768131723379,0.0,0.0,0.0,0.0,0.0,0.0,0.5,0.5879884065861689,1.0,0.0,1.0,0.6412746065552318,样本不足,0.5419269800186157,274.0
C15→C32,心理生理反馈调节→脑电信号评估分析,2,48,0.6355481147766113,0.6580998301506042,0.38187599182128906,0.5585079789161682,0.0,0.0,1.0,0.21635722814343952,0.5236597877749698,0.6489905749917304,0.0,0.0,0.018018018018018018,0.06896551724137931,0.0,0.050947499223361295,0.5254517321781959,0.5872211535849632,0.9023331524688009,0.0,0.9511665762344004,0.634792743826474,样本不足,0.6146728992462158,510.0
C15→C33,心理生理反馈调节→神经信号采集解码,2,67,0.6480064392089844,0.6473852396011353,0.3683040738105774,0.5545652508735657,0.0,0.0,1.0,0.21635722814343952,0.6501304005657931,0.7042348870358297,0.0,0.0,0.018018018018018018,0.0,0.0,-0.018018018018018018,0.49099196578624643,0.5976134264110381,0.9439330543933054,0.0,0.9719665271966527,0.6371958974537357,样本不足,0.6089732646942139,396.0
C15→C34,心理生理反馈调节→脑电图像生成与映射,2,39,0.6149557828903198,0.6520646214485168,0.4136408567428589,0.5602204203605652,0.0,0.0,1.0,0.21635722814343952,0.5842642844359555,0.676079840586936,0.0,0.0,0.009009009009009009,0.0,0.0,-0.009009009009009009,0.49549561735676945,0.5857877289718527,0.7593283582089553,0.0,0.8796641791044777,0.6237233331232388,样本不足,0.5852568745613098,989.0
C15→C35,心理生理反馈调节→神经刺激参数优化,2,56,0.6366225481033325,0.6122295260429382,0.4193822145462036,0.5560780962308247,0.0,0.0,1.0,0.21635722814343952,0.5508990447467422,0.6612979389900543,0.0,0.0,0.009009009009009009,0.0,0.0,-0.009009009009009009,0.49549561735676945,0.5783967781734118,0.9911555470101904,0.0,0.9955777735050952,0.6389524760818971,样本不足,0.5838800072669983,349.0
C15→C36,心理生理反馈调节→自适应神经刺激调控,2,15,0.6232399940490723,0.5952799320220947,0.3980225920677185,0.5388475060462952,0.0,0.0,1.0,0.21635722814343952,0.520118521467215,0.6473754636892917,0.0,0.0,0.0,0.0,0.0,0.0,0.5,0.5736877318446458,0.9539347408829175,0.0,0.9769673704414588,0.6232662537753361,样本不足,0.5746521949768066,1002.0
C15→C37,心理生理反馈调节→神经调节刺激控制,2,59,0.6282786130905151,0.6486705541610718,0.3928424119949341,0.5565971930821736,0.0,0.0,1.0,0.21635722814343952,0.4658115066911082,0.6222028038062918,0.0,0.0,0.018018018018018018,0.0,0.0,-0.018018018018018018,0.49099196578624643,0.5565973847962691,0.992143511850203,0.0,0.9960717559251016,0.635834629817469,样本不足,0.6425043344497681,460.0
C15→C38,心理生理反馈调节→事件相关电位分析,2,7,0.5948052406311035,0.5543615818023682,0.4384348392486572,0.529200553894043,0.0,0.0,1.0,0.21635722814343952,0.5150485035655191,0.6450572470606634,0.0,0.0,0.0,0.0,0.0,0.0,0.5,0.5725286235303317,0.7263157894736842,,,,样本不足;无高价值专利,0.5379868745803833,
C15→C39,心理生理反馈调节→脑活动监测与解码,2,35,0.6325235366821289,0.5923017859458923,0.4069533348083496,0.5439262191454569,0.0,0.0,1.0,0.21635722814343952,0.8267363689746892,0.7721969653841458,0.0,0.0,0.0,0.0,0.0,0.0,0.5,0.6360984826920729,0.8997214484679665,0.0,0.9498607242339833,0.6324537952105345,样本不足,0.643398106098175,626.0
C15→C4,心理生理反馈调节→神经刺激调控系统,2,84,0.6483408212661743,0.6568295359611511,0.3968226909637451,0.5673310160636902,0.0,0.0,1.0,0.21635722814343952,0.5739366304571628,0.671540063352526,0.0,0.0,0.0,0.034482758620689655,0.0,0.034482758620689655,0.517234548877195,0.5943873061148606,0.9646086282614311,0.0,0.9823043141307155,0.6471256613144413,样本不足,0.6095188856124878,150.0
C15→C40,心理生理反馈调节→脑电虚拟现实交互,2,5,0.6536797285079956,0.6266903877258301,0.385730504989624,0.5553668737411499,0.0,0.0,1.0,0.21635722814343952,0.409545021537841,0.5954098919760468,0.0,0.0,0.0,0.034482758620689655,0.0,0.034482758620689655,0.517234548877195,0.5563222204266209,0.6150442477876106,0.0,0.8075221238938053,0.6028953128849378,样本不足,0.6046736240386963,1582.0
C15→C41,心理生理反馈调节→脑电电极采集装置,2,40,0.548668622970581,0.5876579284667969,0.47194743156433105,0.5360913276672363,0.0,0.0,1.0,0.21635722814343952,0.4445427445021895,0.612152931956802,0.0,0.0,0.0,0.034482758620689655,0.0,0.034482758620689655,0.517234548877195,0.5646937404169985,0.9487505294366794,0.0,0.9743752647183397,0.6194902957915408,样本不足,0.5470952987670898,1149.0
C15→C42,心理生理反馈调节→脑电听觉调控降噪,2,20,0.6019964218139648,0.6296156644821167,0.40373778343200684,0.545116623242696,0.0,0.0,1.0,0.21635722814343952,0.6573096058558042,0.7072167776620716,0.0,0.0,0.0,0.0,0.0,0.0,0.5,0.6036083888310357,0.9382022471910112,0.0,0.9691011235955056,0.6311623183879904,样本不足,0.5795161724090576,677.0
C15→C43,心理生理反馈调节→癫痫监测预测干预,2,21,0.5902712345123291,0.5537546277046204,0.44378745555877686,0.5292711059252421,0.0,0.0,1.0,0.21635722814343952,0.4366782007220494,0.6084119827923268,0.0,0.0,0.018018018018018018,0.0,0.0,-0.018018018018018018,0.49099196578624643,0.5497019742892866,0.9698535745047373,0.0,0.9849267872523686,0.6140394109564278,样本不足,0.5377554893493652,1338.0
C15→C44,心理生理反馈调节→脑电频率识别分析,2,13,0.600514829158783,0.6081775426864624,0.4335784912109375,0.5474236210187275,0.0,0.0,1.0,0.21635722814343952,0.6381395033007632,0.6992154199799284,0.0,0.0,0.0,0.0,0.0,0.0,0.5,0.5996077099899642,0.7122302158273381,0.0,0.8561151079136691,0.61349863013767,样本不足,0.5348300337791443,1355.0
C15→C5,心理生理反馈调节→眼动脑电视觉分析,2,27,0.6310032606124878,0.6344623565673828,0.40591132640838623,0.5571256478627522,0.0,0.0,1.0,0.21635722814343952,0.5322104001372527,0.6528762697703601,0.0,0.0,0.009009009009009009,0.0,0.0,-0.009009009009009009,0.49549561735676945,0.5741859435635648,0.8195050946142649,0.0,0.9097525473071324,0.6247787544109029,样本不足,0.5836817026138306,936.0
C15→C6,心理生理反馈调节→电极阵列植入制造,2,42,0.5283806920051575,0.6140878200531006,0.47509676218032837,0.5391884247461954,0.0,0.0,1.0,0.21635722814343952,0.571474259607952,0.6704528770969916,0.0,0.0,0.0,0.0,0.0,0.0,0.5,0.5852264385484958,0.9067315490673155,0.0,0.9533657745336577,0.6215581278586022,样本不足,0.534198522567749,1072.0
C15→C7,心理生理反馈调节→视觉刺激脑电分析,2,48,0.6601048707962036,0.6417022347450256,0.37843310832977295,0.560080071290334,0.0,0.0,1.0,0.21635722814343952,0.7934048652653686,0.76025814034507,0.0,0.0,0.0,0.06896551724137931,0.0,0.06896551724137931,0.5344281929745097,0.6473431666597899,0.9191073919107392,0.0,0.9595536959553697,0.6470431961247367,样本不足,0.5963485240936279,152.0
C15→C8,心理生理反馈调节→神经刺激监测装置,2,128,0.6625800132751465,0.6494047045707703,0.37661635875701904,0.5628670255343119,0.0,0.0,1.0,0.21635722814343952,0.7415056039068469,0.7408318795488322,0.0,0.0,0.009009009009009009,0.13793103448275862,0.0,0.12892202547374962,0.5641062381131012,0.6524690588309667,0.9955230399650579,0.0,0.9977615199825289,0.6559176812729963,样本不足,0.6770302057266235,59.0
C15→C9,心理生理反馈调节→经颅聚焦刺激装置,2,47,0.5924735069274902,0.5916225910186768,0.4521489143371582,0.5454150040944417,0.0,0.0,1.0,0.21635722814343952,0.5980469930299713,0.6820870161606232,0.0,0.0,0.0,0.0,0.0,0.0,0.5,0.5910435080803116,0.9824984912492456,0.0,0.9912492456246228,0.6329056694274032,样本不足,0.5816575288772583,592.0
C16→C0,事件相关电位检测→脑电情绪识别分析,4,58,0.6800087690353394,0.6694592237472534,0.3566969633102417,0.5687216520309448,0.013636363636363636,0.0,1.0,0.368549137888289,0.5536726087522731,0.5915186469123348,0.0,0.0,0.02702702702702703,0.0,0.0,-0.02702702702702703,0.48648977588659537,0.5390042113994651,0.7784615384615384,0.25,0.7642307692307693,0.6005331015128007,,0.6341897249221802,1615.0
C16→C1,事件相关电位检测→脑电特征提取分类,4,20,0.6275915503501892,0.6332933902740479,0.4301588535308838,0.5636812647183735,0.0,0.0,1.0,0.368549137888289,0.6932301006799398,0.6568666596600102,0.0,0.0,0.0,0.0,0.0,0.0,0.5,0.5784333298300051,0.45263157894736844,,,,无高价值专利,0.6183496713638306,
C16→C10,事件相关电位检测→神经信息分析诊断,4,36,0.6623631119728088,0.5962464809417725,0.3549967408180237,0.5378687779108683,0.0,0.0,1.0,0.368549137888289,0.5811448339517777,0.6047248346094539,0.0,0.0,0.0,0.13793103448275862,0.0,0.13793103448275862,0.5685314644405662,0.5866281495250101,0.9879379666858128,0.0,0.9939689833429064,0.627367878353932,,0.6271802186965942,837.0
C16→C11,事件相关电位检测→睡眠脑电调控增强,4,51,0.6846646070480347,0.6306596994400024,0.3663557767868042,0.5605600277582804,0.006097560975609756,0.0,1.0,0.368549137888289,0.6835550559100223,0.6524921459748214,0.0,0.0,0.009009009009009009,0.0,0.0,-0.009009009009009009,0.49549561735676945,0.5739938816657955,0.949193066347878,0.0,0.974596533173939,0.6378754739974132,,0.6153850555419922,380.0
C16→C12,事件相关电位检测→视觉脑电解码评估,4,30,0.6819556951522827,0.6357281804084778,0.34841907024383545,0.555367648601532,0.0,0.0,1.0,0.368549137888289,0.7829175892646888,0.6960877883331884,0.0,0.0,0.0,0.0,0.0,0.0,0.5,0.5980438941665942,0.6666666666666666,0.0,0.8333333333333333,0.6146642997794716,,0.6314420700073242,1308.0
C16→C13,事件相关电位检测→多模态神经交互评估,4,43,0.6671407222747803,0.6418777704238892,0.3995898962020874,0.5695361296335856,0.0,0.014492753623188406,1.0,0.368549137888289,0.6373326104204997,0.6312462458520536,0.0,0.0,0.009009009009009009,0.1724137931034483,0.0,0.1634047840944393,0.5809828937506275,0.6061145698013406,0.8674772036474164,0.0,0.9337386018237082,0.6425286453570702,,0.6197688579559326,248.0
C16→C14,事件相关电位检测→脑电信号采集处理,4,66,0.6819796562194824,0.6685212850570679,0.344082772731781,0.5648612380027771,0.0,0.0,0.9886363636363636,0.368549137888289,0.679455675419048,0.6506307917997683,0.0,0.0,0.009009009009009009,0.0,0.0,-0.009009009009009009,0.49549561735676945,0.5730632045782689,0.7874493927125507,0.0,0.8937246963562753,0.6270468542501049,,0.6144707202911377,847.0
C16→C15,事件相关电位检测→心理生理反馈调节,4,18,0.6216496229171753,0.5864311456680298,0.42706137895584106,0.545047382513682,0.0,0.0,1.0,0.368549137888289,0.5865596100887834,0.6073104941005686,0.0,0.0,0.0,0.0,0.0,0.0,0.5,0.5536552470502842,0.8366666666666667,0.0,0.9183333333333333,0.6146251581777707,,0.5609543323516846,1311.0
C16→C17,事件相关电位检测→神经反馈刺激分析,4,58,0.6785151958465576,0.6248859763145447,0.3629579544067383,0.5554530421892802,0.0,0.0,1.0,0.368549137888289,0.6150229443551454,0.6208005683780918,0.0,0.0,0.0,0.27586206896551724,0.0,0.27586206896551724,0.6345355116007656,0.6276680399894288,0.9730941704035875,0.05263157894736842,0.9602312957281095,0.6407750576626341,,0.6132498979568481,287.0
C16→C18,事件相关电位检测→神经刺激同步递送,4,31,0.6314921379089355,0.5682966709136963,0.4097490906715393,0.5365126331647236,0.0,0.0,1.0,0.368549137888289,0.5368834240869825,0.5833810530535761,0.0,0.0,0.0,0.0,0.0,0.0,0.5,0.5416905265267881,0.9751098096632503,0.0,0.9875549048316252,0.6181969385713378,,0.5789463520050049,1198.0
C16→C19,事件相关电位检测→脑机接口交互控制,4,53,0.6512177586555481,0.6238998770713806,0.34544873237609863,0.5401887893676758,0.0,0.0,1.0,0.368549137888289,0.7533341408009894,0.6834278700220559,0.0,0.0,0.0,0.0,0.0,0.0,0.5,0.5917139350110279,0.7592997811816192,0.0,0.8796498905908097,0.6112281842025343,,0.6249474287033081,1432.0
C16→C2,事件相关电位检测→柔性电极采集装置,4,70,0.5865302085876465,0.6459464430809021,0.44119274616241455,0.5578897992769877,0.0,0.0,1.0,0.368549137888289,0.6073936135656598,0.6172020059857499,0.0,0.0,0.0,0.0,0.0,0.0,0.5,0.558601002992875,0.8650602409638555,0.0,0.9325301204819277,0.6265033364021568,,0.5961817502975464,865.0
C16→C20,事件相关电位检测→脑控轮椅交互系统,4,10,0.6667304635047913,0.585099458694458,0.38730692863464355,0.5463789502779642,0.0,0.0,1.0,0.368549137888289,0.50031249376726,0.5655030371929621,0.0,0.0,0.0,0.0,0.0,0.0,0.5,0.5327515185964811,0.5454545454545454,,,,无高价值专利,0.5522490739822388,
C16→C21,事件相关电位检测→多模态脑电融合分析,4,46,0.6379256844520569,0.631932258605957,0.3693312406539917,0.5463963945706685,0.0,0.0,1.0,0.368549137888289,0.3291122455290337,0.480291769957484,0.0,0.0,0.018018018018018018,0.0,0.0,-0.018018018018018018,0.49099196578624643,0.48564186787186525,0.9682345754428833,0.0,0.9841172877214417,0.6151643600740547,,0.6212198734283447,1288.0
C16→C22,事件相关电位检测→脑机虚拟交互控制,4,18,0.6630135774612427,0.5727112293243408,0.352691113948822,0.5294719735781351,0.0,0.0,1.0,0.368549137888289,0.5586537376365586,0.5939235583179189,0.0,0.0,0.0,0.0,0.0,0.0,0.5,0.5469617791589594,0.7864583333333334,0.0,0.8932291666666667,0.5987724614911022,,0.5614849328994751,1634.0
C16→C23,事件相关电位检测→生物信号虚拟交互,4,26,0.6189036965370178,0.5945438146591187,0.44863444566726685,0.5540273189544678,0.0,0.0,1.0,0.368549137888289,0.5849439801948719,0.6065396222342603,0.0,0.0,0.009009009009009009,0.0,0.0,-0.009009009009009009,0.49549561735676945,0.5510176197955149,0.9470198675496688,0.0,0.9735099337748344,0.6294493958795299,,0.5871481895446777,748.0
C16→C24,事件相关电位检测→闭环神经调控系统,4,24,0.6466748118400574,0.557754397392273,0.4021402597427368,0.5355231563250223,0.013888888888888888,0.0,1.0,0.368549137888289,0.5622256589370602,0.5956453360051417,0.0,0.0,0.0,0.0,0.0,0.0,0.5,0.5478226680025708,0.9495841995841996,0.125,0.9122920997920998,0.606191373752232,,0.5738707184791565,1538.0
C16→C25,事件相关电位检测→脑电信号模式识别,4,30,0.6824642419815063,0.6334315538406372,0.3788038492202759,0.5648998816808064,0.0,0.0,1.0,0.368549137888289,0.7095321562876163,0.6641773550952926,0.0,0.0,0.0,0.0,0.0,0.0,0.5,0.5820886775476464,0.872852233676976,,,,无高价值专利,0.6271082162857056,
C16→C26,事件相关电位检测→神经刺激电极装置,4,43,0.6115773916244507,0.596351683139801,0.43340516090393066,0.547111411889394,0.0,0.0,1.0,0.368549137888289,0.578603280366496,0.6035091612133495,0.0,0.0,0.0,0.0,0.0,0.0,0.5,0.5517545806066748,0.9559055118110236,0.0,0.9779527559055118,0.6255712852972599,,0.5685228705406189,905.0
C16→C27,事件相关电位检测→认知意识神经评估,4,31,0.6595615744590759,0.6543393731117249,0.3645627498626709,0.5594878991444905,0.0,0.02631578947368421,1.0,0.368549137888289,0.8069023936113827,0.7061392647582343,0.0,0.0,0.0,0.034482758620689655,0.0,0.034482758620689655,0.517234548877195,0.6116869068177146,0.916256157635468,0.0,0.958128078817734,0.6406219405827805,,0.6489496231079102,295.0
C16→C28,事件相关电位检测→脑波交互反馈系统,4,44,0.6694623827934265,0.6133404970169067,0.3942338228225708,0.559012234210968,0.0064516129032258064,0.017543859649122806,1.0,0.368549137888289,0.7644472515623096,0.6882168852404701,0.0,0.0,0.0,0.0,0.0,0.0,0.5,0.594108442620235,0.7387755102040816,0.0,0.8693877551020408,0.6225832449842403,,0.626055121421814,1036.0
C16→C29,事件相关电位检测→深部脑刺激调控,4,83,0.697933554649353,0.648277997970581,0.3474009037017822,0.564537485440572,0.004,0.0,1.0,0.368549137888289,0.6351596374162822,0.6302340450225911,0.0,0.0,0.0,0.0,0.0,0.0,0.5,0.5651170225112956,0.957544993077988,0.06666666666666667,0.9454391632056607,0.6342470061537213,,0.6274921894073486,532.0
C16→C3,事件相关电位检测→脑电状态检测评估,4,50,0.6834237575531006,0.6692951917648315,0.34844619035720825,0.5670550465583801,0.005747126436781609,0.0,1.0,0.368549137888289,0.5131838629552182,0.5718172728291798,0.0,0.0,0.0,0.0,0.0,0.0,0.5,0.53590863641459,0.9434650455927052,0.0,0.9717325227963526,0.6354513808666968,,0.672210693359375,476.0
C16→C30,事件相关电位检测→脑电神经反馈康复训练,4,27,0.6587514877319336,0.5502709150314331,0.39895474910736084,0.5359923839569092,0.009345794392523364,0.0,1.0,0.368549137888289,0.5959707455919181,0.61179013284862,0.0,0.0,0.009009009009009009,0.0,0.0,-0.009009009009009009,0.49549561735676945,0.5536428751026947,0.7529002320185615,0.3333333333333333,0.7097834493426142,0.5724046347588421,,0.5946247577667236,1763.0
C16→C31,事件相关电位检测→植入式神经接口系统,4,22,0.5633226633071899,0.5884225368499756,0.4587058424949646,0.5368170142173767,0.0,0.0,1.0,0.368549137888289,0.5840290770930134,0.6061028552238399,0.0,0.0,0.0,0.0,0.0,0.0,0.5,0.5530514276119199,1.0,0.0,1.0,0.6222402494484597,,0.5746691226959229,1051.0
C16→C32,事件相关电位检测→脑电信号评估分析,4,48,0.6847267746925354,0.6348012685775757,0.3575108051300049,0.5590129494667053,0.006211180124223602,0.0,1.0,0.368549137888289,0.5236597877749698,0.5769392769771532,0.0,0.0,0.018018018018018018,0.06896551724137931,0.0,0.050947499223361295,0.5254517321781959,0.5511955045776745,0.9023331524688009,0.0,0.9511665762344004,0.6291453168403598,,0.6392266154289246,761.0
C16→C33,事件相关电位检测→神经信号采集解码,4,67,0.6686912775039673,0.6315447092056274,0.40337228775024414,0.5678694248199463,0.005025125628140704,0.0,1.0,0.368549137888289,0.6501304005657931,0.6371839713779585,0.0,0.0,0.018018018018018018,0.0,0.0,-0.018018018018018018,0.49099196578624643,0.5640879685821024,0.9439330543933054,0.0,0.9719665271966527,0.6407664182885411,,0.6364454030990601,289.0
C16→C34,事件相关电位检测→脑电图像生成与映射,4,39,0.6534938812255859,0.6290441751480103,0.4163947105407715,0.5663109223047892,0.0,0.0,1.0,0.368549137888289,0.5842642844359555,0.606215157446049,0.0,0.0,0.009009009009009009,0.0,0.0,-0.009009009009009009,0.49549561735676945,0.5508553874014093,0.7593283582089553,0.0,0.8796641791044777,0.621753853200716,,0.6161870956420898,1063.0
C16→C35,事件相关电位检测→神经刺激参数优化,4,56,0.6857141256332397,0.6029046177864075,0.3825504779815674,0.5570564071337382,0.0,0.0,1.0,0.368549137888289,0.5508990447467422,0.5901776484426777,0.0,0.0,0.009009009009009009,0.0,0.0,-0.009009009009009009,0.49549561735676945,0.5428366328997236,0.9911555470101904,0.0,0.9955777735050952,0.6338067225180329,,0.6014161109924316,549.0
C16→C36,事件相关电位检测→自适应神经刺激调控,4,15,0.6425051093101501,0.5558198690414429,0.39589476585388184,0.531406581401825,0.0,0.0,1.0,0.368549137888289,0.520118521467215,0.5752096346590507,0.0,0.0,0.0,0.0,0.0,0.0,0.5,0.5376048173295254,0.9539347408829175,0.0,0.9769673704414588,0.6122942062968655,,0.5841827392578125,1401.0
C16→C37,事件相关电位检测→神经调节刺激控制,4,59,0.6522372961044312,0.570633053779602,0.40666627883911133,0.5431788762410481,0.005780346820809248,0.0,1.0,0.368549137888289,0.4658115066911082,0.5484784126394715,0.0,0.0,0.018018018018018018,0.0,0.0,-0.018018018018018018,0.49099196578624643,0.519735189212859,0.992143511850203,0.0,0.9960717559251016,0.6205993010543422,,0.5954556465148926,1107.0
C16→C38,事件相关电位检测→事件相关电位分析,4,7,0.6975517272949219,0.6046002507209778,0.30800408124923706,0.5367186864217122,0.030303030303030304,0.0,1.0,0.368549137888289,0.5150485035655191,0.5727301130024547,0.0,0.0,0.0,0.0,0.0,0.0,0.5,0.5363650565012273,0.7263157894736842,,,,无高价值专利,0.6237083673477173,
C16→C39,事件相关电位检测→脑活动监测与解码,4,35,0.6461447477340698,0.6092214584350586,0.42053818702697754,0.5586347977320353,0.0,0.0,1.0,0.368549137888289,0.8267363689746892,0.7143028017951667,0.0,0.0,0.0,0.0,0.0,0.0,0.5,0.6071514008975833,0.8997214484679665,0.0,0.9498607242339833,0.6379425799171128,,0.6090826988220215,379.0
C16→C4,事件相关电位检测→神经刺激调控系统,4,84,0.6751925945281982,0.6415379047393799,0.35530972480773926,0.5573467413584391,0.003952569169960474,0.0,1.0,0.368549137888289,0.5739366304571628,0.6012736911801256,0.0,0.0,0.0,0.034482758620689655,0.0,0.034482758620689655,0.517234548877195,0.5592541200286603,0.9646086282614311,0.0,0.9823043141307155,0.6345228674674549,,0.6099177598953247,524.0
C16→C40,事件相关电位检测→脑电虚拟现实交互,4,5,0.6508010625839233,0.5101370215415955,0.4156147837638855,0.5255176226298014,0.0,0.0,1.0,0.368549137888289,0.409545021537841,0.5204864661655101,0.0,0.0,0.0,0.034482758620689655,0.0,0.034482758620689655,0.517234548877195,0.5188605075213526,0.6150442477876106,0.0,0.8075221238938053,0.5767769587708659,,0.5908298492431641,1751.0
C16→C41,事件相关电位检测→脑电电极采集装置,4,40,0.5832393765449524,0.6511627435684204,0.45092231035232544,0.5617748101552327,0.0,0.0,1.0,0.368549137888289,0.4445427445021895,0.5379238276727343,0.0,0.0,0.0,0.034482758620689655,0.0,0.034482758620689655,0.517234548877195,0.5275791882749646,0.9487505294366794,0.0,0.9743752647183397,0.6309400034838262,,0.6096638441085815,690.0
C16→C42,事件相关电位检测→脑电听觉调控降噪,4,20,0.6632648706436157,0.6351909637451172,0.37895679473876953,0.5591375430425007,0.0,0.0,1.0,0.368549137888289,0.6573096058558042,0.64049677445966,0.0,0.0,0.0,0.0,0.0,0.0,0.5,0.5702483872298301,0.9382022471910112,0.0,0.9691011235955056,0.635380803006373,,0.6133987307548523,478.0
C16→C43,事件相关电位检测→癫痫监测预测干预,4,21,0.6375173330307007,0.5414654016494751,0.43297022581100464,0.5373176534970601,0.0,0.0,1.0,0.368549137888289,0.4366782007220494,0.5340119247923286,0.0,0.0,0.018018018018018018,0.0,0.0,-0.018018018018018018,0.49099196578624643,0.5125019452892875,0.9698535745047373,0.0,0.9849267872523686,0.6135714343724634,,0.5677953958511353,1353.0
C16→C44,事件相关电位检测→脑电频率识别分析,4,13,0.6624469757080078,0.624648928642273,0.3766876459121704,0.5545945167541504,0.0,0.0,1.0,0.368549137888289,0.6381395033007632,0.6316218142730773,0.0,0.0,0.0,0.0,0.0,0.0,0.5,0.5658109071365387,0.7122302158273381,0.0,0.8561151079136691,0.6125254592220705,,0.5979491472244263,1391.0
C16→C5,事件相关电位检测→眼动脑电视觉分析,4,27,0.6888258457183838,0.6257431507110596,0.33850497007369995,0.5510246555010477,0.0,0.0,1.0,0.368549137888289,0.5322104001372527,0.5811077635529915,0.0,0.0,0.009009009009009009,0.0,0.0,-0.009009009009009009,0.49549561735676945,0.5383016904548805,0.8195050946142649,0.0,0.9097525473071324,0.6146169771895877,,0.6088857054710388,1313.0
C16→C6,事件相关电位检测→电极阵列植入制造,4,42,0.54933762550354,0.6067607402801514,0.4438013434410095,0.5332999030749003,0.0,0.0,1.0,0.368549137888289,0.571474259607952,0.6000924289185721,0.0,0.0,0.0,0.0,0.0,0.0,0.5,0.550046214459286,0.9067315490673155,0.0,0.9533657745336577,0.6117896257309441,,0.5726946592330933,1414.0
C16→C7,事件相关电位检测→视觉刺激脑电分析,4,48,0.7243602275848389,0.6632444858551025,0.31682801246643066,0.5681442419687907,0.0,0.0,1.0,0.368549137888289,0.7934048652653686,0.7005066100209066,0.0,0.0,0.0,0.06896551724137931,0.0,0.06896551724137931,0.5344281929745097,0.6174674014977082,0.9191073919107392,0.0,0.9595536959553697,0.6477361995335957,,0.6617307066917419,135.0
C16→C8,事件相关电位检测→神经刺激监测装置,4,128,0.6784597039222717,0.646221399307251,0.3700229525566101,0.5649013519287109,0.0,0.0,1.0,0.368549137888289,0.7415056039068469,0.6782874961258542,0.0,0.0,0.009009009009009009,0.13793103448275862,0.0,0.12892202547374962,0.5641062381131012,0.6211968671194776,0.9955230399650579,0.0,0.9977615199825289,0.6523277361929436,,0.6340847015380859,82.0
C16→C9,事件相关电位检测→经颅聚焦刺激装置,4,47,0.6231199502944946,0.598274827003479,0.40965139865875244,0.543682058652242,0.0,0.0,1.0,0.368549137888289,0.5980469930299713,0.6127759036796679,0.0,0.0,0.0,0.0,0.0,0.0,0.5,0.556387951839834,0.9824984912492456,0.0,0.9912492456246228,0.6261273381680266,,0.5978432297706604,879.0
C17→C0,神经反馈刺激分析→脑电情绪识别分析,13,58,0.7043451070785522,0.6803210973739624,0.35229331254959106,0.5789865056673685,0.02,0.0,1.0,0.5149600110108169,0.5536726087522731,0.5193466351264469,0.0,0.0,0.02702702702702703,0.0,0.0,-0.02702702702702703,0.48648977588659537,0.5029182055065211,0.7784615384615384,0.25,0.7642307692307693,0.6002333714635901,,0.6300919055938721,1619.0
C17→C1,神经反馈刺激分析→脑电特征提取分类,13,20,0.662176251411438,0.6415178775787354,0.38561028242111206,0.5631014704704285,0.02727272727272727,0.0,1.0,0.5149600110108169,0.6932301006799398,0.5882026517847923,0.0,0.0,0.0,0.0,0.0,0.0,0.5,0.5441013258923961,0.45263157894736844,,,,无高价值专利,0.6230005621910095,
C17→C10,神经反馈刺激分析→神经信息分析诊断,13,36,0.6955504417419434,0.6700727343559265,0.33054471015930176,0.5653892954190571,0.007462686567164179,0.0,1.0,0.5149600110108169,0.5811448339517777,0.5330441763123447,0.0,0.0,0.0,0.13793103448275862,0.0,0.13793103448275862,0.5685314644405662,0.5507878203764555,0.9879379666858128,0.0,0.9939689833429064,0.6405316550425024,,0.6704769134521484,301.0
C17→C11,神经反馈刺激分析→睡眠脑电调控增强,13,51,0.7078849077224731,0.6757813692092896,0.33891409635543823,0.5741934577624003,0.02072538860103627,0.029411764705882353,0.9871794871794872,0.5149600110108169,0.6835550559100223,0.5835078010917795,0.0,0.0,0.009009009009009009,0.0,0.0,-0.009009009009009009,0.49549561735676945,0.5395017092242744,0.949193066347878,0.0,0.974596533173939,0.6413344480191703,,0.6250690221786499,273.0
C17→C12,神经反馈刺激分析→视觉脑电解码评估,13,30,0.688697099685669,0.6458685398101807,0.3478834629058838,0.5608163674672445,0.007462686567164179,0.0,1.0,0.5149600110108169,0.7829175892646888,0.630861668438438,0.0,0.0,0.0,0.0,0.0,0.0,0.5,0.565430834219219,0.6666666666666666,0.0,0.8333333333333333,0.6126017161578519,,0.6147867441177368,1386.0
C17→C13,神经反馈刺激分析→多模态神经交互评估,13,43,0.7200548648834229,0.6899467706680298,0.3185451030731201,0.5761822462081909,0.0,0.0,1.0,0.5149600110108169,0.6373326104204997,0.5608826954756129,0.0,0.0,0.009009009009009009,0.1724137931034483,0.0,0.1634047840944393,0.5809828937506275,0.5709327946131202,0.8674772036474164,0.0,0.9337386018237082,0.6410628222890361,,0.6662577390670776,277.0
C17→C14,神经反馈刺激分析→脑电信号采集处理,13,66,0.7033506035804749,0.671384871006012,0.34829187393188477,0.5743424495061239,0.007751937984496124,0.0,1.0,0.5149600110108169,0.679455675419048,0.5815139313843434,0.0,0.0,0.009009009009009009,0.0,0.0,-0.009009009009009009,0.49549561735676945,0.5385047743705564,0.7874493927125507,0.0,0.8937246963562753,0.6273293311793469,,0.6289652585983276,838.0
C17→C15,神经反馈刺激分析→心理生理反馈调节,13,18,0.6584303975105286,0.6324596405029297,0.37569570541381836,0.5555285811424255,0.0,0.0,1.0,0.5149600110108169,0.5865596100887834,0.5357387488049625,0.0,0.0,0.0,0.0,0.0,0.0,0.5,0.5178693744024813,0.8366666666666667,0.0,0.9183333333333333,0.6155993361339702,,0.6210571527481079,1272.0
C17→C16,神经反馈刺激分析→事件相关电位检测,13,37,0.6785151958465576,0.6248859763145447,0.3629579544067383,0.5554530421892802,0.0,0.0,1.0,0.5149600110108169,0.4632333326977074,0.474159703257059,0.0,0.0,0.0,0.0,0.0,0.0,0.5,0.4870798516285295,0.9571865443425076,0.0,0.9785932721712538,0.6205706922347175,,0.6132498979568481,1109.0
C17→C18,神经反馈刺激分析→神经刺激同步递送,13,31,0.6597513556480408,0.6500324010848999,0.3615502715110779,0.5571113427480061,0.0,0.0,1.0,0.5149600110108169,0.5368834240869825,0.5109599506785764,0.0,0.0,0.0,0.0,0.0,0.0,0.5,0.5054799753392882,0.9751098096632503,0.0,0.9875549048316252,0.62629822910075,,0.660717785358429,874.0
C17→C19,神经反馈刺激分析→脑机接口交互控制,13,53,0.6835424304008484,0.6645612120628357,0.34084421396255493,0.5629826188087463,0.009900990099009901,0.012195121951219513,1.0,0.5149600110108169,0.7533341408009894,0.6169797301864433,0.0,0.0,0.0,0.0,0.0,0.0,0.5,0.5584898650932216,0.7592997811816192,0.0,0.8796498905908097,0.6208767980033387,,0.6336517333984375,1093.0
C17→C2,神经反馈刺激分析→柔性电极采集装置,13,70,0.6391128301620483,0.6444822549819946,0.39749836921691895,0.5603644847869873,0.0,0.0,1.0,0.5149600110108169,0.6073936135656598,0.546085624565744,0.0,0.0,0.0,0.0,0.0,0.0,0.5,0.5230428122828721,0.8650602409638555,0.0,0.9325301204819277,0.622134021715112,,0.6058452129364014,1055.0
C17→C20,神经反馈刺激分析→脑控轮椅交互系统,13,10,0.6202282309532166,0.5522667169570923,0.39807242155075073,0.5235224564870198,0.013888888888888888,0.0,1.0,0.5149600110108169,0.50031249376726,0.4926767651034972,0.0,0.0,0.0,0.0,0.0,0.0,0.5,0.4963383825517486,0.5454545454545454,,,,无高价值专利,0.5098402500152588,
C17→C21,神经反馈刺激分析→多模态脑电融合分析,13,46,0.6716729998588562,0.6650844812393188,0.359125018119812,0.5652941664059956,0.005263157894736842,0.01818181818181818,0.9866666666666667,0.5149600110108169,0.3291122455290337,0.4081313851311154,0.0,0.0,0.018018018018018018,0.0,0.0,-0.018018018018018018,0.49099196578624643,0.4495616754586809,0.9682345754428833,0.0,0.9841172877214417,0.6216321522453538,,0.6103097796440125,1068.0
C17→C22,神经反馈刺激分析→脑机虚拟交互控制,13,18,0.674004077911377,0.6436464786529541,0.37027835845947266,0.5626429716746012,0.0,0.0,1.0,0.5149600110108169,0.5586537376365586,0.5218329710021373,0.0,0.0,0.0,0.0,0.0,0.0,0.5,0.5109164855010686,0.7864583333333334,0.0,0.8932291666666667,0.614741601892957,,0.5793148279190063,1305.0
C17→C23,神经反馈刺激分析→生物信号虚拟交互,13,26,0.6356210112571716,0.6429753303527832,0.3924625515937805,0.5570196310679117,0.0,0.0,1.0,0.5149600110108169,0.5849439801948719,0.5349349688888612,0.0,0.0,0.009009009009009009,0.0,0.0,-0.009009009009009009,0.49549561735676945,0.5152152931228153,0.9470198675496688,0.0,0.9735099337748344,0.6255126853663534,,0.595260739326477,908.0
C17→C24,神经反馈刺激分析→闭环神经调控系统,13,24,0.7107366919517517,0.6487022638320923,0.32952994108200073,0.5629896322886149,0.019417475728155338,0.0,1.0,0.5149600110108169,0.5622256589370602,0.5236152407726257,0.0,0.0,0.0,0.0,0.0,0.0,0.5,0.5118076203863129,0.9495841995841996,0.125,0.9122920997920998,0.6184497246416482,,0.664055585861206,1189.0
C17→C25,神经反馈刺激分析→脑电信号模式识别,13,30,0.6828950643539429,0.6649722456932068,0.3667733073234558,0.5715468724568684,0.013422818791946308,0.0,1.0,0.5149600110108169,0.7095321562876163,0.5960766877075299,0.0,0.0,0.0,0.0,0.0,0.0,0.5,0.5480383438537649,0.872852233676976,,,,无高价值专利,0.6230129599571228,
C17→C26,神经反馈刺激分析→神经刺激电极装置,13,43,0.6400060653686523,0.6508193016052246,0.37906116247177124,0.5566288431485493,0.0,0.0,1.0,0.5149600110108169,0.578603280366496,0.5317787400268678,0.0,0.0,0.0,0.0,0.0,0.0,0.5,0.5158893700134339,0.9559055118110236,0.0,0.9779527559055118,0.6261080773900014,,0.6334777474403381,880.0
C17→C27,神经反馈刺激分析→认知意识神经评估,13,31,0.6930663585662842,0.6607140302658081,0.3276759386062622,0.5604854424794514,0.0,0.0,1.0,0.5149600110108169,0.8069023936113827,0.6419608000410076,0.0,0.0,0.0,0.034482758620689655,0.0,0.034482758620689655,0.517234548877195,0.5795976744591014,0.916256157635468,0.0,0.958128078817734,0.636030817765256,,0.6155354380607605,450.0
C17→C28,神经反馈刺激分析→脑波交互反馈系统,13,44,0.702779233455658,0.6592808365821838,0.334941565990448,0.5656672120094299,0.0,0.015625,1.0,0.5149600110108169,0.7644472515623096,0.6222183002055244,0.0,0.0,0.0,0.0,0.0,0.0,0.5,0.5611091501027622,0.7387755102040816,0.0,0.8693877551020408,0.6213257811976053,,0.6339777708053589,1077.0
C17→C29,神经反馈刺激分析→深部脑刺激调控,13,83,0.7178812026977539,0.6838383674621582,0.3157256841659546,0.5724817514419556,0.0035460992907801418,0.0,1.0,0.5149600110108169,0.6351596374162822,0.5598120364992876,0.0,0.0,0.0,0.0,0.0,0.0,0.5,0.5299060182496438,0.957544993077988,0.06666666666666667,0.9454391632056607,0.6335814409810149,,0.6728070974349976,559.0
C17→C3,神经反馈刺激分析→脑电状态检测评估,13,50,0.7037848234176636,0.6417920589447021,0.3417373299598694,0.5624380707740784,0.014705882352941176,0.0,1.0,0.5149600110108169,0.5131838629552182,0.4991119269060691,0.0,0.0,0.0,0.0,0.0,0.0,0.5,0.49955596345303455,0.9434650455927052,0.0,0.9717325227963526,0.6261984123955378,,0.6581504940986633,877.0
C17→C30,神经反馈刺激分析→脑电神经反馈康复训练,13,27,0.7116842269897461,0.6650993824005127,0.3167550563812256,0.5645128885904948,0.007194244604316547,0.037037037037037035,0.984375,0.5149600110108169,0.5959707455919181,0.5404169905612096,0.0,0.0,0.009009009009009009,0.0,0.0,-0.009009009009009009,0.49549561735676945,0.5179563039589895,0.7529002320185615,0.3333333333333333,0.7097834493426142,0.5837606894357802,,0.6610050201416016,1722.0
C17→C31,神经反馈刺激分析→植入式神经接口系统,13,22,0.6099790334701538,0.642012357711792,0.43088674545288086,0.5609593788782755,0.0,0.0,1.0,0.5149600110108169,0.5840290770930134,0.5344797215543557,0.0,0.0,0.0,0.0,0.0,0.0,0.5,0.5172398607771779,1.0,0.0,1.0,0.6329487513229577,,0.5988255143165588,586.0
C17→C32,神经反馈刺激分析→脑电信号评估分析,13,48,0.7162041068077087,0.6846550703048706,0.3392261266708374,0.5800284345944722,0.015706806282722512,0.011235955056179775,1.0,0.5149600110108169,0.5236597877749698,0.5043497786433468,0.0,0.0,0.018018018018018018,0.06896551724137931,0.0,0.050947499223361295,0.5254517321781959,0.5149007554107714,0.9023331524688009,0.0,0.9511665762344004,0.6369702354615348,,0.6439260244369507,407.0
C17→C33,神经反馈刺激分析→神经信号采集解码,13,67,0.726230263710022,0.6603752374649048,0.32889866828918457,0.5718347231547037,0.004329004329004329,0.0,1.0,0.5149600110108169,0.6501304005657931,0.5671765638265528,0.0,0.0,0.018018018018018018,0.0,0.0,-0.018018018018018018,0.49099196578624643,0.5290842648063996,0.9439330543933054,0.0,0.9719665271966527,0.6375415160748549,,0.6611443758010864,390.0
C17→C34,神经反馈刺激分析→脑电图像生成与映射,13,39,0.689284086227417,0.63492751121521,0.3695790767669678,0.5645968914031982,0.005917159763313609,0.0,1.0,0.5149600110108169,0.5842642844359555,0.5345967640722029,0.0,0.0,0.009009009009009009,0.0,0.0,-0.009009009009009009,0.49549561735676945,0.5150461907144862,0.7593283582089553,0.0,0.8796641791044777,0.6143625061066037,,0.6194502711296082,1324.0
C17→C35,神经反馈刺激分析→神经刺激参数优化,13,56,0.7082241773605347,0.6660041809082031,0.348834753036499,0.574354370435079,0.0,0.0,1.0,0.5149600110108169,0.5508990447467422,0.5179617843022076,0.0,0.0,0.009009009009009009,0.0,0.0,-0.009009009009009009,0.49549561735676945,0.5067287008294885,0.9911555470101904,0.0,0.9955777735050952,0.639439374807342,,0.6582637429237366,337.0
C17→C36,神经反馈刺激分析→自适应神经刺激调控,13,15,0.6864815354347229,0.6542425155639648,0.32303130626678467,0.5545851190884907,0.0,0.0,1.0,0.5149600110108169,0.520118521467215,0.5025792323502509,0.0,0.0,0.0,0.0,0.0,0.0,0.5,0.5012896161751255,0.9539347408829175,0.0,0.9769673704414588,0.6221124677923386,,0.645789623260498,1057.0
C17→C37,神经反馈刺激分析→神经调节刺激控制,13,59,0.7103486061096191,0.6572651267051697,0.3116360306739807,0.5597499211629231,0.019801980198019802,0.010526315789473684,1.0,0.5149600110108169,0.4658115066911082,0.4754455157269961,0.0,0.0,0.018018018018018018,0.0,0.0,-0.018018018018018018,0.49099196578624643,0.4832187407566213,0.992143511850203,0.0,0.9960717559251016,0.625757139420629,,0.6841586828231812,893.0
C17→C38,神经反馈刺激分析→事件相关电位分析,13,7,0.6393189430236816,0.5755242109298706,0.3979545831680298,0.537599245707194,0.0,0.0,1.0,0.5149600110108169,0.5150485035655191,0.5000442462772356,0.0,0.0,0.0,0.0,0.0,0.0,0.5,0.5000221231386178,0.7263157894736842,,,,无高价值专利,0.5753598213195801,
C17→C39,神经反馈刺激分析→脑活动监测与解码,13,35,0.7030381560325623,0.6682971715927124,0.34522557258605957,0.5721869667371114,0.0,0.0,1.0,0.5149600110108169,0.8267363689746892,0.6510261265046927,0.0,0.0,0.0,0.0,0.0,0.0,0.5,0.5755130632523464,0.8997214484679665,0.0,0.9498607242339833,0.6418910053869208,,0.6516050100326538,262.0
C17→C4,神经反馈刺激分析→神经刺激调控系统,13,84,0.7230918407440186,0.7167531251907349,0.3045598268508911,0.5814682642618815,0.014184397163120567,0.00847457627118644,0.991304347826087,0.5149600110108169,0.5739366304571628,0.5294541680679533,0.0,0.0,0.0,0.034482758620689655,0.0,0.034482758620689655,0.517234548877195,0.5233443584725741,0.9646086282614311,0.0,0.9823043141307155,0.6447525521298785,,0.6694806814193726,195.0
C17→C40,神经反馈刺激分析→脑电虚拟现实交互,13,5,0.7105321884155273,0.5774758458137512,0.37788134813308716,0.5552964607874552,0.0,0.0,1.0,0.5149600110108169,0.409545021537841,0.44748687553010086,0.0,0.0,0.0,0.034482758620689655,0.0,0.034482758620689655,0.517234548877195,0.48236071220364796,0.6150442477876106,0.0,0.8075221238938053,0.5895532672840406,,0.6316132545471191,1694.0
C17→C41,神经反馈刺激分析→脑电电极采集装置,13,40,0.6153832674026489,0.6142606735229492,0.42310070991516113,0.5509148836135864,0.0,0.0,1.0,0.5149600110108169,0.4445427445021895,0.4648494466262649,0.0,0.0,0.0,0.034482758620689655,0.0,0.034482758620689655,0.517234548877195,0.49104199775172996,0.9487505294366794,0.0,0.9743752647183397,0.6174804703672572,,0.5903444290161133,1219.0
C17→C42,神经反馈刺激分析→脑电听觉调控降噪,13,20,0.6668933033943176,0.6892587542533875,0.3776510953903198,0.5779343843460083,0.009345794392523364,0.0,1.0,0.5149600110108169,0.6573096058558042,0.5706979143934584,0.0,0.0,0.0,0.0,0.0,0.0,0.5,0.5353489571967291,0.9382022471910112,0.0,0.9691011235955056,0.642193986825044,,0.6301897168159485,255.0
C17→C43,神经反馈刺激分析→癫痫监测预测干预,13,21,0.6674922704696655,0.5664137601852417,0.3699606657028198,0.5346222321192423,0.0,0.0,1.0,0.5149600110108169,0.4366782007220494,0.4609388517278333,0.0,0.0,0.018018018018018018,0.0,0.0,-0.018018018018018018,0.49099196578624643,0.47596540875703985,0.9698535745047373,0.0,0.9849267872523686,0.605708235064684,,0.6000046133995056,1543.0
C17→C44,神经反馈刺激分析→脑电频率识别分析,13,13,0.679835855960846,0.6276410818099976,0.3546624183654785,0.5540464520454407,0.0,0.0,1.0,0.5149600110108169,0.6381395033007632,0.561280120957905,0.0,0.0,0.0,0.0,0.0,0.0,0.5,0.5306400604789525,0.7122302158273381,0.0,0.8561151079136691,0.6060600061120746,,0.5999875068664551,1539.0
C17→C5,神经反馈刺激分析→眼动脑电视觉分析,13,27,0.6881719827651978,0.6618970036506653,0.3888593912124634,0.5796427925427754,0.0070921985815602835,0.0,1.0,0.5149600110108169,0.5322104001372527,0.5086243391149585,0.0,0.0,0.009009009009009009,0.0,0.0,-0.009009009009009009,0.49549561735676945,0.502059978235864,0.8195050946142649,0.0,0.9097525473071324,0.6271841551555823,,0.6051419973373413,842.0
C17→C6,神经反馈刺激分析→电极阵列植入制造,13,42,0.5841583013534546,0.6494936943054199,0.4035137891769409,0.5457219282786051,0.0,0.0,0.9838709677419355,0.5149600110108169,0.571474259607952,0.528227079578994,0.0,0.0,0.0,0.0,0.0,0.0,0.5,0.5141135397894969,0.9067315490673155,0.0,0.9533657745336577,0.6143270520274112,,0.5938451886177063,1327.0
C17→C7,神经反馈刺激分析→视觉刺激脑电分析,13,48,0.7384483814239502,0.6765319108963013,0.29150789976119995,,0.03283582089552239,0.043795620437956206,0.9870967741935484,,,,,,,,,,,,,,,,未过前提,0.652049720287323,
C17→C8,神经反馈刺激分析→神经刺激监测装置,13,128,0.7437621355056763,0.7555762529373169,0.2791987657546997,,0.02952755905511811,0.09734513274336283,0.9661016949152542,,,,,,,,,,,,,,,,未过前提,0.7236228585243225,
C17→C9,神经反馈刺激分析→经颅聚焦刺激装置,13,47,0.6555581092834473,0.6490340232849121,0.3529927730560303,0.5525283018747965,0.0,0.0,1.0,0.5149600110108169,0.5980469930299713,0.5414481564986156,0.0,0.0,0.0,0.0,0.0,0.0,0.5,0.5207240782493078,0.9824984912492456,0.0,0.9912492456246228,0.626351858545287,,0.6527818441390991,870.0
C18→C0,神经刺激同步递送→脑电情绪识别分析,7,58,0.6268555521965027,0.657821536064148,0.3842278718948364,0.5563016533851624,0.0,0.0136986301369863,1.0,0.48203138299289855,0.5536726087522731,0.5357594557480062,0.0,0.0,0.02702702702702703,0.0,0.0,-0.02702702702702703,0.48648977588659537,0.5111246158173008,0.7784615384615384,0.25,0.7642307692307693,0.5875254722727195,,0.5980284214019775,1704.0
C18→C1,神经刺激同步递送→脑电特征提取分类,7,20,0.583461582660675,0.6212412118911743,0.44586992263793945,0.5501909057299296,0.0,0.0,1.0,0.48203138299289855,0.6932301006799398,0.6040567925256263,0.0,0.0,0.0,0.0,0.0,0.0,0.5,0.5520283962628132,0.45263157894736844,,,,无高价值专利,0.5674501061439514,
C18→C10,神经刺激同步递送→神经信息分析诊断,7,36,0.6524227857589722,0.6639386415481567,0.3724421262741089,0.5629345178604126,0.009259259259259259,0.0,1.0,0.48203138299289855,0.5811448339517777,0.549395087484749,0.0,0.0,0.0,0.13793103448275862,0.0,0.13793103448275862,0.5685314644405662,0.5589632759626576,0.9879379666858128,0.0,0.9939689833429064,0.6402118877668973,,0.6567126512527466,312.0
C18→C11,神经刺激同步递送→睡眠脑电调控增强,7,51,0.6543488502502441,0.6631661653518677,0.37957054376602173,0.5656951864560444,0.0,0.0,1.0,0.48203138299289855,0.6835550559100223,0.5994195970093469,0.0,0.0,0.009009009009009009,0.0,0.0,-0.009009009009009009,0.49549561735676945,0.5474576071830581,0.949193066347878,0.0,0.974596533173939,0.6369561453621518,,0.604802131652832,409.0
C18→C12,神经刺激同步递送→视觉脑电解码评估,7,30,0.6090418100357056,0.6119701266288757,0.42892253398895264,0.5499781568845112,0.0,0.0,1.0,0.48203138299289855,0.7829175892646888,0.646061701519136,0.0,0.0,0.0,0.0,0.0,0.0,0.5,0.5730308507595681,0.6666666666666666,0.0,0.8333333333333333,0.6067843702496434,,0.5574382543563843,1528.0
C18→C13,神经刺激同步递送→多模态神经交互评估,7,43,0.639180064201355,0.6721491813659668,0.384334921836853,0.5652213891347249,0.0,0.0,1.0,0.48203138299289855,0.6373326104204997,0.5770323067127433,0.0,0.0,0.009009009009009009,0.1724137931034483,0.0,0.1634047840944393,0.5809828937506275,0.5790076002316854,0.8674772036474164,0.0,0.9337386018237082,0.6350758279583526,,0.632988691329956,496.0
C18→C14,神经刺激同步递送→脑电信号采集处理,7,66,0.6467324495315552,0.680245041847229,0.38783204555511475,0.5716031789779663,0.0,0.0,1.0,0.48203138299289855,0.679455675419048,0.5974493504726408,0.0,0.0,0.009009009009009009,0.0,0.0,-0.009009009009009009,0.49549561735676945,0.5464724839147052,0.7874493927125507,0.0,0.8937246963562753,0.6269220795697737,,0.6251403093338013,851.0
C18→C15,神经刺激同步递送→心理生理反馈调节,7,18,0.6133322715759277,0.6205403804779053,0.4321708679199219,0.5553478399912516,0.0,0.0,1.0,0.48203138299289855,0.5865596100887834,0.5520745932763802,0.0,0.0,0.0,0.0,0.0,0.0,0.5,0.5260372966381901,0.8366666666666667,0.0,0.9183333333333333,0.6168769082862828,,0.5818296670913696,1240.0
C18→C16,神经刺激同步递送→事件相关电位检测,7,37,0.6314921379089355,0.5682966709136963,0.4097490906715393,0.5365126331647236,0.0,0.0,1.0,0.48203138299289855,0.4632333326977074,0.49060208179675896,0.0,0.0,0.0,0.0,0.0,0.0,0.5,0.49530104089837945,0.9571865443425076,0.0,0.9785932721712538,0.6091475623323078,,0.5789463520050049,1484.0
C18→C17,神经刺激同步递送→神经反馈刺激分析,7,58,0.6597513556480408,0.6500324010848999,0.3615502715110779,0.5571113427480061,0.006172839506172839,0.011363636363636364,1.0,0.48203138299289855,0.6150229443551454,0.566106502937576,0.0,0.0,0.0,0.27586206896551724,0.0,0.27586206896551724,0.6345355116007656,0.6003210072691708,0.9730941704035875,0.05263157894736842,0.9602312957281095,0.6374770199605057,,0.660717785358429,391.0
C18→C19,神经刺激同步递送→脑机接口交互控制,7,53,0.641115128993988,0.633949875831604,0.3838452100753784,0.5529700716336567,0.0,0.0,1.0,0.48203138299289855,0.7533341408009894,0.6324183186410146,0.0,0.0,0.0,0.0,0.0,0.0,0.5,0.5662091593205073,0.7592997811816192,0.0,0.8796498905908097,0.6155443662380111,,0.6162329316139221,1274.0
C18→C2,神经刺激同步递送→柔性电极采集装置,7,70,0.6335880756378174,0.6990615725517273,0.38655179738998413,0.5730671485265095,0.0,0.0,1.0,0.48203138299289855,0.6073936135656598,0.56235480742581,0.0,0.0,0.0,0.0,0.0,0.0,0.5,0.531177403712905,0.8650602409638555,0.0,0.9325301204819277,0.6319650074666466,,0.6127092838287354,646.0
C18→C20,神经刺激同步递送→脑控轮椅交互系统,7,10,0.5947178602218628,0.5470521450042725,0.47031348943710327,,0.006993006993006993,0.0,1.0,,,,,,,,,,,,,,,,未过前提,0.495799720287323,
C18→C21,神经刺激同步递送→多模态脑电融合分析,7,46,0.605033278465271,0.6364777088165283,0.40735864639282227,0.5496232112248738,0.0,0.019230769230769232,1.0,0.48203138299289855,0.3291122455290337,0.4241308924274838,0.0,0.0,0.018018018018018018,0.0,0.0,-0.018018018018018018,0.49099196578624643,0.45756142910686515,0.9682345754428833,0.0,0.9841172877214417,0.6125963935210421,,0.5841460227966309,1387.0
C18→C22,神经刺激同步递送→脑机虚拟交互控制,7,18,0.6224110722541809,0.6480337381362915,0.4475756883621216,0.572673499584198,0.0,0.0,1.0,0.48203138299289855,0.5586537376365586,0.5382363781893466,0.0,0.0,0.0,0.0,0.0,0.0,0.5,0.5191181890946732,0.7864583333333334,0.0,0.8932291666666667,0.6227430110119578,,0.5482136011123657,1025.0
C18→C23,神经刺激同步递送→生物信号虚拟交互,7,26,0.592914879322052,0.6789484024047852,0.43431639671325684,0.5687265594800313,0.0,0.0,1.0,0.48203138299289855,0.5849439801948719,0.551275406960062,0.0,0.0,0.009009009009009009,0.0,0.0,-0.009009009009009009,0.49549561735676945,0.5233855121584158,0.9470198675496688,0.0,0.9735099337748344,0.6347558246285221,,0.5684943199157715,511.0
C18→C24,神经刺激同步递送→闭环神经调控系统,7,24,0.6747087240219116,0.7134631276130676,0.3595808744430542,0.5825842420260111,0.01282051282051282,0.0,1.0,0.48203138299289855,0.5622256589370602,0.5400114019894481,0.0,0.0,0.0,0.0,0.0,0.0,0.5,0.5200057009947241,0.9495841995841996,0.125,0.9122920997920998,0.6327272980840266,,0.6626650094985962,607.0
C18→C25,神经刺激同步递送→脑电信号模式识别,7,30,0.6277298331260681,0.6567832827568054,0.41358882188796997,0.5660339792569478,0.008064516129032258,0.0,1.0,0.48203138299289855,0.7095321562876163,0.6118277363083741,0.0,0.0,0.0,0.0,0.0,0.0,0.5,0.5559138681541871,0.872852233676976,,,,无高价值专利,0.6099182367324829,
C18→C26,神经刺激同步递送→神经刺激电极装置,7,43,0.6669782400131226,0.7258593440055847,0.37851518392562866,0.5904509226481119,0.0,0.0,1.0,0.48203138299289855,0.578603280366496,0.5481363995146536,0.0,0.0,0.0,0.0,0.0,0.0,0.5,0.5240681997573269,0.9559055118110236,0.0,0.9779527559055118,0.6500828093669937,,0.6403598785400391,110.0
C18→C27,神经刺激同步递送→认知意识神经评估,7,31,0.6241052150726318,0.6076390743255615,0.3988910913467407,0.543545126914978,0.0,0.0,1.0,0.48203138299289855,0.8069023936113827,0.656952325394282,0.0,0.0,0.0,0.034482758620689655,0.0,0.034482758620689655,0.517234548877195,0.5870934371357386,0.916256157635468,0.0,0.958128078817734,0.6256416667012497,,0.5703830122947693,899.0
C18→C28,神经刺激同步递送→脑波交互反馈系统,7,44,0.6568944454193115,0.6784297227859497,0.3926454782485962,0.5759898821512858,0.006211180124223602,0.0,1.0,0.48203138299289855,0.7644472515623096,0.6375697722557806,0.0,0.0,0.0,0.0,0.0,0.0,0.5,0.5687848861278904,0.7387755102040816,0.0,0.8693877551020408,0.6294501243089249,,0.6223905086517334,747.0
C18→C29,神经刺激同步递送→深部脑刺激调控,7,83,0.7100061774253845,0.7359493970870972,0.3332575559616089,0.5930710434913635,0.00784313725490196,0.0,1.0,0.48203138299289855,0.6351596374162822,0.5759712554042836,0.0,0.0,0.0,0.0,0.0,0.0,0.5,0.5379856277021418,0.957544993077988,0.06666666666666667,0.9454391632056607,0.6485720768567762,,0.6776607036590576,124.0
C18→C3,神经刺激同步递送→脑电状态检测评估,7,50,0.6327890753746033,0.6375689506530762,0.41595011949539185,0.5621027151743571,0.0,0.0,1.0,0.48203138299289855,0.5131838629552182,0.5155712031421488,0.0,0.0,0.0,0.0,0.0,0.0,0.5,0.5077856015710744,0.9434650455927052,0.0,0.9717325227963526,0.6273725713638798,,0.6068094968795776,835.0
C18→C30,神经刺激同步递送→脑电神经反馈康复训练,7,27,0.6191363334655762,0.628044843673706,0.41779446601867676,0.554991881052653,0.008849557522123894,0.0,1.0,0.48203138299289855,0.5959707455919181,0.5567244246194925,0.0,0.0,0.009009009009009009,0.0,0.0,-0.009009009009009009,0.49549561735676945,0.526110020988131,0.7529002320185615,0.3333333333333333,0.7097834493426142,0.5793651857599224,,0.5994871854782104,1745.0
C18→C31,神经刺激同步递送→植入式神经接口系统,7,22,0.6247714757919312,0.6868610382080078,0.44639354944229126,0.5860086878140767,0.0,0.0,1.0,0.48203138299289855,0.5840290770930134,0.5508227239296237,0.0,0.0,0.0,0.0,0.0,0.0,0.5,0.5254113619648119,1.0,0.0,1.0,0.6511562678062318,,0.6004791259765625,95.0
C18→C32,神经刺激同步递送→脑电信号评估分析,7,48,0.6293835639953613,0.6398453712463379,0.39964210987091064,0.5562903483708699,0.0,0.0,1.0,0.48203138299289855,0.5236597877749698,0.5208021875750634,0.0,0.0,0.018018018018018018,0.06896551724137931,0.0,0.050947499223361295,0.5254517321781959,0.5231269598766296,0.9023331524688009,0.0,0.9511665762344004,0.6225905168181541,,0.602908730506897,1035.0
C18→C33,神经刺激同步递送→神经信号采集解码,7,67,0.6576104164123535,0.6871522665023804,0.4000081419944763,0.5815902749697367,0.0,0.0,1.0,0.48203138299289855,0.6501304005657931,0.5832666856188992,0.0,0.0,0.018018018018018018,0.0,0.0,-0.018018018018018018,0.49099196578624643,0.5371293257025728,0.9439330543933054,0.0,0.9719665271966527,0.6454238557992749,,0.6363869309425354,183.0
C18→C34,神经刺激同步递送→脑电图像生成与映射,7,39,0.6024922132492065,0.6396636962890625,0.4283997416496277,0.5568518837292988,0.006993006993006993,0.0,1.0,0.48203138299289855,0.5842642844359555,0.5509391097591562,0.0,0.0,0.009009009009009009,0.0,0.0,-0.009009009009009009,0.49549561735676945,0.5232173635579628,0.7593283582089553,0.0,0.8796641791044777,0.6107172937890185,,0.6005897521972656,1446.0
C18→C35,神经刺激同步递送→神经刺激参数优化,7,56,0.7024762630462646,0.7548568844795227,0.3510397672653198,0.6027909715970357,0.005494505494505495,0.01694915254237288,1.0,0.48203138299289855,0.5508990447467422,0.5343794968790954,0.0,0.0,0.009009009009009009,0.0,0.0,-0.009009009009009009,0.49549561735676945,0.5149375571179324,0.9911555470101904,0.0,0.9955777735050952,0.6596872646956857,,0.6847532987594604,35.0
C18→C36,神经刺激同步递送→自适应神经刺激调控,7,15,0.6822704672813416,0.6937316656112671,0.3402061462402344,0.5720694263776143,0.0,0.0,1.0,0.48203138299289855,0.520118521467215,0.5190343661855197,0.0,0.0,0.0,0.0,0.0,0.0,0.5,0.5095171830927598,0.9539347408829175,0.0,0.9769673704414588,0.6352159650705498,,0.6587125062942505,488.0
C18→C37,神经刺激同步递送→神经调节刺激控制,7,59,0.6836552023887634,0.7737245559692383,0.31577229499816895,0.5910506844520569,0.0,0.0,1.0,0.48203138299289855,0.4658115066911082,0.49189077297364037,0.0,0.0,0.018018018018018018,0.0,0.0,-0.018018018018018018,0.49099196578624643,0.4914413693799434,0.992143511850203,0.0,0.9960717559251016,0.6479584518336468,,0.6967344284057617,132.0
C18→C38,神经刺激同步递送→事件相关电位分析,7,7,0.5982569456100464,0.5517240762710571,0.4210367202758789,0.5236725807189941,0.0,0.0,1.0,0.48203138299289855,0.5150485035655191,0.5165025640739687,0.0,0.0,0.0,0.0,0.0,0.0,0.5,0.5082512820369843,0.7263157894736842,,,,无高价值专利,0.5235562920570374,
C18→C39,神经刺激同步递送→脑活动监测与解码,7,35,0.6235555410385132,0.6515500545501709,0.43395400047302246,0.5696865320205688,0.0,0.0,1.0,0.48203138299289855,0.8267363689746892,0.6658356592266542,0.0,0.0,0.0,0.0,0.0,0.0,0.5,0.582917829613327,0.8997214484679665,0.0,0.9498607242339833,0.6414478285487046,,0.619038462638855,269.0
C18→C4,神经刺激同步递送→神经刺激调控系统,7,84,0.7224785089492798,0.7600554823875427,0.3108476400375366,0.5977938771247864,0.003861003861003861,0.008695652173913044,1.0,0.48203138299289855,0.5739366304571628,0.545823678618968,0.0,0.0,0.0,0.034482758620689655,0.0,0.034482758620689655,0.517234548877195,0.5315291137480815,0.9646086282614311,0.0,0.9823043141307155,0.656976924234785,,0.6978529691696167,47.0
C18→C40,神经刺激同步递送→脑电虚拟现实交互,7,5,0.6220660209655762,0.5846805572509766,0.4389389753341675,0.5485618511835734,0.0,0.0,1.0,0.48203138299289855,0.409545021537841,0.46382016332880055,0.0,0.0,0.0,0.034482758620689655,0.0,0.034482758620689655,0.517234548877195,0.4905273561029978,0.6150442477876106,0.0,0.8075221238938053,0.5867321174757696,,0.5917172431945801,1711.0
C18→C41,神经刺激同步递送→脑电电极采集装置,7,40,0.6105159521102905,0.6546971797943115,0.43139171600341797,0.5655349493026733,0.0,0.0,1.0,0.48203138299289855,0.4445427445021895,0.48126445689744785,0.0,0.0,0.0,0.034482758620689655,0.0,0.034482758620689655,0.517234548877195,0.4992495028873214,0.9487505294366794,0.0,0.9743752647183397,0.6286637748637204,,0.5795773267745972,775.0
C18→C42,神经刺激同步递送→脑电听觉调控降噪,7,20,0.6297322511672974,0.6304459571838379,0.3815188407897949,0.5472323497136433,0.0,0.0,1.0,0.48203138299289855,0.6573096058558042,0.5867525090494692,0.0,0.0,0.0,0.0,0.0,0.0,0.5,0.5433762545247346,0.9382022471910112,0.0,0.9691011235955056,0.6228258286751965,,0.6341515779495239,1020.0
C18→C43,神经刺激同步递送→癫痫监测预测干预,7,21,0.6132781505584717,0.6683188080787659,0.4034935235977173,0.5616968274116516,0.0,0.0,1.0,0.48203138299289855,0.4366782007220494,0.47733894399393867,0.0,0.0,0.018018018018018018,0.0,0.0,-0.018018018018018018,0.49099196578624643,0.48416545489009255,0.9698535745047373,0.0,0.9849267872523686,0.6253293464380121,,0.6510022878646851,915.0
C18→C44,神经刺激同步递送→脑电频率识别分析,7,13,0.6038165092468262,0.6657779216766357,0.3802608251571655,0.5499517520268757,0.0,0.0,1.0,0.48203138299289855,0.6381395033007632,0.5774261279436353,0.0,0.0,0.0,0.0,0.0,0.0,0.5,0.5387130639718176,0.7122302158273381,0.0,0.8561151079136691,0.6047711144394502,,0.6010710597038269,1556.0
C18→C5,神经刺激同步递送→眼动脑电视觉分析,7,27,0.613756537437439,0.5870115756988525,0.4231293797492981,0.5412991642951965,0.0,0.02564102564102564,1.0,0.48203138299289855,0.5322104001372527,0.5250684718526512,0.0,0.0,0.009009009009009009,0.0,0.0,-0.009009009009009009,0.49549561735676945,0.5102820446047103,0.8195050946142649,0.0,0.9097525473071324,0.6033509282707238,,0.5566232800483704,1575.0
C18→C6,神经刺激同步递送→电极阵列植入制造,7,42,0.6100643277168274,0.6982601881027222,0.38459938764572144,0.564307967821757,0.0,0.0,1.0,0.48203138299289855,0.571474259607952,0.5446025611125425,0.0,0.0,0.0,0.0,0.0,0.0,0.5,0.5223012805562712,0.9067315490673155,0.0,0.9533657745336577,0.6281929581748101,,0.6121877431869507,797.0
C18→C7,神经刺激同步递送→视觉刺激脑电分析,7,48,0.6502628922462463,0.6182041168212891,0.38211095333099365,0.550192654132843,0.0072992700729927005,0.0,1.0,0.48203138299289855,0.7934048652653686,0.6508430446851323,0.0,0.0,0.0,0.06896551724137931,0.0,0.06896551724137931,0.5344281929745097,0.592635618829821,0.9191073919107392,0.0,0.9595536959553697,0.6313566367633019,,0.5914313793182373,672.0
C18→C8,神经刺激同步递送→神经刺激监测装置,7,128,0.7186555862426758,0.7589952945709229,0.2897621989250183,,0.013856812933025405,0.06153846153846154,0.9701492537313433,,,,,,,,,,,,,,,,未过前提,0.7195217609405518,
C18→C9,神经刺激同步递送→经颅聚焦刺激装置,7,47,0.679995059967041,0.7634667158126831,0.349962055683136,0.5978079438209534,0.0,0.0,1.0,0.48203138299289855,0.5980469930299713,0.5577489442248185,0.0,0.0,0.0,0.0,0.0,0.0,0.5,0.5288744721124092,0.9824984912492456,0.0,0.9912492456246228,0.6580768068172017,,0.668059229850769,42.0
C19→C0,脑机接口交互控制→脑电情绪识别分析,19,58,0.6914980411529541,0.6843142509460449,0.3407357931137085,0.5721826950709025,0.007518796992481203,0.01098901098901099,0.9827586206896551,0.6260038049534115,0.5536726087522731,0.46389734060505594,0.0,0.0,0.02702702702702703,0.0,0.0,-0.02702702702702703,0.48648977588659537,0.47519355824582565,0.7784615384615384,0.25,0.7642307692307693,0.590740627017241,,0.653664231300354,1681.0
C19→C1,脑机接口交互控制→脑电特征提取分类,19,20,0.6530059576034546,0.6417017579078674,0.3819130063056946,0.5588735739390055,0.008,0.02564102564102564,0.9814814814814815,0.6260038049534115,0.6932301006799398,0.5335626024299189,0.0,0.0,0.0,0.0,0.0,0.0,0.5,0.5167813012149595,0.45263157894736844,,,,无高价值专利,0.6341705322265625,
C19→C10,脑机接口交互控制→神经信息分析诊断,19,36,0.6500109434127808,0.6273014545440674,0.3421670198440552,0.539826472600301,0.0,0.0,0.96875,0.6260038049534115,0.5811448339517777,0.4775855475539068,0.0,0.0,0.0,0.13793103448275862,0.0,0.13793103448275862,0.5685314644405662,0.5230585059972366,0.9879379666858128,0.0,0.9939689833429064,0.6184974149768158,,0.6269844770431519,1186.0
C19→C11,脑机接口交互控制→睡眠脑电调控增强,19,51,0.7072762250900269,0.6691057085990906,0.34179961681365967,0.5727271835009257,0.019417475728155338,0.024096385542168676,0.9534883720930233,0.6260038049534115,0.6835550559100223,0.5287438978166978,0.0,0.0,0.009009009009009009,0.0,0.0,-0.009009009009009009,0.49549561735676945,0.5121197575867337,0.949193066347878,0.0,0.974596533173939,0.6356937181688216,,0.6414522528648376,466.0
C19→C12,脑机接口交互控制→视觉脑电解码评估,19,30,0.6712625026702881,0.6225128173828125,0.35906922817230225,0.5509481827418009,0.0136986301369863,0.016129032258064516,0.9655172413793104,0.6260038049534115,0.7829175892646888,0.5778192512170045,0.0,0.0,0.0,0.0,0.0,0.0,0.5,0.5389096256085022,0.6666666666666666,0.0,0.8333333333333333,0.6014878500796944,,0.6107124090194702,1606.0
C19→C13,脑机接口交互控制→多模态神经交互评估,19,43,0.696331799030304,0.685102105140686,0.3380657434463501,0.57316654920578,0.009302325581395349,0.0,1.0,0.6260038049534115,0.6373326104204997,0.5056641604193732,0.0,0.0,0.009009009009009009,0.1724137931034483,0.0,0.1634047840944393,0.5809828937506275,0.5433235270850003,0.8674772036474164,0.0,0.9337386018237082,0.6343311063656718,,0.6479007601737976,529.0
C19→C14,脑机接口交互控制→脑电信号采集处理,19,66,0.7133966088294983,0.7329150438308716,0.3432697057723999,0.59652711947759,0.018656716417910446,0.008928571428571428,0.9719626168224299,0.6260038049534115,0.679455675419048,0.5267005113761151,0.0,0.0,0.009009009009009009,0.0,0.0,-0.009009009009009009,0.49549561735676945,0.5110980643664422,0.7874493927125507,0.0,0.8937246963562753,0.6368171212953039,,0.6845797300338745,412.0
C19→C15,脑机接口交互控制→心理生理反馈调节,19,18,0.6301703453063965,0.6734392046928406,0.3987307548522949,0.567446768283844,0.0,0.043478260869565216,1.0,0.6260038049534115,0.5865596100887834,0.48028812437864254,0.0,0.0,0.0,0.0,0.0,0.0,0.5,0.4901440621893213,0.8366666666666667,0.0,0.9183333333333333,0.6186471698616938,,0.6035969257354736,1182.0
C19→C16,脑机接口交互控制→事件相关电位检测,19,37,0.6512177586555481,0.6238998770713806,0.34544873237609863,0.5401887893676758,0.0,0.0,0.9523809523809523,0.6260038049534115,0.4632333326977074,0.4193259739347049,0.0,0.0,0.0,0.0,0.0,0.0,0.5,0.4596629869673524,0.9571865443425076,0.0,0.9785932721712538,0.6056892294701035,,0.6249474287033081,1544.0
C19→C17,脑机接口交互控制→神经反馈刺激分析,19,58,0.6835424304008484,0.6645612120628357,0.34084421396255493,0.5629826188087463,0.01,0.01904761904761905,0.9782608695652174,0.6260038049534115,0.6150229443551454,0.494509790367637,0.0,0.0,0.0,0.27586206896551724,0.0,0.27586206896551724,0.6345355116007656,0.5645226509842013,0.9730941704035875,0.05263157894736842,0.9602312957281095,0.6355722109561369,,0.6336517333984375,470.0
C19→C18,脑机接口交互控制→神经刺激同步递送,19,31,0.641115128993988,0.633949875831604,0.3838452100753784,0.5529700716336567,0.007042253521126761,0.0,0.9836065573770492,0.6260038049534115,0.5368834240869825,0.4555574082196253,0.0,0.0,0.0,0.0,0.0,0.0,0.5,0.47777870410981266,0.9751098096632503,0.0,0.9875549048316252,0.6188474161792723,,0.6162329316139221,1171.0
C19→C2,脑机接口交互控制→柔性电极采集装置,19,70,0.6278835535049438,0.6510275602340698,0.39054059982299805,0.5564839045206705,0.004366812227074236,0.011111111111111112,1.0,0.6260038049534115,0.6073936135656598,0.49069597839719686,0.0,0.0,0.0,0.0,0.0,0.0,0.5,0.49534798919859846,0.8650602409638555,0.0,0.9325301204819277,0.6148030601311945,,0.6559207439422607,1304.0
C19→C20,脑机接口交互控制→脑控轮椅交互系统,19,10,0.6239429712295532,0.605359673500061,0.3985081911087036,0.542603611946106,0.0,0.0,0.9714285714285714,0.6260038049534115,0.50031249376726,0.43748321793185413,0.0,0.0,0.0,0.0,0.0,0.0,0.5,0.4687416089659271,0.5454545454545454,,,,无高价值专利,0.5352213382720947,
C19→C21,脑机接口交互控制→多模态脑电融合分析,19,46,0.6511932015419006,0.6211315393447876,0.3949677348136902,0.5557641585667927,0.0049261083743842365,0.0,0.9883720930232558,0.6260038049534115,0.3291122455290337,0.35576730273894314,0.0,0.0,0.018018018018018018,0.0,0.0,-0.018018018018018018,0.49099196578624643,0.4233796342625948,0.9682345754428833,0.0,0.9841172877214417,0.6108032012741503,,0.6065281629562378,1442.0
C19→C22,脑机接口交互控制→脑机虚拟交互控制,19,18,0.7200103998184204,0.707196831703186,0.3219951391220093,0.5830674568812052,0.0,0.05,0.9767441860465116,0.6260038049534115,0.5586537376365586,0.4663757911316622,0.0,0.0,0.0,0.0,0.0,0.0,0.5,0.4831878955658311,0.7864583333333334,0.0,0.8932291666666667,0.6230448381277047,,0.682688295841217,1011.0
C19→C23,脑机接口交互控制→生物信号虚拟交互,19,26,0.6636027693748474,0.6790802478790283,0.3890368938446045,0.57723997036616,0.0,0.0196078431372549,1.0,0.6260038049534115,0.5849439801948719,0.4794816170352223,0.0,0.0,0.009009009009009009,0.0,0.0,-0.009009009009009009,0.49549561735676945,0.4874886171959959,0.9470198675496688,0.0,0.9735099337748344,0.6342518654668355,,0.647903323173523,531.0
C19→C24,脑机接口交互控制→闭环神经调控系统,19,24,0.673296332359314,0.6391119956970215,0.3538820743560791,0.5554301341374714,0.0,0.0,1.0,0.6260038049534115,0.5622256589370602,0.46815409463970087,0.0,0.0,0.0,0.0,0.0,0.0,0.5,0.48407704731985046,0.9495841995841996,0.125,0.9122920997920998,0.6086473877421906,,0.6358973979949951,1495.0
C19→C25,脑机接口交互控制→脑电信号模式识别,19,30,0.6789844632148743,0.660608172416687,0.36128103733062744,0.5669578909873962,0.025,0.016129032258064516,0.9722222222222222,0.6260038049534115,0.7095321562876163,0.5416673166227587,0.0,0.0,0.0,0.0,0.0,0.0,0.5,0.5208336583113793,0.872852233676976,,,,无高价值专利,0.6386970281600952,
C19→C26,脑机接口交互控制→神经刺激电极装置,19,43,0.6299840211868286,0.6137521266937256,0.3921332359313965,0.5452897946039835,0.0,0.0,1.0,0.6260038049534115,0.578603280366496,0.47631747176201034,0.0,0.0,0.0,0.0,0.0,0.0,0.5,0.48815873588100517,0.9559055118110236,0.0,0.9779527559055118,0.6138061319096251,,0.6088029146194458,1349.0
C19→C27,脑机接口交互控制→认知意识神经评估,19,31,0.6698451042175293,0.6378997564315796,0.34711307287216187,0.5516193111737568,0.007462686567164179,0.0,0.9827586206896551,0.6260038049534115,0.8069023936113827,0.5894754102858347,0.0,0.0,0.0,0.034482758620689655,0.0,0.034482758620689655,0.517234548877195,0.5533549795815149,0.916256157635468,0.0,0.958128078817734,0.6256522232835094,,0.6081798076629639,897.0
C19→C28,脑机接口交互控制→脑波交互反馈系统,19,44,0.7103166580200195,0.7108593583106995,0.3368983268737793,0.586024781068166,0.0,0.012658227848101266,0.972972972972973,0.6260038049534115,0.7644472515623096,0.5687828396766231,0.0,0.0,0.0,0.0,0.0,0.0,0.5,0.5343914198383115,0.7387755102040816,0.0,0.8693877551020408,0.6298789700240128,,0.6489172577857971,733.0
C19→C29,脑机接口交互控制→深部脑刺激调控,19,83,0.7085005044937134,0.703890323638916,0.3225069046020508,0.5782992442448934,0.003389830508474576,0.02564102564102564,0.975609756097561,0.6260038049534115,0.6351596374162822,0.5045777883146023,0.0,0.0,0.0,0.0,0.0,0.0,0.5,0.5022888941573012,0.957544993077988,0.06666666666666667,0.9454391632056607,0.632636686636155,,0.6778383255004883,613.0
C19→C3,脑机接口交互控制→脑电状态检测评估,19,50,0.6798279881477356,0.6577067375183105,0.366354763507843,0.567963163057963,0.0,0.0,0.9887640449438202,0.6260038049534115,0.5131838629552182,0.44382815179508345,0.0,0.0,0.0,0.0,0.0,0.0,0.5,0.47191407589754175,0.9434650455927052,0.0,0.9717325227963526,0.6251215345955787,,0.6243124008178711,923.0
C19→C30,脑机接口交互控制→脑电神经反馈康复训练,19,27,0.7023677825927734,0.7108179330825806,0.34656667709350586,0.5865841309229533,0.006578947368421052,0.04411764705882353,0.972972972972973,0.6260038049534115,0.5959707455919181,0.48498798358401457,0.0,0.0,0.009009009009009009,0.0,0.0,-0.009009009009009009,0.49549561735676945,0.490241800470392,0.7529002320185615,0.3333333333333333,0.7097834493426142,0.5919190825892402,,0.6392993927001953,1675.0
C19→C31,脑机接口交互控制→植入式神经接口系统,19,22,0.60117107629776,0.6776943802833557,0.43241554498672485,0.5704270005226135,0.0,0.02040816326530612,1.0,0.6260038049534115,0.5840290770930134,0.4790249531128066,0.0,0.0,0.0,0.0,0.0,0.0,0.5,0.4895124765564033,1.0,0.0,1.0,0.6346374618415009,,0.6245465874671936,517.0
C19→C32,脑机接口交互控制→脑电信号评估分析,19,48,0.6923857927322388,0.6636815071105957,0.3622126579284668,0.5727599859237671,0.014705882352941176,0.009615384615384616,0.99,0.6260038049534115,0.5236597877749698,0.44900590964041637,0.0,0.0,0.018018018018018018,0.06896551724137931,0.0,0.050947499223361295,0.5254517321781959,0.4872288209093061,0.9023331524688009,0.0,0.9511665762344004,0.6273688009572024,,0.6235550045967102,836.0
C19→C33,脑机接口交互控制→神经信号采集解码,19,67,0.6915979385375977,0.7218610048294067,0.3687790632247925,0.5940793355305989,0.00823045267489712,0.011363636363636364,1.0,0.6260038049534115,0.6501304005657931,0.5120609576988611,0.0,0.0,0.018018018018018018,0.0,0.0,-0.018018018018018018,0.49099196578624643,0.5015264617425538,0.9439330543933054,0.0,0.9719665271966527,0.6474912426183785,,0.6616913080215454,141.0
C19→C34,脑机接口交互控制→脑电图像生成与映射,19,39,0.6880388259887695,0.6792015433311462,0.3715158700942993,0.5795854131380717,0.0,0.030303030303030304,0.9863013698630136,0.6260038049534115,0.5842642844359555,0.47914235098031355,0.0,0.0,0.009009009009009009,0.0,0.0,-0.009009009009009009,0.49549561735676945,0.48731898416854147,0.7593283582089553,0.0,0.8796641791044777,0.6191041796175865,,0.6258717775344849,1159.0
C19→C35,脑机接口交互控制→神经刺激参数优化,19,56,0.6800016760826111,0.6318424940109253,0.36412930488586426,0.5586578249931335,0.004524886877828055,0.012987012987012988,1.0,0.6260038049534115,0.5508990447467422,0.46251806849828253,0.0,0.0,0.009009009009009009,0.0,0.0,-0.009009009009009009,0.49549561735676945,0.479006842927526,0.9911555470101904,0.0,0.9955777735050952,0.6242282411394985,,0.6307214498519897,957.0
C19→C36,脑机接口交互控制→自适应神经刺激调控,19,15,0.6620998382568359,0.6525058746337891,0.33853161334991455,0.5510457754135132,0.0,0.022727272727272728,1.0,0.6260038049534115,0.520118521467215,0.44725433381872326,0.0,0.0,0.0,0.0,0.0,0.0,0.5,0.47362716690936163,0.9539347408829175,0.0,0.9769673704414588,0.6150621799079937,,0.6204473972320557,1290.0
C19→C37,脑机接口交互控制→神经调节刺激控制,19,59,0.6653908491134644,0.6527291536331177,0.3773517608642578,0.5651572545369465,0.0045871559633027525,0.00909090909090909,0.9904761904761905,0.6260038049534115,0.4658115066911082,0.42058202159157293,0.0,0.0,0.018018018018018018,0.0,0.0,-0.018018018018018018,0.49099196578624643,0.4557869936889097,0.992143511850203,0.0,0.9960717559251016,0.6246824892837436,,0.6572659015655518,942.0
C19→C38,脑机接口交互控制→事件相关电位分析,19,7,0.6189264059066772,0.5547350645065308,0.35360515117645264,0.5090888738632202,0.0,0.0,0.9714285714285714,0.6260038049534115,0.5150485035655191,0.4447488969978886,0.0,0.0,0.0,0.0,0.0,0.0,0.5,0.4723744484989443,0.7263157894736842,,,,无高价值专利,0.5762750506401062,
C19→C39,脑机接口交互控制→脑活动监测与解码,19,35,0.6777677536010742,0.6298696398735046,0.362379252910614,0.556672215461731,0.0,0.0,0.9777777777777777,0.6260038049534115,0.8267363689746892,0.5990396219154255,0.0,0.0,0.0,0.0,0.0,0.0,0.5,0.5495198109577127,0.8997214484679665,0.0,0.9498607242339833,0.6270648777906731,,0.6378570795059204,846.0
C19→C4,脑机接口交互控制→神经刺激调控系统,19,84,0.6970986723899841,0.6725717782974243,0.33937710523605347,0.5696825186411539,0.010135135135135136,0.007518796992481203,0.9920634920634921,0.6260038049534115,0.5739366304571628,0.47398991287272024,0.0,0.0,0.0,0.034482758620689655,0.0,0.034482758620689655,0.517234548877195,0.49561223087495765,0.9646086282614311,0.0,0.9823043141307155,0.6321610036445825,,0.6324669122695923,639.0
C19→C40,脑机接口交互控制→脑电虚拟现实交互,19,5,0.6809691190719604,0.6549484729766846,0.3696557879447937,0.5685244599978129,0.0,0.03225806451612903,1.0,0.6260038049534115,0.409545021537841,0.3934298591786429,0.0,0.0,0.0,0.034482758620689655,0.0,0.034482758620689655,0.517234548877195,0.45533220402791896,0.6150442477876106,0.0,0.8075221238938053,0.5928963778331149,,0.6126676797866821,1668.0
C19→C41,脑机接口交互控制→脑电电极采集装置,19,40,0.613601565361023,0.6476986408233643,0.4249030351638794,0.5620677471160889,0.0,0.03225806451612903,1.0,0.6260038049534115,0.4445427445021895,0.41025238737325365,0.0,0.0,0.0,0.034482758620689655,0.0,0.034482758620689655,0.517234548877195,0.4637434681252243,0.9487505294366794,0.0,0.9743752647183397,0.6202676028385518,,0.6164568662643433,1122.0
C19→C42,脑机接口交互控制→脑电听觉调控降噪,19,20,0.6467963457107544,0.6599277257919312,0.3774290084838867,0.561384359995524,0.0,0.019230769230769232,1.0,0.6260038049534115,0.6573096058558042,0.5156477888967888,0.0,0.0,0.0,0.0,0.0,0.0,0.5,0.5078238944483944,0.9382022471910112,0.0,0.9691011235955056,0.6264516624693564,,0.6299417614936829,868.0
C19→C43,脑机接口交互控制→癫痫监测预测干预,19,21,0.6691692471504211,0.563083827495575,0.4054374694824219,0.5458968480428059,0.0,0.0,1.0,0.6260038049534115,0.4366782007220494,0.40645225032943805,0.0,0.0,0.018018018018018018,0.0,0.0,-0.018018018018018018,0.49099196578624643,0.44872210805784224,0.9698535745047373,0.0,0.9849267872523686,0.6087394891931366,,0.5684401988983154,1493.0
C19→C44,脑机接口交互控制→脑电频率识别分析,19,13,0.6558111906051636,0.6737297773361206,0.36022621393203735,0.5632557272911072,0.0,0.02857142857142857,1.0,0.6260038049534115,0.6381395033007632,0.5060675513100413,0.0,0.0,0.0,0.0,0.0,0.0,0.5,0.5030337756550207,0.7122302158273381,0.0,0.8561151079136691,0.6071810161849455,,0.6024343967437744,1520.0
C19→C5,脑机接口交互控制→眼动脑电视觉分析,19,27,0.6739657521247864,0.6510410308837891,0.3813449740409851,0.5687839190165201,0.0,0.03571428571428571,0.9824561403508771,0.6260038049534115,0.5322104001372527,0.45324033532632657,0.0,0.0,0.009009009009009009,0.0,0.0,-0.009009009009009009,0.49549561735676945,0.47436797634154804,0.8195050946142649,0.0,0.9097525473071324,0.6152136328319381,,0.6106487512588501,1286.0
C19→C6,脑机接口交互控制→电极阵列植入制造,19,42,0.6143818497657776,0.6354161500930786,0.4108816385269165,0.5535598794619242,0.006493506493506494,0.012987012987012988,1.0,0.6260038049534115,0.571474259607952,0.472762218897417,0.0,0.0,0.0,0.0,0.0,0.0,0.5,0.4863811094487085,0.9067315490673155,0.0,0.9533657745336577,0.6148953719257287,,0.612083911895752,1297.0
C19→C7,脑机接口交互控制→视觉刺激脑电分析,19,48,0.686164140701294,0.6705780029296875,0.3272886276245117,0.5613435904184977,0.005681818181818182,0.015384615384615385,0.9746835443037974,0.6260038049534115,0.7934048652653686,0.5829273459523007,0.0,0.0,0.0,0.06896551724137931,0.0,0.06896551724137931,0.5344281929745097,0.5586777694634052,0.9191073919107392,0.0,0.9595536959553697,0.6333743298442259,,0.5995223522186279,568.0
C19→C8,脑机接口交互控制→神经刺激监测装置,19,128,0.6994094848632812,0.6799787878990173,0.33707815408706665,0.5721554756164551,0.002785515320334262,0.005714285714285714,0.9881656804733728,0.6260038049534115,0.7415056039068469,0.5574954507208099,0.0,0.0,0.009009009009009009,0.13793103448275862,0.0,0.12892202547374962,0.5641062381131012,0.5608008444169555,0.9955230399650579,0.0,0.9977615199825289,0.6474199990694384,,0.6633758544921875,144.0
C19→C9,脑机接口交互控制→经颅聚焦刺激装置,19,47,0.6495785713195801,0.6222075819969177,0.36718469858169556,0.5463236172993977,0.006134969325153374,0.0,0.9859154929577465,0.6260038049534115,0.5980469930299713,0.4860252346631437,0.0,0.0,0.0,0.0,0.0,0.0,0.5,0.49301261733157187,0.9824984912492456,0.0,0.9912492456246228,0.6175358833807268,,0.6420177221298218,1218.0
C2→C0,柔性电极采集装置→脑电情绪识别分析,45,58,0.6042596697807312,0.7206400632858276,0.3946746587753296,0.5731914639472961,0.0,0.02654867256637168,1.0,0.6377503089369548,0.5536726087522731,0.4580599289868735,0.0,0.0,0.02702702702702703,0.0,0.0,-0.02702702702702703,0.48648977588659537,0.4722748524367344,0.7784615384615384,0.25,0.7642307692307693,0.5908078652681699,,0.6469774842262268,1680.0
C2→C1,柔性电极采集装置→脑电特征提取分类,45,20,0.5814718008041382,0.6733816862106323,0.450888991355896,0.5685808261235554,0.0,0.015873015873015872,1.0,0.6377503089369548,0.6932301006799398,0.5277114696688141,0.0,0.0,0.0,0.0,0.0,0.0,0.5,0.513855734834407,0.45263157894736844,,,,无高价值专利,0.605009913444519,
C2→C10,柔性电极采集装置→神经信息分析诊断,45,36,0.6102144122123718,0.6741433143615723,0.4255986213684082,0.5699854493141174,0.0,0.012987012987012988,1.0,0.6377503089369548,0.5811448339517777,0.47172745283381157,0.0,0.0,0.0,0.13793103448275862,0.0,0.13793103448275862,0.5685314644405662,0.520129458637189,0.9879379666858128,0.0,0.9939689833429064,0.6385103011927463,,0.596224308013916,363.0
C2→C11,柔性电极采集装置→睡眠脑电调控增强,45,51,0.6142304539680481,0.6684010028839111,0.4143334627151489,0.565654973189036,0.0,0.0,1.0,0.6377503089369548,0.6835550559100223,0.5228863699524747,0.0,0.0,0.009009009009009009,0.0,0.0,-0.009009009009009009,0.49549561735676945,0.5091909936546221,0.949193066347878,0.0,0.974596533173939,0.6304746859075112,,0.6128906011581421,702.0
C2→C12,柔性电极采集装置→视觉脑电解码评估,45,30,0.5911709666252136,0.623700737953186,0.4404710531234741,0.5517809192339579,0.0,0.0,1.0,0.6377503089369548,0.7829175892646888,0.5720780369456534,0.0,0.0,0.0,0.0,0.0,0.0,0.5,0.5360390184728268,0.6666666666666666,0.0,0.8333333333333333,0.6015290845413102,,0.5615481734275818,1605.0
C2→C13,柔性电极采集装置→多模态神经交互评估,45,43,0.6148875951766968,0.6785790920257568,0.41823476552963257,0.5705671509106953,0.0,0.0,1.0,0.6377503089369548,0.6373326104204997,0.4997911507539185,0.0,0.0,0.009009009009009009,0.1724137931034483,0.0,0.1634047840944393,0.5809828937506275,0.540387022252273,0.8674772036474164,0.0,0.9337386018237082,0.632100099396081,,0.627759575843811,643.0
C2→C14,柔性电极采集装置→脑电信号采集处理,45,66,0.646359920501709,0.7356610298156738,0.3816131353378296,0.5878780285517374,0.0,0.022388059701492536,1.0,0.6377503089369548,0.679455675419048,0.5208406016945707,0.0,0.0,0.009009009009009009,0.0,0.0,-0.009009009009009009,0.49549561735676945,0.50816810952567,0.7874493927125507,0.0,0.8937246963562753,0.6307340284075109,,0.6682833433151245,697.0
C2→C15,柔性电极采集装置→心理生理反馈调节,45,18,0.5805298089981079,0.6126648187637329,0.463043749332428,0.5520794590314229,0.0,0.014084507042253521,1.0,0.6377503089369548,0.5865596100887834,0.4744269845981368,0.0,0.0,0.0,0.0,0.0,0.0,0.5,0.4872134922990684,0.8366666666666667,0.0,0.9183333333333333,0.6080329047486159,,0.5625949501991272,1504.0
C2→C16,柔性电极采集装置→事件相关电位检测,45,37,0.5865302085876465,0.6459464430809021,0.44119274616241455,0.5578897992769877,0.0,0.011904761904761904,1.0,0.6377503089369548,0.4632333326977074,0.41361670467595985,0.0,0.0,0.0,0.0,0.0,0.0,0.5,0.4568083523379799,0.9571865443425076,0.0,0.9785932721712538,0.6170302096102992,,0.5961817502975464,1237.0
C2→C17,柔性电极采集装置→神经反馈刺激分析,45,58,0.6391128301620483,0.6444822549819946,0.39749836921691895,0.5603644847869873,0.0,0.015503875968992248,1.0,0.6377503089369548,0.6150229443551454,0.4886382738776095,0.0,0.0,0.0,0.27586206896551724,0.0,0.27586206896551724,0.6345355116007656,0.5615868927391876,0.9730941704035875,0.05263157894736842,0.9602312957281095,0.6333087251094216,,0.6058452129364014,570.0
C2→C18,柔性电极采集装置→神经刺激同步递送,45,31,0.6335880756378174,0.6990615725517273,0.38655179738998413,0.5730671485265095,0.0,0.0,1.0,0.6377503089369548,0.5368834240869825,0.44973690313549874,0.0,0.0,0.0,0.0,0.0,0.0,0.5,0.4748684515677494,0.9751098096632503,0.0,0.9875549048316252,0.6317431700303684,,0.6127092838287354,657.0
C2→C19,柔性电极采集装置→脑机接口交互控制,45,53,0.6278835535049438,0.6510275602340698,0.39054059982299805,0.5564839045206705,0.0,0.03389830508474576,1.0,0.6377503089369548,0.7533341408009894,0.5575359244374375,0.0,0.0,0.0,0.0,0.0,0.0,0.5,0.5287679622187187,0.7592997811816192,0.0,0.8796498905908097,0.6114376463664813,,0.6559207439422607,1425.0
C2→C20,柔性电极采集装置→脑控轮椅交互系统,45,10,0.5702424049377441,0.6032586097717285,0.4763219952583313,0.5499410033226013,0.0,0.0,1.0,0.6377503089369548,0.50031249376726,0.431710528685792,0.0,0.0,0.0,0.0,0.0,0.0,0.5,0.46585526434289604,0.5454545454545454,,,,无高价值专利,0.5574688911437988,
C2→C21,柔性电极采集装置→多模态脑电融合分析,45,46,0.5965882539749146,0.6848899126052856,0.41222357749938965,0.5645672480265299,0.0,0.0,1.0,0.6377503089369548,0.3291122455290337,0.35040120706200156,0.0,0.0,0.018018018018018018,0.0,0.0,-0.018018018018018018,0.49099196578624643,0.420696586424124,0.9682345754428833,0.0,0.9841172877214417,0.6161194582051717,,0.6399951577186584,1262.0
C2→C22,柔性电极采集装置→脑机虚拟交互控制,45,18,0.6190017461776733,0.6427888870239258,0.4331844449043274,0.5649916927019755,0.0,0.015384615384615385,1.0,0.6377503089369548,0.5586537376365586,0.4605339833630863,0.0,0.0,0.0,0.0,0.0,0.0,0.5,0.4802669916815432,0.7864583333333334,0.0,0.8932291666666667,0.6108635598355687,,0.569942831993103,1440.0
C2→C23,柔性电极采集装置→生物信号虚拟交互,45,26,0.6129076480865479,0.6454750299453735,0.3934270739555359,0.5506032506624857,0.0,0.0,1.0,0.6377503089369548,0.5849439801948719,0.4736213501006156,0.0,0.0,0.009009009009009009,0.0,0.0,-0.009009009009009009,0.49549561735676945,0.48455848372869254,0.9470198675496688,0.0,0.9735099337748344,0.61603079891655,,0.5728208422660828,1265.0
C2→C24,柔性电极采集装置→闭环神经调控系统,45,24,0.6381958723068237,0.6857177019119263,0.4048917293548584,0.5762684345245361,0.0,0.0,1.0,0.6377503089369548,0.5622256589370602,0.46230930998723935,0.0,0.0,0.0,0.0,0.0,0.0,0.5,0.48115465499361965,0.9495841995841996,0.125,0.9122920997920998,0.6217260321663834,,0.6279720067977905,1065.0
C2→C25,柔性电极采集装置→脑电信号模式识别,45,30,0.6073600053787231,0.7043769955635071,0.40854692459106445,0.5734279751777649,0.0,0.011627906976744186,1.0,0.6377503089369548,0.7095321562876163,0.5358294062031549,0.0,0.0,0.0,0.0,0.0,0.0,0.5,0.5179147031015774,0.872852233676976,,,,无高价值专利,0.6309809684753418,
C2→C26,柔性电极采集装置→神经刺激电极装置,45,43,0.6655858755111694,0.7850661277770996,0.32306087017059326,0.5912376244862875,0.009852216748768473,0.020202020202020204,0.9923076923076923,0.6377503089369548,0.578603280366496,0.4704609238993582,0.0,0.0,0.0,0.0,0.0,0.0,0.5,0.4852304619496791,0.9559055118110236,0.0,0.9779527559055118,0.6438203862591695,,0.6894842386245728,215.0
C2→C27,柔性电极采集装置→认知意识神经评估,45,31,0.5944699048995972,0.5911863446235657,0.43948304653167725,0.5417130986849467,0.0,0.0,1.0,0.6377503089369548,0.8069023936113827,0.5837785266719988,0.0,0.0,0.0,0.034482758620689655,0.0,0.034482758620689655,0.517234548877195,0.5505065377745969,0.916256157635468,0.0,0.958128078817734,0.6184195798904168,,0.561916172504425,1190.0
C2→C28,柔性电极采集装置→脑波交互反馈系统,45,44,0.6385236382484436,0.64617919921875,0.40638411045074463,0.5636956493059794,0.0,0.0,1.0,0.6377503089369548,0.7644472515623096,0.5630116746789408,0.0,0.0,0.0,0.0,0.0,0.0,0.5,0.5315058373394703,0.7387755102040816,0.0,0.8693877551020408,0.6148608923197149,,0.6015713810920715,1300.0
C2→C29,柔性电极采集装置→深部脑刺激调控,45,83,0.659384548664093,0.7325314879417419,0.3769904375076294,0.5896354913711548,0.0,0.014084507042253521,1.0,0.6377503089369548,0.6351596374162822,0.49870466713757194,0.0,0.0,0.0,0.0,0.0,0.0,0.5,0.49935233356878594,0.957544993077988,0.06666666666666667,0.9454391632056607,0.6395289997440372,,0.6410115361213684,335.0
C2→C3,柔性电极采集装置→脑电状态检测评估,45,50,0.6116834878921509,0.7063780426979065,0.4146649241447449,0.5775754849116007,0.0,0.028846153846153848,1.0,0.6377503089369548,0.5131838629552182,0.4380369354491856,0.0,0.0,0.0,0.0,0.0,0.0,0.5,0.46901846772459277,0.9434650455927052,0.0,0.9717325227963526,0.6309411068223475,,0.6033011078834534,689.0
C2→C30,柔性电极采集装置→脑电神经反馈康复训练,45,27,0.6134893894195557,0.6634960174560547,0.4315369129180908,0.5695074399312336,0.0,0.010638297872340425,1.0,0.6377503089369548,0.5959707455919181,0.4791223644405047,0.0,0.0,0.009009009009009009,0.0,0.0,-0.009009009009009009,0.49549561735676945,0.4873089908986371,0.7529002320185615,0.3333333333333333,0.7097834493426142,0.5809499493884757,,0.5803072452545166,1739.0
C2→C31,柔性电极采集装置→植入式神经接口系统,45,22,0.6096097230911255,0.7342828512191772,0.40593796968460083,0.5832768479983012,0.0,0.0136986301369863,1.0,0.6377503089369548,0.5840290770930134,0.4731651939344758,0.0,0.0,0.0,0.0,0.0,0.0,0.5,0.48658259696723793,1.0,0.0,1.0,0.6426706437941304,,0.6470232605934143,242.0
C2→C32,柔性电极采集装置→脑电信号评估分析,45,48,0.6269580721855164,0.6643074750900269,0.41301679611206055,0.5680941144625345,0.0,0.0078125,1.0,0.6377503089369548,0.5236597877749698,0.44320097013280957,0.0,0.0,0.018018018018018018,0.06896551724137931,0.0,0.050947499223361295,0.5254517321781959,0.4843263511555027,0.9023331524688009,0.0,0.9511665762344004,0.6237931459305502,,0.604706346988678,985.0
C2→C33,柔性电极采集装置→神经信号采集解码,45,67,0.6367700099945068,0.7123842835426331,0.4029848575592041,0.5840463836987813,0.003401360544217687,0.02727272727272727,1.0,0.6377503089369548,0.6501304005657931,0.5061897295912385,0.0,0.0,0.018018018018018018,0.0,0.0,-0.018018018018018018,0.49099196578624643,0.4985908476887425,0.9439330543933054,0.0,0.9719665271966527,0.6403968612417421,,0.6643998622894287,307.0
C2→C34,柔性电极采集装置→脑电图像生成与映射,45,39,0.6192187666893005,0.6882835626602173,0.39021629095077515,0.5659062067667643,0.0,0.022222222222222223,1.0,0.6377503089369548,0.5842642844359555,0.4732824603352732,0.0,0.0,0.009009009009009009,0.0,0.0,-0.009009009009009009,0.49549561735676945,0.48438903884602136,0.7593283582089553,0.0,0.8796641791044777,0.6097716119968191,,0.628320574760437,1472.0
C2→C35,柔性电极采集装置→神经刺激参数优化,45,56,0.6459872126579285,0.7528368234634399,0.38695263862609863,0.595258891582489,0.0,0.02,1.0,0.6377503089369548,0.5508990447467422,0.456683228028836,0.0,0.0,0.009009009009009009,0.0,0.0,-0.009009009009009009,0.49549561735676945,0.47608942269280274,0.9911555470101904,0.0,0.9955777735050952,0.6479408783916946,,0.6577616333961487,133.0
C2→C36,柔性电极采集装置→自适应神经刺激调控,45,15,0.6155573129653931,0.6847038269042969,0.4121864438056946,0.5708158612251282,0.0,0.014705882352941176,1.0,0.6377503089369548,0.520118521467215,0.4414538962661019,0.0,0.0,0.0,0.0,0.0,0.0,0.5,0.47072694813305094,0.9539347408829175,0.0,0.9769673704414588,0.6277061289491572,,0.616969108581543,817.0
C2→C37,柔性电极采集装置→神经调节刺激控制,45,59,0.6371740698814392,0.6903198957443237,0.3993014097213745,0.5755984584490458,0.0,0.007462686567164179,1.0,0.6377503089369548,0.4658115066911082,0.41486786914834434,0.0,0.0,0.018018018018018018,0.0,0.0,-0.018018018018018018,0.49099196578624643,0.4529299174672954,0.992143511850203,0.0,0.9960717559251016,0.6310842328990316,,0.6530278325080872,681.0
C2→C38,柔性电极采集装置→事件相关电位分析,45,7,0.5724460482597351,0.5469527840614319,0.42868053913116455,0.5160264571507771,0.0,0.0,1.0,0.6377503089369548,0.5150485035655191,0.4389551485867284,0.0,0.0,0.0,0.0,0.0,0.0,0.5,0.46947757429336423,0.7263157894736842,,,,无高价值专利,0.5699523687362671,
C2→C39,柔性电极采集装置→脑活动监测与解码,45,35,0.6064703464508057,0.6770591139793396,0.44206202030181885,0.575197160243988,0.0,0.0,1.0,0.6377503089369548,0.8267363689746892,0.5933839099974803,0.0,0.0,0.0,0.0,0.0,0.0,0.5,0.5466919549987401,0.8997214484679665,0.0,0.9498607242339833,0.639020580196378,,0.5976476669311523,347.0
C2→C4,柔性电极采集装置→神经刺激调控系统,45,84,0.6491343379020691,0.7298610210418701,0.37826651334762573,0.5857539574305216,0.0,0.01282051282051282,1.0,0.6377503089369548,0.5739366304571628,0.46813640051935806,0.0,0.0,0.0,0.034482758620689655,0.0,0.034482758620689655,0.517234548877195,0.4926854746982765,0.9646086282614311,0.0,0.9823043141307155,0.6422923451182149,,0.6392306089401245,254.0
C2→C40,柔性电极采集装置→脑电虚拟现实交互,45,5,0.59354567527771,0.5510855913162231,0.43493276834487915,0.526521344979604,0.0,0.0,1.0,0.6377503089369548,0.409545021537841,0.3878376799360203,0.0,0.0,0.0,0.034482758620689655,0.0,0.034482758620689655,0.517234548877195,0.4525361144066077,0.6150442477876106,0.0,0.8075221238938053,0.5657099770795819,,0.5701751708984375,1770.0
C2→C41,柔性电极采集装置→脑电电极采集装置,45,40,0.7132890224456787,0.7839938402175903,0.29171276092529297,,0.038461538461538464,0.08552631578947369,0.9799196787148594,,,,,,,,,,,,,,,,未过前提,0.764590859413147,
C2→C42,柔性电极采集装置→脑电听觉调控降噪,45,20,0.619741678237915,0.664864182472229,0.4205343723297119,0.5683800776799519,0.0,0.013157894736842105,1.0,0.6377503089369548,0.6573096058558042,0.509778401529594,0.0,0.0,0.0,0.0,0.0,0.0,0.5,0.5048892007647969,0.9382022471910112,0.0,0.9691011235955056,0.6306220660539983,,0.6099193692207336,699.0
C2→C43,柔性电极采集装置→癫痫监测预测干预,45,21,0.6102801561355591,0.6915866136550903,0.4266023635864258,0.5761563777923584,0.0,0.0,1.0,0.6377503089369548,0.4366782007220494,0.40079727803748505,0.0,0.0,0.018018018018018018,0.0,0.0,-0.018018018018018018,0.49099196578624643,0.44589462191186574,0.9698535745047373,0.0,0.9849267872523686,0.628270108929299,,0.5919009447097778,793.0
C2→C44,柔性电极采集装置→脑电频率识别分析,45,13,0.586837112903595,0.6847378015518188,0.40379393100738525,0.558456281820933,0.0,0.01694915254237288,1.0,0.6377503089369548,0.6381395033007632,0.5001945971720788,0.0,0.0,0.0,0.0,0.0,0.0,0.5,0.5000972985860395,0.7122302158273381,0.0,0.8561151079136691,0.6035490840919442,,0.6299084424972534,1571.0
C2→C5,柔性电极采集装置→眼动脑电视觉分析,45,27,0.5878106951713562,0.5782034397125244,0.4542161226272583,0.5400767525037129,0.0,0.0,1.0,0.6377503089369548,0.5322104001372527,0.4474251056395948,0.0,0.0,0.009009009009009009,0.0,0.0,-0.009009009009009009,0.49549561735676945,0.47146036149818216,0.8195050946142649,0.0,0.9097525473071324,0.5958892398584148,,0.5769197940826416,1650.0
C2→C6,柔性电极采集装置→电极阵列植入制造,45,42,0.6744039058685303,0.777178943157196,0.34498918056488037,0.5988573431968689,0.0,0.02,1.0,0.6377503089369548,0.571474259607952,0.4669104099909547,0.0,0.0,0.0,0.0,0.0,0.0,0.5,0.48345520499547734,0.9067315490673155,0.0,0.9533657745336577,0.6440848642885133,,0.6907012462615967,207.0
C2→C7,柔性电极采集装置→视觉刺激脑电分析,45,48,0.6120917797088623,0.6466630697250366,0.3988223075866699,0.5525257190068562,0.0,0.022727272727272728,1.0,0.6377503089369548,0.7934048652653686,0.5772047684773026,0.0,0.0,0.0,0.06896551724137931,0.0,0.06896551724137931,0.5344281929745097,0.5558164807259062,0.9191073919107392,0.0,0.9595536959553697,0.6269125949742517,,0.5936553478240967,853.0
C2→C8,柔性电极采集装置→神经刺激监测装置,45,128,0.6613867282867432,0.7251012921333313,0.35326528549194336,0.5799177686373392,0.0024449877750611247,0.02040816326530612,1.0,0.6377503089369548,0.7415056039068469,0.5516922885317792,0.0,0.0,0.009009009009009009,0.13793103448275862,0.0,0.12892202547374962,0.5641062381131012,0.5578992633224402,0.9955230399650579,0.0,0.9977615199825289,0.6521895151479912,,0.6483391523361206,84.0
C2→C9,柔性电极采集装置→经颅聚焦刺激装置,45,47,0.6425347328186035,0.7386664748191833,0.3649185299873352,0.5820399125417074,0.0,0.02830188679245283,1.0,0.6377503089369548,0.5980469930299713,0.48015876654894685,0.0,0.0,0.0,0.0,0.0,0.0,0.5,0.4900793832744734,0.9824984912492456,0.0,0.9912492456246228,0.6409442094956719,,0.6647223234176636,282.0
C20→C0,脑控轮椅交互系统→脑电情绪识别分析,2,58,0.6366143226623535,0.5772464871406555,0.39302343130111694,0.535628080368042,0.0,0.0,1.0,0.15694461266687276,0.5536726087522731,0.6885729169837345,0.0,0.0,0.02702702702702703,0.0,0.0,-0.02702702702702703,0.48648977588659537,0.5875313464351649,0.7784615384615384,0.25,0.7642307692307693,0.5878494445520538,样本不足,0.5468969345092773,1700.0
C20→C1,脑控轮椅交互系统→脑电特征提取分类,2,20,0.6027371883392334,0.5512504577636719,0.4890841245651245,0.5476905902226765,0.0,0.0,1.0,0.15694461266687276,0.6932301006799398,0.7450855368371526,0.0,0.0,0.0,0.0,0.0,0.0,0.5,0.6225427684185763,0.45263157894736844,,,,样本不足;无高价值专利,0.5206894874572754,
C20→C10,脑控轮椅交互系统→神经信息分析诊断,2,36,0.584931492805481,0.5180602073669434,0.4053962826728821,0.5027959942817688,0.0,0.0,0.9772727272727273,0.15694461266687276,0.5811448339517777,0.7002314911872839,0.0,0.0,0.0,0.13793103448275862,0.0,0.13793103448275862,0.5685314644405662,0.6343814778139251,0.9879379666858128,0.0,0.9939689833429064,0.609708486186712,样本不足,0.5064477324485779,1474.0
C20→C11,脑控轮椅交互系统→睡眠脑电调控增强,2,51,0.6277650594711304,0.5653027296066284,0.4070442318916321,0.5333706736564636,0.0,0.0,1.0,0.15694461266687276,0.6835550559100223,0.7413929179809823,0.0,0.0,0.009009009009009009,0.0,0.0,-0.009009009009009009,0.49549561735676945,0.6184442676688758,0.949193066347878,0.0,0.974596533173939,0.6261757451626497,样本不足,0.5315067768096924,878.0
C20→C12,脑控轮椅交互系统→视觉脑电解码评估,2,30,0.6396954655647278,0.5415042042732239,0.41935527324676514,0.5335183143615723,0.0,0.025,1.0,0.15694461266687276,0.7829175892646888,0.7776365332094223,0.0,0.0,0.0,0.0,0.0,0.0,0.5,0.6388182666047111,0.6666666666666666,0.0,0.8333333333333333,0.6068182242027929,样本不足,0.5199010372161865,1527.0
C20→C13,脑控轮椅交互系统→多模态神经交互评估,2,43,0.6208257675170898,0.5679619312286377,0.4135270118713379,0.5341049035390217,0.0,0.0,0.9857142857142858,0.15694461266687276,0.6373326104204997,0.7232771454494329,0.0,0.0,0.009009009009009009,0.1724137931034483,0.0,0.1634047840944393,0.5809828937506275,0.6521300196000301,0.8674772036474164,0.0,0.9337386018237082,0.6255626680734482,样本不足,0.5513231754302979,906.0
C20→C14,脑控轮椅交互系统→脑电信号采集处理,2,66,0.6411564350128174,0.6231198310852051,0.415502667427063,0.5599263111750284,0.0,0.0,1.0,0.15694461266687276,0.679455675419048,0.7398178655729006,0.0,0.0,0.009009009009009009,0.0,0.0,-0.009009009009009009,0.49549561735676945,0.6176567414648351,0.7874493927125507,0.0,0.8937246963562753,0.6312714681310572,样本不足,0.5678888559341431,675.0
C20→C15,脑控轮椅交互系统→心理生理反馈调节,2,18,0.5625884532928467,0.510158896446228,0.44716429710388184,0.5066372156143188,0.0,0.0,1.0,0.15694461266687276,0.5865596100887834,0.70249975309924,0.0,0.0,0.0,0.0,0.0,0.0,0.5,0.6012498765496199,0.8366666666666667,0.0,0.9183333333333333,0.5957938955993377,样本不足,0.5210069417953491,1653.0
C20→C16,脑控轮椅交互系统→事件相关电位检测,2,37,0.6667304635047913,0.585099458694458,0.38730692863464355,0.5463789502779642,0.0,0.0,0.9772727272727273,0.15694461266687276,0.4632333326977074,0.6485285265735964,0.0,0.0,0.0,0.0,0.0,0.0,0.5,0.5742642632867982,0.9571865443425076,0.0,0.9785932721712538,0.6288354590913425,样本不足,0.5522490739822388,768.0
C20→C17,脑控轮椅交互系统→神经反馈刺激分析,2,58,0.6202282309532166,0.5522667169570923,0.39807242155075073,0.5235224564870198,0.0,0.0,0.9861111111111112,0.15694461266687276,0.6150229443551454,0.7142583525818024,0.0,0.0,0.0,0.27586206896551724,0.0,0.27586206896551724,0.6345355116007656,0.6743969320912839,0.9730941704035875,0.05263157894736842,0.9602312957281095,0.6256288807554684,样本不足,0.5098402500152588,901.0
C20→C18,脑控轮椅交互系统→神经刺激同步递送,2,31,0.5947178602218628,0.5470521450042725,0.47031348943710327,,0.006993006993006993,0.0,1.0,,,,,,,,,,,,,,,,未过前提,0.495799720287323,
C20→C19,脑控轮椅交互系统→脑机接口交互控制,2,53,0.6239429712295532,0.605359673500061,0.3985081911087036,0.542603611946106,0.0,0.0,0.984375,0.15694461266687276,0.7533341408009894,0.7672377277412411,0.0,0.0,0.0,0.0,0.0,0.0,0.5,0.6336188638706206,0.7592997811816192,0.0,0.8796498905908097,0.6197892452395445,样本不足,0.5352213382720947,1138.0
C20→C2,脑控轮椅交互系统→柔性电极采集装置,2,70,0.5702424049377441,0.6032586097717285,0.4763219952583313,0.5499410033226013,0.0,0.0,1.0,0.15694461266687276,0.6073936135656598,0.711134007306719,0.0,0.0,0.0,0.0,0.0,0.0,0.5,0.6055670036533596,0.8650602409638555,0.0,0.9325301204819277,0.6288848995253488,样本不足,0.5574688911437988,766.0
C20→C21,脑控轮椅交互系统→多模态脑电融合分析,2,46,0.6248641014099121,0.5393795967102051,0.4224086403846741,0.5288841128349304,0.0,0.0,1.0,0.15694461266687276,0.3291122455290337,0.5852432249389674,0.0,0.0,0.018018018018018018,0.0,0.0,-0.018018018018018018,0.49099196578624643,0.538117595362607,0.9682345754428833,0.0,0.9841172877214417,0.6117824051760961,样本不足,0.5179176330566406,1415.0
C20→C22,脑控轮椅交互系统→脑机虚拟交互控制,2,18,0.6296774744987488,0.5694392919540405,0.3904762864112854,,0.007462686567164179,0.02564102564102564,0.9787234042553191,,,,,,,,,,,,,,,,未过前提,0.49227726459503174,
C20→C23,脑控轮椅交互系统→生物信号虚拟交互,2,26,0.5707484483718872,0.5808480978012085,0.4757339358329773,0.5424434940020243,0.0,0.0,1.0,0.15694461266687276,0.5849439801948719,0.7018239980975115,0.0,0.0,0.009009009009009009,0.0,0.0,-0.009009009009009009,0.49549561735676945,0.5986598077271404,0.9470198675496688,0.0,0.9735099337748344,0.6292170437227236,样本不足,0.5293631553649902,758.0
C20→C24,脑控轮椅交互系统→闭环神经调控系统,2,24,0.6029279828071594,0.557092010974884,0.45797622203826904,0.5393320719401041,0.0,0.0,1.0,0.15694461266687276,0.5622256589370602,0.6922292698790997,0.0,0.0,0.0,0.0,0.0,0.0,0.5,0.5961146349395499,0.9495841995841996,0.125,0.9122920997920998,0.6167499670233497,样本不足,0.5268034934997559,1245.0
C20→C25,脑控轮椅交互系统→脑电信号模式识别,2,30,0.6128243207931519,0.6044169664382935,0.39406490325927734,0.5371020634969075,0.0,0.0,0.9807692307692307,0.15694461266687276,0.7095321562876163,0.7512285047159207,0.0,0.0,0.0,0.0,0.0,0.0,0.5,0.6256142523579604,0.872852233676976,,,,样本不足;无高价值专利,0.5252916812896729,
C20→C26,脑控轮椅交互系统→神经刺激电极装置,2,43,0.5713493824005127,0.5707073211669922,0.47478973865509033,0.5389488140741984,0.0,0.0,1.0,0.15694461266687276,0.578603280366496,0.6991634248554737,0.0,0.0,0.0,0.0,0.0,0.0,0.5,0.5995817124277368,0.9559055118110236,0.0,0.9779527559055118,0.6276363049798719,样本不足,0.5225777626037598,820.0
C20→C27,脑控轮椅交互系统→认知意识神经评估,2,31,0.6004010438919067,0.524733304977417,0.39837729930877686,0.5078372160593668,0.0,0.0,0.972972972972973,0.15694461266687276,0.8069023936113827,0.7858207719037681,0.0,0.0,0.0,0.034482758620689655,0.0,0.034482758620689655,0.517234548877195,0.6515276603904816,0.916256157635468,0.0,0.958128078817734,0.6105425233422015,样本不足,0.5013848543167114,1452.0
C20→C28,脑控轮椅交互系统→脑波交互反馈系统,2,44,0.6382851600646973,0.5748233795166016,0.45025843381881714,0.5544556578000386,0.0,0.0,1.0,0.15694461266687276,0.7644472515623096,0.77118337687389,0.0,0.0,0.0,0.0,0.0,0.0,0.5,0.635591688436945,0.7387755102040816,0.0,0.8693877551020408,0.6264989112572621,样本不足,0.5441949367523193,866.0
C20→C29,脑控轮椅交互系统→深部脑刺激调控,2,83,0.6357952356338501,0.5989115238189697,0.41935813426971436,0.551354964574178,0.0,0.0,1.0,0.15694461266687276,0.6351596374162822,0.7224064725315266,0.0,0.0,0.0,0.0,0.0,0.0,0.5,0.6112032362657633,0.957544993077988,0.06666666666666667,0.9454391632056607,0.6328813787096458,样本不足,0.5244115591049194,596.0
C20→C3,脑控轮椅交互系统→脑电状态检测评估,2,50,0.6292204856872559,0.55769282579422,0.4121335744857788,0.5330156286557515,0.0,0.0,1.0,0.15694461266687276,0.5131838629552182,0.670948586354055,0.0,0.0,0.0,0.0,0.0,0.0,0.5,0.5854742931770275,0.9434650455927052,0.0,0.9717325227963526,0.6202553030347939,样本不足,0.5256384015083313,1123.0
C20→C30,脑控轮椅交互系统→脑电神经反馈康复训练,2,27,0.6163264513015747,0.5555242896080017,0.42515498399734497,0.5323352416356404,0.0,0.0,1.0,0.15694461266687276,0.5959707455919181,0.7064184401947874,0.0,0.0,0.009009009009009009,0.0,0.0,-0.009009009009009009,0.49549561735676945,0.6009570287757784,0.7529002320185615,0.3333333333333333,0.7097834493426142,0.5785032688402104,样本不足,0.5005922913551331,1748.0
C20→C31,脑控轮椅交互系统→植入式神经接口系统,2,22,0.5487732887268066,0.5676841735839844,0.4857519865036011,0.534069816271464,0.0,0.0,1.0,0.15694461266687276,0.5840290770930134,0.7014409385511007,0.0,0.0,0.0,0.0,0.0,0.0,0.5,0.6007204692755503,1.0,0.0,1.0,0.6278747546720571,样本不足,0.519604504108429,809.0
C20→C32,脑控轮椅交互系统→脑电信号评估分析,2,48,0.6487023830413818,0.5325146913528442,0.3946259617805481,0.5252810120582581,0.0,0.0,0.9873417721518988,0.15694461266687276,0.5236597877749698,0.6755575874667406,0.0,0.0,0.018018018018018018,0.06896551724137931,0.0,0.050947499223361295,0.5254517321781959,0.6005046598224681,0.9023331524688009,0.0,0.9511665762344004,0.6139639999314263,样本不足,0.5292619466781616,1344.0
C20→C33,脑控轮椅交互系统→神经信号采集解码,2,67,0.6334537267684937,0.6304581165313721,0.4064232110977173,0.556778351465861,0.0,0.0,0.9900990099009901,0.15694461266687276,0.6501304005657931,0.7283706451973404,0.0,0.0,0.018018018018018018,0.0,0.0,-0.018018018018018018,0.49099196578624643,0.6096813054917934,0.9439330543933054,0.0,0.9719665271966527,0.6406802294425051,样本不足,0.5476044416427612,292.0
C20→C34,脑控轮椅交互系统→脑电图像生成与映射,2,39,0.6269710063934326,0.596937894821167,0.44822990894317627,0.5573796033859253,0.0,0.0,1.0,0.15694461266687276,0.5842642844359555,0.7015394441866633,0.0,0.0,0.009009009009009009,0.0,0.0,-0.009009009009009009,0.49549561735676945,0.5985175307717163,0.7593283582089553,0.0,0.8796641791044777,0.6239787140982054,样本不足,0.5122565031051636,970.0
C20→C35,脑控轮椅交互系统→神经刺激参数优化,2,56,0.623047947883606,0.5900087356567383,0.4423893094062805,0.5518153309822083,0.0,0.0,1.0,0.15694461266687276,0.5508990447467422,0.6873821469011416,0.0,0.0,0.009009009009009009,0.0,0.0,-0.009009009009009009,0.49549561735676945,0.5914388821289556,0.9911555470101904,0.0,0.9955777735050952,0.63811191350011,样本不足,0.5303593873977661,372.0
C20→C36,脑控轮椅交互系统→自适应神经刺激调控,2,15,0.6031799912452698,0.5680224299430847,0.44737839698791504,0.5395269393920898,0.0,0.0,1.0,0.15694461266687276,0.520118521467215,0.674003315199112,0.0,0.0,0.0,0.0,0.0,0.0,0.5,0.587001657599556,0.9539347408829175,0.0,0.9769673704414588,0.625874333282227,样本不足,0.53519606590271,888.0
C20→C37,脑控轮椅交互系统→神经调节刺激控制,2,59,0.5987809896469116,0.5516489148139954,0.4560779333114624,0.5355026125907898,0.0,0.011363636363636364,1.0,0.15694461266687276,0.4658115066911082,0.6497029587462392,0.0,0.0,0.018018018018018018,0.0,0.0,-0.018018018018018018,0.49099196578624643,0.5703474622662428,0.992143511850203,0.0,0.9960717559251016,0.6234593741521723,样本不足,0.5376092195510864,998.0
C20→C38,脑控轮椅交互系统→事件相关电位分析,2,7,0.6035175919532776,0.4662999212741852,0.46090900897979736,,0.0,0.0,1.0,,,,,,,,,,,,,,,,未过前提,0.4938644766807556,
C20→C39,脑控轮椅交互系统→脑活动监测与解码,2,35,0.5965006351470947,0.5270012617111206,0.4824589490890503,0.5353202819824219,0.0,0.0,1.0,0.15694461266687276,0.8267363689746892,0.7924214418988621,0.0,0.0,0.0,0.0,0.0,0.0,0.5,0.646210720949431,0.8997214484679665,0.0,0.9498607242339833,0.6280253174396272,样本不足,0.5160820484161377,803.0
C20→C4,脑控轮椅交互系统→神经刺激调控系统,2,84,0.6329343318939209,0.5900711417198181,0.417161226272583,0.5467222332954407,0.0,0.0,1.0,0.15694461266687276,0.5739366304571628,0.6971966736004948,0.0,0.0,0.0,0.034482758620689655,0.0,0.034482758620689655,0.517234548877195,0.6072156112388449,0.9646086282614311,0.0,0.9823043141307155,0.6349717934150744,样本不足,0.5289250612258911,500.0
C20→C40,脑控轮椅交互系统→脑电虚拟现实交互,2,5,0.596198320388794,0.45277148485183716,0.462691068649292,,0.0,0.0,1.0,,,,,,,,,,,,,,,,未达阈值,0.5105921626091003,
C20→C41,脑控轮椅交互系统→脑电电极采集装置,2,40,0.5654358863830566,0.6242640018463135,0.4720855951309204,0.5539284944534302,0.0,0.0,1.0,0.15694461266687276,0.4445427445021895,0.6399613192548962,0.0,0.0,0.0,0.034482758620689655,0.0,0.034482758620689655,0.517234548877195,0.5785979340660456,0.9487505294366794,0.0,0.9743752647183397,0.6340533620165442,样本不足,0.5652322769165039,537.0
C20→C42,脑控轮椅交互系统→脑电听觉调控降噪,2,20,0.6118820905685425,0.5404682159423828,0.4526326656341553,0.5349943240483601,0.0,0.0,1.0,0.15694461266687276,0.6573096058558042,0.7312020784525644,0.0,0.0,0.0,0.0,0.0,0.0,0.5,0.6156010392262822,0.9382022471910112,0.0,0.9691011235955056,0.6260032193582064,样本不足,0.5221496224403381,882.0
C20→C43,脑控轮椅交互系统→癫痫监测预测干预,2,21,0.6025513410568237,0.5000466108322144,0.450158953666687,0.5175856351852417,0.0,0.0,1.0,0.15694461266687276,0.4366782007220494,0.6363292461535343,0.0,0.0,0.018018018018018018,0.0,0.0,-0.018018018018018018,0.49099196578624643,0.5636606059698903,0.9698535745047373,0.0,0.9849267872523686,0.6080672569802968,样本不足,0.5053426027297974,1503.0
C20→C44,脑控轮椅交互系统→脑电频率识别分析,2,13,0.6009182929992676,0.5511220693588257,0.4131547808647156,0.5217317144076029,0.0,0.0,1.0,0.15694461266687276,0.6381395033007632,0.7236000239283942,0.0,0.0,0.0,0.0,0.0,0.0,0.5,0.6118000119641971,0.7122302158273381,0.0,0.8561151079136691,0.5980489351105585,样本不足,0.5089117288589478,1636.0
C20→C5,脑控轮椅交互系统→眼动脑电视觉分析,2,27,0.6399967074394226,0.5417143702507019,0.4152337312698364,0.5323149363199869,0.0,0.0,0.9722222222222222,0.15694461266687276,0.5322104001372527,0.6792945156599047,0.0,0.0,0.009009009009009009,0.0,0.0,-0.009009009009009009,0.49549561735676945,0.5873950665083371,0.8195050946142649,0.0,0.9097525473071324,0.6100915952358131,样本不足,0.5252495408058167,1464.0
C20→C6,脑控轮椅交互系统→电极阵列植入制造,2,42,0.5294888019561768,0.5821361541748047,0.48069459199905396,0.5307731827100117,0.0,0.0,1.0,0.15694461266687276,0.571474259607952,0.6961559857291406,0.0,0.0,0.0,0.0,0.0,0.0,0.5,0.5980779928645703,0.9067315490673155,0.0,0.9533657745336577,0.6177714028505853,样本不足,0.5466864109039307,1213.0
C20→C7,脑控轮椅交互系统→视觉刺激脑电分析,2,48,0.652532696723938,0.5328848958015442,0.3856034278869629,0.523673673470815,0.0,0.0,0.9830508474576272,0.15694461266687276,0.7934048652653686,0.781242280314251,0.0,0.0,0.0,0.06896551724137931,0.0,0.06896551724137931,0.5344281929745097,0.6578352366443804,0.9191073919107392,0.0,0.9595536959553697,0.6230892137717989,样本不足,0.5349867343902588,1008.0
C20→C8,脑控轮椅交互系统→神经刺激监测装置,2,128,0.6137212514877319,0.5705519914627075,0.3997277021408081,0.5280003150304158,0.0,0.0,0.9864864864864865,0.15694461266687276,0.7415056039068469,0.7629862732662087,0.0,0.0,0.009009009009009009,0.13793103448275862,0.0,0.12892202547374962,0.5641062381131012,0.663546255689655,0.9955230399650579,0.0,0.9977615199825289,0.6329196071342508,样本不足,0.5230411291122437,590.0
C20→C9,脑控轮椅交互系统→经颅聚焦刺激装置,2,47,0.5829203128814697,0.5680050849914551,0.46921515464782715,0.5400468508402506,0.0,0.0,1.0,0.15694461266687276,0.5980469930299713,0.7072788932599642,0.0,0.0,0.0,0.0,0.0,0.0,0.5,0.6036394466299821,0.9824984912492456,0.0,0.9912492456246228,0.6311593439221566,样本不足,0.5406509637832642,678.0
C21→C0,多模态脑电融合分析→脑电情绪识别分析,12,58,0.7024024128913879,0.6973540782928467,0.3302863836288452,0.5766809582710266,0.011673151750972763,0.012345679012345678,0.9912280701754386,0.5530178404295305,0.5536726087522731,0.5003273841145858,0.0,0.0,0.02702702702702703,0.0,0.0,-0.02702702702702703,0.48648977588659537,0.49340858000059057,0.7784615384615384,0.25,0.7642307692307693,0.5969965418897649,,0.6723613739013672,1643.0
C21→C1,多模态脑电融合分析→脑电特征提取分类,12,20,0.6746515035629272,0.6786989569664001,0.37586331367492676,0.576404591401418,0.008547008547008548,0.0,1.0,0.5530178404295305,0.6932301006799398,0.5696502977215628,0.0,0.0,0.0,0.0,0.0,0.0,0.5,0.5348251488607814,0.45263157894736844,,,,无高价值专利,0.6312904357910156,
C21→C10,多模态脑电融合分析→神经信息分析诊断,12,36,0.633118748664856,0.6432247757911682,0.3896191120147705,0.5553208788235982,0.0,0.0,1.0,0.5530178404295305,0.5811448339517777,0.5140597892601102,0.0,0.0,0.0,0.13793103448275862,0.0,0.13793103448275862,0.5685314644405662,0.5412956268503382,0.9879379666858128,0.0,0.9939689833429064,0.6321027775744048,,0.5975455045700073,642.0
C21→C11,多模态脑电融合分析→睡眠脑电调控增强,12,51,0.6659358739852905,0.6511159539222717,0.3833862543106079,0.5668126940727234,0.01,0.0,1.0,0.5530178404295305,0.6835550559100223,0.5649003923651906,0.0,0.0,0.009009009009009009,0.0,0.0,-0.009009009009009009,0.49549561735676945,0.53019800486098,0.949193066347878,0.0,0.974596533173939,0.6348083417066606,,0.602022647857666,509.0
C21→C12,多模态脑电融合分析→视觉脑电解码评估,12,30,0.6731157302856445,0.6431019306182861,0.37211740016937256,0.5627783536911011,0.014492753623188406,0.019230769230769232,1.0,0.5530178404295305,0.7829175892646888,0.6129666103359106,0.0,0.0,0.0,0.0,0.0,0.0,0.5,0.5564833051679553,0.6666666666666666,0.0,0.8333333333333333,0.612312936795419,,0.6003773212432861,1399.0
C21→C13,多模态脑电融合分析→多模态神经交互评估,12,43,0.6684502363204956,0.6641925573348999,0.3772878050804138,0.5699768662452698,0.0,0.0,1.0,0.5530178404295305,0.6373326104204997,0.5420577695764324,0.0,0.0,0.009009009009009009,0.1724137931034483,0.0,0.1634047840944393,0.5809828937506275,0.56152033166353,0.8674772036474164,0.0,0.9337386018237082,0.635314696170702,,0.6265357732772827,482.0
C21→C14,多模态脑电融合分析→脑电信号采集处理,12,66,0.7152523994445801,0.6952279806137085,0.3434901237487793,0.584656834602356,0.0076045627376425855,0.00980392156862745,1.0,0.5530178404295305,0.679455675419048,0.5628841742593098,0.0,0.0,0.009009009009009009,0.0,0.0,-0.009009009009009009,0.49549561735676945,0.5291898958080397,0.7874493927125507,0.0,0.8937246963562753,0.6324120749632188,,0.6618047952651978,629.0
C21→C15,多模态脑电融合分析→心理生理反馈调节,12,18,0.5979213118553162,0.6125667095184326,0.410774827003479,0.5404209494590759,0.011764705882352941,0.0,1.0,0.5530178404295305,0.5865596100887834,0.5167645982956088,0.0,0.0,0.0,0.0,0.0,0.0,0.5,0.5083822991478044,0.8366666666666667,0.0,0.9183333333333333,0.6038961701210044,,0.5374935865402222,1567.0
C21→C16,多模态脑电融合分析→事件相关电位检测,12,37,0.6379256844520569,0.631932258605957,0.3693312406539917,0.5463963945706685,0.0,0.0,1.0,0.5530178404295305,0.4632333326977074,0.45522798777373025,0.0,0.0,0.0,0.0,0.0,0.0,0.5,0.4776139938868651,0.9571865443425076,0.0,0.9785932721712538,0.6128892080233074,,0.6212198734283447,1375.0
C21→C17,多模态脑电融合分析→神经反馈刺激分析,12,58,0.6716729998588562,0.6650844812393188,0.359125018119812,0.5652941664059956,0.0,0.0,1.0,0.5530178404295305,0.6150229443551454,0.5309628818246523,0.0,0.0,0.0,0.27586206896551724,0.0,0.27586206896551724,0.6345355116007656,0.582749196712709,0.9730941704035875,0.05263157894736842,0.9602312957281095,0.6401722995318422,,0.6103097796440125,313.0
C21→C18,多模态脑电融合分析→神经刺激同步递送,12,31,0.605033278465271,0.6364777088165283,0.40735864639282227,0.5496232112248738,0.0,0.0,0.9827586206896551,0.5530178404295305,0.5368834240869825,0.49193349177274787,0.0,0.0,0.0,0.0,0.0,0.0,0.5,0.4959667458863739,0.9751098096632503,0.0,0.9875549048316252,0.6196473495332168,,0.5841460227966309,1143.0
C21→C19,多模态脑电融合分析→脑机接口交互控制,12,53,0.6511932015419006,0.6211315393447876,0.3949677348136902,0.5557641585667927,0.004807692307692308,0.0,1.0,0.5530178404295305,0.7533341408009894,0.5988396397455624,0.0,0.0,0.0,0.0,0.0,0.0,0.5,0.5494198198727812,0.7592997811816192,0.0,0.8796498905908097,0.6145308486471138,,0.6065281629562378,1316.0
C21→C2,多模态脑电融合分析→柔性电极采集装置,12,70,0.5965882539749146,0.6848899126052856,0.41222357749938965,0.5645672480265299,0.0,0.0,0.9918032786885246,0.5530178404295305,0.6073936135656598,0.5271611225225616,0.0,0.0,0.0,0.0,0.0,0.0,0.5,0.5135805612612808,0.8650602409638555,0.0,0.9325301204819277,0.6233012866281369,,0.6399951577186584,1001.0
C21→C20,多模态脑电融合分析→脑控轮椅交互系统,12,10,0.6248641014099121,0.5393795967102051,0.4224086403846741,0.5288841128349304,0.0,0.0,1.0,0.5530178404295305,0.50031249376726,0.4736717008752349,0.0,0.0,0.0,0.0,0.0,0.0,0.5,0.48683585043761746,0.5454545454545454,,,,无高价值专利,0.5179176330566406,
C21→C22,多模态脑电融合分析→脑机虚拟交互控制,12,18,0.6532219648361206,0.6009328961372375,0.39366990327835083,0.5492749214172363,0.0,0.0,1.0,0.5530178404295305,0.5586537376365586,0.5028179187680758,0.0,0.0,0.0,0.0,0.0,0.0,0.5,0.5014089593840378,0.7864583333333334,0.0,0.8932291666666667,0.6042914889633416,,0.5852648615837097,1564.0
C21→C23,多模态脑电融合分析→生物信号虚拟交互,12,26,0.6216689348220825,0.6390098929405212,0.42363643646240234,0.5614384214083353,0.0,0.0,1.0,0.5530178404295305,0.5849439801948719,0.5159576484889123,0.0,0.0,0.009009009009009009,0.0,0.0,-0.009009009009009009,0.49549561735676945,0.5057266329228409,0.9470198675496688,0.0,0.9735099337748344,0.6268798829310699,,0.565146803855896,854.0
C21→C24,多模态脑电融合分析→闭环神经调控系统,12,24,0.6259878873825073,0.6075857877731323,0.4144355058670044,0.5493363936742146,0.0,0.0,1.0,0.5530178404295305,0.5622256589370602,0.5046037791456834,0.0,0.0,0.0,0.0,0.0,0.0,0.5,0.5023018895728417,0.9495841995841996,0.125,0.9122920997920998,0.6077762824094094,,0.5799624919891357,1512.0
C21→C25,多模态脑电融合分析→脑电信号模式识别,12,30,0.6739621162414551,0.6521507501602173,0.40180742740631104,0.5759734312693278,0.012987012987012988,0.0,1.0,0.5530178404295305,0.7095321562876163,0.5776243431135862,0.0,0.0,0.0,0.0,0.0,0.0,0.5,0.5388121715567931,0.872852233676976,,,,无高价值专利,0.6204965114593506,
C21→C26,多模态脑电融合分析→神经刺激电极装置,12,43,0.6132920980453491,0.6673523187637329,0.4221263527870178,0.5675902565320332,0.0,0.0,1.0,0.5530178404295305,0.578603280366496,0.5127899292648765,0.0,0.0,0.0,0.0,0.0,0.0,0.5,0.5063949646324383,0.9559055118110236,0.0,0.9779527559055118,0.6318634299438491,,0.5851083993911743,651.0
C21→C27,多模态脑电融合分析→认知意识神经评估,12,31,0.6502471566200256,0.6294201612472534,0.368358850479126,0.5493420561154683,0.0,0.0,1.0,0.5530178404295305,0.8069023936113827,0.6242833554872115,0.0,0.0,0.0,0.034482758620689655,0.0,0.034482758620689655,0.517234548877195,0.5707589521822032,0.916256157635468,0.0,0.958128078817734,0.6269658263235265,,0.5897710919380188,849.0
C21→C28,多模态脑电融合分析→脑波交互反馈系统,12,44,0.6677262783050537,0.6075528860092163,0.3792961835861206,0.5515251159667969,0.0,0.0,1.0,0.5530178404295305,0.7644472515623096,0.604167138136398,0.0,0.0,0.0,0.0,0.0,0.0,0.5,0.552083569068199,0.7387755102040816,0.0,0.8693877551020408,0.6104110961318584,,0.5941760540008545,1454.0
C21→C29,多模态脑电融合分析→深部脑刺激调控,12,83,0.6509302854537964,0.6660968065261841,0.3748171925544739,0.5639480948448181,0.0,0.0,1.0,0.5530178404295305,0.6351596374162822,0.5409787749056818,0.0,0.0,0.0,0.0,0.0,0.0,0.5,0.5204893874528409,0.957544993077988,0.06666666666666667,0.9454391632056607,0.6262916238010563,,0.6070916652679443,875.0
C21→C3,多模态脑电融合分析→脑电状态检测评估,12,50,0.6783226728439331,0.6767704486846924,0.3634049892425537,0.5728327035903931,0.004739336492890996,0.0,1.0,0.5530178404295305,0.5131838629552182,0.480093538980123,0.0,0.0,0.0,0.0,0.0,0.0,0.5,0.49004676949006154,0.9434650455927052,0.0,0.9717325227963526,0.6314768100835332,,0.625808596611023,666.0
C21→C30,多模态脑电融合分析→脑电神经反馈康复训练,12,27,0.6745899319648743,0.6444384455680847,0.38827407360076904,0.5691008170445759,0.0,0.016666666666666666,1.0,0.5530178404295305,0.5959707455919181,0.5214632546457743,0.0,0.0,0.009009009009009009,0.0,0.0,-0.009009009009009009,0.49549561735676945,0.5084794360012719,0.7529002320185615,0.3333333333333333,0.7097834493426142,0.5847873003585417,,0.588641881942749,1719.0
C21→C31,多模态脑电融合分析→植入式神经接口系统,12,22,0.5895946621894836,0.6208891868591309,0.45663559436798096,0.5557064811388651,0.0,0.0,1.0,0.5530178404295305,0.5840290770930134,0.5155006496752284,0.0,0.0,0.0,0.0,0.0,0.0,0.5,0.5077503248376142,1.0,0.0,1.0,0.6278082973232872,,0.5732386708259583,811.0
C21→C32,多模态脑电融合分析→脑电信号评估分析,12,48,0.6879116892814636,0.6728309392929077,0.36317873001098633,0.5746404528617859,0.005050505050505051,0.0,1.0,0.5530178404295305,0.5236597877749698,0.48532518948034153,0.0,0.0,0.018018018018018018,0.06896551724137931,0.0,0.050947499223361295,0.5254517321781959,0.5053884608292687,0.9023331524688009,0.0,0.9511665762344004,0.6317663335837036,,0.6316225528717041,655.0
C21→C33,多模态脑电融合分析→神经信号采集解码,12,67,0.6708340644836426,0.6689788103103638,0.3812013864517212,0.5736714204152424,0.00423728813559322,0.0,1.0,0.5530178404295305,0.6501304005657931,0.5484042113765975,0.0,0.0,0.018018018018018018,0.0,0.0,-0.018018018018018018,0.49099196578624643,0.519698088581422,0.9439330543933054,0.0,0.9719665271966527,0.6371686588558622,,0.6457499265670776,398.0
C21→C34,多模态脑电融合分析→脑电图像生成与映射,12,39,0.6657569408416748,0.6551049947738647,0.38115888833999634,0.5673402746518452,0.0,0.0,1.0,0.5530178404295305,0.5842642844359555,0.515618139461226,0.0,0.0,0.009009009009009009,0.0,0.0,-0.009009009009009009,0.49549561735676945,0.5055568784089978,0.7593283582089553,0.0,0.8796641791044777,0.6144715847503739,,0.6200622320175171,1319.0
C21→C35,多模态脑电融合分析→神经刺激参数优化,12,56,0.6490229964256287,0.6482115983963013,0.3951500654220581,0.5641282200813293,0.0,0.0,1.0,0.5530178404295305,0.5508990447467422,0.4989406037439195,0.0,0.0,0.009009009009009009,0.0,0.0,-0.009009009009009009,0.49549561735676945,0.4972181105503445,0.9911555470101904,0.0,0.9955777735050952,0.6309789464868807,,0.6010332107543945,687.0
C21→C36,多模态脑电融合分析→自适应神经刺激调控,12,15,0.6217454671859741,0.6174798011779785,0.4122292995452881,0.5504848559697468,0.0,0.0,1.0,0.5530178404295305,0.520118521467215,0.483556272796759,0.0,0.0,0.0,0.0,0.0,0.0,0.5,0.49177813639837953,0.9539347408829175,0.0,0.9769673704414588,0.6177515555636864,,0.5945462584495544,1214.0
C21→C37,多模态脑电融合分析→神经调节刺激控制,12,59,0.6260493993759155,0.6464234590530396,0.39325642585754395,0.5552430947621663,0.004761904761904762,0.0,1.0,0.5530178404295305,0.4658115066911082,0.45650703114645,0.0,0.0,0.018018018018018018,0.0,0.0,-0.018018018018018018,0.49099196578624643,0.47374949846634823,0.992143511850203,0.0,0.9960717559251016,0.6211317233430643,,0.5879025459289551,1082.0
C21→C38,多模态脑电融合分析→事件相关电位分析,12,7,0.6225213408470154,0.5492354035377502,0.39510631561279297,0.5222876866658528,0.0,0.0,1.0,0.5530178404295305,0.5150485035655191,0.4810244495224046,0.0,0.0,0.0,0.0,0.0,0.0,0.5,0.49051222476120226,0.7263157894736842,,,,无高价值专利,0.5498598217964172,
C21→C39,多模态脑电融合分析→脑活动监测与解码,12,35,0.6335135102272034,0.6206147074699402,0.3764404058456421,0.5435228745142618,0.0,0.0,1.0,0.5530178404295305,0.8267363689746892,0.6335407645016442,0.0,0.0,0.0,0.0,0.0,0.0,0.5,0.5667703822508221,0.8997214484679665,0.0,0.9498607242339833,0.6209700886363534,,0.6098766326904297,1088.0
C21→C4,多模态脑电融合分析→神经刺激调控系统,12,84,0.6591916680335999,0.6729555726051331,0.369876503944397,0.5673412481943766,0.0034482758620689655,0.0,1.0,0.5530178404295305,0.5739366304571628,0.5104578696184582,0.0,0.0,0.0,0.034482758620689655,0.0,0.034482758620689655,0.517234548877195,0.5138462092478266,0.9646086282614311,0.0,0.9823043141307155,0.6337014971449085,,0.6265991926193237,554.0
C21→C40,多模态脑电融合分析→脑电虚拟现实交互,12,5,0.6172000169754028,0.5355582237243652,0.4250507354736328,0.5259363253911336,0.0,0.0,1.0,0.5530178404295305,0.409545021537841,0.4287517893980671,0.0,0.0,0.0,0.034482758620689655,0.0,0.034482758620689655,0.517234548877195,0.472993169137631,0.6150442477876106,0.0,0.8075221238938053,0.5689863007476864,,0.564924955368042,1766.0
C21→C41,多模态脑电融合分析→脑电电极采集装置,12,40,0.5783568620681763,0.6757863759994507,0.434813916683197,0.5629857182502747,0.0,0.0,1.0,0.5530178404295305,0.4445427445021895,0.4459741904607251,0.0,0.0,0.0,0.034482758620689655,0.0,0.034482758620689655,0.517234548877195,0.48160436966896003,0.9487505294366794,0.0,0.9743752647183397,0.6239482178083665,,0.636216402053833,974.0
C21→C42,多模态脑电融合分析→脑电听觉调控降噪,12,20,0.6503517627716064,0.6304680705070496,0.37239980697631836,0.5510732134183247,0.0,0.0,0.9787234042553191,0.5530178404295305,0.6573096058558042,0.5519576420197002,0.0,0.0,0.0,0.0,0.0,0.0,0.5,0.5259788210098502,0.9382022471910112,0.0,0.9691011235955056,0.622557327097197,,0.6163175106048584,1038.0
C21→C43,多模态脑电融合分析→癫痫监测预测干预,12,21,0.639019250869751,0.6313180923461914,0.3776387572288513,0.5493253668149312,0.0,0.0,1.0,0.5530178404295305,0.4366782007220494,0.44209120816720776,0.0,0.0,0.018018018018018018,0.0,0.0,-0.018018018018018018,0.49099196578624643,0.4665415869767271,0.9698535745047373,0.0,0.9849267872523686,0.614057196339212,,0.5740243196487427,1336.0
C21→C44,多模态脑电融合分析→脑电频率识别分析,12,13,0.6321724653244019,0.6258161067962646,0.37578535079956055,0.5445913076400757,0.0,0.0,1.0,0.5530178404295305,0.6381395033007632,0.5424583341878223,0.0,0.0,0.0,0.0,0.0,0.0,0.5,0.5212291670939111,0.7122302158273381,0.0,0.8561151079136691,0.5982014041591296,,0.596388578414917,1635.0
C21→C5,多模态脑电融合分析→眼动脑电视觉分析,12,27,0.665661096572876,0.614474892616272,0.39882445335388184,0.5596534808476765,0.0,0.0,1.0,0.5530178404295305,0.5322104001372527,0.489597781022616,0.0,0.0,0.009009009009009009,0.0,0.0,-0.009009009009009009,0.49549561735676945,0.49254669918969274,0.8195050946142649,0.0,0.9097525473071324,0.6124572888741451,,0.6019271612167358,1393.0
C21→C6,多模态脑电融合分析→电极阵列植入制造,12,42,0.5642653703689575,0.6462303400039673,0.439073383808136,0.5498563647270203,0.0,0.0,1.0,0.5530178404295305,0.571474259607952,0.5092271619013441,0.0,0.0,0.0,0.0,0.0,0.0,0.5,0.504613580950672,0.9067315490673155,0.0,0.9533657745336577,0.615514240862214,,0.5798498392105103,1276.0
C21→C7,多模态脑电融合分析→视觉刺激脑电分析,12,48,0.6682885885238647,0.6560062170028687,0.3603363037109375,0.5615437030792236,0.0,0.0,1.0,0.5530178404295305,0.7934048652653686,0.6179306386607736,0.0,0.0,0.0,0.06896551724137931,0.0,0.06896551724137931,0.5344281929745097,0.5761794158176416,0.9191073919107392,0.0,0.9595536959553697,0.6364209066837421,,0.6257212162017822,430.0
C21→C8,多模态脑电融合分析→神经刺激监测装置,12,128,0.6523158550262451,0.6683206558227539,0.3762326240539551,0.5656230449676514,0.0,0.0,1.0,0.5530178404295305,0.7415056039068469,0.59314343020151,0.0,0.0,0.009009009009009009,0.13793103448275862,0.0,0.12892202547374962,0.5641062381131012,0.5786248341573056,0.9955230399650579,0.0,0.9977615199825289,0.6459060102152664,,0.616823136806488,174.0
C21→C9,多模态脑电融合分析→经颅聚焦刺激装置,12,47,0.6086000204086304,0.6458690166473389,0.41312575340270996,0.5558649301528931,0.0,0.013513513513513514,1.0,0.5530178404295305,0.5980469930299713,0.5224993715957401,0.0,0.0,0.0,0.0,0.0,0.0,0.5,0.5112496857978701,0.9824984912492456,0.0,0.9912492456246228,0.6270399845895186,,0.6036137938499451,848.0
C22→C0,脑机虚拟交互控制→脑电情绪识别分析,9,58,0.6775456666946411,0.6953576803207397,0.35934484004974365,0.5774160623550415,0.004048582995951417,0.0,0.9906542056074766,0.5023243158061239,0.5536726087522731,0.5256516056902412,0.0,0.0,0.02702702702702703,0.0,0.0,-0.02702702702702703,0.48648977588659537,0.5060706907884183,0.7784615384615384,0.25,0.7642307692307693,0.5998518976422749,,0.6125365495681763,1622.0
C22→C1,脑机虚拟交互控制→脑电特征提取分类,9,20,0.6517935991287231,0.6541531682014465,0.4152531623840332,0.5737333099047343,0.019230769230769232,0.0,1.0,0.5023243158061239,0.6932301006799398,0.5943099571196935,0.0,0.0,0.0,0.0,0.0,0.0,0.5,0.5471549785598467,0.45263157894736844,,,,无高价值专利,0.5996048450469971,
C22→C10,脑机虚拟交互控制→神经信息分析诊断,9,36,0.642920970916748,0.628817081451416,0.38810479640960693,0.5532809495925903,0.007874015748031496,0.0,0.962962962962963,0.5023243158061239,0.5811448339517777,0.5393288470164531,0.0,0.0,0.0,0.13793103448275862,0.0,0.13793103448275862,0.5685314644405662,0.5539301557285097,0.9879379666858128,0.0,0.9939689833429064,0.6327796375525758,,0.5553827285766602,604.0
C22→C11,脑机虚拟交互控制→睡眠脑电调控增强,9,51,0.6895860433578491,0.6410795450210571,0.37965327501296997,0.570106287797292,0.005291005291005291,0.0,1.0,0.5023243158061239,0.6835550559100223,0.5896361581395586,0.0,0.0,0.009009009009009009,0.0,0.0,-0.009009009009009009,0.49549561735676945,0.542565887748164,0.949193066347878,0.0,0.974596533173939,0.6391081136818836,,0.5948015451431274,344.0
C22→C12,脑机虚拟交互控制→视觉脑电解码评估,9,30,0.668714165687561,0.6476216316223145,0.3557528257369995,0.5573628743489583,0.0,0.0,0.9583333333333334,0.5023243158061239,0.7829175892646888,0.6367270398671747,0.0,0.0,0.0,0.0,0.0,0.0,0.5,0.5683635199335874,0.6666666666666666,0.0,0.8333333333333333,0.6108470254659936,,0.5700416564941406,1441.0
C22→C13,脑机虚拟交互控制→多模态神经交互评估,9,43,0.6706578731536865,0.6780992746353149,0.37573230266571045,0.5748298168182373,0.00510204081632653,0.0,1.0,0.5023243158061239,0.6373326104204997,0.5670969775923945,0.0,0.0,0.009009009009009009,0.1724137931034483,0.0,0.1634047840944393,0.5809828937506275,0.574039935671511,0.8674772036474164,0.0,0.9337386018237082,0.6406880104479636,,0.6110416054725647,291.0
C22→C14,脑机虚拟交互控制→脑电信号采集处理,9,66,0.7165044546127319,0.7131853103637695,0.3674280643463135,0.5990392764409382,0.003968253968253968,0.0,0.98989898989899,0.5023243158061239,0.679455675419048,0.587650894133356,0.0,0.0,0.009009009009009009,0.0,0.0,-0.009009009009009009,0.49549561735676945,0.5415732557450628,0.7874493927125507,0.0,0.8937246963562753,0.6439290330297873,,0.6553574800491333,210.0
C22→C15,脑机虚拟交互控制→心理生理反馈调节,9,18,0.6146829724311829,0.6344202756881714,0.4120970368385315,0.5537334283192952,0.0,0.0,1.0,0.5023243158061239,0.5865596100887834,0.5420183126207493,0.0,0.0,0.0,0.0,0.0,0.0,0.5,0.5210091563103747,0.8366666666666667,0.0,0.9183333333333333,0.6149419284746469,,0.5671789646148682,1293.0
C22→C16,脑机虚拟交互控制→事件相关电位检测,9,37,0.6630135774612427,0.5727112293243408,0.352691113948822,0.5294719735781351,0.0,0.0,0.962962962962963,0.5023243158061239,0.4632333326977074,0.4804644582183163,0.0,0.0,0.0,0.0,0.0,0.0,0.5,0.49023222910915815,0.9571865443425076,0.0,0.9785932721712538,0.6035063851344089,,0.5614849328994751,1572.0
C22→C17,脑机虚拟交互控制→神经反馈刺激分析,9,58,0.674004077911377,0.6436464786529541,0.37027835845947266,0.5626429716746012,0.0055248618784530384,0.011111111111111112,0.9879518072289156,0.5023243158061239,0.6150229443551454,0.5561119562193266,0.0,0.0,0.0,0.27586206896551724,0.0,0.27586206896551724,0.6345355116007656,0.5953237339100461,0.9730941704035875,0.05263157894736842,0.9602312957281095,0.6404450781327539,,0.5793148279190063,304.0
C22→C18,脑机虚拟交互控制→神经刺激同步递送,9,31,0.6224110722541809,0.6480337381362915,0.4475756883621216,0.572673499584198,0.0,0.0,1.0,0.5023243158061239,0.5368834240869825,0.5172726782506307,0.0,0.0,0.0,0.0,0.0,0.0,0.5,0.5086363391253154,0.9751098096632503,0.0,0.9875549048316252,0.6372753163732258,,0.5482136011123657,395.0
C22→C19,脑机虚拟交互控制→脑机接口交互控制,9,53,0.7200103998184204,0.707196831703186,0.3219951391220093,0.5830674568812052,0.00510204081632653,0.012345679012345678,0.972972972972973,0.5023243158061239,0.7533341408009894,0.6229338389278796,0.0,0.0,0.0,0.0,0.0,0.0,0.5,0.5614669194639398,0.7592997811816192,0.0,0.8796498905908097,0.6345983767705005,,0.682688295841217,521.0
C22→C2,脑机虚拟交互控制→柔性电极采集装置,9,70,0.6190017461776733,0.6427888870239258,0.4331844449043274,0.5649916927019755,0.004784688995215311,0.0,0.991304347826087,0.5023243158061239,0.6073936135656598,0.5523421789919855,0.0,0.0,0.0,0.0,0.0,0.0,0.5,0.5261710894959928,0.8650602409638555,0.0,0.9325301204819277,0.6257484411402404,,0.569942831993103,894.0
C22→C20,脑机虚拟交互控制→脑控轮椅交互系统,9,10,0.6296774744987488,0.5694392919540405,0.3904762864112854,,0.007462686567164179,0.02564102564102564,0.9787234042553191,,,,,,,,,,,,,,,,未过前提,0.49227726459503174,
C22→C21,脑机虚拟交互控制→多模态脑电融合分析,9,46,0.6532219648361206,0.6009328961372375,0.39366990327835083,0.5492749214172363,0.0,0.0,1.0,0.5023243158061239,0.3291122455290337,0.4142498254221034,0.0,0.0,0.018018018018018018,0.0,0.0,-0.018018018018018018,0.49099196578624643,0.45262089560417496,0.9682345754428833,0.0,0.9841172877214417,0.6115231714101699,,0.5852648615837097,1421.0
C22→C23,脑机虚拟交互控制→生物信号虚拟交互,9,26,0.6472674608230591,0.669211745262146,0.43759405612945557,0.5846910874048868,0.0,0.02857142857142857,1.0,0.5023243158061239,0.5849439801948719,0.5412160943668162,0.0,0.0,0.009009009009009009,0.0,0.0,-0.009009009009009009,0.49549561735676945,0.5183558558617928,0.9470198675496688,0.0,0.9735099337748344,0.6445190942263695,,0.6443172693252563,198.0
C22→C24,脑机虚拟交互控制→闭环神经调控系统,9,24,0.641974687576294,0.5800620317459106,0.37654364109039307,0.5328601201375325,0.0,0.0,1.0,0.5023243158061239,0.5622256589370602,0.5299149001966341,0.0,0.0,0.0,0.0,0.0,0.0,0.5,0.5149574500983171,0.9495841995841996,0.125,0.9122920997920998,0.59890218650992,,0.5434373617172241,1632.0
C22→C25,脑机虚拟交互控制→脑电信号模式识别,9,30,0.6692953109741211,0.624319314956665,0.37288975715637207,0.5555014610290527,0.014084507042253521,0.0,0.9508196721311475,0.5023243158061239,0.7095321562876163,0.6021462021830952,0.0,0.0,0.0,0.0,0.0,0.0,0.5,0.5510731010915476,0.872852233676976,,,,无高价值专利,0.5861667990684509,
C22→C26,脑机虚拟交互控制→神经刺激电极装置,9,43,0.6137456893920898,0.5871968269348145,0.44103628396987915,0.5473262667655945,0.0,0.0,1.0,0.5023243158061239,0.578603280366496,0.5380656827587151,0.0,0.0,0.0,0.0,0.0,0.0,0.5,0.5190328413793576,0.9559055118110236,0.0,0.9779527559055118,0.6203300575756105,,0.5331188440322876,1117.0
C22→C27,脑机虚拟交互控制→认知意识神经评估,9,31,0.6423827409744263,0.570084810256958,0.3565346598625183,0.5230007370313009,0.008771929824561403,0.0,1.0,0.5023243158061239,0.8069023936113827,0.6477482857452836,0.0,0.0,0.0,0.034482758620689655,0.0,0.034482758620689655,0.517234548877195,0.5824914173112393,0.916256157635468,0.0,0.958128078817734,0.6106150974848252,,0.5594545602798462,1448.0
C22→C28,脑机虚拟交互控制→脑波交互反馈系统,9,44,0.7289825677871704,0.6940264701843262,0.3438836336135864,0.5889642238616943,0.005555555555555556,0.0,0.9846153846153847,0.5023243158061239,0.7644472515623096,0.6281400558968867,0.0,0.0,0.0,0.0,0.0,0.0,0.5,0.5640700279484434,0.7387755102040816,0.0,0.8693877551020408,0.6370819686085425,,0.6352096796035767,402.0
C22→C29,脑机虚拟交互控制→深部脑刺激调控,9,83,0.7022947669029236,0.6822588443756104,0.36739957332611084,0.583984394868215,0.0036363636363636364,0.0,0.991304347826087,0.5023243158061239,0.6351596374162822,0.5660297470338379,0.0,0.0,0.0,0.0,0.0,0.0,0.5,0.5330148735169189,0.957544993077988,0.06666666666666667,0.9454391632056607,0.641729313683248,,0.6052642464637756,264.0
C22→C3,脑机虚拟交互控制→脑电状态检测评估,9,50,0.6704844236373901,0.6523350477218628,0.36273783445358276,0.5618524352709452,0.005025125628140704,0.0,0.9743589743589743,0.5023243158061239,0.5131838629552182,0.5054295601406427,0.0,0.0,0.0,0.0,0.0,0.0,0.5,0.5027147800703213,0.9434650455927052,0.0,0.9717325227963526,0.6263442061469464,,0.5861085653305054,871.0
C22→C30,脑机虚拟交互控制→脑电神经反馈康复训练,9,27,0.6847554445266724,0.6943354606628418,0.3604925870895386,0.5798611640930176,0.007575757575757576,0.0,1.0,0.5023243158061239,0.5959707455919181,0.5466868188696338,0.0,0.0,0.009009009009009009,0.0,0.0,-0.009009009009009009,0.49549561735676945,0.5210912181132016,0.7529002320185615,0.3333333333333333,0.7097834493426142,0.5938379509622324,,0.5914987921714783,1664.0
C22→C31,脑机虚拟交互控制→植入式神经接口系统,9,22,0.584185004234314,0.6445626020431519,0.4625248908996582,0.5637574990590413,0.0,0.0,1.0,0.5023243158061239,0.5840290770930134,0.540761717088044,0.0,0.0,0.0,0.0,0.0,0.0,0.5,0.5203808585440219,1.0,0.0,1.0,0.6353665664824698,,0.5898268222808838,479.0
C22→C32,脑机虚拟交互控制→脑电信号评估分析,9,48,0.6887301206588745,0.6581800580024719,0.3633888363838196,0.5700996716817219,0.010810810810810811,0.0,0.9888888888888889,0.5023243158061239,0.5236597877749698,0.5106661176195489,0.0,0.0,0.018018018018018018,0.06896551724137931,0.0,0.050947499223361295,0.5254517321781959,0.5180589248988724,0.9023331524688009,0.0,0.9511665762344004,0.6309484232214647,,0.5786189436912537,688.0
C22→C33,脑机虚拟交互控制→神经信号采集解码,9,67,0.681510865688324,0.6931319236755371,0.36970818042755127,0.5814503232638041,0.008968609865470852,0.0,1.0,0.5023243158061239,0.6501304005657931,0.5733695264190897,0.0,0.0,0.018018018018018018,0.0,0.0,-0.018018018018018018,0.49099196578624643,0.5321807461026681,0.9439330543933054,0.0,0.9719665271966527,0.6444833705252112,,0.6142935752868652,200.0
C22→C34,脑机虚拟交互控制→脑电图像生成与映射,9,39,0.6767314672470093,0.691533088684082,0.3763083219528198,0.5815242926279703,0.0,0.0,0.9841269841269842,0.5023243158061239,0.5842642844359555,0.5408785369150806,0.0,0.0,0.009009009009009009,0.0,0.0,-0.009009009009009009,0.49549561735676945,0.518187077135925,0.7593283582089553,0.0,0.8796641791044777,0.6259117481374374,,0.6070907115936279,886.0
C22→C35,脑机虚拟交互控制→神经刺激参数优化,9,56,0.6650166511535645,0.6061583757400513,0.38466036319732666,0.5519451300303141,0.0,0.0,1.0,0.5023243158061239,0.5508990447467422,0.524268280434752,0.0,0.0,0.009009009009009009,0.0,0.0,-0.009009009009009009,0.49549561735676945,0.5098819488957608,0.9911555470101904,0.0,0.9955777735050952,0.6248750744500108,,0.5434525012969971,931.0
C22→C36,脑机虚拟交互控制→自适应神经刺激调控,9,15,0.6547656059265137,0.6542760133743286,0.4015864133834839,0.5702093442281086,0.0,0.0,1.0,0.5023243158061239,0.520118521467215,0.5088961639084368,0.0,0.0,0.0,0.0,0.0,0.0,0.5,0.5044480819542184,0.9539347408829175,0.0,0.9769673704414588,0.6331102545292953,,0.5485730171203613,579.0
C22→C37,脑机虚拟交互控制→神经调节刺激控制,9,59,0.6452876925468445,0.6344590187072754,0.4236171841621399,0.5677879651387532,0.005050505050505051,0.0,1.0,0.5023243158061239,0.4658115066911082,0.4817517041746426,0.0,0.0,0.018018018018018018,0.0,0.0,-0.018018018018018018,0.49099196578624643,0.4863718349804445,0.992143511850203,0.0,0.9960717559251016,0.6316710630339805,,0.5468824505805969,658.0
C22→C38,脑机虚拟交互控制→事件相关电位分析,9,7,0.6330341100692749,0.5394715070724487,0.3771251440048218,0.5165435870488484,0.0,0.0,1.0,0.5023243158061239,0.5150485035655191,0.5063617505504263,0.0,0.0,0.0,0.0,0.0,0.0,0.5,0.5031808752752132,0.7263157894736842,,,,无高价值专利,0.5398834347724915,
C22→C39,脑机虚拟交互控制→脑活动监测与解码,9,35,0.6617518663406372,0.6248315572738647,0.3692508935928345,0.5519447724024454,0.0,0.0,0.9714285714285714,0.5023243158061239,0.8267363689746892,0.6567454288219186,0.0,0.0,0.0,0.0,0.0,0.0,0.5,0.5783727144109593,0.8997214484679665,0.0,0.9498607242339833,0.6286389058829475,,0.6145535111427307,777.0
C22→C4,脑机虚拟交互控制→神经刺激调控系统,9,84,0.6690979599952698,0.6462639570236206,0.3733375072479248,0.5628998080889384,0.007220216606498195,0.0,0.9913793103448276,0.5023243158061239,0.5739366304571628,0.5357450741036104,0.0,0.0,0.0,0.034482758620689655,0.0,0.034482758620689655,0.517234548877195,0.5264898114904026,0.9646086282614311,0.0,0.9823043141307155,0.6328468983110258,,0.5555952787399292,600.0
C22→C40,脑机虚拟交互控制→脑电虚拟现实交互,9,5,0.6839985847473145,0.6341249942779541,0.3292274475097656,0.5491170088450114,0.0,0.0,1.0,0.5023243158061239,0.409545021537841,0.45374300346350505,0.0,0.0,0.0,0.034482758620689655,0.0,0.034482758620689655,0.517234548877195,0.48548877617035,0.6150442477876106,0.0,0.8075221238938053,0.5861757041642767,,0.606770396232605,1713.0
C22→C41,脑机虚拟交互控制→脑电电极采集装置,9,40,0.6128262281417847,0.6180643439292908,0.4597177505493164,0.5635361075401306,0.006896551724137931,0.0,1.0,0.5023243158061239,0.4445427445021895,0.47114132411811516,0.0,0.0,0.0,0.034482758620689655,0.0,0.034482758620689655,0.517234548877195,0.4941879364976551,0.9487505294366794,0.0,0.9743752647183397,0.626466867620332,,0.5633096694946289,867.0
C22→C42,脑机虚拟交互控制→脑电听觉调控降噪,9,20,0.6442035436630249,0.647555947303772,0.3950069546699524,0.5622554818789164,0.0,0.0,1.0,0.5023243158061239,0.6573096058558042,0.5768780800517785,0.0,0.0,0.0,0.0,0.0,0.0,0.5,0.5384390400258893,0.9382022471910112,0.0,0.9691011235955056,0.6322018717697445,,0.6054788827896118,636.0
C22→C43,脑机虚拟交互控制→癫痫监测预测干预,9,21,0.6562023758888245,0.5610839128494263,0.4164144992828369,0.5445669293403625,0.0,0.0,1.0,0.5023243158061239,0.4366782007220494,0.4672240106890657,0.0,0.0,0.018018018018018018,0.0,0.0,-0.018018018018018018,0.49099196578624643,0.4791079882376561,0.9698535745047373,0.0,0.9849267872523686,0.6129701373695791,,0.540823221206665,1371.0
C22→C44,脑机虚拟交互控制→脑电频率识别分析,9,13,0.6529965996742249,0.6661479473114014,0.4088732600212097,0.5760059356689453,0.0,0.0,1.0,0.5023243158061239,0.6381395033007632,0.5674931157820549,0.0,0.0,0.0,0.0,0.0,0.0,0.5,0.5337465578910274,0.7122302158273381,0.0,0.8561151079136691,0.6209159379914626,,0.5656447410583496,1091.0
C22→C5,脑机虚拟交互控制→眼动脑电视觉分析,9,27,0.6793444156646729,0.641785204410553,0.38363611698150635,0.5682552456855774,0.0,0.0,0.9787234042553191,0.5023243158061239,0.5322104001372527,0.5149385948221111,0.0,0.0,0.009009009009009009,0.0,0.0,-0.009009009009009009,0.49549561735676945,0.5052171060894403,0.8195050946142649,0.0,0.9097525473071324,0.6203159156035937,,0.5849137306213379,1118.0
C22→C6,脑机虚拟交互控制→电极阵列植入制造,9,42,0.5757389068603516,0.6289011240005493,0.4692898392677307,0.5579766233762105,0.0,0.0,1.0,0.5023243158061239,0.571474259607952,0.5345199678864708,0.0,0.0,0.0,0.0,0.0,0.0,0.5,0.5172599839432355,0.9067315490673155,0.0,0.9533657745336577,0.6231010337652798,,0.5337008237838745,1006.0
C22→C7,脑机虚拟交互控制→视觉刺激脑电分析,9,48,0.6870027184486389,0.6536587476730347,0.3615473508834839,0.5674029390017191,0.0,0.0,0.9710144927536232,0.5023243158061239,0.7934048652653686,0.641564523422687,0.0,0.0,0.0,0.06896551724137931,0.0,0.06896551724137931,0.5344281929745097,0.5879963581985983,0.9191073919107392,0.0,0.9595536959553697,0.6423634652492132,,0.5647092461585999,251.0
C22→C8,脑机虚拟交互控制→神经刺激监测装置,9,128,0.6643425822257996,0.628741979598999,0.3822901248931885,0.5584582289059956,0.0,0.0,0.9874213836477987,0.5023243158061239,0.7415056039068469,0.6173611465073774,0.0,0.0,0.009009009009009009,0.13793103448275862,0.0,0.12892202547374962,0.5641062381131012,0.5907336923102393,0.9955230399650579,0.0,0.9977615199825289,0.6429493811175886,,0.5895207524299622,235.0
C22→C9,脑机虚拟交互控制→经颅聚焦刺激装置,9,47,0.6189003586769104,0.5814690589904785,0.41092848777770996,0.537099301815033,0.0,0.0,0.9836065573770492,0.5023243158061239,0.5980469930299713,0.5477156906231272,0.0,0.0,0.0,0.0,0.0,0.0,0.5,0.5238578453115637,0.9824984912492456,0.0,0.9912492456246228,0.6163083996205464,,0.5606662034988403,1251.0
C23→C0,生物信号虚拟交互→脑电情绪识别分析,4,58,0.6296515464782715,0.6924594640731812,0.406913161277771,0.5763413906097412,0.0,0.0,1.0,0.3801338552628079,0.5536726087522731,0.5859087030329657,0.0,0.0,0.02702702702702703,0.0,0.0,-0.02702702702702703,0.48648977588659537,0.5361992394597805,0.7784615384615384,0.25,0.7642307692307693,0.6048263184879492,,0.6121302843093872,1555.0
C23→C1,生物信号虚拟交互→脑电特征提取分类,4,20,0.5935930013656616,0.6455041170120239,0.4332447648048401,0.5574472943941752,0.0,0.0,1.0,0.3801338552628079,0.6932301006799398,0.6516256205421139,0.0,0.0,0.0,0.0,0.0,0.0,0.5,0.5758128102710569,0.45263157894736844,,,,无高价值专利,0.5864297747612,
C23→C10,生物信号虚拟交互→神经信息分析诊断,4,36,0.5881523489952087,0.6071290969848633,0.4224971532821655,0.5392595330874125,0.0,0.0,1.0,0.3801338552628079,0.5811448339517777,0.5991733600168109,0.0,0.0,0.0,0.13793103448275862,0.0,0.13793103448275862,0.5685314644405662,0.5838524122286886,0.9879379666858128,0.0,0.9939689833429064,0.6278990657832998,,0.5728435516357422,807.0
C23→C11,生物信号虚拟交互→睡眠脑电调控增强,4,51,0.6403923630714417,0.6474999189376831,0.4151788353919983,0.567690372467041,0.0,0.0,1.0,0.3801338552628079,0.6835550559100223,0.6472201750948053,0.0,0.0,0.009009009009009009,0.0,0.0,-0.009009009009009009,0.49549561735676945,0.5713578962257874,0.949193066347878,0.0,0.974596533173939,0.6422935995968473,,0.5971901416778564,253.0
C23→C12,生物信号虚拟交互→视觉脑电解码评估,4,30,0.6218388080596924,0.6313909292221069,0.4122508764266968,0.5551602045694987,0.0,0.024390243902439025,1.0,0.3801338552628079,0.7829175892646888,0.6911641551550157,0.0,0.0,0.0,0.0,0.0,0.0,0.5,0.5955820775775078,0.6666666666666666,0.0,0.8333333333333333,0.6141035473313804,,0.6070444583892822,1334.0
C23→C13,生物信号虚拟交互→多模态神经交互评估,4,43,0.6441946029663086,0.6892584562301636,0.3774862289428711,0.5703130960464478,0.0,0.0,1.0,0.3801338552628079,0.6373326104204997,0.6258367864070806,0.0,0.0,0.009009009009009009,0.1724137931034483,0.0,0.1634047840944393,0.5809828937506275,0.6034098400788541,0.8674772036474164,0.0,0.9337386018237082,0.6426023834327178,,0.6517328023910522,246.0
C23→C14,生物信号虚拟交互→脑电信号采集处理,4,66,0.6557787656784058,0.6940085887908936,0.3719984292984009,0.5739285945892334,0.0,0.0,1.0,0.3801338552628079,0.679455675419048,0.6453459312340734,0.0,0.0,0.009009009009009009,0.0,0.0,-0.009009009009009009,0.49549561735676945,0.5704207742954214,0.7874493927125507,0.0,0.8937246963562753,0.6326105215948831,,0.6242920160293579,617.0
C23→C15,生物信号虚拟交互→心理生理反馈调节,4,18,0.6103694438934326,0.6374554634094238,0.386130690574646,0.5446518659591675,0.0,0.0,1.0,0.3801338552628079,0.5865596100887834,0.601771419874769,0.0,0.0,0.0,0.0,0.0,0.0,0.5,0.5508857099373845,0.8366666666666667,0.0,0.9183333333333333,0.6138948905633383,,0.6129928827285767,1347.0
C23→C16,生物信号虚拟交互→事件相关电位检测,4,37,0.6189036965370178,0.5945438146591187,0.44863444566726685,0.5540273189544678,0.0,0.0,1.0,0.3801338552628079,0.4632333326977074,0.5414543612670698,0.0,0.0,0.0,0.0,0.0,0.0,0.5,0.520727180633535,0.9571865443425076,0.0,0.9785932721712538,0.6252655425597099,,0.5871481895446777,918.0
C23→C17,生物信号虚拟交互→神经反馈刺激分析,4,58,0.6356210112571716,0.6429753303527832,0.3924625515937805,0.5570196310679117,0.0,0.0,1.0,0.3801338552628079,0.6150229443551454,0.6153312527988051,0.0,0.0,0.0,0.27586206896551724,0.0,0.27586206896551724,0.6345355116007656,0.6249333821997853,0.9730941704035875,0.05263157894736842,0.9602312957281095,0.6414163957643747,,0.595260739326477,270.0
C23→C18,生物信号虚拟交互→神经刺激同步递送,4,31,0.592914879322052,0.6789484024047852,0.43431639671325684,0.5687265594800313,0.0,0.0,1.0,0.3801338552628079,0.5368834240869825,0.5777391303504951,0.0,0.0,0.0,0.0,0.0,0.0,0.5,0.5388695651752475,0.9751098096632503,0.0,0.9875549048316252,0.6397351826830932,,0.5684943199157715,326.0
C23→C19,生物信号虚拟交互→脑机接口交互控制,4,53,0.6636027693748474,0.6790802478790283,0.3890368938446045,0.57723997036616,0.0,0.013157894736842105,1.0,0.3801338552628079,0.7533341408009894,0.678393896328322,0.0,0.0,0.0,0.0,0.0,0.0,0.5,0.589196948164161,0.7592997811816192,0.0,0.8796498905908097,0.6356125217276135,,0.647903323173523,469.0
C23→C2,生物信号虚拟交互→柔性电极采集装置,4,70,0.6129076480865479,0.6454750299453735,0.3934270739555359,0.5506032506624857,0.0,0.0,1.0,0.3801338552628079,0.6073936135656598,0.6117132506416825,0.0,0.0,0.0,0.0,0.0,0.0,0.5,0.5558566253208412,0.8650602409638555,0.0,0.9325301204819277,0.6211229579651725,,0.5728208422660828,1083.0
C23→C20,生物信号虚拟交互→脑控轮椅交互系统,4,10,0.5707484483718872,0.5808480978012085,0.4757339358329773,0.5424434940020243,0.0,0.0,1.0,0.3801338552628079,0.50031249376726,0.5598016926903928,0.0,0.0,0.0,0.0,0.0,0.0,0.5,0.5299008463451964,0.5454545454545454,,,,无高价值专利,0.5293631553649902,
C23→C21,生物信号虚拟交互→多模态脑电融合分析,4,46,0.6216689348220825,0.6390098929405212,0.42363643646240234,0.5614384214083353,0.0,0.0,1.0,0.3801338552628079,0.3291122455290337,0.47451130872228736,0.0,0.0,0.018018018018018018,0.0,0.0,-0.018018018018018018,0.49099196578624643,0.4827516372542669,0.9682345754428833,0.0,0.9841172877214417,0.6247781070092716,,0.565146803855896,937.0
C23→C22,生物信号虚拟交互→脑机虚拟交互控制,4,18,0.6472674608230591,0.669211745262146,0.43759405612945557,0.5846910874048868,0.0,0.0,1.0,0.3801338552628079,0.5586537376365586,0.5883236561740641,0.0,0.0,0.0,0.0,0.0,0.0,0.5,0.5441618280870321,0.7864583333333334,0.0,0.8932291666666667,0.6350001880445699,,0.6443172693252563,499.0
C23→C24,生物信号虚拟交互→闭环神经调控系统,4,24,0.6151861548423767,0.5862466096878052,0.4106963276863098,0.5373763640721638,0.0,0.0,1.0,0.3801338552628079,0.5622256589370602,0.590052788835562,0.0,0.0,0.0,0.0,0.0,0.0,0.5,0.545026394417781,0.9495841995841996,0.125,0.9122920997920998,0.6069835601872797,,0.5543038845062256,1523.0
C23→C25,生物信号虚拟交互→脑电信号模式识别,4,30,0.6171998977661133,0.6448899507522583,0.4377027750015259,0.5665975411732991,0.0,0.0,1.0,0.3801338552628079,0.7095321562876163,0.6589900100081822,0.0,0.0,0.0,0.0,0.0,0.0,0.5,0.5794950050040911,0.872852233676976,,,,无高价值专利,0.593225359916687,
C23→C26,生物信号虚拟交互→神经刺激电极装置,4,43,0.607823371887207,0.6034000515937805,0.4036484956741333,0.5382906397183735,0.0,0.0,1.0,0.3801338552628079,0.578603280366496,0.597951964302925,0.0,0.0,0.0,0.0,0.0,0.0,0.5,0.5489759821514625,0.9559055118110236,0.0,0.9779527559055118,0.6190498263422164,,0.5531981587409973,1163.0
C23→C27,生物信号虚拟交互→认知意识神经评估,4,31,0.6111636757850647,0.5996361970901489,0.4292082190513611,0.5466693639755249,0.0,0.0,1.0,0.3801338552628079,0.8069023936113827,0.7013085982545038,0.0,0.0,0.0,0.034482758620689655,0.0,0.034482758620689655,0.517234548877195,0.6092715735658494,0.916256157635468,0.0,0.958128078817734,0.631385700550466,,0.6066365838050842,671.0
C23→C28,生物信号虚拟交互→脑波交互反馈系统,4,44,0.6613980531692505,0.6840614080429077,0.38896167278289795,0.578140377998352,0.0,0.0,1.0,0.3801338552628079,0.7644472515623096,0.6832237665663348,0.0,0.0,0.0,0.0,0.0,0.0,0.5,0.5916118832831674,0.7387755102040816,0.0,0.8693877551020408,0.634845471994275,,0.649027943611145,507.0
C23→C29,生物信号虚拟交互→深部脑刺激调控,4,83,0.6456073522567749,0.6847922801971436,0.39520978927612305,0.5752031405766804,0.0,0.0,1.0,0.3801338552628079,0.6351596374162822,0.6248185622678973,0.0,0.0,0.0,0.0,0.0,0.0,0.5,0.5624092811339487,0.957544993077988,0.06666666666666667,0.9454391632056607,0.6409495217255741,,0.6163259744644165,281.0
C23→C3,生物信号虚拟交互→脑电状态检测评估,4,50,0.6243915557861328,0.670099139213562,0.42658090591430664,0.5736905336380005,0.0,0.0,1.0,0.3801338552628079,0.5131838629552182,0.5661352150516795,0.0,0.0,0.0,0.0,0.0,0.0,0.5,0.5330676075258398,0.9434650455927052,0.0,0.9717325227963526,0.6394198879149727,,0.6098884344100952,338.0
C23→C30,生物信号虚拟交互→脑电神经反馈康复训练,4,27,0.6400330662727356,0.6677892208099365,0.42281025648117065,0.5768775145212809,0.0,0.02040816326530612,1.0,0.3801338552628079,0.5959707455919181,0.6062732808894726,0.0,0.0,0.009009009009009009,0.0,0.0,-0.009009009009009009,0.49549561735676945,0.5508844491231211,0.7529002320185615,0.3333333333333333,0.7097834493426142,0.5976933807930088,,0.5959995985031128,1638.0
C23→C31,生物信号虚拟交互→植入式神经接口系统,4,22,0.5795223712921143,0.6278718113899231,0.4186105728149414,0.5420015851656595,0.0,0.0,1.0,0.3801338552628079,0.5840290770930134,0.6005579505389049,0.0,0.0,0.0,0.0,0.0,0.0,0.5,0.5502789752694525,1.0,0.0,1.0,0.6253919383423914,,0.5675200819969177,913.0
C23→C32,生物信号虚拟交互→脑电信号评估分析,4,48,0.6406535506248474,0.6833077669143677,0.4060039520263672,0.5766550898551941,0.0,0.0,1.0,0.3801338552628079,0.5236597877749698,0.5712742279730907,0.0,0.0,0.018018018018018018,0.06896551724137931,0.0,0.050947499223361295,0.5254517321781959,0.5483629800756433,0.9023331524688009,0.0,0.9511665762344004,0.6405008223281589,,0.6088888645172119,302.0
C23→C33,生物信号虚拟交互→神经信号采集解码,4,67,0.6353028416633606,0.657152533531189,0.3939055800437927,0.5621203184127808,0.0,0.0,1.0,0.3801338552628079,0.6501304005657931,0.6318108104334901,0.0,0.0,0.018018018018018018,0.0,0.0,-0.018018018018018018,0.49099196578624643,0.5614013881098683,0.9439330543933054,0.0,0.9719665271966527,0.6364204415777067,,0.6054472327232361,431.0
C23→C34,生物信号虚拟交互→脑电图像生成与映射,4,39,0.6345919966697693,0.654435396194458,0.4074755907058716,0.5655009945233662,0.0,0.0,1.0,0.3801338552628079,0.5842642844359555,0.6006707920835171,0.0,0.0,0.009009009009009009,0.0,0.0,-0.009009009009009009,0.49549561735676945,0.5480832047201433,0.7593283582089553,0.0,0.8796641791044777,0.6207383461392696,,0.5922764539718628,1102.0
C23→C35,生物信号虚拟交互→神经刺激参数优化,4,56,0.6224581003189087,0.6143622398376465,0.42366743087768555,0.5534959236780802,0.0,0.0,1.0,0.3801338552628079,0.5508990447467422,0.584562222320121,0.0,0.0,0.009009009009009009,0.0,0.0,-0.009009009009009009,0.49549561735676945,0.5400289198384453,0.9911555470101904,0.0,0.9955777735050952,0.6309118090785305,,0.566632091999054,691.0
C23→C36,生物信号虚拟交互→自适应神经刺激调控,4,15,0.5974059104919434,0.6234662532806396,0.4264993667602539,0.5491238435109456,0.0,0.0,1.0,0.3801338552628079,0.520118521467215,0.5695387053546385,0.0,0.0,0.0,0.0,0.0,0.0,0.5,0.5347693526773192,0.9539347408829175,0.0,0.9769673704414588,0.6239943364835728,,0.5592395067214966,968.0
C23→C37,生物信号虚拟交互→神经调节刺激控制,4,59,0.618395209312439,0.6354337930679321,0.4120762348175049,0.5553017457326253,0.0,0.0,1.0,0.3801338552628079,0.4658115066911082,0.5427343108358964,0.0,0.0,0.018018018018018018,0.0,0.0,-0.018018018018018018,0.49099196578624643,0.5168631383110714,0.992143511850203,0.0,0.9960717559251016,0.6283961575850647,,0.5813785791397095,787.0
C23→C38,生物信号虚拟交互→事件相关电位分析,4,7,0.5969204902648926,0.5636296272277832,0.46531063318252563,0.5419535835584004,0.0,0.0,1.0,0.3801338552628079,0.5150485035655191,0.5670509970510844,0.0,0.0,0.0,0.0,0.0,0.0,0.5,0.5335254985255422,0.7263157894736842,,,,无高价值专利,0.5554913282394409,
C23→C39,生物信号虚拟交互→脑活动监测与解码,4,35,0.6377201080322266,0.6036593914031982,0.4242466688156128,0.5552087227503458,0.0,0.0,1.0,0.3801338552628079,0.8267363689746892,0.7095511346374149,0.0,0.0,0.0,0.0,0.0,0.0,0.5,0.6047755673187074,0.8997214484679665,0.0,0.9498607242339833,0.6352040972737014,,0.633817732334137,489.0
C23→C4,生物信号虚拟交互→神经刺激调控系统,4,84,0.6415940523147583,0.657710075378418,0.3886259198188782,0.5626433491706848,0.0,0.0,1.0,0.3801338552628079,0.5739366304571628,0.5957061516553386,0.0,0.0,0.0,0.034482758620689655,0.0,0.034482758620689655,0.517234548877195,0.5564703502662668,0.9646086282614311,0.0,0.9823043141307155,0.6376728496669885,,0.5844190120697021,385.0
C23→C40,生物信号虚拟交互→脑电虚拟现实交互,4,5,0.6428872346878052,0.6426929235458374,0.4067062735557556,0.5640954772631327,0.0,0.0,1.0,0.3801338552628079,0.409545021537841,0.5147013444124638,0.0,0.0,0.0,0.034482758620689655,0.0,0.034482758620689655,0.517234548877195,0.5159679466448295,0.6150442477876106,0.0,0.8075221238938053,0.6012953527353447,,0.6149880886077881,1608.0
C23→C41,生物信号虚拟交互→脑电电极采集装置,4,40,0.5862918496131897,0.6513482332229614,0.42210185527801514,0.553247312704722,0.0,0.0,1.0,0.3801338552628079,0.4445427445021895,0.5321599849613641,0.0,0.0,0.0,0.034482758620689655,0.0,0.034482758620689655,0.517234548877195,0.5246972669192795,0.9487505294366794,0.0,0.9743752647183397,0.6246958893004346,,0.5601553916931152,941.0
C23→C42,生物信号虚拟交互→脑电听觉调控降噪,4,20,0.607257604598999,0.6448493003845215,0.4244692921638489,0.5588587323824564,0.0,0.0,1.0,0.3801338552628079,0.6573096058558042,0.6351445820141468,0.0,0.0,0.0,0.0,0.0,0.0,0.5,0.5675722910070734,0.9382022471910112,0.0,0.9691011235955056,0.6347487548958095,,0.6120091676712036,512.0
C23→C43,生物信号虚拟交互→癫痫监测预测干预,4,21,0.6054308414459229,0.600975513458252,0.41928625106811523,0.5418975353240967,0.0,0.0,1.0,0.3801338552628079,0.4366782007220494,0.528242080024121,0.0,0.0,0.018018018018018018,0.0,0.0,-0.018018018018018018,0.49099196578624643,0.5096170229051837,0.9698535745047373,0.0,0.9849267872523686,0.6162284816958974,,0.5543373823165894,1254.0
C23→C44,生物信号虚拟交互→脑电频率识别分析,4,13,0.6150051355361938,0.6254520416259766,0.4267754554748535,0.5557442108790079,0.0,0.0,1.0,0.3801338552628079,0.6381395033007632,0.6262146019098607,0.0,0.0,0.0,0.0,0.0,0.0,0.5,0.5631073009549303,0.7122302158273381,0.0,0.8561151079136691,0.6128203155443219,,0.5658475160598755,1378.0
C23→C5,生物信号虚拟交互→眼动脑电视觉分析,4,27,0.6293375492095947,0.632591187953949,0.4420912265777588,0.5680066545804341,0.0,0.0,1.0,0.3801338552628079,0.5322104001372527,0.5754574588751118,0.0,0.0,0.009009009009009009,0.0,0.0,-0.009009009009009009,0.49549561735676945,0.5354765381159406,0.8195050946142649,0.0,0.9097525473071324,0.6254242742917168,,0.5840778946876526,910.0
C23→C6,生物信号虚拟交互→电极阵列植入制造,4,42,0.5673488974571228,0.6116486191749573,0.41301608085632324,0.530671199162801,0.0,0.0,1.0,0.3801338552628079,0.571474259607952,0.5945195183317308,0.0,0.0,0.0,0.0,0.0,0.0,0.5,0.5472597591658654,0.9067315490673155,0.0,0.9533657745336577,0.6095260135317079,,0.5519508123397827,1481.0
C23→C7,生物信号虚拟交互→视觉刺激脑电分析,4,48,0.6263830065727234,0.6190820932388306,0.398698091506958,0.5480543971061707,0.0,0.0,1.0,0.3801338552628079,0.7934048652653686,0.6956232620705455,0.0,0.0,0.0,0.06896551724137931,0.0,0.06896551724137931,0.5344281929745097,0.6150257275225276,0.9191073919107392,0.0,0.9595536959553697,0.6335020584084355,,0.5707064867019653,560.0
C23→C8,生物信号虚拟交互→神经刺激监测装置,4,128,0.6346400380134583,0.6367087364196777,0.4008781909942627,0.5574089884757996,0.0,0.0,1.0,0.3801338552628079,0.7415056039068469,0.6732108675445589,0.0,0.0,0.009009009009009009,0.13793103448275862,0.0,0.12892202547374962,0.5641062381131012,0.6186585528288301,0.9955230399650579,0.0,0.9977615199825289,0.6467167007546405,,0.6140031814575195,158.0
C23→C9,生物信号虚拟交互→经颅聚焦刺激装置,4,47,0.592056155204773,0.6020746231079102,0.42258167266845703,0.5389041503270466,0.0,0.0,1.0,0.3801338552628079,0.5980469930299713,0.6072640676317383,0.0,0.0,0.0,0.0,0.0,0.0,0.5,0.5536320338158691,0.9824984912492456,0.0,0.9912492456246228,0.6223761803255212,,0.5706807374954224,1043.0
C24→C0,闭环神经调控系统→脑电情绪识别分析,12,58,0.6627401113510132,0.646384060382843,0.3617545962333679,0.5569595893224081,0.0,0.0,1.0,0.44563815741564167,0.5536726087522731,0.5538080491863017,0.0,0.0,0.02702702702702703,0.0,0.0,-0.02702702702702703,0.48648977588659537,0.5201489125364485,0.7784615384615384,0.25,0.7642307692307693,0.5896028631428969,,0.607276439666748,1693.0
C24→C1,闭环神经调控系统→脑电特征提取分类,12,20,0.6214653253555298,0.5842313766479492,0.41514909267425537,0.5402819315592448,0.0,0.0,0.9787234042553191,0.44563815741564167,0.6932301006799398,0.6213268609405704,0.0,0.0,0.0,0.0,0.0,0.0,0.5,0.5606634304702852,0.45263157894736844,,,,无高价值专利,0.5790111422538757,
C24→C10,闭环神经调控系统→神经信息分析诊断,12,36,0.6513325572013855,0.6587454080581665,0.34995484352111816,0.5533442695935568,0.0,0.0,0.9649122807017544,0.44563815741564167,0.5811448339517777,0.5673416647331674,0.0,0.0,0.0,0.13793103448275862,0.0,0.13793103448275862,0.5685314644405662,0.5679365645868668,0.9879379666858128,0.0,0.9939689833429064,0.6351073792782667,,0.6495659351348877,494.0
C24→C11,闭环神经调控系统→睡眠脑电调控增强,12,51,0.6883401870727539,0.6661683320999146,0.36005067825317383,0.5715197324752808,0.005025125628140704,0.0125,0.9878048780487805,0.44563815741564167,0.6835550559100223,0.6167636051753118,0.0,0.0,0.009009009009009009,0.0,0.0,-0.009009009009009009,0.49549561735676945,0.5561296112660407,0.949193066347878,0.0,0.974596533173939,0.6423411419221454,,0.6091168522834778,252.0
C24→C12,闭环神经调控系统→视觉脑电解码评估,12,30,0.6530362367630005,0.581373929977417,0.3971751928329468,0.5438617865244547,0.0,0.0,0.9807692307692307,0.44563815741564167,0.7829175892646888,0.6625232122507421,0.0,0.0,0.0,0.0,0.0,0.0,0.5,0.581261606125371,0.6666666666666666,0.0,0.8333333333333333,0.6041349608434131,,0.5676156282424927,1565.0
C24→C13,闭环神经调控系统→多模态神经交互评估,12,43,0.6824756860733032,0.6551775932312012,0.3740604519844055,0.57057124376297,0.0,0.0,1.0,0.44563815741564167,0.6373326104204997,0.5946902051320534,0.0,0.0,0.009009009009009009,0.1724137931034483,0.0,0.1634047840944393,0.5809828937506275,0.5878365494413405,0.8674772036474164,0.0,0.9337386018237082,0.6401640661026824,,0.6340751647949219,314.0
C24→C14,闭环神经调控系统→脑电信号采集处理,12,66,0.6744158864021301,0.6716038584709167,0.34710586071014404,0.5643752018610636,0.0,0.009259259259259259,0.9595959595959596,0.44563815741564167,0.679455675419048,0.614823848605301,0.0,0.0,0.009009009009009009,0.0,0.0,-0.009009009009009009,0.49549561735676945,0.5551597329810353,0.7874493927125507,0.0,0.8937246963562753,0.6236519055040368,,0.6212340593338013,993.0
C24→C15,闭环神经调控系统→心理生理反馈调节,12,18,0.62946617603302,0.5813231468200684,0.39952975511550903,0.5367730259895325,0.0,0.0,1.0,0.44563815741564167,0.5865596100887834,0.5699979787094511,0.0,0.0,0.0,0.0,0.0,0.0,0.5,0.5349989893547256,0.8366666666666667,0.0,0.9183333333333333,0.6059103692095857,,0.5939915180206299,1541.0
C24→C16,闭环神经调控系统→事件相关电位检测,12,37,0.6466748118400574,0.557754397392273,0.4021402597427368,0.5355231563250223,0.0,0.0,0.9827586206896551,0.44563815741564167,0.4632333326977074,0.5087966798711615,0.0,0.0,0.0,0.0,0.0,0.0,0.5,0.5043983399355807,0.9571865443425076,0.0,0.9785932721712538,0.6099727481750653,,0.5738707184791565,1469.0
C24→C17,闭环神经调控系统→神经反馈刺激分析,12,58,0.7107366919517517,0.6487022638320923,0.32952994108200073,0.5629896322886149,0.005235602094240838,0.0,1.0,0.44563815741564167,0.6150229443551454,0.5838916067927541,0.0,0.0,0.0,0.27586206896551724,0.0,0.27586206896551724,0.6345355116007656,0.6092135591967598,0.9730941704035875,0.05263157894736842,0.9602312957281095,0.6429640105862672,,0.664055585861206,234.0
C24→C18,闭环神经调控系统→神经刺激同步递送,12,31,0.6747087240219116,0.7134631276130676,0.3595808744430542,0.5825842420260111,0.0,0.0,1.0,0.44563815741564167,0.5368834240869825,0.5454964401447442,0.0,0.0,0.0,0.0,0.0,0.0,0.5,0.5227482200723721,0.9751098096632503,0.0,0.9875549048316252,0.6462921638229882,,0.6626650094985962,166.0
C24→C19,闭环神经调控系统→脑机接口交互控制,12,53,0.673296332359314,0.6391119956970215,0.3538820743560791,0.5554301341374714,0.0048543689320388345,0.010752688172043012,0.974025974025974,0.44563815741564167,0.7533341408009894,0.649169799256813,0.0,0.0,0.0,0.0,0.0,0.0,0.5,0.5745848996284064,0.7592997811816192,0.0,0.8796498905908097,0.6186136186933211,,0.6358973979949951,1183.0
C24→C2,闭环神经调控系统→柔性电极采集装置,12,70,0.6381958723068237,0.6857177019119263,0.4048917293548584,0.5762684345245361,0.0,0.0,1.0,0.44563815741564167,0.6073936135656598,0.5801796492732714,0.0,0.0,0.0,0.0,0.0,0.0,0.5,0.5400898246366357,0.8650602409638555,0.0,0.9325301204819277,0.6356223679774233,,0.6279720067977905,468.0
C24→C20,闭环神经调控系统→脑控轮椅交互系统,12,10,0.6029279828071594,0.557092010974884,0.45797622203826904,0.5393320719401041,0.0,0.0,1.0,0.44563815741564167,0.50031249376726,0.5273099611958874,0.0,0.0,0.0,0.0,0.0,0.0,0.5,0.5136549805979437,0.5454545454545454,,,,无高价值专利,0.5268034934997559,
C24→C21,闭环神经调控系统→多模态脑电融合分析,12,46,0.6259878873825073,0.6075857877731323,0.4144355058670044,0.5493363936742146,0.0,0.0,1.0,0.44563815741564167,0.3291122455290337,0.4419993233617386,0.0,0.0,0.018018018018018018,0.0,0.0,-0.018018018018018018,0.49099196578624643,0.4664956445739925,0.9682345754428833,0.0,0.9841172877214417,0.6139198036464248,,0.5799624919891357,1346.0
C24→C22,闭环神经调控系统→脑机虚拟交互控制,12,18,0.641974687576294,0.5800620317459106,0.37654364109039307,0.5328601201375325,0.0,0.0,0.9722222222222222,0.44563815741564167,0.5586537376365586,0.5562684306069032,0.0,0.0,0.0,0.0,0.0,0.0,0.5,0.5281342153034516,0.7864583333333334,0.0,0.8932291666666667,0.5979129803759315,,0.5434373617172241,1637.0
C24→C23,闭环神经调控系统→生物信号虚拟交互,12,26,0.6151861548423767,0.5862466096878052,0.4106963276863098,0.5373763640721638,0.0,0.0,1.0,0.44563815741564167,0.5849439801948719,0.5692058175380098,0.0,0.0,0.009009009009009009,0.0,0.0,-0.009009009009009009,0.49549561735676945,0.5323507174473896,0.9470198675496688,0.0,0.9735099337748344,0.6149914133689239,,0.5543038845062256,1292.0
C24→C25,闭环神经调控系统→脑电信号模式识别,12,30,0.661226212978363,0.6799064874649048,0.3928792476654053,0.578003982702891,0.0,0.017241379310344827,0.9848484848484849,0.44563815741564167,0.7095321562876163,0.6289670499610726,0.0,0.0,0.0,0.0,0.0,0.0,0.5,0.5644835249805362,0.872852233676976,,,,无高价值专利,0.6029598116874695,
C24→C26,闭环神经调控系统→神经刺激电极装置,12,43,0.6771187782287598,0.7049211263656616,0.3768165111541748,0.5862854719161987,0.0,0.0,0.9838709677419355,0.44563815741564167,0.578603280366496,0.5660935147618853,0.0,0.0,0.0,0.0,0.0,0.0,0.5,0.5330467573809426,0.9559055118110236,0.0,0.9779527559055118,0.6488722645631785,,0.6459217071533203,122.0
C24→C27,闭环神经调控系统→认知意识神经评估,12,31,0.6371068954467773,0.5854440927505493,0.39478838443756104,0.5391131242116292,0.0,0.0,1.0,0.44563815741564167,0.8069023936113827,0.6731635607366112,0.0,0.0,0.0,0.034482758620689655,0.0,0.034482758620689655,0.517234548877195,0.595199054806903,0.916256157635468,0.0,0.958128078817734,0.6238800752256756,,0.5771644115447998,983.0
C24→C28,闭环神经调控系统→脑波交互反馈系统,12,44,0.6726831197738647,0.6374269127845764,0.35254156589508057,0.5542171994845072,0.0,0.013333333333333334,0.9852941176470589,0.44563815741564167,0.7644472515623096,0.6542148505418522,0.0,0.0,0.0,0.0,0.0,0.0,0.5,0.5771074252709261,0.7387755102040816,0.0,0.8693877551020408,0.6164854028172282,,0.608295738697052,1249.0
C24→C29,闭环神经调控系统→深部脑刺激调控,12,83,0.7319885492324829,0.7212900519371033,0.3141595721244812,0.5891460577646891,0.0035087719298245615,0.0,0.9829059829059829,0.44563815741564167,0.6351596374162822,0.593642255801777,0.0,0.0,0.0,0.0,0.0,0.0,0.5,0.5468211279008885,0.957544993077988,0.06666666666666667,0.9454391632056607,0.6475295919475031,,0.6793614029884338,140.0
C24→C3,闭环神经调控系统→脑电状态检测评估,12,50,0.6558732986450195,0.6327929496765137,0.39348912239074707,0.5607184569040934,0.004784688995215311,0.01282051282051282,0.9878048780487805,0.44563815741564167,0.5131838629552182,0.533721584325123,0.0,0.0,0.0,0.0,0.0,0.0,0.5,0.5168607921625614,0.9434650455927052,0.0,0.9717325227963526,0.627979314688415,,0.6021838784217834,804.0
C24→C30,闭环神经调控系统→脑电神经反馈康复训练,12,27,0.673370361328125,0.6436848044395447,0.3464515209197998,0.5545022288958231,0.0,0.015151515151515152,0.9852941176470589,0.44563815741564167,0.5959707455919181,0.5746051166422642,0.0,0.0,0.009009009009009009,0.0,0.0,-0.009009009009009009,0.49549561735676945,0.5350503669995168,0.7529002320185615,0.3333333333333333,0.7097834493426142,0.5807303591584685,,0.6181823015213013,1741.0
C24→C31,闭环神经调控系统→植入式神经接口系统,12,22,0.6206225156784058,0.666375994682312,0.45183438062667847,0.5796109636624653,0.0,0.0,1.0,0.44563815741564167,0.5840290770930134,0.5687570730428253,0.0,0.0,0.0,0.0,0.0,0.0,0.5,0.5343785365214127,1.0,0.0,1.0,0.6483999351332338,,0.6091617345809937,127.0
C24→C32,闭环神经调控系统→脑电信号评估分析,12,48,0.6673333644866943,0.6251919269561768,0.35638320446014404,0.549636165301005,0.0,0.0,0.989247311827957,0.44563815741564167,0.5236597877749698,0.5389318496334407,0.0,0.0,0.018018018018018018,0.06896551724137931,0.0,0.050947499223361295,0.5254517321781959,0.5321917909058183,0.9023331524688009,0.0,0.9511665762344004,0.6196288303354799,,0.5924150943756104,1144.0
C24→C33,闭环神经调控系统→神经信号采集解码,12,67,0.691257655620575,0.6660338044166565,0.3363521099090576,0.5645478566487631,0.0,0.0,0.991304347826087,0.44563815741564167,0.6501304005657931,0.6008443527349389,0.0,0.0,0.018018018018018018,0.0,0.0,-0.018018018018018018,0.49099196578624643,0.5459181592605926,0.9439330543933054,0.0,0.9719665271966527,0.6354830500152463,,0.6578205227851868,474.0
C24→C34,闭环神经调控系统→脑电图像生成与映射,12,39,0.6357526779174805,0.6365566253662109,0.3893420100212097,0.5538837711016337,0.0,0.015873015873015872,0.9692307692307692,0.44563815741564167,0.5842642844359555,0.5688724490784713,0.0,0.0,0.009009009009009009,0.0,0.0,-0.009009009009009009,0.49549561735676945,0.5321840332176204,0.7593283582089553,0.0,0.8796641791044777,0.6103154853150273,,0.5909706354141235,1457.0
C24→C35,闭环神经调控系统→神经刺激参数优化,12,56,0.7082607746124268,0.7259188294410706,0.3468601107597351,0.5936799049377441,0.004739336492890996,0.0136986301369863,1.0,0.44563815741564167,0.5508990447467422,0.5524369220790836,0.0,0.0,0.009009009009009009,0.0,0.0,-0.009009009009009009,0.49549561735676945,0.5239662697179265,0.9911555470101904,0.0,0.9955777735050952,0.6552465275811566,,0.6905658841133118,63.0
C24→C36,闭环神经调控系统→自适应神经刺激调控,12,15,0.7087401151657104,0.7088136076927185,0.3170016407966614,0.5781851212183634,0.0,0.0,1.0,0.44563815741564167,0.520118521467215,0.5371714733551641,0.0,0.0,0.0,0.0,0.0,0.0,0.5,0.5185857366775821,0.9539347408829175,0.0,0.9769673704414588,0.6408389267710097,,0.6673781871795654,285.0
C24→C37,闭环神经调控系统→神经调节刺激控制,12,59,0.7084238529205322,0.7245349884033203,0.3102583885192871,0.5810724099477131,0.00966183574879227,0.009433962264150943,0.96875,0.44563815741564167,0.4658115066911082,0.5100853065558805,0.0,0.0,0.018018018018018018,0.0,0.0,-0.018018018018018018,0.49099196578624643,0.5005386361710634,0.992143511850203,0.0,0.9960717559251016,0.6429388326962265,,0.7048621773719788,236.0
C24→C38,闭环神经调控系统→事件相关电位分析,12,7,0.6139272451400757,0.5334467887878418,0.4146451950073242,0.5206730763117472,0.0,0.0,1.0,0.44563815741564167,0.5150485035655191,0.5346495461224345,0.0,0.0,0.0,0.0,0.0,0.0,0.5,0.5173247730612173,0.7263157894736842,,,,无高价值专利,0.5315123200416565,
C24→C39,闭环神经调控系统→脑活动监测与解码,12,35,0.6570971012115479,0.651665210723877,0.3969654440879822,0.568575918674469,0.0,0.0,0.9736842105263158,0.44563815741564167,0.8267363689746892,0.6818304109541523,0.0,0.0,0.0,0.0,0.0,0.0,0.5,0.5909152054770761,0.8997214484679665,0.0,0.9498607242339833,0.6420322930864667,,0.608595609664917,261.0
C24→C4,闭环神经调控系统→神经刺激调控系统,12,84,0.7129572629928589,0.7010981440544128,0.2953763008117676,,0.015267175572519083,0.018292682926829267,0.9685534591194969,,,,,,,,,,,,,,,,未过前提,0.682442307472229,
C24→C40,闭环神经调控系统→脑电虚拟现实交互,12,5,0.6606714725494385,0.5306235551834106,0.3902587294578552,0.5271845857302347,0.0,0.0,1.0,0.44563815741564167,0.409545021537841,0.4819612644880793,0.0,0.0,0.0,0.034482758620689655,0.0,0.034482758620689655,0.517234548877195,0.49959790668263715,0.6150442477876106,0.0,0.8075221238938053,0.5745023530384762,,0.585752546787262,1761.0
C24→C41,闭环神经调控系统→脑电电极采集装置,12,40,0.6276429891586304,0.635992169380188,0.44172728061676025,0.5684541463851929,0.0064516129032258064,0.0,1.0,0.44563815741564167,0.4445427445021895,0.49945229376234346,0.0,0.0,0.0,0.034482758620689655,0.0,0.034482758620689655,0.517234548877195,0.5083434213197693,0.9487505294366794,0.0,0.9743752647183397,0.6321625573584625,,0.5959365367889404,638.0
C24→C42,闭环神经调控系统→脑电听觉调控降噪,12,20,0.647284984588623,0.6131656169891357,0.4018557071685791,0.5541021029154459,0.0,0.0,1.0,0.44563815741564167,0.6573096058558042,0.6042828983573781,0.0,0.0,0.0,0.0,0.0,0.0,0.5,0.5521414491786891,0.9382022471910112,0.0,0.9691011235955056,0.6289574549346744,,0.5988109111785889,765.0
C24→C43,闭环神经调控系统→癫痫监测预测干预,12,21,0.6280950307846069,0.5771225094795227,0.4107952117919922,0.5386709173520405,0.0,0.0,1.0,0.44563815741564167,0.4366782007220494,0.4955201415348051,0.0,0.0,0.018018018018018018,0.0,0.0,-0.018018018018018018,0.49099196578624643,0.4932560536605258,0.9698535745047373,0.0,0.9849267872523686,0.6113267244926979,,0.5960702896118164,1427.0
C24→C44,闭环神经调控系统→脑电频率识别分析,12,13,0.6380645632743835,0.6327341198921204,0.4015212059020996,0.5574399630228678,0.0,0.0,1.0,0.44563815741564167,0.6381395033007632,0.5950791224751514,0.0,0.0,0.0,0.0,0.0,0.0,0.5,0.5475395612375757,0.7122302158273381,0.0,0.8561151079136691,0.6112388806058942,,0.6016610860824585,1431.0
C24→C5,闭环神经调控系统→眼动脑电视觉分析,12,27,0.644943118095398,0.5478273630142212,0.3857678771018982,0.5261794527371724,0.0,0.0,1.0,0.44563815741564167,0.5322104001372527,0.5431783049731571,0.0,0.0,0.009009009009009009,0.0,0.0,-0.009009009009009009,0.49549561735676945,0.5193369611649633,0.8195050946142649,0.0,0.9097525473071324,0.5946920120306166,,0.559733510017395,1661.0
C24→C6,闭环神经调控系统→电极阵列植入制造,12,42,0.6063936948776245,0.6882959604263306,0.4166458249092102,0.5704451600710551,0.0,0.0,1.0,0.44563815741564167,0.571474259607952,0.5625880444933208,0.0,0.0,0.0,0.0,0.0,0.0,0.5,0.5312940222466604,0.9067315490673155,0.0,0.9533657745336577,0.6338217247834245,,0.6198828816413879,548.0
C24→C7,闭环神经调控系统→视觉刺激脑电分析,12,48,0.6659008264541626,0.5933854579925537,0.35537582635879517,0.5382207036018372,0.0,0.0,0.9863013698630136,0.44563815741564167,0.7934048652653686,0.6671967300812685,0.0,0.0,0.0,0.06896551724137931,0.0,0.06896551724137931,0.5344281929745097,0.6008124615278891,0.9191073919107392,0.0,0.9595536959553697,0.6243884351076541,,0.5866004228591919,953.0
C24→C8,闭环神经调控系统→神经刺激监测装置,12,128,0.7302522659301758,0.7229725122451782,0.3029741048812866,0.5853996276855469,0.0,0.005847953216374269,0.9876543209876543,0.44563815741564167,0.7415056039068469,0.6437631116211512,0.0,0.0,0.009009009009009009,0.13793103448275862,0.0,0.12892202547374962,0.5641062381131012,0.6039346748671262,0.9955230399650579,0.0,0.9977615199825289,0.663577305138607,,0.6931039094924927,21.0
C24→C9,闭环神经调控系统→经颅聚焦刺激装置,12,47,0.6789017915725708,0.6938288807868958,0.36153554916381836,0.5780887405077616,0.0,0.0,0.9682539682539683,0.44563815741564167,0.5980469930299713,0.5756198120847459,0.0,0.0,0.0,0.0,0.0,0.0,0.5,0.5378099060423729,0.9824984912492456,0.0,0.9912492456246228,0.6464790010806846,,0.6578645706176758,164.0
C25→C0,脑电信号模式识别→脑电情绪识别分析,8,58,0.7085294723510742,0.7185249328613281,0.3482869863510132,0.5917804638544718,0.011904761904761904,0.0136986301369863,1.0,0.4080559929338693,0.5536726087522731,0.572298021612306,0.0,0.0,0.02702702702702703,0.0,0.0,-0.02702702702702703,0.48648977588659537,0.5293938987494506,0.7784615384615384,0.25,0.7642307692307693,0.6132078297089312,,0.6514763832092285,1361.0
C25→C1,脑电信号模式识别→脑电特征提取分类,8,20,0.6905100345611572,0.6516543626785278,0.3733532428741455,0.5718392133712769,0.018018018018018018,0.047619047619047616,1.0,0.4080559929338693,0.6932301006799398,0.6388435201733521,0.0,0.0,0.0,0.0,0.0,0.0,0.5,0.569421760086676,0.45263157894736844,,,,无高价值专利,0.6349239945411682,
C25→C10,脑电信号模式识别→神经信息分析诊断,8,36,0.6540087461471558,0.642776370048523,0.3678429126739502,0.5548760096232096,0.0,0.0,0.9827586206896551,0.4080559929338693,0.5811448339517777,0.5856903709169944,0.0,0.0,0.0,0.13793103448275862,0.0,0.13793103448275862,0.5685314644405662,0.5771109176787803,0.9879379666858128,0.0,0.9939689833429064,0.6376536937260058,,0.6545645594596863,386.0
C25→C11,脑电信号模式识别→睡眠脑电调控增强,8,51,0.6883624196052551,0.6746910810470581,0.38446617126464844,0.5825065573056538,0.010256410256410256,0.015151515151515152,1.0,0.4080559929338693,0.6835550559100223,0.634367132841617,0.0,0.0,0.009009009009009009,0.0,0.0,-0.009009009009009009,0.49549561735676945,0.5649313750991932,0.949193066347878,0.0,0.974596533173939,0.6512136862555575,,0.6201839447021484,93.0
C25→C12,脑电信号模式识别→视觉脑电解码评估,8,30,0.6854144334793091,0.6205444931983948,0.3736809492111206,0.5598799586296082,0.007462686567164179,0.0,0.9807692307692307,0.4080559929338693,0.7829175892646888,0.6791183812508657,0.0,0.0,0.0,0.0,0.0,0.0,0.5,0.5895591906254328,0.6666666666666666,0.0,0.8333333333333333,0.6161887909865099,,0.6032570600509644,1257.0
C25→C13,脑电信号模式识别→多模态神经交互评估,8,43,0.6895312666893005,0.6871888637542725,0.3775104284286499,0.5847435196240742,0.0,0.0,0.9880952380952381,0.4080559929338693,0.6373326104204997,0.6126709071944257,0.0,0.0,0.009009009009009009,0.1724137931034483,0.0,0.1634047840944393,0.5809828937506275,0.5968269004725266,0.8674772036474164,0.0,0.9337386018237082,0.6511904463963317,,0.6328045129776001,94.0
C25→C14,脑电信号模式识别→脑电信号采集处理,8,66,0.7051715850830078,0.7039319276809692,0.36461853981018066,0.5912406841913859,0.011673151750972763,0.010638297872340425,0.9901960784313726,0.4080559929338693,0.679455675419048,0.6324633807496692,0.0,0.0,0.009009009009009009,0.0,0.0,-0.009009009009009009,0.49549561735676945,0.5639794990532193,0.7874493927125507,0.0,0.8937246963562753,0.642856959307708,,0.6527167558670044,238.0
C25→C15,脑电信号模式识别→心理生理反馈调节,8,18,0.6220711469650269,0.6287941932678223,0.4362106919288635,0.5623586773872375,0.0,0.034482758620689655,1.0,0.4080559929338693,0.5865596100887834,0.5883157773141731,0.0,0.0,0.0,0.0,0.0,0.0,0.5,0.5441578886570866,0.8366666666666667,0.0,0.9183333333333333,0.6246451171909074,,0.5782352685928345,945.0
C25→C16,脑电信号模式识别→事件相关电位检测,8,37,0.6824642419815063,0.6334315538406372,0.3788038492202759,0.5648998816808064,0.006329113924050633,0.0,0.9827586206896551,0.4080559929338693,0.4632333326977074,0.5275607056778202,0.0,0.0,0.0,0.0,0.0,0.0,0.5,0.5137803528389101,0.9571865443425076,0.0,0.9785932721712538,0.6314252109847978,,0.6271082162857056,668.0
C25→C17,脑电信号模式识别→神经反馈刺激分析,8,58,0.6828950643539429,0.6649722456932068,0.3667733073234558,0.5715468724568684,0.0106951871657754,0.011363636363636364,1.0,0.4080559929338693,0.6150229443551454,0.602030778774039,0.0,0.0,0.0,0.27586206896551724,0.0,0.27586206896551724,0.6345355116007656,0.6182831451874022,0.9730941704035875,0.05263157894736842,0.9602312957281095,0.6503071620124736,,0.6230129599571228,105.0
C25→C18,脑电信号模式识别→神经刺激同步递送,8,31,0.6277298331260681,0.6567832827568054,0.41358882188796997,0.5660339792569478,0.015625,0.0,1.0,0.4080559929338693,0.5368834240869825,0.564059717880204,0.0,0.0,0.0,0.0,0.0,0.0,0.5,0.532029858940102,0.9751098096632503,0.0,0.9875549048316252,0.6367712920578887,,0.6099182367324829,413.0
C25→C19,脑电信号模式识别→脑机接口交互控制,8,53,0.6789844632148743,0.660608172416687,0.36128103733062744,0.5669578909873962,0.009900990099009901,0.012658227848101266,0.9871794871794872,0.4080559929338693,0.7533341408009894,0.6660906660801893,0.0,0.0,0.0,0.0,0.0,0.0,0.5,0.5830453330400946,0.7592997811816192,0.0,0.8796498905908097,0.6277403158350225,,0.6386970281600952,814.0
C25→C2,脑电信号模式识别→柔性电极采集装置,8,70,0.6073600053787231,0.7043769955635071,0.40854692459106445,0.5734279751777649,0.0,0.013888888888888888,1.0,0.4080559929338693,0.6073936135656598,0.5983693310195688,0.0,0.0,0.0,0.0,0.0,0.0,0.5,0.5491846655097844,0.8650602409638555,0.0,0.9325301204819277,0.6353033911762733,,0.6309809684753418,483.0
C25→C20,脑电信号模式识别→脑控轮椅交互系统,8,10,0.6128243207931519,0.6044169664382935,0.39406490325927734,0.5371020634969075,0.013888888888888888,0.0,1.0,0.4080559929338693,0.50031249376726,0.5459978245600218,0.0,0.0,0.0,0.0,0.0,0.0,0.5,0.5229989122800109,0.5454545454545454,,,,无高价值专利,0.5252916812896729,
C25→C21,脑电信号模式识别→多模态脑电融合分析,8,46,0.6739621162414551,0.6521507501602173,0.40180742740631104,0.5759734312693278,0.0213903743315508,0.0,1.0,0.4080559929338693,0.3291122455290337,0.46060992015952745,0.0,0.0,0.018018018018018018,0.0,0.0,-0.018018018018018018,0.49099196578624643,0.47580094297288694,0.9682345754428833,0.0,0.9841172877214417,0.6332291294475382,,0.6204965114593506,575.0
C25→C22,脑电信号模式识别→脑机虚拟交互控制,8,18,0.6692953109741211,0.624319314956665,0.37288975715637207,0.5555014610290527,0.0,0.043478260869565216,1.0,0.4080559929338693,0.5586537376365586,0.5747347380922355,0.0,0.0,0.0,0.0,0.0,0.0,0.5,0.5373673690461178,0.7864583333333334,0.0,0.8932291666666667,0.6146190155499133,,0.5861667990684509,1312.0
C25→C23,脑电信号模式识别→生物信号虚拟交互,8,26,0.6171998977661133,0.6448899507522583,0.4377027750015259,0.5665975411732991,0.0,0.0,1.0,0.4080559929338693,0.5849439801948719,0.5875329424309114,0.0,0.0,0.009009009009009009,0.0,0.0,-0.009009009009009009,0.49549561735676945,0.5415142798938404,0.9470198675496688,0.0,0.9735099337748344,0.6363860376318841,,0.593225359916687,434.0
C25→C24,脑电信号模式识别→闭环神经调控系统,8,24,0.661226212978363,0.6799064874649048,0.3928792476654053,0.578003982702891,0.0,0.0,1.0,0.4080559929338693,0.5622256589370602,0.576479859243485,0.0,0.0,0.0,0.0,0.0,0.0,0.5,0.5382399296217425,0.9495841995841996,0.125,0.9122920997920998,0.6329325480100795,,0.6029598116874695,588.0
C25→C26,脑电信号模式识别→神经刺激电极装置,8,43,0.6223249435424805,0.6861637830734253,0.42071592807769775,0.5764015515645344,0.0,0.0,1.0,0.4080559929338693,0.578603280366496,0.5844563837303793,0.0,0.0,0.0,0.0,0.0,0.0,0.5,0.5422281918651897,0.9559055118110236,0.0,0.9779527559055118,0.6438448119787942,,0.5950621366500854,213.0
C25→C27,脑电信号模式识别→认知意识神经评估,8,31,0.6665841341018677,0.5998895168304443,0.3854476809501648,0.5506404439608256,0.0,0.0,0.9803921568627451,0.4080559929338693,0.8069023936113827,0.6894807327703973,0.0,0.0,0.0,0.034482758620689655,0.0,0.034482758620689655,0.517234548877195,0.6033576408237962,0.916256157635468,0.0,0.958128078817734,0.6331754569728368,,0.6158734560012817,577.0
C25→C28,脑电信号模式识别→脑波交互反馈系统,8,44,0.6728949546813965,0.6499345302581787,0.38379228115081787,0.568873922030131,0.0053475935828877,0.0,1.0,0.4080559929338693,0.7644472515623096,0.6710157026285888,0.0,0.0,0.0,0.0,0.0,0.0,0.5,0.5855078513142944,0.7387755102040816,0.0,0.8693877551020408,0.6276685234232319,,0.6279549598693848,819.0
C25→C29,脑电信号模式识别→深部脑刺激调控,8,83,0.7047119140625,0.7193012237548828,0.37387001514434814,0.5992943843205769,0.0,0.009900990099009901,0.9915254237288136,0.4080559929338693,0.6351596374162822,0.6116390876995039,0.0,0.0,0.0,0.0,0.0,0.0,0.5,0.555819543849752,0.957544993077988,0.06666666666666667,0.9454391632056607,0.6557742242075676,,0.6548763513565063,60.0
C25→C3,脑电信号模式识别→脑电状态检测评估,8,50,0.7045348286628723,0.6677733659744263,0.34381330013275146,0.5720404982566833,0.00975609756097561,0.0,0.9878048780487805,0.4080559929338693,0.5131838629552182,0.552371144003972,0.0,0.0,0.0,0.0,0.0,0.0,0.5,0.526185572001986,0.9434650455927052,0.0,0.9717325227963526,0.6371464890683639,,0.6485087275505066,399.0
C25→C30,脑电信号模式识别→脑电神经反馈康复训练,8,27,0.6766952276229858,0.6511240601539612,0.37592750787734985,0.5679155985514323,0.014492753623188406,0.019230769230769232,1.0,0.4080559929338693,0.5959707455919181,0.5928668378357792,0.0,0.0,0.009009009009009009,0.0,0.0,-0.009009009009009009,0.49549561735676945,0.5441812275962743,0.7529002320185615,0.3333333333333333,0.7097834493426142,0.5908434172784723,,0.6181546449661255,1679.0
C25→C31,脑电信号模式识别→植入式神经接口系统,8,22,0.5813649892807007,0.6949280500411987,0.4460400342941284,0.5741110245386759,0.0,0.03225806451612903,1.0,0.4080559929338693,0.5840290770930134,0.5870894399731114,0.0,0.0,0.0,0.0,0.0,0.0,0.5,0.5435447199865557,1.0,0.0,1.0,0.6462390840885157,,0.5825114846229553,170.0
C25→C32,脑电信号模式识别→脑电信号评估分析,8,48,0.6987947225570679,0.6463108062744141,0.3516996502876282,0.5656017263730366,0.010416666666666666,0.011627906976744186,0.989247311827957,0.4080559929338693,0.5236597877749698,0.5575457737331597,0.0,0.0,0.018018018018018018,0.06896551724137931,0.0,0.050947499223361295,0.5254517321781959,0.5414987529556778,0.9023331524688009,0.0,0.9511665762344004,0.6319451945343497,,0.6237649917602539,647.0
C25→C33,脑电信号模式识别→神经信号采集解码,8,67,0.7108929753303528,0.6917337775230408,0.3726767301559448,0.5917678276697794,0.004329004329004329,0.014285714285714285,0.991304347826087,0.4080559929338693,0.6501304005657931,0.6187270773198179,0.0,0.0,0.018018018018018018,0.0,0.0,-0.018018018018018018,0.49099196578624643,0.5548595215530322,0.9439330543933054,0.0,0.9719665271966527,0.6552313015604196,,0.6469511985778809,64.0
C25→C34,脑电信号模式识别→脑电图像生成与映射,8,39,0.6797181367874146,0.6633033752441406,0.3740442991256714,0.5723552703857422,0.0,0.02040816326530612,0.9848484848484849,0.4080559929338693,0.5842642844359555,0.5872034710774608,0.0,0.0,0.009009009009009009,0.0,0.0,-0.009009009009009009,0.49549561735676945,0.5413495442171151,0.7593283582089553,0.0,0.8796641791044777,0.6240605396850158,,0.6198583841323853,964.0
C25→C35,脑电信号模式识别→神经刺激参数优化,8,56,0.6824324131011963,0.7291005849838257,0.3789820075035095,0.5968383351961771,0.0,0.01694915254237288,1.0,0.4080559929338693,0.5508990447467422,0.5709396931998054,0.0,0.0,0.009009009009009009,0.0,0.0,-0.009009009009009009,0.49549561735676945,0.5332176552782875,0.9911555470101904,0.0,0.9955777735050952,0.6589337891531165,,0.6274252533912659,40.0
C25→C36,脑电信号模式识别→自适应神经刺激调控,8,15,0.6513276100158691,0.6526908874511719,0.3864102363586426,0.5634762446085612,0.0,0.0,1.0,0.4080559929338693,0.520118521467215,0.5557978894214747,0.0,0.0,0.0,0.0,0.0,0.0,0.5,0.5278989447107374,0.9539347408829175,0.0,0.9769673704414588,0.632575747074856,,0.6210458278656006,620.0
C25→C37,脑电信号模式识别→神经调节刺激控制,8,59,0.6574382185935974,0.6743618845939636,0.40016305446624756,0.5773210525512695,0.00980392156862745,0.0,1.0,0.4080559929338693,0.4658115066911082,0.5288456904916679,0.0,0.0,0.018018018018018018,0.0,0.0,-0.018018018018018018,0.49099196578624643,0.5099188281389572,0.992143511850203,0.0,0.9960717559251016,0.6420477689581948,,0.6341320276260376,259.0
C25→C38,脑电信号模式识别→事件相关电位分析,8,7,0.6520957946777344,0.5557291507720947,0.40426790714263916,0.5373642841974894,0.0,0.0,1.0,0.4080559929338693,0.5150485035655191,0.5532930547487375,0.0,0.0,0.0,0.0,0.0,0.0,0.5,0.5266465273743688,0.7263157894736842,,,,无高价值专利,0.5783601999282837,
C25→C39,脑电信号模式识别→脑活动监测与解码,8,35,0.6511712074279785,0.6445685625076294,0.39574068784713745,0.563826819260915,0.0,0.0,0.9736842105263158,0.4080559929338693,0.8267363689746892,0.6979090688999879,0.0,0.0,0.0,0.0,0.0,0.0,0.5,0.598954534449994,0.8997214484679665,0.0,0.9498607242339833,0.6401404740166549,,0.6380188465118408,316.0
C25→C4,脑电信号模式识别→神经刺激调控系统,8,84,0.6770281791687012,0.6850329637527466,0.37684881687164307,0.5796366532643635,0.017793594306049824,0.0,0.9915966386554622,0.4080559929338693,0.5739366304571628,0.5821878603791603,0.0,0.0,0.0,0.034482758620689655,0.0,0.034482758620689655,0.517234548877195,0.5497112046281776,0.9646086282614311,0.0,0.9823043141307155,0.6480175557402662,,0.6282608509063721,131.0
C25→C40,脑电信号模式识别→脑电虚拟现实交互,8,5,0.6639001369476318,0.5302028059959412,0.38363027572631836,0.5259110728899637,0.018518518518518517,0.0,1.0,0.4080559929338693,0.409545021537841,0.5007445137517391,0.0,0.0,0.0,0.034482758620689655,0.0,0.034482758620689655,0.517234548877195,0.508989531314467,0.6150442477876106,0.0,0.8075221238938053,0.575314439081045,,0.5888581871986389,1757.0
C25→C41,脑电信号模式识别→脑电电极采集装置,8,40,0.6048773527145386,0.6943802237510681,0.4435384273529053,0.5809320012728373,0.0,0.022222222222222223,1.0,0.4080559929338693,0.4445427445021895,0.5182352843939804,0.0,0.0,0.0,0.034482758620689655,0.0,0.034482758620689655,0.517234548877195,0.5177349166355877,0.9487505294366794,0.0,0.9743752647183397,0.6420717167546584,,0.6105439066886902,258.0
C25→C42,脑电信号模式识别→脑电听觉调控降噪,8,20,0.6882035732269287,0.638203501701355,0.36345374584198,0.5632869402567545,0.0,0.029411764705882353,1.0,0.4080559929338693,0.6573096058558042,0.6221084596580759,0.0,0.0,0.0,0.0,0.0,0.0,0.5,0.561054229829038,0.9382022471910112,0.0,0.9691011235955056,0.6366782611986167,,0.6392561197280884,419.0
C25→C43,脑电信号模式识别→癫痫监测预测干预,8,21,0.6801140308380127,0.6034390330314636,0.3852401375770569,0.5562644004821777,0.0,0.0,1.0,0.4080559929338693,0.4366782007220494,0.5143071971420354,0.0,0.0,0.018018018018018018,0.0,0.0,-0.018018018018018018,0.49099196578624643,0.502649581464141,0.9698535745047373,0.0,0.9849267872523686,0.6248107171665657,,0.5970388650894165,935.0
C25→C44,脑电信号模式识别→脑电频率识别分析,8,13,0.6737059354782104,0.6556456089019775,0.3864189386367798,0.5719234943389893,0.0,0.058823529411764705,1.0,0.4080559929338693,0.6381395033007632,0.6130537973519262,0.0,0.0,0.0,0.0,0.0,0.0,0.5,0.556526898675963,0.7122302158273381,0.0,0.8561151079136691,0.6223054590949568,,0.6551601886749268,1044.0
C25→C5,脑电信号模式识别→眼动脑电视觉分析,8,27,0.6774415373802185,0.5977418422698975,0.3968409299850464,0.5573414365450541,0.0,0.0,1.0,0.4080559929338693,0.5322104001372527,0.5617601987952926,0.0,0.0,0.009009009009009009,0.0,0.0,-0.009009009009009009,0.49549561735676945,0.528627908076031,0.8195050946142649,0.0,0.9097525473071324,0.6171778207694284,,0.6046320796012878,1228.0
C25→C6,脑电信号模式识别→电极阵列植入制造,8,42,0.5729351043701172,0.7094413042068481,0.43113040924072266,0.5711689392725626,0.0,0.01694915254237288,1.0,0.4080559929338693,0.571474259607952,0.5809894581824222,0.0,0.0,0.0,0.0,0.0,0.0,0.5,0.5404947290912111,0.9067315490673155,0.0,0.9533657745336577,0.6358735627034428,,0.5936389565467834,458.0
C25→C7,脑电信号模式识别→视觉刺激脑电分析,8,48,0.7041846513748169,0.6459170579910278,0.33850669860839844,0.5628694693247477,0.0,0.02127659574468085,0.9722222222222222,0.4080559929338693,0.7934048652653686,0.6836718105875902,0.0,0.0,0.0,0.06896551724137931,0.0,0.06896551724137931,0.5344281929745097,0.60905000178105,0.9191073919107392,0.0,0.9595536959553697,0.6427438222811744,,0.6261239051818848,239.0
C25→C8,脑电信号模式识别→神经刺激监测装置,8,128,0.6786679029464722,0.7019065618515015,0.36584901809692383,0.5821411609649658,0.0,0.006369426751592357,0.9876543209876543,0.4080559929338693,0.7415056039068469,0.6608084958012396,0.0,0.0,0.009009009009009009,0.13793103448275862,0.0,0.12892202547374962,0.5641062381131012,0.6124573669571705,0.9955230399650579,0.0,0.9977615199825289,0.6627640648386164,,0.6620250940322876,24.0
C25→C9,脑电信号模式识别→经颅聚焦刺激装置,8,47,0.6217994689941406,0.6529998779296875,0.40858423709869385,0.5611278613408406,0.0,0.0,0.984375,0.4080559929338693,0.5980469930299713,0.5938687615920347,0.0,0.0,0.0,0.0,0.0,0.0,0.5,0.5469343807960174,0.9824984912492456,0.0,0.9912492456246228,0.6365439212755344,,0.6266103386878967,424.0
C26→C0,神经刺激电极装置→脑电情绪识别分析,14,58,0.6175184845924377,0.6868176460266113,0.3909757137298584,0.5651039481163025,0.0,0.0125,1.0,0.6039829123432664,0.5536726087522731,0.47486605036363183,0.0,0.0,0.02702702702702703,0.0,0.0,-0.02702702702702703,0.48648977588659537,0.4806779131251136,0.7784615384615384,0.25,0.7642307692307693,0.5873811497011241,,0.6083203554153442,1705.0
C26→C1,神经刺激电极装置→脑电特征提取分类,14,20,0.5842312574386597,0.6443721055984497,0.4414280652999878,0.5566771427790324,0.0,0.03571428571428571,1.0,0.6039829123432664,0.6932301006799398,0.5445054938801521,0.0,0.0,0.0,0.0,0.0,0.0,0.5,0.5222527469400761,0.45263157894736844,,,,无高价值专利,0.5784542560577393,
C26→C10,神经刺激电极装置→神经信息分析诊断,14,36,0.6390960812568665,0.7008554935455322,0.39112699031829834,0.5770261883735657,0.0,0.0,1.0,0.6039829123432664,0.5811448339517777,0.48858294569602073,0.0,0.0,0.0,0.13793103448275862,0.0,0.13793103448275862,0.5685314644405662,0.5285572050682935,0.9879379666858128,0.0,0.9939689833429064,0.64466074358713,,0.616361141204834,196.0
C26→C11,神经刺激电极装置→睡眠脑电调控增强,14,51,0.627763032913208,0.6578484773635864,0.40675777196884155,0.5641230940818787,0.0,0.0,1.0,0.6039829123432664,0.6835550559100223,0.5397023124114039,0.0,0.0,0.009009009009009009,0.0,0.0,-0.009009009009009009,0.49549561735676945,0.5175989648840866,0.949193066347878,0.0,0.974596533173939,0.6308739856151588,,0.5960525870323181,693.0
C26→C12,神经刺激电极装置→视觉脑电解码评估,14,30,0.5980808734893799,0.6036834120750427,0.4408808946609497,0.5475483934084574,0.0,0.0,1.0,0.6039829123432664,0.7829175892646888,0.5885245670340242,0.0,0.0,0.0,0.0,0.0,0.0,0.5,0.5442622835170121,0.6666666666666666,0.0,0.8333333333333333,0.6001920078431695,,0.5580143928527832,1620.0
C26→C13,神经刺激电极装置→多模态神经交互评估,14,43,0.6406885981559753,0.6719589233398438,0.41150689125061035,0.5747181375821431,0.0,0.0,1.0,0.6039829123432664,0.6373326104204997,0.5166686698521097,0.0,0.0,0.009009009009009009,0.1724137931034483,0.0,0.1634047840944393,0.5809828937506275,0.5488257818013687,0.8674772036474164,0.0,0.9337386018237082,0.6363065133314397,,0.620856761932373,440.0
C26→C14,神经刺激电极装置→脑电信号采集处理,14,66,0.6418439149856567,0.6877281665802002,0.3836503028869629,0.5710741281509399,0.0,0.02,1.0,0.6039829123432664,0.679455675419048,0.537664893869726,0.0,0.0,0.009009009009009009,0.0,0.0,-0.009009009009009009,0.49549561735676945,0.5165802556132477,0.7874493927125507,0.0,0.8937246963562753,0.6213391304667298,,0.6259596943855286,1076.0
C26→C15,神经刺激电极装置→心理生理反馈调节,14,18,0.5780900716781616,0.5898484587669373,0.4524436593055725,0.5401273965835571,0.0,0.027777777777777776,1.0,0.6039829123432664,0.5865596100887834,0.4912892303019493,0.0,0.0,0.0,0.0,0.0,0.0,0.5,0.4956446151509747,0.8366666666666667,0.0,0.9183333333333333,0.60153760192819,,0.5694760084152222,1604.0
C26→C16,神经刺激电极装置→事件相关电位检测,14,37,0.6115773916244507,0.596351683139801,0.43340516090393066,0.547111411889394,0.0,0.0,1.0,0.6039829123432664,0.4632333326977074,0.43008627557239915,0.0,0.0,0.0,0.0,0.0,0.0,0.5,0.46504313778619955,0.9571865443425076,0.0,0.9785932721712538,0.6112467973381697,,0.5685228705406189,1429.0
C26→C17,神经刺激电极装置→神经反馈刺激分析,14,58,0.6400060653686523,0.6508193016052246,0.37906116247177124,0.5566288431485493,0.0,0.010526315789473684,1.0,0.6039829123432664,0.6150229443551454,0.5055197917527776,0.0,0.0,0.0,0.27586206896551724,0.0,0.27586206896551724,0.6345355116007656,0.5700276516767716,0.9730941704035875,0.05263157894736842,0.9602312957281095,0.6321692932020899,,0.6334777474403381,637.0
C26→C18,神经刺激电极装置→神经刺激同步递送,14,31,0.6669782400131226,0.7258593440055847,0.37851518392562866,0.5904509226481119,0.00819672131147541,0.01818181818181818,1.0,0.6039829123432664,0.5368834240869825,0.4665005161580151,0.0,0.0,0.0,0.0,0.0,0.0,0.5,0.48325025807900757,0.9751098096632503,0.0,0.9875549048316252,0.6446445915354226,,0.6403598785400391,197.0
C26→C19,神经刺激电极装置→脑机接口交互控制,14,53,0.6299840211868286,0.6137521266937256,0.3921332359313965,0.5452897946039835,0.0,0.011627906976744186,1.0,0.6039829123432664,0.7533341408009894,0.5741252910227785,0.0,0.0,0.0,0.0,0.0,0.0,0.5,0.5370626455113893,0.7592997811816192,0.0,0.8796498905908097,0.6054483755635316,,0.6088029146194458,1547.0
C26→C2,神经刺激电极装置→柔性电极采集装置,14,70,0.6655858755111694,0.7850661277770996,0.32306087017059326,0.5912376244862875,0.004784688995215311,0.02564102564102564,1.0,0.6039829123432664,0.6073936135656598,0.5017053439985129,0.0,0.0,0.0,0.0,0.0,0.0,0.5,0.5008526719992564,0.8650602409638555,0.0,0.9325301204819277,0.6385429500927298,,0.6894842386245728,361.0
C26→C20,神经刺激电极装置→脑控轮椅交互系统,14,10,0.5713493824005127,0.5707073211669922,0.47478973865509033,0.5389488140741984,0.0,0.0,1.0,0.6039829123432664,0.50031249376726,0.44834969643829325,0.0,0.0,0.0,0.0,0.0,0.0,0.5,0.4741748482191466,0.5454545454545454,,,,无高价值专利,0.5225777626037598,
C26→C21,神经刺激电极装置→多模态脑电融合分析,14,46,0.6132920980453491,0.6673523187637329,0.4221263527870178,0.5675902565320332,0.0,0.0,1.0,0.6039829123432664,0.3291122455290337,0.3659244236463963,0.0,0.0,0.018018018018018018,0.0,0.0,-0.018018018018018018,0.49099196578624643,0.4284581947163214,0.9682345754428833,0.0,0.9841172877214417,0.6194605108195823,,0.5851083993911743,1151.0
C26→C22,神经刺激电极装置→脑机虚拟交互控制,14,18,0.6137456893920898,0.5871968269348145,0.44103628396987915,0.5473262667655945,0.0,0.03333333333333333,1.0,0.6039829123432664,0.5586537376365586,0.4773509231321465,0.0,0.0,0.0,0.0,0.0,0.0,0.5,0.4886754615660732,0.7864583333333334,0.0,0.8932291666666667,0.600795961636916,,0.5331188440322876,1614.0
C26→C23,神经刺激电极装置→生物信号虚拟交互,14,26,0.607823371887207,0.6034000515937805,0.4036484956741333,0.5382906397183735,0.0,0.0,1.0,0.6039829123432664,0.5849439801948719,0.49048168396738434,0.0,0.0,0.009009009009009009,0.0,0.0,-0.009009009009009009,0.49549561735676945,0.49298865066207687,0.9470198675496688,0.0,0.9735099337748344,0.6091310778576576,,0.5531981587409973,1485.0
C26→C24,神经刺激电极装置→闭环神经调控系统,14,24,0.6771187782287598,0.7049211263656616,0.3768165111541748,0.5862854719161987,0.0,0.0,1.0,0.6039829123432664,0.5622256589370602,0.4791334999715726,0.0,0.0,0.0,0.0,0.0,0.0,0.5,0.4895667499857863,0.9495841995841996,0.125,0.9122920997920998,0.6297021792854037,,0.6459217071533203,735.0
C26→C25,神经刺激电极装置→脑电信号模式识别,14,30,0.6223249435424805,0.6861637830734253,0.42071592807769775,0.5764015515645344,0.0,0.04,1.0,0.6039829123432664,0.7095321562876163,0.552579510321287,0.0,0.0,0.0,0.0,0.0,0.0,0.5,0.5262897551606436,0.872852233676976,,,,无高价值专利,0.5950621366500854,
C26→C27,神经刺激电极装置→认知意识神经评估,14,31,0.6026138663291931,0.5944603681564331,0.4184073209762573,0.5384938518206278,0.0,0.0,1.0,0.6039829123432664,0.8069023936113827,0.6000897217074056,0.0,0.0,0.0,0.034482758620689655,0.0,0.034482758620689655,0.517234548877195,0.5586621352923002,0.916256157635468,0.0,0.958128078817734,0.617542225339248,,0.5548361539840698,1216.0
C26→C28,神经刺激电极装置→脑波交互反馈系统,14,44,0.6321457624435425,0.6303173303604126,0.400834321975708,0.554432471593221,0.0,0.014705882352941176,1.0,0.6039829123432664,0.7644472515623096,0.5795505615128594,0.0,0.0,0.0,0.0,0.0,0.0,0.5,0.5397752807564298,0.7387755102040816,0.0,0.8693877551020408,0.6102133341271986,,0.588695764541626,1459.0
C26→C29,神经刺激电极装置→深部脑刺激调控,14,83,0.6894373893737793,0.7173291444778442,0.34998780488967896,0.5855847795804341,0.0036363636363636364,0.018691588785046728,1.0,0.6039829123432664,0.6351596374162822,0.5155833139312963,0.0,0.0,0.0,0.0,0.0,0.0,0.5,0.5077916569656482,0.957544993077988,0.06666666666666667,0.9454391632056607,0.638374763127643,,0.6613297462463379,367.0
C26→C3,神经刺激电极装置→脑电状态检测评估,14,50,0.6279424428939819,0.6568871140480042,0.4294404983520508,0.571423351764679,0.005025125628140704,0.0,1.0,0.6039829123432664,0.5131838629552182,0.4547248301927952,0.0,0.0,0.0,0.0,0.0,0.0,0.5,0.4773624150963976,0.9434650455927052,0.0,0.9717325227963526,0.6283498677816101,,0.5897336006164551,789.0
C26→C30,神经刺激电极装置→脑电神经反馈康复训练,14,27,0.6087582111358643,0.6178840398788452,0.4168698191642761,0.5478373567263285,0.0,0.01694915254237288,1.0,0.6039829123432664,0.5959707455919181,0.49599400234538654,0.0,0.0,0.009009009009009009,0.0,0.0,-0.009009009009009009,0.49549561735676945,0.495744809851078,0.7529002320185615,0.3333333333333333,0.7097834493426142,0.569180412123817,,0.5826554298400879,1765.0
C26→C31,神经刺激电极装置→植入式神经接口系统,14,22,0.6670256853103638,0.7523616552352905,0.41193699836730957,0.6104414463043213,0.0,0.08333333333333333,1.0,0.6039829123432664,0.5840290770930134,0.4900244062857038,0.0,0.0,0.0,0.0,0.0,0.0,0.5,0.4950122031428519,1.0,0.0,1.0,0.6619608491216274,,0.6150045990943909,26.0
C26→C32,神经刺激电极装置→脑电信号评估分析,14,48,0.6274207234382629,0.6328536868095398,0.40767884254455566,0.5559844175974528,0.0,0.010752688172043012,1.0,0.6039829123432664,0.5236597877749698,0.4599245869095378,0.0,0.0,0.018018018018018018,0.06896551724137931,0.0,0.050947499223361295,0.5254517321781959,0.4926881595438668,0.9023331524688009,0.0,0.9511665762344004,0.6172128714820941,,0.5951987504959106,1226.0
C26→C33,神经刺激电极装置→神经信号采集解码,14,67,0.647704005241394,0.6873843669891357,0.3789626359939575,0.5713503360748291,0.0,0.02631578947368421,1.0,0.6039829123432664,0.6501304005657931,0.5230573788415976,0.0,0.0,0.018018018018018018,0.0,0.0,-0.018018018018018018,0.49099196578624643,0.507024672313922,0.9439330543933054,0.0,0.9719665271966527,0.633454943823514,,0.6422399282455444,561.0
C26→C34,神经刺激电极装置→脑电图像生成与映射,14,39,0.6140853762626648,0.6576628684997559,0.40432238578796387,0.5586902101834614,0.0,0.017857142857142856,1.0,0.6039829123432664,0.5842642844359555,0.4901419636945373,0.0,0.0,0.009009009009009009,0.0,0.0,-0.009009009009009009,0.49549561735676945,0.49281879052565336,0.7593283582089553,0.0,0.8796641791044777,0.6065874549271923,,0.5837289690971375,1532.0
C26→C35,神经刺激电极装置→神经刺激参数优化,14,56,0.7020370960235596,0.7669650912284851,0.36820024251937866,0.6124008099238077,0.004975124378109453,0.03076923076923077,1.0,0.6039829123432664,0.5508990447467422,0.4734829689446347,0.0,0.0,0.009009009009009009,0.0,0.0,-0.009009009009009009,0.49549561735676945,0.4844892931507021,0.9911555470101904,0.0,0.9955777735050952,0.6605748177665463,,0.6738048791885376,30.0
C26→C36,神经刺激电极装置→自适应神经刺激调控,14,15,0.6542772054672241,0.6905339360237122,0.3878178596496582,0.5775430003801981,0.0,0.030303030303030304,1.0,0.6039829123432664,0.520118521467215,0.458165835125339,0.0,0.0,0.0,0.0,0.0,0.0,0.5,0.4790829175626695,0.9539347408829175,0.0,0.9769673704414588,0.6335912141956389,,0.6345247030258179,558.0
C26→C37,神经刺激电极装置→神经调节刺激控制,14,59,0.6839629411697388,0.7414631843566895,0.353922963142395,0.5931163628896077,0.005050505050505051,0.010101010101010102,1.0,0.6039829123432664,0.4658115066911082,0.4313506116981386,0.0,0.0,0.018018018018018018,0.0,0.0,-0.018018018018018018,0.49099196578624643,0.4611712887421925,0.992143511850203,0.0,0.9960717559251016,0.6439983304973464,,0.687344491481781,209.0
C26→C38,神经刺激电极装置→事件相关电位分析,14,7,0.5857877731323242,0.5637858510017395,0.4009002447128296,0.5168246229489644,0.0,0.0,1.0,0.6039829123432664,0.5150485035655191,0.4556496611445615,0.0,0.0,0.0,0.0,0.0,0.0,0.5,0.47782483057228076,0.7263157894736842,,,,无高价值专利,0.5278987884521484,
C26→C39,神经刺激电极装置→脑活动监测与解码,14,35,0.5976282358169556,0.651800811290741,0.42897552251815796,0.5594681898752848,0.0,0.0,1.0,0.6039829123432664,0.8267363689746892,0.6095704328043425,0.0,0.0,0.0,0.0,0.0,0.0,0.5,0.5547852164021713,0.8997214484679665,0.0,0.9498607242339833,0.6298352570032545,,0.6091172099113464,734.0
C26→C4,神经刺激电极装置→神经刺激调控系统,14,84,0.6809452176094055,0.734020471572876,0.37213319540023804,0.5956996281941731,0.0035971223021582736,0.00819672131147541,1.0,0.6039829123432664,0.5739366304571628,0.4849813782840052,0.0,0.0,0.0,0.034482758620689655,0.0,0.034482758620689655,0.517234548877195,0.5011079635806002,0.9646086282614311,0.0,0.9823043141307155,0.6502931013901063,,0.647375226020813,106.0
C26→C40,神经刺激电极装置→脑电虚拟现实交互,14,5,0.5958390235900879,0.49285194277763367,0.4296616315841675,,0.0,0.0,1.0,,,,,,,,,,,,,,,,未达阈值,0.5675356388092041,
C26→C41,神经刺激电极装置→脑电电极采集装置,14,40,0.6483982801437378,0.6946403980255127,0.3795844316482544,0.5742077032725016,0.0,0.0392156862745098,1.0,0.6039829123432664,0.4445427445021895,0.42094864283459815,0.0,0.0,0.0,0.034482758620689655,0.0,0.034482758620689655,0.517234548877195,0.46909159585589655,0.9487505294366794,0.0,0.9743752647183397,0.6292049600071461,,0.6538376808166504,759.0
C26→C42,神经刺激电极装置→脑电听觉调控降噪,14,20,0.6265771389007568,0.6448214054107666,0.4264049530029297,0.5659344991048176,0.0,0.024390243902439025,1.0,0.6039829123432664,0.6573096058558042,0.5266381009643373,0.0,0.0,0.0,0.0,0.0,0.0,0.5,0.5133190504821686,0.9382022471910112,0.0,0.9691011235955056,0.6304290684996621,,0.5880371332168579,705.0
C26→C43,神经刺激电极装置→癫痫监测预测干预,14,21,0.6104464530944824,0.6799006462097168,0.40903931856155396,0.5664621392885844,0.0,0.0,1.0,0.6039829123432664,0.4366782007220494,0.4171195039723431,0.0,0.0,0.018018018018018018,0.0,0.0,-0.018018018018018018,0.49099196578624643,0.45405573487929474,0.9698535745047373,0.0,0.9849267872523686,0.6233224115808049,,0.6052975654602051,1000.0
C26→C44,神经刺激电极装置→脑电频率识别分析,14,13,0.613726019859314,0.6746193170547485,0.38454532623291016,0.5576302210489908,0.0,0.041666666666666664,1.0,0.6039829123432664,0.6381395033007632,0.5170716569829795,0.0,0.0,0.0,0.0,0.0,0.0,0.5,0.5085358284914898,0.7122302158273381,0.0,0.8561151079136691,0.604511287231935,,0.6031335592269897,1562.0
C26→C5,神经刺激电极装置→眼动脑电视觉分析,14,27,0.6052128076553345,0.5494605302810669,0.44479358196258545,0.5331556399663289,0.0,0.0,1.0,0.6039829123432664,0.5322104001372527,0.46417523740435945,0.0,0.0,0.009009009009009009,0.0,0.0,-0.009009009009009009,0.49549561735676945,0.47983542738056445,0.8195050946142649,0.0,0.9097525473071324,0.5927271562449474,,0.5555533170700073,1669.0
C26→C6,神经刺激电极装置→电极阵列植入制造,14,42,0.6826958656311035,0.7957354784011841,0.34505224227905273,0.60782786210378,0.0,0.046875,1.0,0.6039829123432664,0.571474259607952,0.4837513971379953,0.0,0.0,0.0,0.0,0.0,0.0,0.5,0.49187569856899765,0.9067315490673155,0.0,0.9533657745336577,0.6513771659232638,,0.675871729850769,90.0
C26→C7,神经刺激电极装置→视觉刺激脑电分析,14,48,0.6246308088302612,0.6255813837051392,0.38397401571273804,0.5447287360827128,0.0,0.018518518518518517,1.0,0.6039829123432664,0.7934048652653686,0.5935942368480376,0.0,0.0,0.0,0.06896551724137931,0.0,0.06896551724137931,0.5344281929745097,0.5640112149112737,0.9191073919107392,0.0,0.9595536959553697,0.6229318810649392,,0.5828548073768616,1014.0
C26→C8,神经刺激电极装置→神经刺激监测装置,14,128,0.6966098546981812,0.7490501999855042,0.3283296823501587,0.5913299123446146,0.0,0.018518518518518517,0.9941176470588236,0.6039829123432664,0.7415056039068469,0.5683311173943165,0.0,0.0,0.009009009009009009,0.13793103448275862,0.0,0.12892202547374962,0.5641062381131012,0.5662186777537088,0.9955230399650579,0.0,0.9977615199825289,0.6612693761517314,,0.6765891313552856,27.0
C26→C9,神经刺激电极装置→经颅聚焦刺激装置,14,47,0.6908393502235413,0.7156713008880615,0.35707759857177734,0.58786274989446,0.0,0.0,1.0,0.6039829123432664,0.5980469930299713,0.497032075201684,0.0,0.0,0.0,0.0,0.0,0.0,0.5,0.498516037600842,0.9824984912492456,0.0,0.9912492456246228,0.6462502239995119,,0.6761919856071472,168.0
C27→C0,认知意识神经评估→脑电情绪识别分析,12,58,0.6764606237411499,0.6359614133834839,0.35923492908477783,0.5572189887364706,0.012345679012345678,0.0,0.9912280701754386,0.5043731578459995,0.5536726087522731,0.5246297749893507,0.0,0.0,0.02702702702702703,0.0,0.0,-0.02702702702702703,0.48648977588659537,0.505559775437973,0.7784615384615384,0.25,0.7642307692307693,0.5870787784619541,,0.6300630569458008,1709.0
C27→C1,认知意识神经评估→脑电特征提取分类,12,20,0.6429184675216675,0.5771039128303528,0.4213714599609375,0.5471312801043192,0.009708737864077669,0.0,1.0,0.5043731578459995,0.6932301006799398,0.5933216018406351,0.0,0.0,0.0,0.0,0.0,0.0,0.5,0.5466608009203175,0.45263157894736844,,,,无高价值专利,0.6014248728752136,
C27→C10,认知意识神经评估→神经信息分析诊断,12,36,0.6520358324050903,0.6451308131217957,0.3465474843978882,0.5479047099749247,0.0,0.022727272727272728,1.0,0.5043731578459995,0.5811448339517777,0.5383106014501845,0.0,0.0,0.0,0.13793103448275862,0.0,0.13793103448275862,0.5685314644405662,0.5534210329453754,0.9879379666858128,0.0,0.9939689833429064,0.6290004240059902,,0.6496387720108032,764.0
C27→C11,认知意识神经评估→睡眠脑电调控增强,12,51,0.6732914447784424,0.6325861811637878,0.356670618057251,0.554182747999827,0.010752688172043012,0.0,1.0,0.5043731578459995,0.6835550559100223,0.5886442976163409,0.0,0.0,0.009009009009009009,0.0,0.0,-0.009009009009009009,0.49549561735676945,0.5420699574865552,0.949193066347878,0.0,0.974596533173939,0.6282548348274342,,0.6346546411514282,794.0
C27→C12,认知意识神经评估→视觉脑电解码评估,12,30,0.6745976209640503,0.6340935230255127,0.3600335121154785,0.5562415520350138,0.0,0.018867924528301886,1.0,0.5043731578459995,0.7829175892646888,0.6357786921165027,0.0,0.0,0.0,0.0,0.0,0.0,0.5,0.5678893460582514,0.6666666666666666,0.0,0.8333333333333333,0.6100268094606928,,0.6270613670349121,1468.0
C27→C13,认知意识神经评估→多模态神经交互评估,12,43,0.6865333914756775,0.6999287605285645,0.33050280809402466,0.5723216533660889,0.005154639175257732,0.0,0.9886363636363636,0.5043731578459995,0.6373326104204997,0.566090729112028,0.0,0.0,0.009009009009009009,0.1724137931034483,0.0,0.1634047840944393,0.5809828937506275,0.5735368114313277,0.8674772036474164,0.0,0.9337386018237082,0.6389239297855343,,0.6634588241577148,352.0
C27→C14,认知意识神经评估→脑电信号采集处理,12,66,0.6866003274917603,0.6496608257293701,0.3764945864677429,0.570918579896291,0.016194331983805668,0.0196078431372549,1.0,0.5043731578459995,0.679455675419048,0.5866575989381709,0.0,0.0,0.009009009009009009,0.0,0.0,-0.009009009009009009,0.49549561735676945,0.5410766081474702,0.7874493927125507,0.0,0.8937246963562753,0.6255315411482542,,0.5975069999694824,907.0
C27→C15,认知意识神经评估→心理生理反馈调节,12,18,0.6417490243911743,0.6394842267036438,0.37615132331848145,0.5524615248044331,0.014084507042253521,0.02631578947368421,1.0,0.5043731578459995,0.5865596100887834,0.541000952476947,0.0,0.0,0.0,0.0,0.0,0.0,0.5,0.5205004762384735,0.8366666666666667,0.0,0.9183333333333333,0.6140072201851061,,0.5999159812927246,1340.0
C27→C16,认知意识神经评估→事件相关电位检测,12,37,0.6595615744590759,0.6543393731117249,0.3645627498626709,0.5594878991444905,0.0,0.0,1.0,0.5043731578459995,0.4632333326977074,0.4794416843325031,0.0,0.0,0.0,0.0,0.0,0.0,0.5,0.48972084216625156,0.9571865443425076,0.0,0.9785932721712538,0.6237204877699809,,0.6489496231079102,990.0
C27→C17,认知意识神经评估→神经反馈刺激分析,12,58,0.6930663585662842,0.6607140302658081,0.3276759386062622,0.5604854424794514,0.00558659217877095,0.0,1.0,0.5043731578459995,0.6150229443551454,0.55510020575413,0.0,0.0,0.0,0.27586206896551724,0.0,0.27586206896551724,0.6345355116007656,0.5948178586774477,0.9730941704035875,0.05263157894736842,0.9602312957281095,0.6388872961802964,,0.6155354380607605,353.0
C27→C18,认知意识神经评估→神经刺激同步递送,12,31,0.6241052150726318,0.6076390743255615,0.3988910913467407,0.543545126914978,0.0,0.0,1.0,0.5043731578459995,0.5368834240869825,0.5162494087628106,0.0,0.0,0.0,0.0,0.0,0.0,0.5,0.5081247043814052,0.9751098096632503,0.0,0.9875549048316252,0.6175395753100492,,0.5703830122947693,1217.0
C27→C19,认知意识神经评估→脑机接口交互控制,12,53,0.6698451042175293,0.6378997564315796,0.34711307287216187,0.5516193111737568,0.010362694300518135,0.0,0.9753086419753086,0.5043731578459995,0.7533341408009894,0.6219708613491932,0.0,0.0,0.0,0.0,0.0,0.0,0.5,0.5609854306745966,0.7592997811816192,0.0,0.8796498905908097,0.6137525395290014,,0.6081798076629639,1352.0
C27→C2,认知意识神经评估→柔性电极采集装置,12,70,0.5944699048995972,0.5911863446235657,0.43948304653167725,0.5417130986849467,0.004830917874396135,0.0,0.9918032786885246,0.5043731578459995,0.6073936135656598,0.5513287684722799,0.0,0.0,0.0,0.0,0.0,0.0,0.5,0.5256643842361399,0.8650602409638555,0.0,0.9325301204819277,0.6100645462838615,,0.561916172504425,1465.0
C27→C20,认知意识神经评估→脑控轮椅交互系统,12,10,0.6004010438919067,0.524733304977417,0.39837729930877686,0.5078372160593668,0.0,0.0,1.0,0.5043731578459995,0.50031249376726,0.4979696791199334,0.0,0.0,0.0,0.0,0.0,0.0,0.5,0.4989848395599667,0.5454545454545454,,,,无高价值专利,0.5013848543167114,
C27→C21,认知意识神经评估→多模态脑电融合分析,12,46,0.6502471566200256,0.6294201612472534,0.368358850479126,0.5493420561154683,0.011111111111111112,0.0,0.9879518072289156,0.5043731578459995,0.3291122455290337,0.41325588569045113,0.0,0.0,0.018018018018018018,0.0,0.0,-0.018018018018018018,0.49099196578624643,0.4521239257383488,0.9682345754428833,0.0,0.9841172877214417,0.6114833903837426,,0.5897710919380188,1423.0
C27→C22,认知意识神经评估→脑机虚拟交互控制,12,18,0.6423827409744263,0.570084810256958,0.3565346598625183,0.5230007370313009,0.0,0.0,0.975,0.5043731578459995,0.5586537376365586,0.5271136660578389,0.0,0.0,0.0,0.0,0.0,0.0,0.5,0.5135568330289195,0.7864583333333334,0.0,0.8932291666666667,0.5888173485472236,,0.5594545602798462,1696.0
C27→C23,认知意识神经评估→生物信号虚拟交互,12,26,0.6111636757850647,0.5996361970901489,0.4292082190513611,0.5466693639755249,0.0,0.0,1.0,0.5043731578459995,0.5849439801948719,0.5401984639108233,0.0,0.0,0.009009009009009009,0.0,0.0,-0.009009009009009009,0.49549561735676945,0.5178470406337964,0.9470198675496688,0.0,0.9735099337748344,0.6189498859693914,,0.6066365838050842,1167.0
C27→C24,认知意识神经评估→闭环神经调控系统,12,24,0.6371068954467773,0.5854440927505493,0.39478838443756104,0.5391131242116292,0.0,0.0,1.0,0.5043731578459995,0.5622256589370602,0.5288940224867431,0.0,0.0,0.0,0.0,0.0,0.0,0.5,0.5144470112433716,0.9495841995841996,0.125,0.9122920997920998,0.6030228529875427,,0.5771644115447998,1576.0
C27→C25,认知意识神经评估→脑电信号模式识别,12,30,0.6665841341018677,0.5998895168304443,0.3854476809501648,0.5506404439608256,0.014285714285714285,0.0,0.9857142857142858,0.5043731578459995,0.7095321562876163,0.6011641260839282,0.0,0.0,0.0,0.0,0.0,0.0,0.5,0.5505820630419641,0.872852233676976,,,,无高价值专利,0.6158734560012817,
C27→C26,认知意识神经评估→神经刺激电极装置,12,43,0.6026138663291931,0.5944603681564331,0.4184073209762573,0.5384938518206278,0.0,0.0,1.0,0.5043731578459995,0.578603280366496,0.5370470418040083,0.0,0.0,0.0,0.0,0.0,0.0,0.5,0.5185235209020042,0.9559055118110236,0.0,0.9779527559055118,0.6142206111998598,,0.5548361539840698,1329.0
C27→C28,认知意识神经评估→脑波交互反馈系统,12,44,0.666874349117279,0.6214895844459534,0.3673979640007019,0.5519206325213114,0.0056179775280898875,0.014285714285714285,0.9861111111111112,0.5043731578459995,0.7644472515623096,0.62718241683821,0.0,0.0,0.0,0.0,0.0,0.0,0.5,0.563591208419105,0.7387755102040816,0.0,0.8693877551020408,0.6126464276623723,,0.6121033430099487,1384.0
C27→C29,认知意识神经评估→深部脑刺激调控,12,83,0.6889010667800903,0.6394750475883484,0.342693567276001,0.5570232272148132,0.0,0.0,1.0,0.5043731578459995,0.6351596374162822,0.5650229206121196,0.0,0.0,0.0,0.0,0.0,0.0,0.5,0.5325114603060598,0.957544993077988,0.06666666666666667,0.9454391632056607,0.6237003027083717,,0.6413908004760742,991.0
C27→C3,认知意识神经评估→脑电状态检测评估,12,50,0.6907514333724976,0.679305911064148,0.3442368507385254,0.5714313983917236,0.01020408163265306,0.0,0.9883720930232558,0.5043731578459995,0.5131838629552182,0.504405238564476,0.0,0.0,0.0,0.0,0.0,0.0,0.5,0.502202619282238,0.9434650455927052,0.0,0.9717325227963526,0.6326416947922138,,0.6681763529777527,612.0
C27→C30,认知意识神经评估→脑电神经反馈康复训练,12,27,0.6705169081687927,0.6011776924133301,0.375569224357605,0.5490879416465759,0.007692307692307693,0.0,1.0,0.5043731578459995,0.5959707455919181,0.5456711365171129,0.0,0.0,0.009009009009009009,0.0,0.0,-0.009009009009009009,0.49549561735676945,0.5205833769369411,0.7529002320185615,0.3333333333333333,0.7097834493426142,0.5746282734227812,,0.6197592616081238,1760.0
C27→C31,认知意识神经评估→植入式神经接口系统,12,22,0.5794163346290588,0.5799658894538879,0.45524513721466064,0.5382091204325358,0.0,0.0,1.0,0.5043731578459995,0.5840290770930134,0.5397439358677609,0.0,0.0,0.0,0.0,0.0,0.0,0.5,0.5198719679338805,1.0,0.0,1.0,0.6178477017812747,,0.5472722053527832,1210.0
C27→C32,认知意识神经评估→脑电信号评估分析,12,48,0.7068639993667603,0.6959018111228943,0.3297123908996582,0.5774927337964376,0.016483516483516484,0.0,0.9791666666666666,0.5043731578459995,0.5236597877749698,0.5096421194545819,0.0,0.0,0.018018018018018018,0.06896551724137931,0.0,0.050947499223361295,0.5254517321781959,0.517546925816389,0.9023331524688009,0.0,0.9511665762344004,0.6357564152126493,,0.6663665771484375,464.0
C27→C33,认知意识神经评估→神经信号采集解码,12,67,0.6956028938293457,0.6369284391403198,0.3203723430633545,0.5509678920110066,0.0045045045045045045,0.012658227848101266,0.9915966386554622,0.5043731578459995,0.6501304005657931,0.5723668635479766,0.0,0.0,0.018018018018018018,0.0,0.0,-0.018018018018018018,0.49099196578624643,0.5316794146671115,0.9439330543933054,0.0,0.9719665271966527,0.6239100923663078,,0.622059166431427,977.0
C27→C34,认知意识神经评估→脑电图像生成与映射,12,39,0.6749227046966553,0.6275991201400757,0.36312103271484375,0.5552142858505249,0.0,0.0,1.0,0.5043731578459995,0.5842642844359555,0.5398607942944409,0.0,0.0,0.009009009009009009,0.0,0.0,-0.009009009009009009,0.49549561735676945,0.5176782058256052,0.7593283582089553,0.0,0.8796641791044777,0.6086750695116944,,0.6109476089477539,1494.0
C27→C35,认知意识神经评估→神经刺激参数优化,12,56,0.6672219038009644,0.6451183557510376,0.3931111693382263,0.568483809630076,0.0,0.0,1.0,0.5043731578459995,0.5508990447467422,0.5232461725314852,0.0,0.0,0.009009009009009009,0.0,0.0,-0.009009009009009009,0.49549561735676945,0.5093708949441274,0.9911555470101904,0.0,0.9955777735050952,0.6359566850088374,,0.6119224429130554,455.0
C27→C36,认知意识神经评估→自适应神经刺激调控,12,15,0.6422030925750732,0.5983434915542603,0.374131441116333,0.5382260084152222,0.0,0.0,1.0,0.5043731578459995,0.520118521467215,0.5078720312859422,0.0,0.0,0.0,0.0,0.0,0.0,0.5,0.5039360156429711,0.9539347408829175,0.0,0.9769673704414588,0.6114733027562299,,0.5943388938903809,1424.0
C27→C37,认知意识神经评估→神经调节刺激控制,12,59,0.6551350355148315,0.6092652678489685,0.3664602041244507,0.5436201691627502,0.010256410256410256,0.0,1.0,0.5043731578459995,0.4658115066911082,0.4807287256101292,0.0,0.0,0.018018018018018018,0.0,0.0,-0.018018018018018018,0.49099196578624643,0.4858603456981878,0.992143511850203,0.0,0.9960717559251016,0.615313807811105,,0.6058483123779297,1282.0
C27→C38,认知意识神经评估→事件相关电位分析,12,7,0.6253416538238525,0.5646717548370361,0.38296782970428467,0.5243270794550577,0.0,0.0,1.0,0.5043731578459995,0.5150485035655191,0.505337470103254,0.0,0.0,0.0,0.0,0.0,0.0,0.5,0.502668735051627,0.7263157894736842,,,,无高价值专利,0.5664936304092407,
C27→C39,认知意识神经评估→脑活动监测与解码,12,35,0.6911751627922058,0.642132580280304,0.3181471824645996,0.5504849751790364,0.0,0.0,0.9761904761904762,0.5043731578459995,0.8267363689746892,0.6558210919306431,0.0,0.0,0.0,0.0,0.0,0.0,0.5,0.5779105459653215,0.8997214484679665,0.0,0.9498607242339833,0.6275648623262131,,0.6568520665168762,825.0
C27→C4,认知意识神经评估→神经刺激调控系统,12,84,0.6746140718460083,0.6641144156455994,0.35840415954589844,0.5657108823458353,0.007272727272727273,0.0,1.0,0.5043731578459995,0.5739366304571628,0.5347257408594228,0.0,0.0,0.0,0.034482758620689655,0.0,0.034482758620689655,0.517234548877195,0.5259801448683089,0.9646086282614311,0.0,0.9823043141307155,0.6346554650204741,,0.6165891885757446,516.0
C27→C40,认知意识神经评估→脑电虚拟现实交互,12,5,0.6610959768295288,0.5535563826560974,0.3812355399131775,0.5319626331329346,0.0,0.0,1.0,0.5043731578459995,0.409545021537841,0.4527275441957489,0.0,0.0,0.0,0.034482758620689655,0.0,0.034482758620689655,0.517234548877195,0.48498104653647195,0.6150442477876106,0.0,0.8075221238938053,0.5750284400594934,,0.6057449579238892,1759.0
C27→C41,认知意识神经评估→脑电电极采集装置,12,40,0.5750064849853516,0.5816535949707031,0.4588751792907715,0.5385117530822754,0.006993006993006993,0.0,1.0,0.5043731578459995,0.4445427445021895,0.4701204378965238,0.0,0.0,0.0,0.034482758620689655,0.0,0.034482758620689655,0.517234548877195,0.4936774933868594,0.9487505294366794,0.0,0.9743752647183397,0.609539393832731,,0.559729814529419,1480.0
C27→C42,认知意识神经评估→脑电听觉调控降噪,12,20,0.6358940601348877,0.6206084489822388,0.3816877603530884,0.5460634231567383,0.01020408163265306,0.0,1.0,0.5043731578459995,0.6573096058558042,0.5758775635400635,0.0,0.0,0.0,0.0,0.0,0.0,0.5,0.5379387817700317,0.9382022471910112,0.0,0.9691011235955056,0.6211317866608437,,0.5996015071868896,1081.0
C27→C43,认知意识神经评估→癫痫监测预测干预,12,21,0.6456387042999268,0.5467422604560852,0.3927346467971802,0.5283718705177307,0.0,0.0,1.0,0.5043731578459995,0.4366782007220494,0.46620413007246114,0.0,0.0,0.018018018018018018,0.0,0.0,-0.018018018018018018,0.49099196578624643,0.4785980479293538,0.9698535745047373,0.0,0.9849267872523686,0.6018826902791893,,0.5575439929962158,1597.0
C27→C44,认知意识神经评估→脑电频率识别分析,12,13,0.6352216005325317,0.5903463363647461,0.36644601821899414,0.5306713183720906,0.0,0.0,0.9761904761904762,0.5043731578459995,0.6381395033007632,0.566487084201235,0.0,0.0,0.0,0.0,0.0,0.0,0.5,0.5332435421006174,0.7122302158273381,0.0,0.8561151079136691,0.5910294462245569,,0.5967473983764648,1677.0
C27→C5,认知意识神经评估→眼动脑电视觉分析,12,27,0.6804838180541992,0.6391035318374634,0.3737180829048157,0.5644351442654927,0.0,0.0,1.0,0.5043731578459995,0.5322104001372527,0.5139150270238866,0.0,0.0,0.009009009009009009,0.0,0.0,-0.009009009009009009,0.49549561735676945,0.504705322190328,0.8195050946142649,0.0,0.9097525473071324,0.617721100463744,,0.6184717416763306,1215.0
C27→C6,认知意识神经评估→电极阵列植入制造,12,42,0.5532252788543701,0.5892271995544434,0.4519638419151306,0.531472106774648,0.0,0.0,1.0,0.5043731578459995,0.571474259607952,0.5335002869733305,0.0,0.0,0.0,0.0,0.0,0.0,0.5,0.5167501434866653,0.9067315490673155,0.0,0.9533657745336577,0.6050857421093794,,0.5463844537734985,1551.0
C27→C7,认知意识神经评估→视觉刺激脑电分析,12,48,0.7179433703422546,0.7001669406890869,0.3098173141479492,0.5759758750597636,0.006493506493506494,0.0,0.987012987012987,0.5043731578459995,0.7934048652653686,0.6406216764854299,0.0,0.0,0.0,0.06896551724137931,0.0,0.06896551724137931,0.5344281929745097,0.5875249347299698,0.9191073919107392,0.0,0.9595536959553697,0.6480903167716322,,0.6579198837280273,130.0
C27→C8,认知意识神经评估→神经刺激监测装置,12,128,0.6915022134780884,0.6685655117034912,0.34839844703674316,0.5694887240727743,0.002967359050445104,0.0,1.0,0.5043731578459995,0.7415056039068469,0.6163927011285946,0.0,0.0,0.009009009009009009,0.13793103448275862,0.0,0.12892202547374962,0.5641062381131012,0.5902494696208479,0.9955230399650579,0.0,0.9977615199825289,0.6504598292847397,,0.6332830190658569,102.0
C27→C9,认知意识神经评估→经颅聚焦刺激装置,12,47,0.6161086559295654,0.589765191078186,0.40772372484207153,0.5378658572832743,0.0,0.0,1.0,0.5043731578459995,0.5980469930299713,0.546700402065112,0.0,0.0,0.0,0.0,0.0,0.0,0.5,0.5233502010325559,0.9824984912492456,0.0,0.9912492456246228,0.6167533334214774,,0.5972358584403992,1244.0
C28→C0,脑波交互反馈系统→脑电情绪识别分析,11,58,0.6925028562545776,0.6812095642089844,0.3460196256637573,0.5732440153757731,0.00796812749003984,0.0,0.9906542056074766,0.5837400233311499,0.5536726087522731,0.48497082147765935,0.0,0.0,0.02702702702702703,0.0,0.0,-0.02702702702702703,0.48648977588659537,0.48573029868212736,0.7784615384615384,0.25,0.7642307692307693,0.5934037875043514,,0.6331647038459778,1666.0
C28→C1,脑波交互反馈系统→脑电特征提取分类,11,20,0.650657594203949,0.6329532265663147,0.387345552444458,0.5569854577382405,0.0,0.0,1.0,0.5837400233311499,0.6932301006799398,0.5545273200455502,0.0,0.0,0.0,0.0,0.0,0.0,0.5,0.5272636600227751,0.45263157894736844,,,,无高价值专利,0.6258001327514648,
C28→C10,脑波交互反馈系统→神经信息分析诊断,11,36,0.6539734601974487,0.6410844326019287,0.39980876445770264,0.5649555524190266,0.0,0.022727272727272728,1.0,0.5837400233311499,0.5811448339517777,0.49870240822340955,0.0,0.0,0.0,0.13793103448275862,0.0,0.13793103448275862,0.5685314644405662,0.5336169363319879,0.9879379666858128,0.0,0.9939689833429064,0.6373805830918513,,0.6268100738525391,393.0
C28→C11,脑波交互反馈系统→睡眠脑电调控增强,11,51,0.7015320062637329,0.6610814929008484,0.33381175994873047,0.5654750863711039,0.0,0.02702702702702703,1.0,0.5837400233311499,0.6835550559100223,0.5497424306211781,0.0,0.0,0.009009009009009009,0.0,0.0,-0.009009009009009009,0.49549561735676945,0.5226190239889738,0.949193066347878,0.0,0.974596533173939,0.6326300535301983,,0.6360493898391724,615.0
C28→C12,脑波交互反馈系统→视觉脑电解码评估,11,30,0.6726178526878357,0.6042203903198242,0.36898207664489746,0.5486067732175192,0.007575757575757576,0.0,1.0,0.5837400233311499,0.7829175892646888,0.5982923987952544,0.0,0.0,0.0,0.0,0.0,0.0,0.5,0.5491461993976272,0.6666666666666666,0.0,0.8333333333333333,0.6017390347051076,,0.6076229810714722,1601.0
C28→C13,脑波交互反馈系统→多模态神经交互评估,11,43,0.6869343519210815,0.6618955135345459,0.37216925621032715,0.5736663738886515,0.0,0.0,1.0,0.5837400233311499,0.6373326104204997,0.526770668521686,0.0,0.0,0.009009009009009009,0.1724137931034483,0.0,0.1634047840944393,0.5809828937506275,0.5538767811361567,0.8674772036474164,0.0,0.9337386018237082,0.6364728788049903,,0.643608033657074,426.0
C28→C14,脑波交互反馈系统→脑电信号采集处理,11,66,0.7169045209884644,0.72491455078125,0.3515728712081909,0.5977973143259684,0.0078125,0.0196078431372549,1.0,0.5837400233311499,0.679455675419048,0.5477122100422974,0.0,0.0,0.009009009009009009,0.0,0.0,-0.009009009009009009,0.49549561735676945,0.5216039136995334,0.7874493927125507,0.0,0.8937246963562753,0.6395334899899408,,0.6625860333442688,333.0
C28→C15,脑波交互反馈系统→心理生理反馈调节,11,18,0.6616623401641846,0.6424270868301392,0.3801174759864807,0.5614023009936014,0.01282051282051282,0.02631578947368421,1.0,0.5837400233311499,0.5865596100887834,0.5014097896428434,0.0,0.0,0.0,0.0,0.0,0.0,0.5,0.5007048948214217,0.8366666666666667,0.0,0.9183333333333333,0.6165242348000218,,0.6063597202301025,1248.0
C28→C16,脑波交互反馈系统→事件相关电位检测,11,37,0.6694623827934265,0.6133404970169067,0.3942338228225708,0.559012234210968,0.0,0.0,1.0,0.5837400233311499,0.4632333326977074,0.4400366339822479,0.0,0.0,0.0,0.0,0.0,0.0,0.5,0.47001831699112395,0.9571865443425076,0.0,0.9785932721712538,0.6200426610700625,,0.626055121421814,1130.0
C28→C17,脑波交互反馈系统→神经反馈刺激分析,11,58,0.702779233455658,0.6592808365821838,0.334941565990448,0.5656672120094299,0.005376344086021506,0.020833333333333332,1.0,0.5837400233311499,0.6150229443551454,0.515636360153836,0.0,0.0,0.0,0.27586206896551724,0.0,0.27586206896551724,0.6345355116007656,0.5750859358773008,0.9730941704035875,0.05263157894736842,0.9602312957281095,0.6391515628693056,,0.6339777708053589,343.0
C28→C18,脑波交互反馈系统→神经刺激同步递送,11,31,0.6568944454193115,0.6784297227859497,0.3926454782485962,0.5759898821512858,0.007874015748031496,0.0,1.0,0.5837400233311499,0.5368834240869825,0.4765888312634055,0.0,0.0,0.0,0.0,0.0,0.0,0.5,0.4882944156317027,0.9751098096632503,0.0,0.9875549048316252,0.6359950307937089,,0.6223905086517334,452.0
C28→C19,脑波交互反馈系统→脑机接口交互控制,11,53,0.7103166580200195,0.7108593583106995,0.3368983268737793,0.586024781068166,0.01,0.0,0.9866666666666667,0.5837400233311499,0.7533341408009894,0.5839933220304581,0.0,0.0,0.0,0.0,0.0,0.0,0.5,0.541996661015229,0.7592997811816192,0.0,0.8796498905908097,0.6330736606974797,,0.6489172577857971,582.0
C28→C2,脑波交互反馈系统→柔性电极采集装置,11,70,0.6385236382484436,0.64617919921875,0.40638411045074463,0.5636956493059794,0.004672897196261682,0.0,1.0,0.5837400233311499,0.6073936135656598,0.5118245899437086,0.0,0.0,0.0,0.0,0.0,0.0,0.5,0.5059122949718543,0.8650602409638555,0.0,0.9325301204819277,0.6214007938265094,,0.6015713810920715,1074.0
C28→C20,脑波交互反馈系统→脑控轮椅交互系统,11,10,0.6382851600646973,0.5748233795166016,0.45025843381881714,0.5544556578000386,0.0,0.0,1.0,0.5837400233311499,0.50031249376726,0.45838274459632766,0.0,0.0,0.0,0.0,0.0,0.0,0.5,0.47919137229816383,0.5454545454545454,,,,无高价值专利,0.5441949367523193,
C28→C21,脑波交互反馈系统→多模态脑电融合分析,11,46,0.6677262783050537,0.6075528860092163,0.3792961835861206,0.5515251159667969,0.005319148936170213,0.0,1.0,0.5837400233311499,0.3291122455290337,0.37536805688410296,0.0,0.0,0.018018018018018018,0.0,0.0,-0.018018018018018018,0.49099196578624643,0.4331800113351747,0.9682345754428833,0.0,0.9841172877214417,0.6096934962188596,,0.5941760540008545,1476.0
C28→C22,脑波交互反馈系统→脑机虚拟交互控制,11,18,0.7289825677871704,0.6940264701843262,0.3438836336135864,0.5889642238616943,0.010101010101010102,0.0,0.9696969696969697,0.5837400233311499,0.5586537376365586,0.48745948771463693,0.0,0.0,0.0,0.0,0.0,0.0,0.5,0.4937297438573185,0.7864583333333334,0.0,0.8932291666666667,0.6287337716866166,,0.6352096796035767,770.0
C28→C23,脑波交互反馈系统→生物信号虚拟交互,11,26,0.6613980531692505,0.6840614080429077,0.38896167278289795,0.578140377998352,0.0,0.0,1.0,0.5837400233311499,0.5849439801948719,0.5006019781410028,0.0,0.0,0.009009009009009009,0.0,0.0,-0.009009009009009009,0.49549561735676945,0.4980487977488861,0.9470198675496688,0.0,0.9735099337748344,0.6366767972896566,,0.649027943611145,420.0
C28→C24,脑波交互反馈系统→闭环神经调控系统,11,24,0.6726831197738647,0.6374269127845764,0.35254156589508057,0.5542171994845072,0.0,0.0,1.0,0.5837400233311499,0.5622256589370602,0.4892444772137432,0.0,0.0,0.0,0.0,0.0,0.0,0.5,0.4946222386068716,0.9495841995841996,0.125,0.9122920997920998,0.6096815654108216,,0.608295738697052,1477.0
C28→C25,脑波交互反馈系统→脑电信号模式识别,11,30,0.6728949546813965,0.6499345302581787,0.38379228115081787,0.568873922030131,0.0,0.0,1.0,0.5837400233311499,0.7095321562876163,0.562566404234456,0.0,0.0,0.0,0.0,0.0,0.0,0.5,0.531283202117228,0.872852233676976,,,,无高价值专利,0.6279549598693848,
C28→C26,脑波交互反馈系统→神经刺激电极装置,11,43,0.6321457624435425,0.6303173303604126,0.400834321975708,0.554432471593221,0.0,0.014925373134328358,1.0,0.5837400233311499,0.578603280366496,0.49743165110722765,0.0,0.0,0.0,0.0,0.0,0.0,0.5,0.4987158255536138,0.9559055118110236,0.0,0.9779527559055118,0.6217422926068864,,0.588695764541626,1064.0
C28→C27,脑波交互反馈系统→认知意识神经评估,11,31,0.666874349117279,0.6214895844459534,0.3673979640007019,0.5519206325213114,0.0,0.0,1.0,0.5837400233311499,0.8069023936113827,0.6097650536053683,0.0,0.0,0.0,0.034482758620689655,0.0,0.034482758620689655,0.517234548877195,0.5634998012412816,0.916256157635468,0.0,0.958128078817734,0.6275341464213977,,0.6121033430099487,827.0
C28→C29,脑波交互反馈系统→深部脑刺激调控,11,83,0.714806318283081,0.6820588707923889,0.3323320150375366,0.5763990680376688,0.0,0.00909090909090909,0.991304347826087,0.5837400233311499,0.6351596374162822,0.52568717227022,0.0,0.0,0.0,0.0,0.0,0.0,0.5,0.5128435861351099,0.957544993077988,0.06666666666666667,0.9454391632056607,0.633225884140177,,0.6497484445571899,576.0
C28→C3,脑波交互反馈系统→脑电状态检测评估,11,50,0.6960763931274414,0.6533509492874146,0.3662835359573364,0.5719036261240641,0.009852216748768473,0.0,1.0,0.5837400233311499,0.5131838629552182,0.46478034359160925,0.0,0.0,0.0,0.0,0.0,0.0,0.5,0.4823901717958046,0.9434650455927052,0.0,0.9717325227963526,0.6295382650735912,,0.6294540166854858,742.0
C28→C30,脑波交互反馈系统→脑电神经反馈康复训练,11,27,0.7052890062332153,0.6501704454421997,0.3401517868041992,0.5652037461598713,0.029850746268656716,0.03333333333333333,1.0,0.5837400233311499,0.5959707455919181,0.5061150562151827,0.0,0.0,0.009009009009009009,0.0,0.0,-0.009009009009009009,0.49549561735676945,0.500805336785976,0.7529002320185615,0.3333333333333333,0.7097834493426142,0.5809111058708522,,0.6385375261306763,1740.0
C28→C31,脑波交互反馈系统→植入式神经接口系统,11,22,0.6077029705047607,0.6375324726104736,0.45424503087997437,0.5664934913317362,0.0,0.0,1.0,0.5837400233311499,0.5840290770930134,0.5001445268769066,0.0,0.0,0.0,0.0,0.0,0.0,0.5,0.5000722634384533,1.0,0.0,1.0,0.6337964886461959,,0.5818901658058167,550.0
C28→C32,脑波交互反馈系统→脑电信号评估分析,11,48,0.7131288051605225,0.6580171585083008,0.3431738615036011,0.5714399417241415,0.010526315789473684,0.010526315789473684,1.0,0.5837400233311499,0.5236597877749698,0.46999597472772053,0.0,0.0,0.018018018018018018,0.06896551724137931,0.0,0.050947499223361295,0.5254517321781959,0.4977238534529582,0.9023331524688009,0.0,0.9511665762344004,0.6283253400498288,,0.6377030611038208,790.0
C28→C33,脑波交互反馈系统→神经信号采集解码,11,67,0.6886457800865173,0.6905548572540283,0.3665921092033386,0.581930915514628,0.004366812227074236,0.012658227848101266,1.0,0.5837400233311499,0.6501304005657931,0.5331465031709632,0.0,0.0,0.018018018018018018,0.0,0.0,-0.018018018018018018,0.49099196578624643,0.5120692344786049,0.9439330543933054,0.0,0.9719665271966527,0.6413404118654843,,0.6288665533065796,272.0
C28→C34,脑波交互反馈系统→脑电图像生成与映射,11,39,0.6858159303665161,0.640331506729126,0.36839520931243896,0.5648475488026937,0.0,0.0,1.0,0.5837400233311499,0.5842642844359555,0.5002621305283873,0.0,0.0,0.009009009009009009,0.0,0.0,-0.009009009009009009,0.49549561735676945,0.49787887394257835,0.7593283582089553,0.0,0.8796641791044777,0.6114892452906134,,0.6168189644813538,1422.0
C28→C35,脑波交互反馈系统→神经刺激参数优化,11,56,0.6860067248344421,0.6426063776016235,0.36961430311203003,0.5660758018493652,0.0,0.0,1.0,0.5837400233311499,0.5508990447467422,0.4835854114915585,0.0,0.0,0.009009009009009009,0.0,0.0,-0.009009009009009009,0.49549561735676945,0.48954051442416396,0.9911555470101904,0.0,0.9955777735050952,0.6309822965261905,,0.6139757633209229,686.0
C28→C36,脑波交互反馈系统→自适应神经刺激调控,11,15,0.6749446392059326,0.6472941637039185,0.3681403398513794,0.5634597142537434,0.0,0.02857142857142857,1.0,0.5837400233311499,0.520118521467215,0.46823209976852814,0.0,0.0,0.0,0.0,0.0,0.0,0.5,0.48411604988426404,0.9539347408829175,0.0,0.9769673704414588,0.6251377556029869,,0.6068412065505981,921.0
C28→C37,脑波交互反馈系统→神经调节刺激控制,11,59,0.6604433059692383,0.6489099264144897,0.3591199517250061,0.5561577280362447,0.0049261083743842365,0.0,1.0,0.5837400233311499,0.4658115066911082,0.4413075709345345,0.0,0.0,0.018018018018018018,0.0,0.0,-0.018018018018018018,0.49099196578624643,0.46614976836039046,0.992143511850203,0.0,0.9960717559251016,0.6204575255896067,,0.6195104718208313,1113.0
C28→C38,脑波交互反馈系统→事件相关电位分析,11,7,0.6727911829948425,0.5267013311386108,0.40551137924194336,0.5350012977917988,0.0,0.0,1.0,0.5837400233311499,0.5150485035655191,0.4657081587937553,0.0,0.0,0.0,0.0,0.0,0.0,0.5,0.48285407939687763,0.7263157894736842,,,,无高价值专利,0.6035716533660889,
C28→C39,脑波交互反馈系统→脑活动监测与解码,11,35,0.7018840312957764,0.6259990930557251,0.35894858837127686,0.5622772375742594,0.01652892561983471,0.0,1.0,0.5837400233311499,0.8267363689746892,0.6191619595032309,0.0,0.0,0.0,0.0,0.0,0.0,0.5,0.5595809797516155,0.8997214484679665,0.0,0.9498607242339833,0.632535407643621,,0.6410723328590393,623.0
C28→C4,脑波交互反馈系统→神经刺激调控系统,11,84,0.6960383653640747,0.6678969860076904,0.34000658988952637,0.5679806470870972,0.0070921985815602835,0.008064516129032258,0.9913793103448276,0.5837400233311499,0.5739366304571628,0.4950984605852856,0.0,0.0,0.0,0.034482758620689655,0.0,0.034482758620689655,0.517234548877195,0.5061665047312403,0.9646086282614311,0.0,0.9823043141307155,0.6328259132714277,,0.6280214786529541,601.0
C28→C40,脑波交互反馈系统→脑电虚拟现实交互,11,5,0.7038660049438477,0.6098161935806274,0.3357422351837158,0.549808144569397,0.0,0.0,1.0,0.5837400233311499,0.409545021537841,0.4137728953877658,0.0,0.0,0.0,0.034482758620689655,0.0,0.034482758620689655,0.517234548877195,0.46550372213248037,0.6150442477876106,0.0,0.8075221238938053,0.5829745442410691,,0.6399867534637451,1726.0
C28→C41,脑波交互反馈系统→脑电电极采集装置,11,40,0.6171658039093018,0.6364136934280396,0.43371689319610596,0.5624321301778157,0.0,0.0,1.0,0.5837400233311499,0.4445427445021895,0.4308474155060767,0.0,0.0,0.0,0.034482758620689655,0.0,0.034482758620689655,0.517234548877195,0.4740409821916358,0.9487505294366794,0.0,0.9743752647183397,0.6222822745297016,,0.6155515909194946,1046.0
C28→C42,脑波交互反馈系统→脑电听觉调控降噪,11,20,0.674558699131012,0.6596612930297852,0.3544694781303406,0.5628964900970459,0.0,0.047619047619047616,1.0,0.5837400233311499,0.6573096058558042,0.5367185689379408,0.0,0.0,0.0,0.0,0.0,0.0,0.5,0.5183592844689704,0.9382022471910112,0.0,0.9691011235955056,0.6292500983204452,,0.6254023313522339,756.0
C28→C43,脑波交互反馈系统→癫痫监测预测干预,11,21,0.6570982933044434,0.5798205733299255,0.38859105110168457,0.5418366392453511,0.0,0.0,0.9782608695652174,0.5837400233311499,0.4366782007220494,0.42699463150306793,0.0,0.0,0.018018018018018018,0.0,0.0,-0.018018018018018018,0.49099196578624643,0.4589932986446572,0.9698535745047373,0.0,0.9849267872523686,0.607751845325641,,0.5911152362823486,1514.0
C28→C44,脑波交互反馈系统→脑电频率识别分析,11,13,0.6699971556663513,0.6676942706108093,0.35917770862579346,0.5656230449676514,0.0,0.0,1.0,0.5837400233311499,0.6381395033007632,0.5271729409457594,0.0,0.0,0.0,0.0,0.0,0.0,0.5,0.5135864704728796,0.7122302158273381,0.0,0.8561151079136691,0.6105969652873634,,0.5933544039726257,1449.0
C28→C5,脑波交互反馈系统→眼动脑电视觉分析,11,27,0.6982724666595459,0.6361364722251892,0.3886743187904358,0.5743610858917236,0.0,0.0,1.0,0.5837400233311499,0.5322104001372527,0.4742579686604636,0.0,0.0,0.009009009009009009,0.0,0.0,-0.009009009009009009,0.49549561735676945,0.4848767930086165,0.8195050946142649,0.0,0.9097525473071324,0.6207011150333588,,0.6111524105072021,1104.0
C28→C6,脑波交互反馈系统→电极阵列植入制造,11,42,0.5814113020896912,0.6339595317840576,0.4288759231567383,0.5480822523434956,0.0,0.014705882352941176,1.0,0.5837400233311499,0.571474259607952,0.49386742568179187,0.0,0.0,0.0,0.0,0.0,0.0,0.5,0.49693371284089594,0.9067315490673155,0.0,0.9533657745336577,0.6130254752173073,,0.5805835723876953,1368.0
C28→C7,脑波交互反馈系统→视觉刺激脑电分析,11,48,0.7084959149360657,0.6526123285293579,0.34948551654815674,0.5701979200045267,0.006211180124223602,0.0,1.0,0.5837400233311499,0.7934048652653686,0.6033228379806284,0.0,0.0,0.0,0.06896551724137931,0.0,0.06896551724137931,0.5344281929745097,0.5688755154775691,0.9191073919107392,0.0,0.9595536959553697,0.6410641795970428,,0.6219795346260071,276.0
C28→C8,脑波交互反馈系统→神经刺激监测装置,11,128,0.6966744661331177,0.6626116037368774,0.3492220640182495,0.5695027112960815,0.0,0.006024096385542169,1.0,0.5837400233311499,0.7415056039068469,0.5782347774847204,0.0,0.0,0.009009009009009009,0.13793103448275862,0.0,0.12892202547374962,0.5641062381131012,0.5711705077989109,0.9955230399650579,0.0,0.9977615199825289,0.6473320812220708,,0.6386696100234985,147.0
C28→C9,脑波交互反馈系统→经颅聚焦刺激装置,11,47,0.659529983997345,0.6171239018440247,0.38531696796417236,0.5539902846018473,0.0,0.0,1.0,0.5837400233311499,0.5980469930299713,0.5071529968085717,0.0,0.0,0.0,0.0,0.0,0.0,0.5,0.5035764984042859,0.9824984912492456,0.0,0.9912492456246228,0.624490043061328,,0.6222711801528931,950.0
C29→C0,深部脑刺激调控→脑电情绪识别分析,12,58,0.6954529285430908,0.7068672180175781,0.34929072856903076,0.5838702917098999,0.01593625498007968,0.0,1.0,0.538422822607645,0.5536726087522731,0.5076243020558047,0.0,0.0,0.02702702702702703,0.0,0.0,-0.02702702702702703,0.48648977588659537,0.4970570389712,0.7784615384615384,0.25,0.7642307692307693,0.6021483598775679,,0.6496109366416931,1593.0
C29→C1,深部脑刺激调控→脑电特征提取分类,12,20,0.6602476835250854,0.6448192596435547,0.4054363965988159,0.5701677799224854,0.018018018018018018,0.0,1.0,0.538422822607645,0.6932301006799398,0.5767911758721292,0.0,0.0,0.0,0.0,0.0,0.0,0.5,0.5383955879360647,0.45263157894736844,,,,无高价值专利,0.6122726202011108,
C29→C10,深部脑刺激调控→神经信息分析诊断,12,36,0.6832457780838013,0.6805016994476318,0.3254406452178955,0.5630627075831095,0.0,0.0,1.0,0.538422822607645,0.5811448339517777,0.5213480193288547,0.0,0.0,0.0,0.13793103448275862,0.0,0.13793103448275862,0.5685314644405662,0.5449397418847104,0.9879379666858128,0.0,0.9939689833429064,0.6379802069779886,,0.6720678806304932,377.0
C29→C11,深部脑刺激调控→睡眠脑电调控增强,12,51,0.7089453935623169,0.7125943303108215,0.3312340974807739,0.5842579404513041,0.00510204081632653,0.0,1.0,0.538422822607645,0.6835550559100223,0.5720608775019436,0.0,0.0,0.009009009009009009,0.0,0.0,-0.009009009009009009,0.49549561735676945,0.5337782474293565,0.949193066347878,0.0,0.974596533173939,0.6470747911526084,,0.6601158976554871,151.0
C29→C12,深部脑刺激调控→视觉脑电解码评估,12,30,0.6808350086212158,0.6536852121353149,0.3713400363922119,0.5686200857162476,0.007462686567164179,0.0,1.0,0.538422822607645,0.7829175892646888,0.6198683633418142,0.0,0.0,0.0,0.0,0.0,0.0,0.5,0.5599341816709071,0.6666666666666666,0.0,0.8333333333333333,0.6167300703659342,,0.611404538154602,1246.0
C29→C13,深部脑刺激调控→多模态神经交互评估,12,43,0.7006136178970337,0.7020130753517151,0.3477301597595215,0.5834522843360901,0.0049261083743842365,0.0,1.0,0.538422822607645,0.6373326104204997,0.5492942477093444,0.0,0.0,0.009009009009009009,0.1724137931034483,0.0,0.1634047840944393,0.5809828937506275,0.565138570729986,0.8674772036474164,0.0,0.9337386018237082,0.6449077955346497,,0.6688729524612427,192.0
C29→C14,深部脑刺激调控→脑电信号采集处理,12,66,0.7052748203277588,0.7293846011161804,0.3504995107650757,0.595052977403005,0.007751937984496124,0.009615384615384616,1.0,0.538422822607645,0.679455675419048,0.5700525862684123,0.0,0.0,0.009009009009009009,0.0,0.0,-0.009009009009009009,0.49549561735676945,0.5327741018125909,0.7874493927125507,0.0,0.8937246963562753,0.6397789477663834,,0.6636329889297485,324.0
C29→C15,深部脑刺激调控→心理生理反馈调节,12,18,0.6767321228981018,0.6763850450515747,0.35522568225860596,0.5694476167360941,0.0,0.0,1.0,0.538422822607645,0.5865596100887834,0.524049820926116,0.0,0.0,0.0,0.0,0.0,0.0,0.5,0.512024910463058,0.8366666666666667,0.0,0.9183333333333333,0.6237896992219796,,0.6312414407730103,986.0
C29→C16,深部脑刺激调控→事件相关电位检测,12,37,0.697933554649353,0.648277997970581,0.3474009037017822,0.564537485440572,0.0,0.0,1.0,0.538422822607645,0.4632333326977074,0.4624759419870277,0.0,0.0,0.0,0.0,0.0,0.0,0.5,0.48123797099351384,0.9571865443425076,0.0,0.9785932721712538,0.6256403266260391,,0.6274921894073486,900.0
C29→C17,深部脑刺激调控→神经反馈刺激分析,12,58,0.7178812026977539,0.6838383674621582,0.3157256841659546,0.5724817514419556,0.005319148936170213,0.0,1.0,0.538422822607645,0.6150229443551454,0.5382253267323839,0.0,0.0,0.0,0.27586206896551724,0.0,0.27586206896551724,0.6345355116007656,0.5863804191665747,0.9730941704035875,0.05263157894736842,0.9602312957281095,0.6456505249217254,,0.6728070974349976,175.0
C29→C18,深部脑刺激调控→神经刺激同步递送,12,31,0.7100061774253845,0.7359493970870972,0.3332575559616089,0.5930710434913635,0.007751937984496124,0.0,1.0,0.538422822607645,0.5368834240869825,0.49923030134766594,0.0,0.0,0.0,0.0,0.0,0.0,0.5,0.499615150673833,0.9751098096632503,0.0,0.9875549048316252,0.649226572235646,,0.6776607036590576,118.0
C29→C19,深部脑刺激调控→脑机接口交互控制,12,53,0.7085005044937134,0.703890323638916,0.3225069046020508,0.5782992442448934,0.009900990099009901,0.022727272727272728,1.0,0.538422822607645,0.7533341408009894,0.605831314843408,0.0,0.0,0.0,0.0,0.0,0.0,0.5,0.552915657421704,0.7592997811816192,0.0,0.8796498905908097,0.6299779916502526,,0.6778383255004883,728.0
C29→C2,深部脑刺激调控→柔性电极采集装置,12,70,0.659384548664093,0.7325314879417419,0.3769904375076294,0.5896354913711548,0.004629629629629629,0.0,1.0,0.538422822607645,0.6073936135656598,0.5344308173299969,0.0,0.0,0.0,0.0,0.0,0.0,0.5,0.5172154086649985,0.8650602409638555,0.0,0.9325301204819277,0.6404052491542382,,0.6410115361213684,306.0
C29→C20,深部脑刺激调控→脑控轮椅交互系统,12,10,0.6357952356338501,0.5989115238189697,0.41935813426971436,0.551354964574178,0.0,0.0,1.0,0.538422822607645,0.50031249376726,0.48095405544573816,0.0,0.0,0.0,0.0,0.0,0.0,0.5,0.49047702772286905,0.5454545454545454,,,,无高价值专利,0.5244115591049194,
C29→C21,深部脑刺激调控→多模态脑电融合分析,12,46,0.6509302854537964,0.6660968065261841,0.3748171925544739,0.5639480948448181,0.010582010582010581,0.0,1.0,0.538422822607645,0.3291122455290337,0.3968467428685828,0.0,0.0,0.018018018018018018,0.0,0.0,-0.018018018018018018,0.49099196578624643,0.4439193543274146,0.9682345754428833,0.0,0.9841172877214417,0.6197652509186047,,0.6070916652679443,1140.0
C29→C22,深部脑刺激调控→脑机虚拟交互控制,12,18,0.7022947669029236,0.6822588443756104,0.36739957332611084,0.583984394868215,0.0,0.0,1.0,0.538422822607645,0.5586537376365586,0.5101140776887472,0.0,0.0,0.0,0.0,0.0,0.0,0.5,0.5050570388443736,0.7864583333333334,0.0,0.8932291666666667,0.6275772276052813,,0.6052642464637756,824.0
C29→C23,深部脑刺激调控→生物信号虚拟交互,12,26,0.6456073522567749,0.6847922801971436,0.39520978927612305,0.5752031405766804,0.0,0.0,1.0,0.538422822607645,0.5849439801948719,0.5232438129855043,0.0,0.0,0.009009009009009009,0.0,0.0,-0.009009009009009009,0.49549561735676945,0.5093697151711368,0.9470198675496688,0.0,0.9735099337748344,0.6366827931594385,,0.6163259744644165,418.0
C29→C24,深部脑刺激调控→闭环神经调控系统,12,24,0.7319885492324829,0.7212900519371033,0.3141595721244812,0.5891460577646891,0.0,0.0,1.0,0.538422822607645,0.5622256589370602,0.5118991709919154,0.0,0.0,0.0,0.0,0.0,0.0,0.5,0.5059495854959577,0.9495841995841996,0.125,0.9122920997920998,0.6344857691368698,,0.6793614029884338,525.0
C29→C25,深部脑刺激调控→脑电信号模式识别,12,30,0.7047119140625,0.7193012237548828,0.37387001514434814,0.5992943843205769,0.0,0.0,1.0,0.538422822607645,0.7095321562876163,0.5847293628918231,0.0,0.0,0.0,0.0,0.0,0.0,0.5,0.5423646814459115,0.872852233676976,,,,无高价值专利,0.6548763513565063,
C29→C26,深部脑刺激调控→神经刺激电极装置,12,43,0.6894373893737793,0.7173291444778442,0.34998780488967896,0.5855847795804341,0.0070921985815602835,0.0,1.0,0.538422822607645,0.578603280366496,0.5200794241717657,0.0,0.0,0.0,0.0,0.0,0.0,0.5,0.5100397120858828,0.9559055118110236,0.0,0.9779527559055118,0.6444395161966778,,0.6613297462463379,201.0
C29→C27,深部脑刺激调控→认知意识神经评估,12,31,0.6889010667800903,0.6394750475883484,0.342693567276001,0.5570232272148132,0.0,0.0,1.0,0.538422822607645,0.8069023936113827,0.6311047535634574,0.0,0.0,0.0,0.034482758620689655,0.0,0.034482758620689655,0.517234548877195,0.5741696512203263,0.916256157635468,0.0,0.958128078817734,0.6327749061594333,,0.6413908004760742,605.0
C29→C28,深部脑刺激调控→脑波交互反馈系统,12,44,0.714806318283081,0.6820588707923889,0.3323320150375366,0.5763990680376688,0.0,0.0,1.0,0.538422822607645,0.7644472515623096,0.6111262577038534,0.0,0.0,0.0,0.0,0.0,0.0,0.5,0.5555631288519267,0.7387755102040816,0.0,0.8693877551020408,0.6273962545942234,,0.6497484445571899,833.0
C29→C3,深部脑刺激调控→脑电状态检测评估,12,50,0.6954710483551025,0.6709288358688354,0.3572465181350708,0.5745488007863363,0.00975609756097561,0.0,1.0,0.538422822607645,0.5131838629552182,0.48738319904880956,0.0,0.0,0.0,0.0,0.0,0.0,0.5,0.4936915995244048,0.9434650455927052,0.0,0.9717325227963526,0.6332416760589161,,0.6405762434005737,574.0
C29→C30,深部脑刺激调控→脑电神经反馈康复训练,12,27,0.6924774050712585,0.6893282532691956,0.34635627269744873,0.5760539770126343,0.007194244604316547,0.0,1.0,0.538422822607645,0.5959707455919181,0.5287422393294308,0.0,0.0,0.009009009009009009,0.0,0.0,-0.009009009009009009,0.49549561735676945,0.5121189283431001,0.7529002320185615,0.3333333333333333,0.7097834493426142,0.5897670611312615,,0.6639779806137085,1692.0
C29→C31,深部脑刺激调控→植入式神经接口系统,12,22,0.6471256017684937,0.7195379137992859,0.4193405508995056,0.5953346888224283,0.0,0.0,1.0,0.538422822607645,0.5840290770930134,0.5227873307452452,0.0,0.0,0.0,0.0,0.0,0.0,0.5,0.5113936653726225,1.0,0.0,1.0,0.6549313114286873,,0.6270952224731445,66.0
C29→C32,深部脑刺激调控→脑电信号评估分析,12,48,0.7074446678161621,0.6790688037872314,0.3475203514099121,0.5780112743377686,0.026455026455026454,0.0,1.0,0.538422822607645,0.5236597877749698,0.49261901879726067,0.0,0.0,0.018018018018018018,0.06896551724137931,0.0,0.050947499223361295,0.5254517321781959,0.5090353754877283,0.9023331524688009,0.0,0.9511665762344004,0.634621757300556,,0.6501979827880859,519.0
C29→C33,深部脑刺激调控→神经信号采集解码,12,67,0.7197721600532532,0.7295994758605957,0.3603544235229492,0.603242019812266,0.0,0.0,1.0,0.538422822607645,0.6501304005657931,0.55562261740795,0.0,0.0,0.018018018018018018,0.0,0.0,-0.018018018018018018,0.49099196578624643,0.5233072915970982,0.9439330543933054,0.0,0.9719665271966527,0.6573115213457348,,0.6752153635025024,43.0
C29→C34,深部脑刺激调控→脑电图像生成与映射,12,39,0.6744679808616638,0.693676233291626,0.3670493960380554,0.5783978700637817,0.0,0.0,1.0,0.538422822607645,0.5842642844359555,0.5229046888878532,0.0,0.0,0.009009009009009009,0.0,0.0,-0.009009009009009009,0.49549561735676945,0.5092001531223114,0.7593283582089553,0.0,0.8796641791044777,0.6222830084714713,,0.6391294598579407,1045.0
C29→C35,深部脑刺激调控→神经刺激参数优化,12,56,0.7506058216094971,0.7503985166549683,0.3216831088066101,0.6075624823570251,0.0,0.014492753623188406,1.0,0.538422822607645,0.5508990447467422,0.5062377874229803,0.0,0.0,0.009009009009009009,0.0,0.0,-0.009009009009009009,0.49549561735676945,0.5008667023898749,0.9911555470101904,0.0,0.9955777735050952,0.6603387958020527,,0.6983836889266968,32.0
C29→C36,深部脑刺激调控→自适应神经刺激调控,12,15,0.7434519529342651,0.746040940284729,0.32183021306991577,0.60377436876297,0.0,0.0,1.0,0.538422822607645,0.520118521467215,0.4908488714276919,0.0,0.0,0.0,0.0,0.0,0.0,0.5,0.495424435713846,0.9539347408829175,0.0,0.9769673704414588,0.6536152282326708,,0.6887902021408081,76.0
C29→C37,深部脑刺激调控→神经调节刺激控制,12,59,0.7228811979293823,0.7552028894424438,0.31171995401382446,0.5966013471285502,0.00980392156862745,0.0,1.0,0.538422822607645,0.4658115066911082,0.4637580137862469,0.0,0.0,0.018018018018018018,0.0,0.0,-0.018018018018018018,0.49099196578624643,0.4773749897862467,0.992143511850203,0.0,0.9960717559251016,0.6491309510309731,,0.721255898475647,119.0
C29→C38,深部脑刺激调控→事件相关电位分析,12,7,0.6652001142501831,0.6138793230056763,0.3316382169723511,0.5369058847427368,0.0,0.0,1.0,0.538422822607645,0.5150485035655191,0.4883149684746595,0.0,0.0,0.0,0.0,0.0,0.0,0.5,0.49415748423732975,0.7263157894736842,,,,无高价值专利,0.5652179718017578,
C29→C39,深部脑刺激调控→脑活动监测与解码,12,35,0.6973069310188293,0.6548600792884827,0.35821855068206787,0.5701285203297933,0.0,0.0,1.0,0.538422822607645,0.8267363689746892,0.6402909317010642,0.0,0.0,0.0,0.0,0.0,0.0,0.5,0.570145465850532,0.8997214484679665,0.0,0.9498607242339833,0.6396019873197116,,0.6468375325202942,329.0
C29→C4,深部脑刺激调控→神经刺激调控系统,12,84,0.7441445589065552,0.7657762169837952,0.2987073063850403,,0.03225806451612903,0.06818181818181818,0.9787234042553191,,,,,,,,,,,,,,,,未过前提,0.719067394733429,
C29→C40,深部脑刺激调控→脑电虚拟现实交互,12,5,0.6950777173042297,0.5974571704864502,0.3616337776184082,0.5513895551363627,0.0,0.0,1.0,0.538422822607645,0.409545021537841,0.4359155107220914,0.0,0.0,0.0,0.034482758620689655,0.0,0.034482758620689655,0.517234548877195,0.47657502979964317,0.6150442477876106,0.0,0.8075221238938053,0.5860062879789083,,0.6158657073974609,1715.0
C29→C41,深部脑刺激调控→脑电电极采集装置,12,40,0.6506519317626953,0.689650297164917,0.4026002883911133,0.5809675057729085,0.0,0.0,1.0,0.538422822607645,0.4445427445021895,0.45319737804642357,0.0,0.0,0.0,0.034482758620689655,0.0,0.034482758620689655,0.517234548877195,0.4852159634618093,0.9487505294366794,0.0,0.9743752647183397,0.6364607189851721,,0.6094523668289185,427.0
C29→C42,深部脑刺激调控→脑电听觉调控降噪,12,20,0.6899474263191223,0.6619468927383423,0.35385751724243164,0.5685839454332987,0.009345794392523364,0.0,1.0,0.538422822607645,0.6573096058558042,0.5591649070017746,0.0,0.0,0.0,0.0,0.0,0.0,0.5,0.5295824535008873,0.9382022471910112,0.0,0.9691011235955056,0.6349634641780022,,0.6305872201919556,501.0
C29→C43,深部脑刺激调控→癫痫监测预测干预,12,21,0.6706239581108093,0.6180943250656128,0.39555197954177856,0.5614234209060669,0.0,0.0,1.0,0.538422822607645,0.4366782007220494,0.4493025080510023,0.0,0.0,0.018018018018018018,0.0,0.0,-0.018018018018018018,0.49099196578624643,0.47014723691862437,0.9698535745047373,0.0,0.9849267872523686,0.6227537516629509,,0.5930073857307434,1024.0
C29→C44,深部脑刺激调控→脑电频率识别分析,12,13,0.7142260074615479,0.728620707988739,0.33608102798461914,0.592975914478302,0.0,0.0,1.0,0.538422822607645,0.6381395033007632,0.549693740908044,0.0,0.0,0.0,0.0,0.0,0.0,0.5,0.524846870454022,0.7122302158273381,0.0,0.8561151079136691,0.6302065641655653,,0.652300238609314,718.0
C29→C5,深部脑刺激调控→眼动脑电视觉分析,12,27,0.6858959197998047,0.6208333373069763,0.3767235279083252,0.5611509283383687,0.0070921985815602835,0.0,1.0,0.538422822607645,0.5322104001372527,0.4968938287247589,0.0,0.0,0.009009009009009009,0.0,0.0,-0.009009009009009009,0.49549561735676945,0.4961947230407642,0.8195050946142649,0.0,0.9097525473071324,0.6140778412586838,,0.5952266454696655,1335.0
C29→C6,深部脑刺激调控→电极阵列植入制造,12,42,0.6230100393295288,0.7218121886253357,0.38052839040756226,0.5751168727874756,0.0,0.029411764705882353,1.0,0.538422822607645,0.571474259607952,0.51651970357729,0.0,0.0,0.0,0.0,0.0,0.0,0.5,0.508259851788645,0.9067315490673155,0.0,0.9533657745336577,0.6329597976233163,,0.6313225030899048,585.0
C29→C7,深部脑刺激调控→视觉刺激脑电分析,12,48,0.7284107804298401,0.6781924962997437,0.3069504499435425,0.5711845755577087,0.006134969325153374,0.0,1.0,0.538422822607645,0.7934048652653686,0.6247980551902427,0.0,0.0,0.0,0.06896551724137931,0.0,0.06896551724137931,0.5344281929745097,0.5796131240823762,0.9191073919107392,0.0,0.9595536959553697,0.6435290573910396,,0.6415497064590454,221.0
C29→C8,深部脑刺激调控→神经刺激监测装置,12,128,0.7560895681381226,0.7774930596351624,0.2968181371688843,,0.03177257525083612,0.08943089430894309,0.9671532846715328,,,,,,,,,,,,,,,,未过前提,0.7423895597457886,
C29→C9,深部脑刺激调控→经颅聚焦刺激装置,12,47,0.7183571457862854,0.7455353140830994,0.3089141845703125,0.5909355481465658,0.0,0.02666666666666667,1.0,0.538422822607645,0.5980469930299713,0.5297768076402595,0.0,0.0,0.0,0.0,0.0,0.0,0.5,0.5148884038201298,0.9824984912492456,0.0,0.9912492456246228,0.6511153550760302,,0.7199448347091675,96.0
C3→C0,脑电状态检测评估→脑电情绪识别分析,13,58,0.7287111878395081,0.7045384645462036,0.3291410803794861,0.5874635775883993,0.007575757575757576,0.0,0.9919354838709677,0.5503917781805828,0.5536726087522731,0.5016404094001429,0.0,0.0,0.02702702702702703,0.0,0.0,-0.02702702702702703,0.48648977588659537,0.4940650926433691,0.7784615384615384,0.25,0.7642307692307693,0.6037952282937729,,0.646777868270874,1568.0
C3→C1,脑电状态检测评估→脑电特征提取分类,13,20,0.6802808046340942,0.6714471578598022,0.374985933303833,0.5755712985992432,0.01639344262295082,0.0,1.0,0.5503917781805828,0.6932301006799398,0.5709373761414664,0.0,0.0,0.0,0.0,0.0,0.0,0.5,0.5354686880707332,0.45263157894736844,,,,无高价值专利,0.6406854391098022,
C3→C10,脑电状态检测评估→神经信息分析诊断,13,36,0.6664936542510986,0.6769453287124634,0.376803457736969,0.573414146900177,0.0,0.0,1.0,0.5503917781805828,0.5811448339517777,0.5153716822660206,0.0,0.0,0.0,0.13793103448275862,0.0,0.13793103448275862,0.5685314644405662,0.5419515733532934,0.9879379666858128,0.0,0.9939689833429064,0.6444905369053762,,0.657544732093811,199.0
C3→C11,脑电状态检测评估→睡眠脑电调控增强,13,51,0.70171058177948,0.6716885566711426,0.3616443872451782,0.5783478418986002,0.009708737864077669,0.0,1.0,0.5503917781805828,0.6835550559100223,0.5661908583802131,0.0,0.0,0.009009009009009009,0.0,0.0,-0.009009009009009009,0.49549561735676945,0.5308432378684913,0.949193066347878,0.0,0.974596533173939,0.6426386289494888,,0.6201567649841309,244.0
C3→C12,脑电状态检测评估→视觉脑电解码评估,13,30,0.6965279579162598,0.648097038269043,0.35521984100341797,0.5666149457295736,0.0,0.017857142857142856,1.0,0.5503917781805828,0.7829175892646888,0.6142118750133115,0.0,0.0,0.0,0.0,0.0,0.0,0.5,0.5571059375066558,0.6666666666666666,0.0,0.8333333333333333,0.6149242602221847,,0.6337511539459229,1295.0
C3→C13,脑电状态检测评估→多模态神经交互评估,13,43,0.6984187364578247,0.7169452905654907,0.352699875831604,0.5893546342849731,0.0,0.0,1.0,0.5503917781805828,0.6373326104204997,0.5433612195302836,0.0,0.0,0.009009009009009009,0.1724137931034483,0.0,0.1634047840944393,0.5809828937506275,0.5621720566404556,0.8674772036474164,0.0,0.9337386018237082,0.6483003948143841,,0.6555947661399841,129.0
C3→C14,脑电状态检测评估→脑电信号采集处理,13,66,0.7076005935668945,0.702894926071167,0.350726842880249,0.5870741208394368,0.003703703703703704,0.0,1.0,0.5503917781805828,0.679455675419048,0.5641760066507407,0.0,0.0,0.009009009009009009,0.0,0.0,-0.009009009009009009,0.49549561735676945,0.5298358120037551,0.7874493927125507,0.0,0.8937246963562753,0.6340947189629244,,0.6371520757675171,536.0
C3→C15,脑电状态检测评估→心理生理反馈调节,13,18,0.6194802522659302,0.6470195055007935,0.402616024017334,0.5563719272613525,0.0,0.024390243902439025,1.0,0.5503917781805828,0.5865596100887834,0.5180760348149596,0.0,0.0,0.0,0.0,0.0,0.0,0.5,0.5090380174074798,0.8366666666666667,0.0,0.9183333333333333,0.6146415526424694,,0.608247697353363,1309.0
C3→C16,脑电状态检测评估→事件相关电位检测,13,37,0.6834237575531006,0.6692951917648315,0.34844619035720825,0.5670550465583801,0.0,0.0,1.0,0.5503917781805828,0.4632333326977074,0.4565307941986724,0.0,0.0,0.0,0.0,0.0,0.0,0.5,0.4782653970993362,0.9571865443425076,0.0,0.9785932721712538,0.6268016090923513,,0.672210693359375,857.0
C3→C17,脑电状态检测评估→神经反馈刺激分析,13,58,0.7037848234176636,0.6417920589447021,0.3417373299598694,0.5624380707740784,0.005025125628140704,0.0,1.0,0.5503917781805828,0.6150229443551454,0.532270662058453,0.0,0.0,0.0,0.27586206896551724,0.0,0.27586206896551724,0.6345355116007656,0.5834030868296093,0.9730941704035875,0.05263157894736842,0.9602312957281095,0.638337862497811,,0.6581504940986633,369.0
C3→C18,脑电状态检测评估→神经刺激同步递送,13,31,0.6327890753746033,0.6375689506530762,0.41595011949539185,0.5621027151743571,0.0,0.0,1.0,0.5503917781805828,0.5368834240869825,0.4932462337474539,0.0,0.0,0.0,0.0,0.0,0.0,0.5,0.49662311687372696,0.9751098096632503,0.0,0.9875549048316252,0.628162216047425,,0.6068094968795776,798.0
C3→C19,脑电状态检测评估→脑机接口交互控制,13,53,0.6798279881477356,0.6577067375183105,0.366354763507843,0.567963163057963,0.009389671361502348,0.022222222222222223,1.0,0.5503917781805828,0.7533341408009894,0.6001007038846505,0.0,0.0,0.0,0.0,0.0,0.0,0.5,0.5500503519423252,0.7592997811816192,0.0,0.8796498905908097,0.6226989014806096,,0.6243124008178711,1028.0
C3→C2,脑电状态检测评估→柔性电极采集装置,13,70,0.6116834878921509,0.7063780426979065,0.4146649241447449,0.5775754849116007,0.0,0.0,0.9847328244274809,0.5503917781805828,0.6073936135656598,0.5284700892774281,0.0,0.0,0.0,0.0,0.0,0.0,0.5,0.5142350446387141,0.8650602409638555,0.0,0.9325301204819277,0.6319932937968954,,0.6033011078834534,645.0
C3→C20,脑电状态检测评估→脑控轮椅交互系统,13,10,0.6292204856872559,0.55769282579422,0.4121335744857788,0.5330156286557515,0.0,0.0,1.0,0.5503917781805828,0.50031249376726,0.47498126941168295,0.0,0.0,0.0,0.0,0.0,0.0,0.5,0.4874906347058415,0.5454545454545454,,,,无高价值专利,0.5256384015083313,
C3→C21,脑电状态检测评估→多模态脑电融合分析,13,46,0.6783226728439331,0.6767704486846924,0.3634049892425537,0.5728327035903931,0.004975124378109453,0.0,1.0,0.5503917781805828,0.3291122455290337,0.39113136443723323,0.0,0.0,0.018018018018018018,0.0,0.0,-0.018018018018018018,0.49099196578624643,0.44106166511173983,0.9682345754428833,0.0,0.9841172877214417,0.6251042395075161,,0.625808596611023,925.0
C3→C22,脑电状态检测评估→脑机虚拟交互控制,13,18,0.6704844236373901,0.6523350477218628,0.36273783445358276,0.5618524352709452,0.0,0.02857142857142857,1.0,0.5503917781805828,0.5586537376365586,0.5041308857370311,0.0,0.0,0.0,0.0,0.0,0.0,0.5,0.5020654428685156,0.7864583333333334,0.0,0.8932291666666667,0.612671571081942,,0.5861085653305054,1380.0
C3→C23,脑电状态检测评估→生物信号虚拟交互,13,26,0.6243915557861328,0.670099139213562,0.42658090591430664,0.5736905336380005,0.0,0.0,1.0,0.5503917781805828,0.5849439801948719,0.517269229237429,0.0,0.0,0.009009009009009009,0.0,0.0,-0.009009009009009009,0.49549561735676945,0.5063824232970993,0.9470198675496688,0.0,0.9735099337748344,0.6351651522081316,,0.6098884344100952,491.0
C3→C24,脑电状态检测评估→闭环神经调控系统,13,24,0.6558732986450195,0.6327929496765137,0.39348912239074707,0.5607184569040934,0.0,0.0,1.0,0.5503917781805828,0.5622256589370602,0.5059166641894857,0.0,0.0,0.0,0.0,0.0,0.0,0.5,0.5029583320947428,0.9495841995841996,0.125,0.9122920997920998,0.6154152179472037,,0.6021838784217834,1279.0
C3→C25,脑电状态检测评估→脑电信号模式识别,13,30,0.7045348286628723,0.6677733659744263,0.34381330013275146,0.5720404982566833,0.0125,0.0,0.9875,0.5503917781805828,0.7095321562876163,0.5789052022176578,0.0,0.0,0.0,0.0,0.0,0.0,0.5,0.539452601108829,0.872852233676976,,,,无高价值专利,0.6485087275505066,
C3→C26,脑电状态检测评估→神经刺激电极装置,13,43,0.6279424428939819,0.6568871140480042,0.4294404983520508,0.571423351764679,0.0,0.0,1.0,0.5503917781805828,0.578603280366496,0.5141020100805592,0.0,0.0,0.0,0.0,0.0,0.0,0.5,0.5070510050402797,0.9559055118110236,0.0,0.9779527559055118,0.6345324162403646,,0.5897336006164551,523.0
C3→C27,脑电状态检测评估→认知意识神经评估,13,31,0.6907514333724976,0.679305911064148,0.3442368507385254,0.5714313983917236,0.0,0.0,1.0,0.5503917781805828,0.8069023936113827,0.6255144540140043,0.0,0.0,0.0,0.034482758620689655,0.0,0.034482758620689655,0.517234548877195,0.5713745014455996,0.916256157635468,0.0,0.958128078817734,0.6420761632138805,,0.6681763529777527,257.0
C3→C28,脑电状态检测评估→脑波交互反馈系统,13,44,0.6960763931274414,0.6533509492874146,0.3662835359573364,0.5719036261240641,0.0,0.0136986301369863,1.0,0.5503917781805828,0.7644472515623096,0.6054224898597684,0.0,0.0,0.0,0.0,0.0,0.0,0.5,0.5527112449298842,0.7387755102040816,0.0,0.8693877551020408,0.6239555387917685,,0.6294540166854858,973.0
C3→C29,脑电状态检测评估→深部脑刺激调控,13,83,0.6954710483551025,0.6709288358688354,0.3572465181350708,0.5745488007863363,0.0,0.008849557522123894,0.9924242424242424,0.5503917781805828,0.6351596374162822,0.5422827027115467,0.0,0.0,0.0,0.0,0.0,0.0,0.5,0.5211413513557733,0.957544993077988,0.06666666666666667,0.9454391632056607,0.6334415096680098,,0.6405762434005737,563.0
C3→C30,脑电状态检测评估→脑电神经反馈康复训练,13,27,0.6887537240982056,0.6503673791885376,0.35866719484329224,0.5659294327100118,0.006666666666666667,0.015625,1.0,0.5503917781805828,0.5959707455919181,0.5227737155296055,0.0,0.0,0.009009009009009009,0.0,0.0,-0.009009009009009009,0.49549561735676945,0.5091346664431875,0.7529002320185615,0.3333333333333333,0.7097834493426142,0.5829552033900939,,0.6290621161460876,1727.0
C3→C31,脑电状态检测评估→植入式神经接口系统,13,22,0.5891538858413696,0.6531833410263062,0.4559687376022339,0.5661019881566365,0.0,0.0,1.0,0.5503917781805828,0.5840290770930134,0.5168123090719052,0.0,0.0,0.0,0.0,0.0,0.0,0.5,0.5084061545359526,1.0,0.0,1.0,0.6349391819394199,,0.5824587345123291,503.0
C3→C32,脑电状态检测评估→脑电信号评估分析,13,48,0.7354910373687744,0.7141217589378357,0.32516658306121826,0.5915931264559428,0.009852216748768473,0.0,1.0,0.5503917781805828,0.5236597877749698,0.48663718766439457,0.0,0.0,0.018018018018018018,0.06896551724137931,0.0,0.050947499223361295,0.5254517321781959,0.5060444599212952,0.9023331524688009,0.0,0.9511665762344004,0.642999824021406,,0.6829355359077454,232.0
C3→C33,脑电状态检测评估→神经信号采集解码,13,67,0.7026166915893555,0.6705667972564697,0.36291182041168213,0.5786984364191691,0.004132231404958678,0.0,1.0,0.5503917781805828,0.6501304005657931,0.5497046033617923,0.0,0.0,0.018018018018018018,0.0,0.0,-0.018018018018018018,0.49099196578624643,0.5203482845740194,0.9439330543933054,0.0,0.9719665271966527,0.640624534140885,,0.64508455991745,294.0
C3→C34,脑电状态检测评估→脑电图像生成与映射,13,39,0.7010155916213989,0.6714311838150024,0.358068585395813,0.576838453610738,0.0,0.0,1.0,0.5503917781805828,0.5842642844359555,0.5169297788477015,0.0,0.0,0.009009009009009009,0.0,0.0,-0.009009009009009009,0.49549561735676945,0.5062126981022355,0.7593283582089553,0.0,0.8796641791044777,0.6207409315129554,,0.6168475151062012,1100.0
C3→C35,脑电状态检测评估→神经刺激参数优化,13,56,0.6779017448425293,0.6739590764045715,0.38300395011901855,0.5782882571220398,0.0,0.0,1.0,0.5503917781805828,0.5508990447467422,0.5002536332613248,0.0,0.0,0.009009009009009009,0.0,0.0,-0.009009009009009009,0.49549561735676945,0.49787462530904714,0.9911555470101904,0.0,0.9955777735050952,0.640547262870243,,0.620025634765625,299.0
C3→C36,脑电状态检测评估→自适应神经刺激调控,13,15,0.6602717041969299,0.6475664377212524,0.3751986026763916,0.5610122481981913,0.0,0.0,1.0,0.5503917781805828,0.520118521467215,0.4848679940377692,0.0,0.0,0.0,0.0,0.0,0.0,0.5,0.4924339970188846,0.9539347408829175,0.0,0.9769673704414588,0.6249245460623402,,0.6151107549667358,929.0
C3→C37,脑电状态检测评估→神经调节刺激控制,13,59,0.6696879863739014,0.6497519016265869,0.3907671570777893,0.5700690150260925,0.009302325581395349,0.0,1.0,0.5503917781805828,0.4658115066911082,0.4578104218888935,0.0,0.0,0.018018018018018018,0.0,0.0,-0.018018018018018018,0.49099196578624643,0.47440119383756996,0.992143511850203,0.0,0.9960717559251016,0.6311422874549764,,0.6348453760147095,679.0
C3→C38,脑电状态检测评估→事件相关电位分析,13,7,0.6761212348937988,0.5861095190048218,0.38239407539367676,0.5482082764307658,0.0,0.0,1.0,0.5503917781805828,0.5150485035655191,0.48233571717569,0.0,0.0,0.0,0.0,0.0,0.0,0.5,0.491167858587845,0.7263157894736842,,,,无高价值专利,0.5778279304504395,
C3→C39,脑电状态检测评估→脑活动监测与解码,13,35,0.6753812432289124,0.6556142568588257,0.35116857290267944,0.5607213576634724,0.0,0.0,1.0,0.5503917781805828,0.8267363689746892,0.6347592763447939,0.0,0.0,0.0,0.0,0.0,0.0,0.5,0.567379638172397,0.8997214484679665,0.0,0.9498607242339833,0.63278768107342,,0.651042103767395,603.0
C3→C4,脑电状态检测评估→神经刺激调控系统,13,84,0.6909558773040771,0.6830645799636841,0.3564196825027466,0.5768133799235026,0.006779661016949152,0.0,1.0,0.5503917781805828,0.5739366304571628,0.5117702512329066,0.0,0.0,0.0,0.034482758620689655,0.0,0.034482758620689655,0.517234548877195,0.5145024000550509,0.9646086282614311,0.0,0.9823043141307155,0.6401407676003408,,0.6387096643447876,315.0
C3→C40,脑电状态检测评估→脑电虚拟现实交互,13,5,0.7003399729728699,0.610734224319458,0.3520197868347168,0.5543646613756815,0.0,0.0,1.0,0.5503917781805828,0.409545021537841,0.43003863770976036,0.0,0.0,0.0,0.034482758620689655,0.0,0.034482758620689655,0.517234548877195,0.4736365932934777,0.6150442477876106,0.0,0.8075221238938053,0.5873628829814922,,0.6254411339759827,1706.0
C3→C41,脑电状态检测评估→脑电电极采集装置,13,40,0.6155073642730713,0.6811366081237793,0.4407815933227539,0.5791418552398682,0.0,0.0,1.0,0.5503917781805828,0.4445427445021895,0.44727225708959145,0.0,0.0,0.0,0.034482758620689655,0.0,0.034482758620689655,0.517234548877195,0.48225340298339325,0.9487505294366794,0.0,0.9743752647183397,0.6347438690511549,,0.6020898222923279,514.0
C3→C42,脑电状态检测评估→脑电听觉调控降噪,13,20,0.669450044631958,0.6490343809127808,0.38398057222366333,0.5674883325894673,0.0,0.0,1.0,0.5503917781805828,0.6573096058558042,0.5532561371982724,0.0,0.0,0.0,0.0,0.0,0.0,0.5,0.5266280685991362,0.9382022471910112,0.0,0.9691011235955056,0.6337286652439911,,0.6387864351272583,552.0
C3→C43,脑电状态检测评估→癫痫监测预测干预,13,21,0.666389524936676,0.6573523283004761,0.3867809772491455,0.5701742768287659,0.0,0.0,1.0,0.5503917781805828,0.4366782007220494,0.4433870178036741,0.0,0.0,0.018018018018018018,0.0,0.0,-0.018018018018018018,0.49099196578624643,0.4671894917949603,0.9698535745047373,0.0,0.9849267872523686,0.6280484261470552,,0.6396871209144592,801.0
C3→C44,脑电状态检测评估→脑电频率识别分析,13,13,0.6740431785583496,0.6702249050140381,0.38074159622192383,0.5750032265981038,0.0,0.0,1.0,0.5503917781805828,0.6381395033007632,0.5437616036338588,0.0,0.0,0.0,0.0,0.0,0.0,0.5,0.5218808018169294,0.7122302158273381,0.0,0.8561151079136691,0.6181435502557074,,0.6174595355987549,1201.0
C3→C5,脑电状态检测评估→眼动脑电视觉分析,13,27,0.7034724354743958,0.622501015663147,0.37842679023742676,0.5681334137916565,0.0,0.0196078431372549,1.0,0.5503917781805828,0.5322104001372527,0.4909103125262249,0.0,0.0,0.009009009009009009,0.0,0.0,-0.009009009009009009,0.49549561735676945,0.4932029649414972,0.8195050946142649,0.0,0.9097525473071324,0.6181242201602741,,0.6211292743682861,1202.0
C3→C6,脑电状态检测评估→电极阵列植入制造,13,42,0.5646148920059204,0.6603125333786011,0.45041394233703613,0.5584471225738525,0.0,0.0,1.0,0.5503917781805828,0.571474259607952,0.5105396792326155,0.0,0.0,0.0,0.0,0.0,0.0,0.5,0.5052698396163078,0.9067315490673155,0.0,0.9533657745336577,0.6213781267664601,,0.5740169286727905,1075.0
C3→C7,脑电状态检测评估→视觉刺激脑电分析,13,48,0.7109062075614929,0.669980525970459,0.3429604768753052,0.574615736802419,0.0,0.0,1.0,0.5503917781805828,0.7934048652653686,0.6191698547497317,0.0,0.0,0.0,0.06896551724137931,0.0,0.06896551724137931,0.5344281929745097,0.5767990238621208,0.9191073919107392,0.0,0.9595536959553697,0.645373137307239,,0.661659836769104,185.0
C3→C8,脑电状态检测评估→神经刺激监测装置,13,128,0.691124677658081,0.683889627456665,0.36644256114959717,0.5804856220881144,0.0,0.0,1.0,0.5503917781805828,0.7415056039068469,0.5944102728242107,0.0,0.0,0.009009009009009009,0.13793103448275862,0.0,0.12892202547374962,0.5641062381131012,0.579258255468656,0.9955230399650579,0.0,0.9977615199825289,0.656141848543484,,0.6647166013717651,58.0
C3→C9,脑电状态检测评估→经颅聚焦刺激装置,13,47,0.6343196630477905,0.6503782868385315,0.41155576705932617,0.5654179056485493,0.0,0.0,1.0,0.5503917781805828,0.5980469930299713,0.5238095861414729,0.0,0.0,0.0,0.0,0.0,0.0,0.5,0.5119047930707364,0.9824984912492456,0.0,0.9912492456246228,0.6335941102860246,,0.6134840250015259,557.0
C30→C0,脑电神经反馈康复训练→脑电情绪识别分析,17,58,0.7075154185295105,0.6882975697517395,0.3541971445083618,0.5833367109298706,0.018518518518518517,0.0,1.0,0.6524369140205009,0.5536726087522731,0.4507777875729351,0.0,0.0,0.02702702702702703,0.0,0.0,-0.02702702702702703,0.48648977588659537,0.4686337817297652,0.7784615384615384,0.25,0.7642307692307693,0.5963561921417484,,0.63848876953125,1647.0
C30→C1,脑电神经反馈康复训练→脑电特征提取分类,17,20,0.6662580370903015,0.6424777507781982,0.39770185947418213,0.5688125491142273,0.023076923076923078,0.0,1.0,0.6524369140205009,0.6932301006799398,0.5203852869734835,0.0,0.0,0.0,0.0,0.0,0.0,0.5,0.5101926434867418,0.45263157894736844,,,,无高价值专利,0.6128392219543457,
C30→C10,脑电神经反馈康复训练→神经信息分析诊断,17,36,0.6444258689880371,0.6603296995162964,0.3561311960220337,0.5536289215087891,0.006493506493506494,0.0,0.984375,0.6524369140205009,0.5811448339517777,0.4644142284950518,0.0,0.0,0.0,0.13793103448275862,0.0,0.13793103448275862,0.5685314644405662,0.516472846467809,0.9879379666858128,0.0,0.9939689833429064,0.6268460090821201,,0.6350690722465515,855.0
C30→C11,脑电神经反馈康复训练→睡眠脑电调控增强,17,51,0.6900520324707031,0.6553900241851807,0.35238492488861084,0.5659423271814982,0.018779342723004695,0.02531645569620253,0.9886363636363636,0.6524369140205009,0.6835550559100223,0.515554050738795,0.0,0.0,0.009009009009009009,0.0,0.0,-0.009009009009009009,0.49549561735676945,0.5055248340477823,0.949193066347878,0.0,0.974596533173939,0.6300430696859379,,0.6479073762893677,724.0
C30→C12,脑电神经反馈康复训练→视觉脑电解码评估,17,30,0.6735415458679199,0.608310341835022,0.38299107551574707,0.5549476544062296,0.0,0.0,0.9827586206896551,0.6524369140205009,0.7829175892646888,0.5648725983449294,0.0,0.0,0.0,0.0,0.0,0.0,0.5,0.5324362991724647,0.6666666666666666,0.0,0.8333333333333333,0.6029623496273439,,0.597709596157074,1579.0
C30→C13,脑电神经反馈康复训练→多模态神经交互评估,17,43,0.7031488418579102,0.6884168386459351,0.3763282299041748,0.5892979701360066,0.004484304932735426,0.0,1.0,0.6524369140205009,0.6373326104204997,0.49244842246353293,0.0,0.0,0.009009009009009009,0.1724137931034483,0.0,0.1634047840944393,0.5809828937506275,0.5367156581070802,0.8674772036474164,0.0,0.9337386018237082,0.643827579857581,,0.630481481552124,214.0
C30→C14,脑电神经反馈康复训练→脑电信号采集处理,17,66,0.7075076103210449,0.6780707836151123,0.34718602895736694,0.5775881409645081,0.007194244604316547,0.0,0.9813084112149533,0.6524369140205009,0.679455675419048,0.5135060943156292,0.0,0.0,0.009009009009009009,0.0,0.0,-0.009009009009009009,0.49549561735676945,0.5045008558361993,0.7874493927125507,0.0,0.8937246963562753,0.6234330993729245,,0.6276019215583801,999.0
C30→C15,脑电神经反馈康复训练→心理生理反馈调节,17,18,0.6287646293640137,0.6243902444839478,0.3976821303367615,0.5502790013949076,0.0,0.0,1.0,0.6524369140205009,0.5865596100887834,0.4671089147279556,0.0,0.0,0.0,0.0,0.0,0.0,0.5,0.48355445736397784,0.8366666666666667,0.0,0.9183333333333333,0.6062099598048655,,0.6125497817993164,1536.0
C30→C16,脑电神经反馈康复训练→事件相关电位检测,17,37,0.6587514877319336,0.5502709150314331,0.39895474910736084,0.5359923839569092,0.0,0.0,0.984375,0.6524369140205009,0.4632333326977074,0.4065111274383585,0.0,0.0,0.0,0.0,0.0,0.0,0.5,0.45325556371917924,0.9571865443425076,0.0,0.9785932721712538,0.6017859462735986,,0.5946247577667236,1600.0
C30→C17,脑电神经反馈康复训练→神经反馈刺激分析,17,58,0.7116842269897461,0.6650993824005127,0.3167550563812256,0.5645128885904948,0.00966183574879227,0.00980392156862745,0.9891304347826086,0.6524369140205009,0.6150229443551454,0.48130173899377965,0.0,0.0,0.0,0.27586206896551724,0.0,0.27586206896551724,0.6345355116007656,0.5579186252972727,0.9730941704035875,0.05263157894736842,0.9602312957281095,0.6355038462984414,,0.6610050201416016,472.0
C30→C18,脑电神经反馈康复训练→神经刺激同步递送,17,31,0.6191363334655762,0.628044843673706,0.41779446601867676,0.554991881052653,0.0,0.0,1.0,0.6524369140205009,0.5368834240869825,0.4424790456932865,0.0,0.0,0.0,0.0,0.0,0.0,0.5,0.4712395228466433,0.9751098096632503,0.0,0.9875549048316252,0.6190954582035326,,0.5994871854782104,1160.0
C30→C19,脑电神经反馈康复训练→脑机接口交互控制,17,53,0.7023677825927734,0.7108179330825806,0.34656667709350586,0.5865841309229533,0.009009009009009009,0.03296703296703297,0.9880952380952381,0.6524369140205009,0.7533341408009894,0.5502781144735222,0.0,0.0,0.0,0.0,0.0,0.0,0.5,0.5251390572367611,0.7592997811816192,0.0,0.8796498905908097,0.6304209255438493,,0.6392993927001953,707.0
C30→C2,脑电神经反馈康复训练→柔性电极采集装置,17,70,0.6134893894195557,0.6634960174560547,0.4315369129180908,0.5695074399312336,0.0,0.0,1.0,0.6524369140205009,0.6073936135656598,0.47749356880545707,0.0,0.0,0.0,0.0,0.0,0.0,0.5,0.48874678440272856,0.8650602409638555,0.0,0.9325301204819277,0.6222417146228822,,0.5803072452545166,1050.0
C30→C20,脑电神经反馈康复训练→脑控轮椅交互系统,17,10,0.6163264513015747,0.5555242896080017,0.42515498399734497,0.5323352416356404,0.010869565217391304,0.0,1.0,0.6524369140205009,0.50031249376726,0.42451914879287433,0.0,0.0,0.0,0.0,0.0,0.0,0.5,0.46225957439643717,0.5454545454545454,,,,无高价值专利,0.5005922913551331,
C30→C21,脑电神经反馈康复训练→多模态脑电融合分析,17,46,0.6745899319648743,0.6444384455680847,0.38827407360076904,0.5691008170445759,0.009569377990430622,0.015151515151515152,0.9761904761904762,0.6524369140205009,0.3291122455290337,0.34374499831286437,0.0,0.0,0.018018018018018018,0.0,0.0,-0.018018018018018018,0.49099196578624643,0.4173684820495554,0.9682345754428833,0.0,0.9841172877214417,0.6184961551119453,,0.588641881942749,1187.0
C30→C22,脑电神经反馈康复训练→脑机虚拟交互控制,17,18,0.6847554445266724,0.6943354606628418,0.3604925870895386,0.5798611640930176,0.0,0.0,1.0,0.6524369140205009,0.5586537376365586,0.45324540481904035,0.0,0.0,0.0,0.0,0.0,0.0,0.5,0.4766227024095202,0.7864583333333334,0.0,0.8932291666666667,0.6198004086267626,,0.5914987921714783,1135.0
C30→C23,脑电神经反馈康复训练→生物信号虚拟交互,17,26,0.6400330662727356,0.6677892208099365,0.42281025648117065,0.5768775145212809,0.0,0.0,1.0,0.6524369140205009,0.5849439801948719,0.4663046816071018,0.0,0.0,0.009009009009009009,0.0,0.0,-0.009009009009009009,0.49549561735676945,0.4809001494819356,0.9470198675496688,0.0,0.9735099337748344,0.6328676830498817,,0.5959995985031128,598.0
C30→C24,脑电神经反馈康复训练→闭环神经调控系统,17,24,0.673370361328125,0.6436848044395447,0.3464515209197998,0.5545022288958231,0.008064516129032258,0.0,1.0,0.6524369140205009,0.5622256589370602,0.4550163330570281,0.0,0.0,0.0,0.0,0.0,0.0,0.5,0.477508166528514,0.9495841995841996,0.125,0.9122920997920998,0.606891333405858,,0.6181823015213013,1526.0
C30→C25,脑电神经反馈康复训练→脑电信号模式识别,17,30,0.6766952276229858,0.6511240601539612,0.37592750787734985,0.5679155985514323,0.0058823529411764705,0.0,0.971830985915493,0.6524369140205009,0.7095321562876163,0.5285166410495753,0.0,0.0,0.0,0.0,0.0,0.0,0.5,0.5142583205247877,0.872852233676976,,,,无高价值专利,0.6181546449661255,
C30→C26,脑电神经反馈康复训练→神经刺激电极装置,17,43,0.6087582111358643,0.6178840398788452,0.4168698191642761,0.5478373567263285,0.0,0.0,1.0,0.6524369140205009,0.578603280366496,0.46315012006232387,0.0,0.0,0.0,0.0,0.0,0.0,0.5,0.4815750600311619,0.9559055118110236,0.0,0.9779527559055118,0.6144180111317583,,0.5826554298400879,1323.0
C30→C27,脑电神经反馈康复训练→认知意识神经评估,17,31,0.6705169081687927,0.6011776924133301,0.375569224357605,0.5490879416465759,0.0,0.0,1.0,0.6524369140205009,0.8069023936113827,0.5766242989703149,0.0,0.0,0.0,0.034482758620689655,0.0,0.034482758620689655,0.517234548877195,0.546929423923755,0.916256157635468,0.0,0.958128078817734,0.6228656526935511,,0.6197592616081238,1016.0
C30→C28,脑电神经反馈康复训练→脑波交互反馈系统,17,44,0.7052890062332153,0.6501704454421997,0.3401517868041992,0.5652037461598713,0.004830917874396135,0.0,1.0,0.6524369140205009,0.7644472515623096,0.5557721187589658,0.0,0.0,0.0,0.0,0.0,0.0,0.5,0.527886059379483,0.7387755102040816,0.0,0.8693877551020408,0.6152103438159917,,0.6385375261306763,1287.0
C30→C29,脑电神经反馈康复训练→深部脑刺激调控,17,83,0.6924774050712585,0.6893282532691956,0.34635627269744873,0.5760539770126343,0.0,0.0,0.9754098360655737,0.6524369140205009,0.6351596374162822,0.49136222115212586,0.0,0.0,0.0,0.0,0.0,0.0,0.5,0.4956811105760629,0.957544993077988,0.06666666666666667,0.9454391632056607,0.6300079074530676,,0.6639779806137085,725.0
C30→C3,脑电神经反馈康复训练→脑电状态检测评估,17,50,0.6887537240982056,0.6503673791885376,0.35866719484329224,0.5659294327100118,0.008888888888888889,0.0,0.9651162790697675,0.6524369140205009,0.5131838629552182,0.43082006301351516,0.0,0.0,0.0,0.0,0.0,0.0,0.5,0.4654100315067576,0.9434650455927052,0.0,0.9717325227963526,0.6226518891868226,,0.6290621161460876,1032.0
C30→C31,脑电神经反馈康复训练→植入式神经接口系统,17,22,0.5766282081604004,0.6353754997253418,0.46175551414489746,0.5579197406768799,0.009174311926605505,0.0,1.0,0.6524369140205009,0.5840290770930134,0.4658493357732496,0.0,0.0,0.0,0.0,0.0,0.0,0.5,0.4829246678866248,1.0,0.0,1.0,0.6251419951334031,,0.5594077706336975,919.0
C30→C32,脑电神经反馈康复训练→脑电信号评估分析,17,48,0.6985881328582764,0.6745564937591553,0.34668266773223877,0.5732757647832234,0.01904761904761905,0.0,1.0,0.6524369140205009,0.5236597877749698,0.4359650218658028,0.0,0.0,0.018018018018018018,0.06896551724137931,0.0,0.050947499223361295,0.5254517321781959,0.4807083770219993,0.9023331524688009,0.0,0.9511665762344004,0.6265679671374257,,0.6335437297821045,862.0
C30→C33,脑电神经反馈康复训练→神经信号采集解码,17,67,0.6809169054031372,0.6513956785202026,0.34830641746520996,0.5602063337961832,0.008,0.0,0.9917355371900827,0.6524369140205009,0.6501304005657931,0.49884674531775197,0.0,0.0,0.018018018018018018,0.0,0.0,-0.018018018018018018,0.49099196578624643,0.4949193555519992,0.9439330543933054,0.0,0.9719665271966527,0.6239579781869087,,0.6174572706222534,972.0
C30→C34,脑电神经反馈康复训练→脑电图像生成与映射,17,39,0.6980340480804443,0.6564434766769409,0.38409918546676636,0.5795255700747172,0.005291005291005291,0.0,0.9861111111111112,0.6524369140205009,0.5842642844359555,0.46596639269354595,0.0,0.0,0.009009009009009009,0.0,0.0,-0.009009009009009009,0.49549561735676945,0.4807310050251577,0.7593283582089553,0.0,0.8796641791044777,0.6178706953366033,,0.6097022294998169,1209.0
C30→C35,脑电神经反馈康复训练→神经刺激参数优化,17,56,0.6702430248260498,0.6354297399520874,0.37929391860961914,0.5616555611292521,0.0,0.0,1.0,0.6524369140205009,0.5508990447467422,0.44940482369449125,0.0,0.0,0.009009009009009009,0.0,0.0,-0.009009009009009009,0.49549561735676945,0.47245022052563035,0.9911555470101904,0.0,0.9955777735050952,0.6251205480674648,,0.6109746694564819,924.0
C30→C36,脑电神经反馈康复训练→自适应神经刺激调控,17,15,0.6513791084289551,0.6809457540512085,0.36069583892822266,0.5643402338027954,0.0,0.05128205128205128,1.0,0.6524369140205009,0.520118521467215,0.4342242272632164,0.0,0.0,0.0,0.0,0.0,0.0,0.5,0.4671121136316082,0.9539347408829175,0.0,0.9769673704414588,0.622800638596516,,0.6224410533905029,1021.0
C30→C37,脑电神经反馈康复训练→神经调节刺激控制,17,59,0.6619294881820679,0.6622628569602966,0.37161552906036377,0.5652692914009094,0.018018018018018018,0.0,0.9903846153846154,0.6524369140205009,0.4658115066911082,0.4077557443045244,0.0,0.0,0.018018018018018018,0.0,0.0,-0.018018018018018018,0.49099196578624643,0.4493738550453854,0.992143511850203,0.0,0.9960717559251016,0.6236514541370124,,0.636425256729126,994.0
C30→C38,脑电神经反馈康复训练→事件相关电位分析,17,7,0.6370943784713745,0.5483421683311462,0.41393762826919556,0.5331247250239054,0.0,0.0,1.0,0.6524369140205009,0.5150485035655191,0.4317347704136828,0.0,0.0,0.0,0.0,0.0,0.0,0.5,0.4658673852068414,0.7263157894736842,,,,无高价值专利,0.5536754131317139,
C30→C39,脑电神经反馈康复训练→脑活动监测与解码,17,35,0.6742961406707764,0.6226181387901306,0.37617427110671997,0.5576961835225422,0.0,0.0,0.9772727272727273,0.6524369140205009,0.8267363689746892,0.58627777703748,0.0,0.0,0.0,0.0,0.0,0.0,0.5,0.54313888851874,0.8997214484679665,0.0,0.9498607242339833,0.6266867077634635,,0.623367965221405,860.0
C30→C4,脑电神经反馈康复训练→神经刺激调控系统,17,84,0.6855044364929199,0.6905851364135742,0.34600722789764404,0.5740322669347127,0.013245033112582781,0.015625,0.9672131147540983,0.6524369140205009,0.5739366304571628,0.460830283626656,0.0,0.0,0.0,0.034482758620689655,0.0,0.034482758620689655,0.517234548877195,0.4890324162519255,0.9646086282614311,0.0,0.9823043141307155,0.6339202360722564,,0.6540398001670837,545.0
C30→C40,脑电神经反馈康复训练→脑电虚拟现实交互,17,5,0.6947795748710632,0.6570531129837036,0.347345232963562,0.5663926402727762,0.013513513513513514,0.0,1.0,0.6524369140205009,0.409545021537841,0.3808873019228472,0.0,0.0,0.0,0.034482758620689655,0.0,0.034482758620689655,0.517234548877195,0.44906092540002107,0.6150442477876106,0.0,0.8075221238938053,0.5903846284041676,,0.6172065734863281,1685.0
C30→C41,脑电神经反馈康复训练→脑电电极采集装置,17,40,0.5962901711463928,0.625347375869751,0.45075392723083496,0.5574638247489929,0.0,0.0,1.0,0.6524369140205009,0.4445427445021895,0.39752500155504283,0.0,0.0,0.0,0.034482758620689655,0.0,0.034482758620689655,0.517234548877195,0.45737977521611894,0.9487505294366794,0.0,0.9743752647183397,0.6161202799079424,,0.5734333395957947,1261.0
C30→C42,脑电神经反馈康复训练→脑电听觉调控降噪,17,20,0.6612465977668762,0.6369262933731079,0.4049288034439087,0.5677005648612976,0.007874015748031496,0.0,1.0,0.6524369140205009,0.6573096058558042,0.5024363266356789,0.0,0.0,0.0,0.0,0.0,0.0,0.5,0.5012181633178394,0.9382022471910112,0.0,0.9691011235955056,0.6295413473364648,,0.5876857042312622,741.0
C30→C43,脑电神经反馈康复训练→癫痫监测预测干预,17,21,0.6508041620254517,0.5710304975509644,0.42867207527160645,0.5501689116160074,0.0,0.0,1.0,0.6524369140205009,0.4366782007220494,0.39376404238158574,0.0,0.0,0.018018018018018018,0.0,0.0,-0.018018018018018018,0.49099196578624643,0.4423780040839161,0.9698535745047373,0.0,0.9849267872523686,0.6105093489696496,,0.5683099031448364,1453.0
C30→C44,脑电神经反馈康复训练→脑电频率识别分析,17,13,0.6715813279151917,0.6396809816360474,0.3923438787460327,0.5678687294324238,0.0,0.0,1.0,0.6524369140205009,0.6381395033007632,0.4928517817034462,0.0,0.0,0.0,0.0,0.0,0.0,0.5,0.49642589085172306,0.7122302158273381,0.0,0.8561151079136691,0.6089714742632756,,0.5689871311187744,1488.0
C30→C5,脑电神经反馈康复训练→眼动脑电视觉分析,17,27,0.6735986471176147,0.5894577503204346,0.39083993434906006,0.5512987772623698,0.0,0.0,1.0,0.6524369140205009,0.5322104001372527,0.44017471218325804,0.0,0.0,0.009009009009009009,0.0,0.0,-0.009009009009009009,0.49549561735676945,0.46783516477001375,0.8195050946142649,0.0,0.9097525473071324,0.6026538333959286,,0.5920321345329285,1589.0
C30→C6,脑电神经反馈康复训练→电极阵列植入制造,17,42,0.5659093260765076,0.6245408058166504,0.45852386951446533,0.5496580004692078,0.0,0.0,1.0,0.6524369140205009,0.571474259607952,0.459606892534774,0.0,0.0,0.0,0.0,0.0,0.0,0.5,0.479803446267387,0.9067315490673155,0.0,0.9533657745336577,0.6111706962016281,,0.5590934157371521,1433.0
C30→C7,脑电神经反馈康复训练→视觉刺激脑电分析,17,48,0.6844860315322876,0.6302658319473267,0.35517770051956177,0.5566431879997253,0.00546448087431694,0.0,0.9873417721518988,0.6524369140205009,0.7934048652653686,0.5700207721872341,0.0,0.0,0.0,0.06896551724137931,0.0,0.06896551724137931,0.5344281929745097,0.552224482580872,0.9191073919107392,0.0,0.9595536959553697,0.6291140289783437,,0.6221282482147217,762.0
C30→C8,脑电神经反馈康复训练→神经刺激监测装置,17,128,0.6919035911560059,0.6995259523391724,0.34324318170547485,0.578224241733551,0.00273224043715847,0.011764705882352941,0.9940828402366864,0.6524369140205009,0.7415056039068469,0.5444169503667997,0.0,0.0,0.009009009009009009,0.13793103448275862,0.0,0.12892202547374962,0.5641062381131012,0.5542615942399505,0.9955230399650579,0.0,0.9977615199825289,0.6504367226311218,,0.6662552356719971,103.0
C30→C9,脑电神经反馈康复训练→经颅聚焦刺激装置,17,47,0.6284142732620239,0.6237865686416626,0.40476930141448975,0.5523233811060587,0.0,0.0,0.9857142857142858,0.6524369140205009,0.5980469930299713,0.4728318244301556,0.0,0.0,0.0,0.0,0.0,0.0,0.5,0.4864159122150778,0.9824984912492456,0.0,0.9912492456246228,0.6204895503558949,,0.6167111992835999,1112.0
C31→C0,植入式神经接口系统→脑电情绪识别分析,0,58,0.5800917744636536,0.6618775129318237,0.4362466335296631,0.5594053069750468,0.0,0.0,1.0,0.0,0.5536726087522731,0.7516338467064441,0.0,0.0,0.02702702702702703,0.0,0.0,-0.02702702702702703,0.48648977588659537,0.6190618112965197,0.7784615384615384,0.25,0.7642307692307693,0.6089611265469155,样本不足,0.5878618359565735,1490.0
C31→C1,植入式神经接口系统→脑电特征提取分类,0,20,0.5516231656074524,0.6308816075325012,0.4925349950790405,0.5583465894063313,0.0,0.0,1.0,0.0,0.6932301006799398,0.8000265331182598,0.0,0.0,0.0,0.0,0.0,0.0,0.5,0.6500132665591298,0.45263157894736844,,,,样本不足;无高价值专利,0.5645023584365845,
C31→C10,植入式神经接口系统→神经信息分析诊断,0,36,0.5972710847854614,0.6743916273117065,0.4461376667022705,0.5726001262664795,0.0,0.0,1.0,0.0,0.5811448339517777,0.7617485104558364,0.0,0.0,0.0,0.13793103448275862,0.0,0.13793103448275862,0.5685314644405662,0.6651399874482014,0.9879379666858128,0.0,0.9939689833429064,0.6641234724975043,样本不足,0.6020867824554443,20.0
C31→C11,植入式神经接口系统→睡眠脑电调控增强,0,51,0.5924067497253418,0.6443371772766113,0.4492100477218628,0.561984658241272,0.0,0.0,1.0,0.0,0.6835550559100223,0.7969128473815994,0.0,0.0,0.009009009009009009,0.0,0.0,-0.009009009009009009,0.49549561735676945,0.6462042323691845,0.949193066347878,0.0,0.974596533173939,0.6506007069911337,样本不足,0.569704532623291,100.0
C31→C12,植入式神经接口系统→视觉脑电解码评估,0,30,0.5692453384399414,0.5789191722869873,0.4596192240715027,0.5359279115994771,0.0,0.0,1.0,0.0,0.7829175892646888,0.8271890692561668,0.0,0.0,0.0,0.0,0.0,0.0,0.5,0.6635945346280834,0.6666666666666666,0.0,0.8333333333333333,0.612536787945109,样本不足,0.5569854974746704,1390.0
C31→C13,植入式神经接口系统→多模态神经交互评估,0,43,0.6242203712463379,0.6755909323692322,0.43287181854248047,0.5775610407193501,0.0,0.0,1.0,0.0,0.6373326104204997,0.7815403107522061,0.0,0.0,0.009009009009009009,0.1724137931034483,0.0,0.1634047840944393,0.5809828937506275,0.6812616022514169,0.8674772036474164,0.0,0.9337386018237082,0.6604132355742562,样本不足,0.6297277212142944,31.0
C31→C14,植入式神经接口系统→脑电信号采集处理,0,66,0.6282460689544678,0.701823353767395,0.4291844367980957,0.5864179531733195,0.0,0.0,1.0,0.0,0.679455675419048,0.7955827067333575,0.0,0.0,0.009009009009009009,0.0,0.0,-0.009009009009009009,0.49549561735676945,0.6455391620450635,0.7874493927125507,0.0,0.8937246963562753,0.6537889639079174,样本不足,0.6064773797988892,74.0
C31→C15,植入式神经接口系统→心理生理反馈调节,0,18,0.5755710005760193,0.607110857963562,0.48578059673309326,0.5561541517575581,0.0,0.0,1.0,0.0,0.5865596100887834,0.7637083665772432,0.0,0.0,0.0,0.0,0.0,0.0,0.5,0.6318541832886215,0.8366666666666667,0.0,0.9183333333333333,0.6351244122546165,样本不足,0.5419269800186157,493.0
C31→C16,植入式神经接口系统→事件相关电位检测,0,37,0.5633226633071899,0.5884225368499756,0.4587058424949646,0.5368170142173767,0.0,0.0,1.0,0.0,0.4632333326977074,0.7163578990140764,0.0,0.0,0.0,0.0,0.0,0.0,0.5,0.6081789495070382,0.9571865443425076,0.0,0.9785932721712538,0.6276096327528492,样本不足,0.5746691226959229,822.0
C31→C17,植入式神经接口系统→神经反馈刺激分析,0,58,0.6099790334701538,0.642012357711792,0.43088674545288086,0.5609593788782755,0.0,0.0,1.0,0.0,0.6150229443551454,0.773826605766099,0.0,0.0,0.0,0.27586206896551724,0.0,0.27586206896551724,0.6345355116007656,0.7041810586834323,0.9730941704035875,0.05263157894736842,0.9602312957281095,0.6568273406951091,样本不足,0.5988255143165588,49.0
C31→C18,植入式神经接口系统→神经刺激同步递送,0,31,0.6247714757919312,0.6868610382080078,0.44639354944229126,0.5860086878140767,0.0,0.0,1.0,0.0,0.5368834240869825,0.7453126059380741,0.0,0.0,0.0,0.0,0.0,0.0,0.5,0.6226563029690371,0.9751098096632503,0.0,0.9875549048316252,0.6654011890590423,样本不足,0.6004791259765625,15.0
C31→C19,植入式神经接口系统→脑机接口交互控制,0,53,0.60117107629776,0.6776943802833557,0.43241554498672485,0.5704270005226135,0.0,0.0,1.0,0.0,0.7533341408009894,0.8185669213810921,0.0,0.0,0.0,0.0,0.0,0.0,0.5,0.659283460690546,0.7592997811816192,0.0,0.8796498905908097,0.6429777889481882,样本不足,0.6245465874671936,233.0
C31→C2,植入式神经接口系统→柔性电极采集装置,0,70,0.6096097230911255,0.7342828512191772,0.40593796968460083,0.5832768479983012,0.0,0.0,1.0,0.0,0.6073936135656598,0.7711448974717346,0.0,0.0,0.0,0.0,0.0,0.0,0.5,0.6355724487358674,0.8650602409638555,0.0,0.9325301204819277,0.6565421776019659,样本不足,0.6470232605934143,52.0
C31→C20,植入式神经接口系统→脑控轮椅交互系统,0,10,0.5487732887268066,0.5676841735839844,0.4857519865036011,0.534069816271464,0.0,0.0,1.0,0.0,0.50031249376726,0.7311814408910361,0.0,0.0,0.0,0.0,0.0,0.0,0.5,0.615590720445518,0.5454545454545454,,,,样本不足;无高价值专利,0.519604504108429,
C31→C21,植入式神经接口系统→多模态脑电融合分析,0,46,0.5895946621894836,0.6208891868591309,0.45663559436798096,0.5557064811388651,0.0,0.0,1.0,0.0,0.3291122455290337,0.6588614322889237,0.0,0.0,0.018018018018018018,0.0,0.0,-0.018018018018018018,0.49099196578624643,0.5749266990375851,0.9682345754428833,0.0,0.9841172877214417,0.6362658677684172,样本不足,0.5732386708259583,441.0
C31→C22,植入式神经接口系统→脑机虚拟交互控制,0,18,0.584185004234314,0.6445626020431519,0.4625248908996582,0.5637574990590413,0.0,0.0,1.0,0.0,0.5586537376365586,0.7534889392780522,0.0,0.0,0.0,0.0,0.0,0.0,0.5,0.6267444696390261,0.7864583333333334,0.0,0.8932291666666667,0.6352984898062974,样本不足,0.5898268222808838,484.0
C31→C23,植入式神经接口系统→生物信号虚拟交互,0,26,0.5795223712921143,0.6278718113899231,0.4186105728149414,0.5420015851656595,0.0,0.0,1.0,0.0,0.5849439801948719,0.7631247634435672,0.0,0.0,0.009009009009009009,0.0,0.0,-0.009009009009009009,0.49549561735676945,0.6293101904001683,0.9470198675496688,0.0,0.9735099337748344,0.6337854290449211,样本不足,0.5675200819969177,551.0
C31→C24,植入式神经接口系统→闭环神经调控系统,0,24,0.6206225156784058,0.666375994682312,0.45183438062667847,0.5796109636624653,0.0,0.0,1.0,0.0,0.5622256589370602,0.7548134564080704,0.0,0.0,0.0,0.0,0.0,0.0,0.5,0.6274067282040352,0.9495841995841996,0.125,0.9122920997920998,0.6492983040225325,样本不足,0.6091617345809937,117.0
C31→C25,植入式神经接口系统→脑电信号模式识别,0,30,0.5813649892807007,0.6949280500411987,0.4460400342941284,0.5741110245386759,0.0,0.0,1.0,0.0,0.7095321562876163,0.8051916882300573,0.0,0.0,0.0,0.0,0.0,0.0,0.5,0.6525958441150286,0.872852233676976,,,,样本不足;无高价值专利,0.5825114846229553,
C31→C26,植入式神经接口系统→神经刺激电极装置,0,43,0.6670256853103638,0.7523616552352905,0.41193699836730957,0.6104414463043213,0.0,0.0,1.0,0.0,0.578603280366496,0.7608247618842426,0.0,0.0,0.0,0.0,0.0,0.0,0.5,0.6304123809421214,0.9559055118110236,0.0,0.9779527559055118,0.6815979406495587,样本不足,0.6150045990943909,2.0
C31→C27,植入式神经接口系统→认知意识神经评估,0,31,0.5794163346290588,0.5799658894538879,0.45524513721466064,0.5382091204325358,0.0,0.0,1.0,0.0,0.8069023936113827,0.8339389611912171,0.0,0.0,0.0,0.034482758620689655,0.0,0.034482758620689655,0.517234548877195,0.6755867550342061,0.916256157635468,0.0,0.958128078817734,0.6359590244715299,样本不足,0.5472722053527832,454.0
C31→C28,植入式神经接口系统→脑波交互反馈系统,0,44,0.6077029705047607,0.6375324726104736,0.45424503087997437,0.5664934913317362,0.0,0.0,1.0,0.0,0.7644472515623096,0.8218445092459565,0.0,0.0,0.0,0.0,0.0,0.0,0.5,0.6609222546229783,0.7387755102040816,0.0,0.8693877551020408,0.6388762210248072,样本不足,0.5818901658058167,354.0
C31→C29,植入式神经接口系统→深部脑刺激调控,0,83,0.6471256017684937,0.7195379137992859,0.4193405508995056,0.5953346888224283,0.0,0.0,1.0,0.0,0.6351596374162822,0.7807973975995205,0.0,0.0,0.0,0.0,0.0,0.0,0.5,0.6403986987997603,0.957544993077988,0.06666666666666667,0.9454391632056607,0.6676490385186937,样本不足,0.6270952224731445,12.0
C31→C3,植入式神经接口系统→脑电状态检测评估,0,50,0.5891538858413696,0.6531833410263062,0.4559687376022339,0.5661019881566365,0.0,0.0,1.0,0.0,0.5131838629552182,0.7362110980038113,0.0,0.0,0.0,0.0,0.0,0.0,0.5,0.6181055490019056,0.9434650455927052,0.0,0.9717325227963526,0.6484342812353812,样本不足,0.5824587345123291,126.0
C31→C30,植入式神经接口系统→脑电神经反馈康复训练,0,27,0.5766282081604004,0.6353754997253418,0.46175551414489746,0.5579197406768799,0.0,0.0,1.0,0.0,0.5959707455919181,0.7670881185426995,0.0,0.0,0.009009009009009009,0.0,0.0,-0.009009009009009009,0.49549561735676945,0.6312918679497345,0.7529002320185615,0.3333333333333333,0.7097834493426142,0.6004990246808382,样本不足,0.5594077706336975,1616.0
C31→C32,植入式神经接口系统→脑电信号评估分析,0,48,0.5866883397102356,0.6266866326332092,0.45538264513015747,0.5562525391578674,0.0,0.0,1.0,0.0,0.5236597877749698,0.7402598520234444,0.0,0.0,0.018018018018018018,0.06896551724137931,0.0,0.050947499223361295,0.5254517321781959,0.6328557921008201,0.9023331524688009,0.0,0.9511665762344004,0.6407014835805894,样本不足,0.5879809856414795,290.0
C31→C33,植入式神经接口系统→神经信号采集解码,0,67,0.6388479471206665,0.7381258010864258,0.4007498025894165,0.5925745169321696,0.0,0.0,1.0,0.0,0.6501304005657931,0.7858788721739228,0.0,0.0,0.018018018018018018,0.0,0.0,-0.018018018018018018,0.49099196578624643,0.6384354189800846,0.9439330543933054,0.0,0.9719665271966527,0.6698961766498149,样本不足,0.6670883893966675,8.0
C31→C34,植入式神经接口系统→脑电图像生成与映射,0,39,0.5802825689315796,0.6491929888725281,0.44740039110183716,0.5589586496353149,0.0,0.0,1.0,0.0,0.5842642844359555,0.7628789446590504,0.0,0.0,0.009009009009009009,0.0,0.0,-0.009009009009009009,0.49549561735676945,0.6291872810079099,0.7593283582089553,0.0,0.8796641791044777,0.6301942051265818,样本不足,0.5725222229957581,719.0
C31→C35,植入式神经接口系统→神经刺激参数优化,0,56,0.6383486986160278,0.7360903024673462,0.4392263889312744,0.6045551300048828,0.0,0.0,1.0,0.0,0.5508990447467422,0.7505968617792586,0.0,0.0,0.009009009009009009,0.0,0.0,-0.009009009009009009,0.49549561735676945,0.623046239568014,0.9911555470101904,0.0,0.9955777735050952,0.6793724632926081,样本不足,0.6152295470237732,4.0
C31→C36,植入式神经接口系统→自适应神经刺激调控,0,15,0.6098963022232056,0.6973071694374084,0.4416102170944214,0.5829378962516785,0.0,0.0,1.0,0.0,0.520118521467215,0.7388957410887298,0.0,0.0,0.0,0.0,0.0,0.0,0.5,0.6194478705443649,0.9539347408829175,0.0,0.9769673704414588,0.6610277954736385,样本不足,0.578105092048645,28.0
C31→C37,植入式神经接口系统→神经调节刺激控制,0,59,0.6162008047103882,0.7164045572280884,0.4415394067764282,0.5913815895716349,0.0,0.0,1.0,0.0,0.4658115066911082,0.7174044436820067,0.0,0.0,0.018018018018018018,0.0,0.0,-0.018018018018018018,0.49099196578624643,0.6041982047341266,0.992143511850203,0.0,0.9960717559251016,0.6673996631189166,样本不足,0.6102677583694458,13.0
C31→C38,植入式神经接口系统→事件相关电位分析,0,7,0.5554492473602295,0.5091553926467896,0.465884268283844,0.5101629694302876,0.0,0.0,1.0,0.0,0.5150485035655191,0.736934702256942,0.0,0.0,0.0,0.0,0.0,0.0,0.5,0.6184673511284711,0.7263157894736842,,,,样本不足;无高价值专利,0.5147217512130737,
C31→C39,植入式神经接口系统→脑活动监测与解码,0,35,0.5746328830718994,0.6411757469177246,0.4761122465133667,0.5639736255009968,0.0,0.0,1.0,0.0,0.8267363689746892,0.8393598486848665,0.0,0.0,0.0,0.0,0.0,0.0,0.5,0.6696799243424332,0.8997214484679665,0.0,0.9498607242339833,0.6517784836161777,样本不足,0.5914592742919922,87.0
C31→C4,植入式神经接口系统→神经刺激调控系统,0,84,0.6311284899711609,0.7245156764984131,0.42894870042800903,0.594864288965861,0.0,0.0,1.0,0.0,0.5739366304571628,0.7591222450033264,0.0,0.0,0.0,0.034482758620689655,0.0,0.034482758620689655,0.517234548877195,0.6381783969402607,0.9646086282614311,0.0,0.9823043141307155,0.6731262099944987,样本不足,0.5951660871505737,7.0
C31→C40,植入式神经接口系统→脑电虚拟现实交互,0,5,0.5587042570114136,0.545452356338501,0.4661765694618225,0.523444394270579,0.0,0.0,1.0,0.0,0.409545021537841,0.6940431473767494,0.0,0.0,0.0,0.034482758620689655,0.0,0.034482758620689655,0.517234548877195,0.6056388481269722,0.6150442477876106,0.0,0.8075221238938053,0.5901833966789396,样本不足,0.5539842844009399,1688.0
C31→C41,植入式神经接口系统→脑电电极采集装置,0,40,0.6014975309371948,0.6383137106895447,0.4177389144897461,0.5525167187054951,0.0,0.0,1.0,0.0,0.4445427445021895,0.7087014135538716,0.0,0.0,0.0,0.034482758620689655,0.0,0.034482758620689655,0.517234548877195,0.6129679812155333,0.9487505294366794,0.0,0.9743752647183397,0.6386509984515065,样本不足,0.6251071095466614,360.0
C31→C42,植入式神经接口系统→脑电听觉调控降噪,0,20,0.5764659643173218,0.6381008625030518,0.46289336681365967,0.559153397878011,0.0,0.0,1.0,0.0,0.6573096058558042,0.7882850905771001,0.0,0.0,0.0,0.0,0.0,0.0,0.5,0.6441425452885501,0.9382022471910112,0.0,0.9691011235955056,0.647420684384438,样本不足,0.5852968692779541,143.0
C31→C43,植入式神经接口系统→癫痫监测预测干预,0,21,0.5768640041351318,0.6010960340499878,0.44593942165374756,0.5412998199462891,0.0,0.0,1.0,0.0,0.4366782007220494,0.7054436150527036,0.0,0.0,0.018018018018018018,0.0,0.0,-0.018018018018018018,0.49099196578624643,0.598217790419475,0.9698535745047373,0.0,0.9849267872523686,0.630171796670501,样本不足,0.5386994481086731,720.0
C31→C44,植入式神经接口系统→脑电频率识别分析,0,13,0.5720986127853394,0.6634281873703003,0.43379533290863037,0.5564407110214233,0.0,0.0,1.0,0.0,0.6381395033007632,0.7818157153615586,0.0,0.0,0.0,0.0,0.0,0.0,0.5,0.6409078576807793,0.7122302158273381,0.0,0.8561151079136691,0.6265139204765424,样本不足,0.5798311233520508,863.0
C31→C5,植入式神经接口系统→眼动脑电视觉分析,0,27,0.5840311050415039,0.5720088481903076,0.4692602753639221,0.5417667428652445,0.0,0.0,1.0,0.0,0.5322104001372527,0.7435344591805748,0.0,0.0,0.009009009009009009,0.0,0.0,-0.009009009009009009,0.49549561735676945,0.6195150382686722,0.8195050946142649,0.0,0.9097525473071324,0.6218258899396725,样本不足,0.5410516262054443,1060.0
C31→C6,植入式神经接口系统→电极阵列植入制造,0,42,0.6350188851356506,0.7870763540267944,0.4103318452835083,0.6108090281486511,0.0,0.0,1.0,0.0,0.571474259607952,0.7582205792967806,0.0,0.0,0.0,0.0,0.0,0.0,0.5,0.6291102896483902,0.9067315490673155,0.0,0.9533657745336577,0.6774326591101542,样本不足,0.6446008682250977,5.0
C31→C7,植入式神经接口系统→视觉刺激脑电分析,0,48,0.5902932286262512,0.6258592009544373,0.421694278717041,0.5459489027659098,0.0,0.0,1.0,0.0,0.7934048652653686,0.830166780964412,0.0,0.0,0.0,0.06896551724137931,0.0,0.06896551724137931,0.5344281929745097,0.6822974869694609,0.9191073919107392,0.0,0.9595536959553697,0.6427065357371983,样本不足,0.5700101852416992,240.0
C31→C8,植入式神经接口系统→神经刺激监测装置,0,128,0.6629201173782349,0.7281936407089233,0.41659510135650635,0.6025696198145548,0.0,0.0,1.0,0.0,0.7415056039068469,0.8150269750900234,0.0,0.0,0.009009009009009009,0.13793103448275862,0.0,0.12892202547374962,0.5641062381131012,0.6895666066015623,0.9955230399650579,0.0,0.9977615199825289,0.6894013970712173,样本不足,0.6377055644989014,1.0
C31→C9,植入式神经接口系统→经颅聚焦刺激装置,0,47,0.6695227026939392,0.6887838840484619,0.43107640743255615,0.5964609980583191,0.0,0.0,1.0,0.0,0.5980469930299713,0.7678291966440647,0.0,0.0,0.0,0.0,0.0,0.0,0.5,0.6339145983220323,0.9824984912492456,0.0,0.9912492456246228,0.6749880637064672,样本不足,0.6579644680023193,6.0
C32→C0,脑电信号评估分析→脑电情绪识别分析,27,58,0.7359036803245544,0.6890891790390015,0.3219641447067261,0.5823190013567606,0.013422818791946308,0.0,0.9846153846153847,0.6310848362387012,0.5536726087522731,0.4613710188063746,0.0,0.0,0.02702702702702703,0.0,0.0,-0.02702702702702703,0.48648977588659537,0.473930397346485,0.7784615384615384,0.25,0.7642307692307693,0.596754153152734,,0.658298134803772,1645.0
C32→C1,脑电信号评估分析→脑电特征提取分类,27,20,0.6970293521881104,0.6597332954406738,0.38284051418304443,0.5798677206039429,0.006289308176100629,0.025,1.0,0.6310848362387012,0.6932301006799398,0.531032692732293,0.0,0.0,0.0,0.0,0.0,0.0,0.5,0.5155163463661465,0.45263157894736844,,,,无高价值专利,0.6342989206314087,
C32→C10,脑电信号评估分析→神经信息分析诊断,27,36,0.6664446592330933,0.6756730079650879,0.36232757568359375,0.5681484142939249,0.0,0.0,1.0,0.6310848362387012,0.5811448339517777,0.47505073659493346,0.0,0.0,0.0,0.13793103448275862,0.0,0.13793103448275862,0.5685314644405662,0.5217911005177498,0.9879379666858128,0.0,0.9939689833429064,0.6375544296637735,,0.6394009590148926,389.0
C32→C11,脑电信号评估分析→睡眠脑电调控增强,27,51,0.706600546836853,0.6478722095489502,0.3569685220718384,0.5704804261525471,0.016666666666666666,0.0,0.9902912621359223,0.6310848362387012,0.6835550559100223,0.5262110601502589,0.0,0.0,0.009009009009009009,0.0,0.0,-0.009009009009009009,0.49549561735676945,0.5108533387535141,0.949193066347878,0.0,0.974596533173939,0.6339801360398964,,0.6156696677207947,541.0
C32→C12,脑电信号评估分析→视觉脑电解码评估,27,30,0.6946521997451782,0.6674239635467529,0.3636380434036255,0.5752380688985189,0.011111111111111112,0.0,1.0,0.6310848362387012,0.7829175892646888,0.575338334788205,0.0,0.0,0.0,0.0,0.0,0.0,0.5,0.5376691673941025,0.6666666666666666,0.0,0.8333333333333333,0.6170379454868011,,0.6295641660690308,1235.0
C32→C13,脑电信号评估分析→多模态神经交互评估,27,43,0.7242717146873474,0.709652304649353,0.3523908853530884,0.5954383015632629,0.008032128514056224,0.02197802197802198,1.0,0.6310848362387012,0.6373326104204997,0.5031238464448873,0.0,0.0,0.009009009009009009,0.1724137931034483,0.0,0.1634047840944393,0.5809828937506275,0.5420533700977574,0.8674772036474164,0.0,0.9337386018237082,0.6487839828034022,,0.6652863025665283,123.0
C32→C14,脑电信号评估分析→脑电信号采集处理,27,66,0.7223677635192871,0.7144721746444702,0.3484634757041931,0.5951011379559834,0.013201320132013201,0.017857142857142856,1.0,0.6310848362387012,0.679455675419048,0.5241665747110533,0.0,0.0,0.009009009009009009,0.0,0.0,-0.009009009009009009,0.49549561735676945,0.5098310960339114,0.7874493927125507,0.0,0.8937246963562753,0.6356738448422266,,0.6350144147872925,467.0
C32→C15,脑电信号评估分析→心理生理反馈调节,27,18,0.6355481147766113,0.6580998301506042,0.38187599182128906,0.5585079789161682,0.0,0.0,1.0,0.6310848362387012,0.5865596100887834,0.4777520871132968,0.0,0.0,0.0,0.0,0.0,0.0,0.5,0.4888760435566484,0.8366666666666667,0.0,0.9183333333333333,0.6125606839717064,,0.6146728992462158,1388.0
C32→C16,脑电信号评估分析→事件相关电位检测,27,37,0.6847267746925354,0.6348012685775757,0.3575108051300049,0.5590129494667053,0.004878048780487805,0.0,1.0,0.6310848362387012,0.4632333326977074,0.4168536441561704,0.0,0.0,0.0,0.0,0.0,0.0,0.5,0.45842682207808516,0.9571865443425076,0.0,0.9785932721712538,0.6180537690066501,,0.6392266154289246,1204.0
C32→C17,脑电信号评估分析→神经反馈刺激分析,27,58,0.7162041068077087,0.6846550703048706,0.3392261266708374,0.5800284345944722,0.012875536480686695,0.0,0.9906542056074766,0.6310848362387012,0.6150229443551454,0.491969744606474,0.0,0.0,0.0,0.27586206896551724,0.0,0.27586206896551724,0.6345355116007656,0.5632526281036199,0.9730941704035875,0.05263157894736842,0.9602312957281095,0.6468338253360841,,0.6439260244369507,157.0
C32→C18,脑电信号评估分析→神经刺激同步递送,27,31,0.6293835639953613,0.6398453712463379,0.39964210987091064,0.5562903483708699,0.005681818181818182,0.0,1.0,0.6310848362387012,0.5368834240869825,0.4530381235740048,0.0,0.0,0.0,0.0,0.0,0.0,0.5,0.47651906178700243,0.9751098096632503,0.0,0.9875549048316252,0.6208606340210037,,0.602908730506897,1095.0
C32→C19,脑电信号评估分析→脑机接口交互控制,27,53,0.6923857927322388,0.6636815071105957,0.3622126579284668,0.5727599859237671,0.016194331983805668,0.0,1.0,0.6310848362387012,0.7533341408009894,0.5608219611750814,0.0,0.0,0.0,0.0,0.0,0.0,0.5,0.5304109805875408,0.7592997811816192,0.0,0.8796498905908097,0.6223959357693862,,0.6235550045967102,1042.0
C32→C2,脑电信号评估分析→柔性电极采集装置,27,70,0.6269580721855164,0.6643074750900269,0.41301679611206055,0.5680941144625345,0.0038022813688212928,0.0,0.9928057553956835,0.6310848362387012,0.6073936135656598,0.48815660437737607,0.0,0.0,0.0,0.0,0.0,0.0,0.5,0.49407830218868803,0.8650602409638555,0.0,0.9325301204819277,0.6222459651877054,,0.604706346988678,1049.0
C32→C20,脑电信号评估分析→脑控轮椅交互系统,27,10,0.6487023830413818,0.5325146913528442,0.3946259617805481,0.5252810120582581,0.008403361344537815,0.0,1.0,0.6310848362387012,0.50031249376726,0.4349840284073282,0.0,0.0,0.0,0.0,0.0,0.0,0.5,0.4674920142036641,0.5454545454545454,,,,无高价值专利,0.5292619466781616,
C32→C21,脑电信号评估分析→多模态脑电融合分析,27,46,0.6879116892814636,0.6728309392929077,0.36317873001098633,0.5746404528617859,0.00847457627118644,0.014084507042253521,1.0,0.6310848362387012,0.3291122455290337,0.3534416179790783,0.0,0.0,0.018018018018018018,0.0,0.0,-0.018018018018018018,0.49099196578624643,0.42221679188266237,0.9682345754428833,0.0,0.9841172877214417,0.6229613740375606,,0.6316225528717041,1013.0
C32→C22,脑电信号评估分析→脑机虚拟交互控制,27,18,0.6887301206588745,0.6581800580024719,0.3633888363838196,0.5700996716817219,0.02054794520547945,0.0,1.0,0.6310848362387012,0.5586537376365586,0.4638476501891418,0.0,0.0,0.0,0.0,0.0,0.0,0.5,0.4819238250945709,0.7864583333333334,0.0,0.8932291666666667,0.6144674519727713,,0.5786189436912537,1320.0
C32→C23,脑电信号评估分析→生物信号虚拟交互,27,26,0.6406535506248474,0.6833077669143677,0.4060039520263672,0.5766550898551941,0.0,0.019230769230769232,1.0,0.6310848362387012,0.5849439801948719,0.4769459301968641,0.0,0.0,0.009009009009009009,0.0,0.0,-0.009009009009009009,0.49549561735676945,0.4862207737768168,0.9470198675496688,0.0,0.9735099337748344,0.6336461160586085,,0.6088888645172119,555.0
C32→C24,脑电信号评估分析→闭环神经调控系统,27,24,0.6673333644866943,0.6251919269561768,0.35638320446014404,0.549636165301005,0.006622516556291391,0.0,1.0,0.6310848362387012,0.5622256589370602,0.46562472529307575,0.0,0.0,0.0,0.0,0.0,0.0,0.5,0.4828123626465379,0.9495841995841996,0.125,0.9122920997920998,0.6046107622263388,,0.5924150943756104,1559.0
C32→C25,脑电信号评估分析→脑电信号模式识别,27,30,0.6987947225570679,0.6463108062744141,0.3516996502876282,0.5656017263730366,0.020618556701030927,0.0,0.9885057471264368,0.6310848362387012,0.7095321562876163,0.5391433970272657,0.0,0.0,0.0,0.0,0.0,0.0,0.5,0.5195716985136328,0.872852233676976,,,,无高价值专利,0.6237649917602539,
C32→C26,脑电信号评估分析→神经刺激电极装置,27,43,0.6274207234382629,0.6328536868095398,0.40767884254455566,0.5559844175974528,0.0,0.0,1.0,0.6310848362387012,0.578603280366496,0.47378328732904446,0.0,0.0,0.0,0.0,0.0,0.0,0.5,0.4868916436645222,0.9559055118110236,0.0,0.9779527559055118,0.6207863681542455,,0.5951987504959106,1098.0
C32→C27,脑电信号评估分析→认知意识神经评估,27,31,0.7068639993667603,0.6959018111228943,0.3297123908996582,0.5774927337964376,0.005952380952380952,0.01639344262295082,1.0,0.6310848362387012,0.8069023936113827,0.5870140337455427,0.0,0.0,0.0,0.034482758620689655,0.0,0.034482758620689655,0.517234548877195,0.5521242913113689,0.916256157635468,0.0,0.958128078817734,0.6428886028135027,,0.6663665771484375,237.0
C32→C28,脑电信号评估分析→脑波交互反馈系统,27,44,0.7131288051605225,0.6580171585083008,0.3431738615036011,0.5714399417241415,0.01293103448275862,0.0,0.9887640449438202,0.6310848362387012,0.7644472515623096,0.5662886796621255,0.0,0.0,0.0,0.0,0.0,0.0,0.5,0.5331443398310627,0.7387755102040816,0.0,0.8693877551020408,0.6202053107447222,,0.6377030611038208,1124.0
C32→C29,脑电信号评估分析→深部脑刺激调控,27,83,0.7074446678161621,0.6790688037872314,0.3475203514099121,0.5780112743377686,0.0,0.008333333333333333,1.0,0.6310848362387012,0.6351596374162822,0.5020373893125292,0.0,0.0,0.0,0.0,0.0,0.0,0.5,0.5010186946562646,0.957544993077988,0.06666666666666667,0.9454391632056607,0.6322256353438126,,0.6501979827880859,635.0
C32→C3,脑电信号评估分析→脑电状态检测评估,27,50,0.7354910373687744,0.7141217589378357,0.32516658306121826,0.5915931264559428,0.032520325203252036,0.037037037037037035,0.9902912621359223,0.6310848362387012,0.5131838629552182,0.44132115289394613,0.0,0.0,0.0,0.0,0.0,0.0,0.5,0.47066057644697307,0.9434650455927052,0.0,0.9717325227963526,0.6403764138866872,,0.6829355359077454,308.0
C32→C30,脑电信号评估分析→脑电神经反馈康复训练,27,27,0.6985881328582764,0.6745564937591553,0.34668266773223877,0.5732757647832234,0.010810810810810811,0.014084507042253521,0.9887640449438202,0.6310848362387012,0.5959707455919181,0.48245016706137683,0.0,0.0,0.009009009009009009,0.0,0.0,-0.009009009009009009,0.49549561735676945,0.48897289220907314,0.7529002320185615,0.3333333333333333,0.7097834493426142,0.5835774718158363,,0.6335437297821045,1723.0
C32→C31,脑电信号评估分析→植入式神经接口系统,27,22,0.5866883397102356,0.6266866326332092,0.45538264513015747,0.5562525391578674,0.0,0.0,1.0,0.6310848362387012,0.5840290770930134,0.4764894705527524,0.0,0.0,0.0,0.0,0.0,0.0,0.5,0.48824473527637624,1.0,0.0,1.0,0.6249149975239237,,0.5879809856414795,930.0
C32→C33,脑电信号评估分析→神经信号采集解码,27,67,0.7014802694320679,0.6440305709838867,0.35049521923065186,0.5653353532155355,0.010869565217391304,0.0,0.9926470588235294,0.6310848362387012,0.6501304005657931,0.5095216309198171,0.0,0.0,0.018018018018018018,0.0,0.0,-0.018018018018018018,0.49099196578624643,0.5002567983530317,0.9439330543933054,0.0,0.9719665271966527,0.6282914741019763,,0.6326507329940796,792.0
C32→C34,脑电信号评估分析→脑电图像生成与映射,27,39,0.7081873416900635,0.688301682472229,0.345767617225647,0.5807522137959797,0.004629629629629629,0.014705882352941176,1.0,0.6310848362387012,0.5842642844359555,0.47660681550049594,0.0,0.0,0.009009009009009009,0.0,0.0,-0.009009009009009009,0.49549561735676945,0.4860512164286327,0.7593283582089553,0.0,0.8796641791044777,0.6196216846711734,,0.6428095102310181,1145.0
C32→C35,脑电信号评估分析→神经刺激参数优化,27,56,0.6859608292579651,0.6487290859222412,0.381076455116272,0.5719221234321594,0.0,0.0,1.0,0.6310848362387012,0.5508990447467422,0.4599928130737874,0.0,0.0,0.009009009009009009,0.0,0.0,-0.009009009009009009,0.49549561735676945,0.47774421521527843,0.9911555470101904,0.0,0.9955777735050952,0.6328622746629236,,0.6175352334976196,599.0
C32→C36,脑电信号评估分析→自适应神经刺激调控,27,15,0.6735079884529114,0.6243357062339783,0.36500465869903564,0.5542827844619751,0.0,0.0,1.0,0.6310848362387012,0.520118521467215,0.4447434575534799,0.0,0.0,0.0,0.0,0.0,0.0,0.5,0.47237172877673994,0.9539347408829175,0.0,0.9769673704414588,0.6170137454862155,,0.6105054616928101,1239.0
C32→C37,脑电信号评估分析→神经调节刺激控制,27,59,0.6641667485237122,0.6496437788009644,0.36280691623687744,0.5588724811871847,0.00796812749003984,0.0,1.0,0.6310848362387012,0.4658115066911082,0.41810761852729383,0.0,0.0,0.018018018018018018,0.0,0.0,-0.018018018018018018,0.49099196578624643,0.45454979215677016,0.992143511850203,0.0,0.9960717559251016,0.6202935807533446,,0.6367375254631042,1119.0
C32→C38,脑电信号评估分析→事件相关电位分析,27,7,0.6896908283233643,0.6272221803665161,0.370743989944458,0.5625523328781128,0.008928571428571428,0.0,1.0,0.6310848362387012,0.5150485035655191,0.4422408326991158,0.0,0.0,0.0,0.0,0.0,0.0,0.5,0.4711204163495579,0.7263157894736842,,,,无高价值专利,0.5807639956474304,
C32→C39,脑电信号评估分析→脑活动监测与解码,27,35,0.7014851570129395,0.684654712677002,0.36075377464294434,0.5822978814442953,0.005847953216374269,0.018867924528301886,1.0,0.6310848362387012,0.8267363689746892,0.5965963463857407,0.0,0.0,0.0,0.0,0.0,0.0,0.5,0.5482981731928703,0.8997214484679665,0.0,0.9498607242339833,0.6440184048948576,,0.6579490900039673,208.0
C32→C4,脑电信号评估分析→神经刺激调控系统,27,84,0.7032884359359741,0.6975666284561157,0.33415329456329346,0.5783361196517944,0.0121580547112462,0.0,1.0,0.6310848362387012,0.5739366304571628,0.47145696341270504,0.0,0.0,0.0,0.034482758620689655,0.0,0.034482758620689655,0.517234548877195,0.49434575614495,0.9646086282614311,0.0,0.9823043141307155,0.6376865073464724,,0.660525918006897,384.0
C32→C40,脑电信号评估分析→脑电虚拟现实交互,27,5,0.6998012065887451,0.6171885132789612,0.34036386013031006,0.5524511933326721,0.0,0.0,1.0,0.6310848362387012,0.409545021537841,0.39100740036421777,0.0,0.0,0.0,0.034482758620689655,0.0,0.034482758620689655,0.517234548877195,0.4541209746207064,0.6150442477876106,0.0,0.8075221238938053,0.5825577146620275,,0.6162319183349609,1730.0
C32→C41,脑电信号评估分析→脑电电极采集装置,27,40,0.6269420385360718,0.6329742670059204,0.4214187264442444,0.5604450106620789,0.005025125628140704,0.0,1.0,0.6310848362387012,0.4445427445021895,0.407795984854189,0.0,0.0,0.0,0.034482758620689655,0.0,0.034482758620689655,0.517234548877195,0.462515266865692,0.9487505294366794,0.0,0.9743752647183397,0.6189809443885241,,0.6049272418022156,1166.0
C32→C42,脑电信号评估分析→脑电听觉调控降噪,27,20,0.6887156367301941,0.7254909873008728,0.34396839141845703,0.5860583384831746,0.006493506493506494,0.018867924528301886,1.0,0.6310848362387012,0.6573096058558042,0.5131093796711139,0.0,0.0,0.0,0.0,0.0,0.0,0.5,0.506554689835557,0.9382022471910112,0.0,0.9691011235955056,0.6426086107671534,,0.6393557786941528,245.0
C32→C43,脑电信号评估分析→癫痫监测预测干预,27,21,0.679490327835083,0.6266863942146301,0.3834381103515625,0.5632049441337585,0.006535947712418301,0.0,1.0,0.6310848362387012,0.4366782007220494,0.40400301415480483,0.0,0.0,0.018018018018018018,0.0,0.0,-0.018018018018018018,0.49099196578624643,0.44749748997052563,0.9698535745047373,0.0,0.9849267872523686,0.6200354863768393,,0.5955018997192383,1131.0
C32→C44,脑电信号评估分析→脑电频率识别分析,27,13,0.6919046640396118,0.6407061815261841,0.3609124422073364,0.5645077625910441,0.007407407407407408,0.0,1.0,0.6310848362387012,0.6381395033007632,0.5035272750156993,0.0,0.0,0.0,0.0,0.0,0.0,0.5,0.5017636375078496,0.7122302158273381,0.0,0.8561151079136691,0.6077631284269891,,0.6007002592086792,1513.0
C32→C5,脑电信号评估分析→眼动脑电视觉分析,27,27,0.7120833396911621,0.6599339246749878,0.340335488319397,0.5707842508951823,0.005319148936170213,0.0,1.0,0.6310848362387012,0.5322104001372527,0.4507232564034949,0.0,0.0,0.009009009009009009,0.0,0.0,-0.009009009009009009,0.49549561735676945,0.4731094368801322,0.8195050946142649,0.0,0.9097525473071324,0.616286601191485,,0.634294867515564,1252.0
C32→C6,脑电信号评估分析→电极阵列植入制造,27,42,0.5763843059539795,0.6373025178909302,0.4359428286552429,0.5498765508333842,0.0,0.0,1.0,0.6310848362387012,0.571474259607952,0.4702299651549161,0.0,0.0,0.0,0.0,0.0,0.0,0.5,0.48511498257745805,0.9067315490673155,0.0,0.9533657745336577,0.6122217356938369,,0.5734981298446655,1409.0
C32→C7,脑电信号评估分析→视觉刺激脑电分析,27,48,0.7421128749847412,0.7057622671127319,0.3132634162902832,0.5870461861292521,0.014423076923076924,0.0,0.9893617021276596,0.6310848362387012,0.7934048652653686,0.580454651759865,0.0,0.0,0.0,0.06896551724137931,0.0,0.06896551724137931,0.5344281929745097,0.5574414223671873,0.9191073919107392,0.0,0.9595536959553697,0.6504067467107605,,0.6485514640808105,104.0
C32→C8,脑电信号评估分析→神经刺激监测装置,27,128,0.7016376852989197,0.6996397376060486,0.34210205078125,0.5811264912287394,0.00510204081632653,0.005681818181818182,1.0,0.6310848362387012,0.7415056039068469,0.5549870840980151,0.0,0.0,0.009009009009009009,0.13793103448275862,0.0,0.12892202547374962,0.5641062381131012,0.5595466611055582,0.9955230399650579,0.0,0.9977615199825289,0.6532813077503307,,0.6604650020599365,77.0
C32→C9,脑电信号评估分析→经颅聚焦刺激装置,27,47,0.6426655054092407,0.6360049843788147,0.3981519937515259,0.5589408278465271,0.0,0.0,1.0,0.6310848362387012,0.5980469930299713,0.48348708590203965,0.0,0.0,0.0,0.0,0.0,0.0,0.5,0.49174354295101985,0.9824984912492456,0.0,0.9912492456246228,0.6258397124514267,,0.6352927684783936,889.0
C33→C0,神经信号采集解码→脑电情绪识别分析,15,58,0.6977820992469788,0.7232663631439209,0.35383737087249756,0.5916286110877991,0.007722007722007722,0.036585365853658534,1.0,0.6214221888615417,0.5536726087522731,0.4661769434566714,0.0,0.0,0.02702702702702703,0.0,0.0,-0.02702702702702703,0.48648977588659537,0.47633335967163337,0.7784615384615384,0.25,0.7642307692307693,0.6029276354799028,,0.656404435634613,1580.0
C33→C1,神经信号采集解码→脑电特征提取分类,15,20,0.6721521615982056,0.6360186338424683,0.4002803564071655,0.569483717282613,0.00847457627118644,0.03125,0.98,0.6214221888615417,0.6932301006799398,0.5358423714924739,0.0,0.0,0.0,0.0,0.0,0.0,0.5,0.5179211857462369,0.45263157894736844,,,,无高价值专利,0.6328611373901367,
C33→C10,神经信号采集解码→神经信息分析诊断,15,36,0.6960247755050659,0.6692885160446167,0.3435194492340088,0.5696109135945637,0.0,0.0,0.9836065573770492,0.6214221888615417,0.5811448339517777,0.47987220557577265,0.0,0.0,0.0,0.13793103448275862,0.0,0.13793103448275862,0.5685314644405662,0.5242018350081694,0.9879379666858128,0.0,0.9939689833429064,0.6389446506081552,,0.6505250930786133,350.0
C33→C11,神经信号采集解码→睡眠脑电调控增强,15,51,0.6965606808662415,0.6649718880653381,0.3697795867919922,0.5771040519078573,0.0049504950495049506,0.0,0.9882352941176471,0.6214221888615417,0.6835550559100223,0.5310265179092364,0.0,0.0,0.009009009009009009,0.0,0.0,-0.009009009009009009,0.49549561735676945,0.5132610676330029,0.949193066347878,0.0,0.974596533173939,0.6388001699944742,,0.6210275292396545,358.0
C33→C12,神经信号采集解码→视觉脑电解码评估,15,30,0.6716488599777222,0.6462513208389282,0.3746112585067749,0.5641704797744751,0.014388489208633094,0.0,1.0,0.6214221888615417,0.7829175892646888,0.5800529597998124,0.0,0.0,0.0,0.0,0.0,0.0,0.5,0.5400264798999062,0.6666666666666666,0.0,0.8333333333333333,0.6103064369719133,,0.6005316376686096,1458.0
C33→C13,神经信号采集解码→多模态神经交互评估,15,43,0.6984167098999023,0.6804521083831787,0.35060644149780273,0.5764917532602946,0.0,0.0,0.9885057471264368,0.6214221888615417,0.6373326104204997,0.5079545395827412,0.0,0.0,0.009009009009009009,0.1724137931034483,0.0,0.1634047840944393,0.5809828937506275,0.5444687166666844,0.8674772036474164,0.0,0.9337386018237082,0.6367339409163546,,0.6519162654876709,415.0
C33→C14,神经信号采集解码→脑电信号采集处理,15,66,0.7087610960006714,0.7203413248062134,0.3512911796569824,0.5934645334879557,0.015267175572519083,0.019230769230769232,0.9904761904761905,0.6214221888615417,0.679455675419048,0.5289842120790119,0.0,0.0,0.009009009009009009,0.0,0.0,-0.009009009009009009,0.49549561735676945,0.5122399147178907,0.7874493927125507,0.0,0.8937246963562753,0.6350597957801802,,0.6600567102432251,497.0
C33→C15,神经信号采集解码→心理生理反馈调节,15,18,0.6480064392089844,0.6473852396011353,0.3683040738105774,0.5545652508735657,0.011627906976744186,0.025,1.0,0.6214221888615417,0.5865596100887834,0.48257576917493183,0.0,0.0,0.0,0.0,0.0,0.0,0.5,0.4912878845874659,0.8366666666666667,0.0,0.9183333333333333,0.6103803795097582,,0.6089732646942139,1456.0
C33→C16,神经信号采集解码→事件相关电位检测,15,37,0.6686912775039673,0.6315447092056274,0.40337228775024414,0.5678694248199463,0.0,0.0,1.0,0.6214221888615417,0.4632333326977074,0.4215587798753819,0.0,0.0,0.0,0.0,0.0,0.0,0.5,0.46077938993769096,0.9571865443425076,0.0,0.9785932721712538,0.6243187717904187,,0.6364454030990601,955.0
C33→C17,神经信号采集解码→神经反馈刺激分析,15,58,0.726230263710022,0.6603752374649048,0.32889866828918457,0.5718347231547037,0.031746031746031744,0.010101010101010102,1.0,0.6214221888615417,0.6150229443551454,0.49680042142128245,0.0,0.0,0.0,0.27586206896551724,0.0,0.27586206896551724,0.6345355116007656,0.565667966511024,0.9730941704035875,0.05263157894736842,0.9602312957281095,0.6417422917578396,,0.6611443758010864,263.0
C33→C18,神经信号采集解码→神经刺激同步递送,15,31,0.6576104164123535,0.6871522665023804,0.4000081419944763,0.5815902749697367,0.022556390977443608,0.01694915254237288,1.0,0.6214221888615417,0.5368834240869825,0.4578310275578804,0.0,0.0,0.0,0.0,0.0,0.0,0.5,0.4789155137789402,0.9751098096632503,0.0,0.9875549048316252,0.6380689422381137,,0.6363869309425354,375.0
C33→C19,神经信号采集解码→脑机接口交互控制,15,53,0.6915979385375977,0.7218610048294067,0.3687790632247925,0.5940793355305989,0.004784688995215311,0.03409090909090909,0.9876543209876543,0.6214221888615417,0.7533341408009894,0.5655760586544111,0.0,0.0,0.0,0.0,0.0,0.0,0.5,0.5327880293272056,0.7592997811816192,0.0,0.8796498905908097,0.6366231349200296,,0.6616913080215454,423.0
C33→C2,神经信号采集解码→柔性电极采集装置,15,70,0.6367700099945068,0.7123842835426331,0.4029848575592041,0.5840463836987813,0.0045045045045045045,0.024390243902439025,1.0,0.6214221888615417,0.6073936135656598,0.4929861724552716,0.0,0.0,0.0,0.0,0.0,0.0,0.5,0.49649308622763577,0.8650602409638555,0.0,0.9325301204819277,0.6330997148294558,,0.6643998622894287,580.0
C33→C20,神经信号采集解码→脑控轮椅交互系统,15,10,0.6334537267684937,0.6304581165313721,0.4064232110977173,0.556778351465861,0.01282051282051282,0.0,1.0,0.6214221888615417,0.50031249376726,0.43973948960826886,0.0,0.0,0.0,0.0,0.0,0.0,0.5,0.46986974480413446,0.5454545454545454,,,,无高价值专利,0.5476044416427612,
C33→C21,神经信号采集解码→多模态脑电融合分析,15,46,0.6708340644836426,0.6689788103103638,0.3812013864517212,0.5736714204152424,0.015463917525773196,0.0,1.0,0.6214221888615417,0.3291122455290337,0.3578702520381453,0.0,0.0,0.018018018018018018,0.0,0.0,-0.018018018018018018,0.49099196578624643,0.4244311089121959,0.9682345754428833,0.0,0.9841172877214417,0.6227226176337655,,0.6457499265670776,1027.0
C33→C22,神经信号采集解码→脑机虚拟交互控制,15,18,0.681510865688324,0.6931319236755371,0.36970818042755127,0.5814503232638041,0.0,0.029411764705882353,0.9743589743589743,0.6214221888615417,0.5586537376365586,0.4686569262137016,0.0,0.0,0.0,0.0,0.0,0.0,0.5,0.4843284631068508,0.7864583333333334,0.0,0.8932291666666667,0.6222135751782554,,0.6142935752868652,1052.0
C33→C23,神经信号采集解码→生物信号虚拟交互,15,26,0.6353028416633606,0.657152533531189,0.3939055800437927,0.5621203184127808,0.0,0.0,1.0,0.6214221888615417,0.5849439801948719,0.48176898137670693,0.0,0.0,0.009009009009009009,0.0,0.0,-0.009009009009009009,0.49549561735676945,0.4886322993667382,0.9470198675496688,0.0,0.9735099337748344,0.6244266362553935,,0.6054472327232361,951.0
C33→C24,神经信号采集解码→闭环神经调控系统,15,24,0.691257655620575,0.6660338044166565,0.3363521099090576,0.5645478566487631,0.0,0.0,1.0,0.6214221888615417,0.5622256589370602,0.4704362596800038,0.0,0.0,0.0,0.0,0.0,0.0,0.5,0.4852181298400019,0.9495841995841996,0.125,0.9122920997920998,0.6148234983050058,,0.6578205227851868,1302.0
C33→C25,神经信号采集解码→脑电信号模式识别,15,30,0.7108929753303528,0.6917337775230408,0.3726767301559448,0.5917678276697794,0.012903225806451613,0.01818181818181818,1.0,0.6214221888615417,0.7095321562876163,0.5439413316362317,0.0,0.0,0.0,0.0,0.0,0.0,0.5,0.5219706658181158,0.872852233676976,,,,无高价值专利,0.6469511985778809,
C33→C26,神经信号采集解码→神经刺激电极装置,15,43,0.647704005241394,0.6873843669891357,0.3789626359939575,0.5713503360748291,0.0,0.014492753623188406,0.9846153846153847,0.6214221888615417,0.578603280366496,0.47860362061532563,0.0,0.0,0.0,0.0,0.0,0.0,0.5,0.48930181030766284,0.9559055118110236,0.0,0.9779527559055118,0.6314394069945815,,0.6422399282455444,667.0
C33→C27,神经信号采集解码→认知意识神经评估,15,31,0.6956028938293457,0.6369284391403198,0.3203723430633545,0.5509678920110066,0.015873015873015872,0.058823529411764705,0.9215686274509804,0.6214221888615417,0.8069023936113827,0.5916910268268738,0.0,0.0,0.0,0.034482758620689655,0.0,0.034482758620689655,0.517234548877195,0.5544627878520344,0.916256157635468,0.0,0.958128078817734,0.6253920637199074,,0.622059166431427,912.0
C33→C28,神经信号采集解码→脑波交互反馈系统,15,44,0.6886457800865173,0.6905548572540283,0.3665921092033386,0.581930915514628,0.010416666666666666,0.028169014084507043,0.9859154929577465,0.6214221888615417,0.7644472515623096,0.5710288644222756,0.0,0.0,0.0,0.0,0.0,0.0,0.5,0.5355144322111378,0.7387755102040816,0.0,0.8693877551020408,0.6274358004788598,,0.6288665533065796,831.0
C33→C29,神经信号采集解码→深部脑刺激调控,15,83,0.7197721600532532,0.7295994758605957,0.3603544235229492,0.603242019812266,0.01048951048951049,0.008928571428571428,1.0,0.6214221888615417,0.6351596374162822,0.5068682922271763,0.0,0.0,0.0,0.0,0.0,0.0,0.5,0.5034341461135882,0.957544993077988,0.06666666666666667,0.9454391632056607,0.6490753524007659,,0.6752153635025024,120.0
C33→C3,神经信号采集解码→脑电状态检测评估,15,50,0.7026166915893555,0.6705667972564697,0.36291182041168213,0.5786984364191691,0.009478672985781991,0.0,1.0,0.6214221888615417,0.5131838629552182,0.44609119629941485,0.0,0.0,0.0,0.0,0.0,0.0,0.5,0.4730455981497074,0.9434650455927052,0.0,0.9717325227963526,0.6323825094179989,,0.64508455991745,630.0
C33→C30,神经信号采集解码→脑电神经反馈康复训练,15,27,0.6809169054031372,0.6513956785202026,0.34830641746520996,0.5602063337961832,0.006896551724137931,0.015873015873015872,0.9859154929577465,0.6214221888615417,0.5959707455919181,0.4872770254589253,0.0,0.0,0.009009009009009009,0.0,0.0,-0.009009009009009009,0.49549561735676945,0.4913863214078474,0.7529002320185615,0.3333333333333333,0.7097834493426142,0.5760213334142409,,0.6174572706222534,1754.0
C33→C31,神经信号采集解码→植入式神经接口系统,15,22,0.6388479471206665,0.7381258010864258,0.4007498025894165,0.5925745169321696,0.0,0.023809523809523808,1.0,0.6214221888615417,0.5840290770930134,0.48131215336543226,0.0,0.0,0.0,0.0,0.0,0.0,0.5,0.49065607668271616,1.0,0.0,1.0,0.6495083913928502,,0.6670883893966675,116.0
C33→C32,神经信号采集解码→脑电信号评估分析,15,48,0.7014802694320679,0.6440305709838867,0.35049521923065186,0.5653353532155355,0.015228426395939087,0.010309278350515464,1.0,0.6214221888615417,0.5236597877749698,0.4512739335541671,0.0,0.0,0.018018018018018018,0.06896551724137931,0.0,0.050947499223361295,0.5254517321781959,0.4883628328661815,0.9023331524688009,0.0,0.9511665762344004,0.622672814891618,,0.6326507329940796,1031.0
C33→C34,神经信号采集解码→脑电图像生成与映射,15,39,0.676004946231842,0.6692047119140625,0.3748025894165039,0.5733374158541361,0.0,0.016666666666666666,1.0,0.6214221888615417,0.5842642844359555,0.48142959378160005,0.0,0.0,0.009009009009009009,0.0,0.0,-0.009009009009009009,0.49549561735676945,0.48846260556918475,0.7593283582089553,0.0,0.8796641791044777,0.615296876868634,,0.6200101971626282,1283.0
C33→C35,神经信号采集解码→神经刺激参数优化,15,56,0.7039411067962646,0.7043407559394836,0.3830527663230896,0.5971115430196126,0.0,0.014285714285714285,0.989010989010989,0.6214221888615417,0.5508990447467422,0.4647967698520325,0.0,0.0,0.009009009009009009,0.0,0.0,-0.009009009009009009,0.49549561735676945,0.480146193604401,0.9911555470101904,0.0,0.9955777735050952,0.649865278969957,,0.6480095386505127,113.0
C33→C36,神经信号采集解码→自适应神经刺激调控,15,15,0.7002390027046204,0.7028489112854004,0.36259984970092773,0.5885625878969828,0.0,0.0,1.0,0.6214221888615417,0.520118521467215,0.4495207283253047,0.0,0.0,0.0,0.0,0.0,0.0,0.5,0.4747603641626523,0.9539347408829175,0.0,0.9769673704414588,0.6400555428063247,,0.6465002298355103,317.0
C33→C37,神经信号采集解码→神经调节刺激控制,15,59,0.697807788848877,0.6939979791641235,0.35399097204208374,0.5819322466850281,0.004739336492890996,0.0,0.9900990099009901,0.6214221888615417,0.4658115066911082,0.4228166457162158,0.0,0.0,0.018018018018018018,0.0,0.0,-0.018018018018018018,0.49099196578624643,0.4569043057512311,0.992143511850203,0.0,0.9960717559251016,0.6359380919515194,,0.6742925643920898,456.0
C33→C38,神经信号采集解码→事件相关电位分析,15,7,0.6352502703666687,0.5402911901473999,0.41555172204971313,0.5303643941879272,0.0,0.0,1.0,0.6214221888615417,0.5150485035655191,0.44701286294463877,0.0,0.0,0.0,0.0,0.0,0.0,0.5,0.4735064314723194,0.7263157894736842,,,,无高价值专利,0.564788818359375,
C33→C39,神经信号采集解码→脑活动监测与解码,15,35,0.6890393495559692,0.6621338725090027,0.3396281599998474,0.5636004606882731,0.007692307692307693,0.022222222222222223,0.975609756097561,0.6214221888615417,0.8267363689746892,0.6012385382682851,0.0,0.0,0.0,0.0,0.0,0.0,0.5,0.5506192691341425,0.8997214484679665,0.0,0.9498607242339833,0.6319211469160403,,0.6617149114608765,648.0
C33→C4,神经信号采集解码→神经刺激调控系统,15,84,0.702407717704773,0.7137598991394043,0.3464691638946533,0.5875455935796101,0.013888888888888888,0.0,0.9918032786885246,0.6214221888615417,0.5739366304571628,0.47627505040873674,0.0,0.0,0.0,0.034482758620689655,0.0,0.034482758620689655,0.517234548877195,0.49675479964296587,0.9646086282614311,0.0,0.9823043141307155,0.6441798836241381,,0.6506327986717224,204.0
C33→C40,神经信号采集解码→脑电虚拟现实交互,15,5,0.671943187713623,0.6053076982498169,0.37064653635025024,0.54929914077123,0.016666666666666666,0.0,1.0,0.6214221888615417,0.409545021537841,0.3956187207773534,0.0,0.0,0.0,0.034482758620689655,0.0,0.034482758620689655,0.517234548877195,0.4564266348272742,0.6150442477876106,0.0,0.8075221238938053,0.5809852953996895,,0.6088539361953735,1738.0
C33→C41,神经信号采集解码→脑电电极采集装置,15,40,0.622597873210907,0.6809231638908386,0.41220998764038086,0.5719103415807087,0.006329113924050633,0.017857142857142856,1.0,0.6214221888615417,0.4445427445021895,0.41247119811440786,0.0,0.0,0.0,0.034482758620689655,0.0,0.034482758620689655,0.517234548877195,0.4648528734958014,0.9487505294366794,0.0,0.9743752647183397,0.6269553722298453,,0.6707624197006226,850.0
C33→C42,神经信号采集解码→脑电听觉调控降噪,15,20,0.658349871635437,0.6427550315856934,0.40162408351898193,0.5675763289133707,0.0,0.022222222222222223,1.0,0.6214221888615417,0.6573096058558042,0.5179360091893797,0.0,0.0,0.0,0.0,0.0,0.0,0.5,0.5089680045946898,0.9382022471910112,0.0,0.9691011235955056,0.6307837039901079,,0.6227416396141052,695.0
C33→C43,神经信号采集解码→癫痫监测预测干预,15,21,0.673589825630188,0.6194108128547668,0.38161373138427734,0.5582047899564107,0.0,0.0,1.0,0.6214221888615417,0.4366782007220494,0.4086647503411609,0.0,0.0,0.018018018018018018,0.0,0.0,-0.018018018018018018,0.49099196578624643,0.4498283580637037,0.9698535745047373,0.0,0.9849267872523686,0.6171280027886932,,0.5884871482849121,1231.0
C33→C44,神经信号采集解码→脑电频率识别分析,15,13,0.6621124744415283,0.7022732496261597,0.3722333312034607,0.5788730184237162,0.010638297872340425,0.07407407407407407,1.0,0.6214221888615417,0.6381395033007632,0.508357878645896,0.0,0.0,0.0,0.0,0.0,0.0,0.5,0.504178939322948,0.7122302158273381,0.0,0.8561151079136691,0.6174348021641773,,0.627964437007904,1221.0
C33→C5,神经信号采集解码→眼动脑电视觉分析,15,27,0.6744064092636108,0.6119902729988098,0.379852294921875,0.5554163257280985,0.0,0.0,1.0,0.6214221888615417,0.5322104001372527,0.4555120657465777,0.0,0.0,0.009009009009009009,0.0,0.0,-0.009009009009009009,0.49549561735676945,0.4755038415516736,0.8195050946142649,0.0,0.9097525473071324,0.6066961669642126,,0.5874204635620117,1529.0
C33→C6,神经信号采集解码→电极阵列植入制造,15,42,0.5999575257301331,0.7115203142166138,0.41473960876464844,0.5754058162371317,0.0,0.04411764705882353,1.0,0.6214221888615417,0.571474259607952,0.4750467829816948,0.0,0.0,0.0,0.0,0.0,0.0,0.5,0.4875233914908474,0.9067315490673155,0.0,0.9533657745336577,0.6295421031206426,,0.641627848148346,740.0
C33→C7,神经信号采集解码→视觉刺激脑电分析,15,48,0.7289990186691284,0.6457704305648804,0.306329607963562,0.5603663523991903,0.017964071856287425,0.03508771929824561,1.0,0.6214221888615417,0.7934048652653686,0.5851534318173708,0.0,0.0,0.0,0.06896551724137931,0.0,0.06896551724137931,0.5344281929745097,0.5597908123959403,0.9191073919107392,0.0,0.9595536959553697,0.6328980182990023,,0.6423901319503784,594.0
C33→C8,神经信号采集解码→神经刺激监测装置,15,128,0.7411400079727173,0.711739182472229,0.3049173355102539,0.5859321753184,0.01729106628242075,0.011976047904191617,1.0,0.6214221888615417,0.7415056039068469,0.5597547615108133,0.0,0.0,0.009009009009009009,0.13793103448275862,0.0,0.12892202547374962,0.5641062381131012,0.5619304998119572,0.9955230399650579,0.0,0.9977615199825289,0.6569191919790327,,0.7014147043228149,48.0
C33→C9,神经信号采集解码→经颅聚焦刺激装置,15,47,0.636216938495636,0.6763904094696045,0.3889787197113037,0.5671953558921814,0.0,0.0,1.0,0.6214221888615417,0.5980469930299713,0.4883145303193797,0.0,0.0,0.0,0.0,0.0,0.0,0.5,0.49415726515968983,0.9824984912492456,0.0,0.9912492456246228,0.6317797923368419,,0.6440954804420471,654.0
C34→C0,脑电图像生成与映射→脑电情绪识别分析,24,58,0.700316309928894,0.6883553266525269,0.3382449150085449,0.5756388505299885,0.003367003367003367,0.03488372093023256,0.9767441860465116,0.6795618612862219,0.5536726087522731,0.4373857969176884,0.0,0.0,0.02702702702702703,0.0,0.0,-0.02702702702702703,0.48648977588659537,0.4619377864021419,0.7784615384615384,0.25,0.7642307692307693,0.5903344527407003,,0.6549509167671204,1686.0
C34→C1,脑电图像生成与映射→脑电特征提取分类,24,20,0.6904358863830566,0.6621993780136108,0.3743109703063965,0.5756487449010212,0.0064516129032258064,0.027777777777777776,1.0,0.6795618612862219,0.6932301006799398,0.5068336941434961,0.0,0.0,0.0,0.0,0.0,0.0,0.5,0.503416847071748,0.45263157894736844,,,,无高价值专利,0.6416231393814087,
C34→C10,脑电图像生成与映射→神经信息分析诊断,24,36,0.6455633640289307,0.6510292291641235,0.38353604078292847,0.5600428779919941,0.0,0.0,0.9873417721518988,0.6795618612862219,0.5811448339517777,0.45094974962372897,0.0,0.0,0.0,0.13793103448275862,0.0,0.13793103448275862,0.5685314644405662,0.5097406070321476,0.9879379666858128,0.0,0.9939689833429064,0.630066452955278,,0.6137763261795044,723.0
C34→C11,脑电图像生成与映射→睡眠脑电调控增强,24,51,0.6831482648849487,0.6526838541030884,0.3823331594467163,0.5727217594782511,0.0041841004184100415,0.0,1.0,0.6795618612862219,0.6835550559100223,0.5019965866996516,0.0,0.0,0.009009009009009009,0.0,0.0,-0.009009009009009009,0.49549561735676945,0.49874610202821057,0.949193066347878,0.0,0.974596533173939,0.633396580634468,,0.6119763255119324,565.0
C34→C12,脑电图像生成与映射→视觉脑电解码评估,24,30,0.6748563051223755,0.6538349390029907,0.3804748058319092,0.5697220166524251,0.0,0.01694915254237288,0.9863013698630136,0.6795618612862219,0.7829175892646888,0.551494632241666,0.0,0.0,0.0,0.0,0.0,0.0,0.5,0.525747316120833,0.6666666666666666,0.0,0.8333333333333333,0.6113415237493076,,0.6042437553405762,1426.0
C34→C13,脑电图像生成与映射→多模态神经交互评估,24,43,0.6838018894195557,0.6696577072143555,0.35826122760772705,0.570573608080546,0.0,0.0,1.0,0.6795618612862219,0.6373326104204997,0.47889791692539835,0.0,0.0,0.009009009009009009,0.1724137931034483,0.0,0.1634047840944393,0.5809828937506275,0.5299404053380129,0.8674772036474164,0.0,0.9337386018237082,0.6303087658689307,,0.6309610605239868,713.0
C34→C14,脑电图像生成与映射→脑电信号采集处理,24,66,0.6914566159248352,0.7087641954421997,0.35736900568008423,0.5858632723490397,0.0,0.018518518518518517,0.991869918699187,0.6795618612862219,0.679455675419048,0.49994690706661266,0.0,0.0,0.009009009009009009,0.0,0.0,-0.009009009009009009,0.49549561735676945,0.49772126221169105,0.7874493927125507,0.0,0.8937246963562753,0.6275557353669131,,0.639628529548645,826.0
C34→C15,脑电图像生成与映射→心理生理反馈调节,24,18,0.6149557828903198,0.6520646214485168,0.4136408567428589,0.5602204203605652,0.0,0.046511627906976744,1.0,0.6795618612862219,0.5865596100887834,0.4536324814066776,0.0,0.0,0.0,0.0,0.0,0.0,0.5,0.47681624070333883,0.8366666666666667,0.0,0.9183333333333333,0.6115777419449975,,0.5852568745613098,1420.0
C34→C16,脑电图像生成与映射→事件相关电位检测,24,37,0.6534938812255859,0.6290441751480103,0.4163947105407715,0.5663109223047892,0.0,0.017543859649122806,0.9873417721518988,0.6795618612862219,0.4632333326977074,0.3934920296589115,0.0,0.0,0.0,0.0,0.0,0.0,0.5,0.44674601482945575,0.9571865443425076,0.0,0.9785932721712538,0.620852260615798,,0.6161870956420898,1096.0
C34→C17,脑电图像生成与映射→神经反馈刺激分析,24,58,0.689284086227417,0.63492751121521,0.3695790767669678,0.5645968914031982,0.004329004329004329,0.0196078431372549,1.0,0.6795618612862219,0.6150229443551454,0.4677752707007203,0.0,0.0,0.0,0.27586206896551724,0.0,0.27586206896551724,0.6345355116007656,0.551155391150743,0.9730941704035875,0.05263157894736842,0.9602312957281095,0.6344265191503105,,0.6194502711296082,526.0
C34→C18,脑电图像生成与映射→神经刺激同步递送,24,31,0.6024922132492065,0.6396636962890625,0.4283997416496277,0.5568518837292988,0.0,0.0,1.0,0.6795618612862219,0.5368834240869825,0.42914095916359674,0.0,0.0,0.0,0.0,0.0,0.0,0.5,0.46457047958179837,0.9751098096632503,0.0,0.9875549048316252,0.6192035884739805,,0.6005897521972656,1155.0
C34→C19,脑电图像生成与映射→脑机接口交互控制,24,53,0.6880388259887695,0.6792015433311462,0.3715158700942993,0.5795854131380717,0.00816326530612245,0.05555555555555555,0.98989898989899,0.6795618612862219,0.7533341408009894,0.53681936935738,0.0,0.0,0.0,0.0,0.0,0.0,0.5,0.51840968467869,0.7592997811816192,0.0,0.8796498905908097,0.6246960229815228,,0.6258717775344849,940.0
C34→C2,脑电图像生成与映射→柔性电极采集装置,24,70,0.6192187666893005,0.6882835626602173,0.39021629095077515,0.5659062067667643,0.0,0.047619047619047616,0.9928057553956835,0.6795618612862219,0.6073936135656598,0.4639783910234894,0.0,0.0,0.0,0.0,0.0,0.0,0.5,0.4819891955117447,0.8650602409638555,0.0,0.9325301204819277,0.6186973117588106,,0.628320574760437,1179.0
C34→C20,脑电图像生成与映射→脑控轮椅交互系统,24,10,0.6269710063934326,0.596937894821167,0.44822990894317627,0.5573796033859253,0.0,0.0,1.0,0.6795618612862219,0.50031249376726,0.41132302837158935,0.0,0.0,0.0,0.0,0.0,0.0,0.5,0.4556615141857947,0.5454545454545454,,,,无高价值专利,0.5122565031051636,
C34→C21,脑电图像生成与映射→多模态脑电融合分析,24,46,0.6657569408416748,0.6551049947738647,0.38115888833999634,0.5673402746518452,0.004291845493562232,0.014925373134328358,0.99,0.6795618612862219,0.3291122455290337,0.3316128867907466,0.0,0.0,0.018018018018018018,0.0,0.0,-0.018018018018018018,0.49099196578624643,0.4113024262884965,0.9682345754428833,0.0,0.9841172877214417,0.6162772162670676,,0.6200622320175171,1253.0
C34→C22,脑电图像生成与映射→脑机虚拟交互控制,24,18,0.6767314672470093,0.691533088684082,0.3763083219528198,0.5815242926279703,0.0,0.05405405405405406,1.0,0.6795618612862219,0.5586537376365586,0.43983881379766443,0.0,0.0,0.0,0.0,0.0,0.0,0.5,0.4699194068988322,0.7864583333333334,0.0,0.8932291666666667,0.619649346657652,,0.6070907115936279,1142.0
C34→C23,脑电图像生成与映射→生物信号虚拟交互,24,26,0.6345919966697693,0.654435396194458,0.4074755907058716,0.5655009945233662,0.0,0.020833333333333332,1.0,0.6795618612862219,0.5849439801948719,0.4528317341653735,0.0,0.0,0.009009009009009009,0.0,0.0,-0.009009009009009009,0.49549561735676945,0.47416367576107143,0.9470198675496688,0.0,0.9735099337748344,0.6241892553463176,,0.5922764539718628,960.0
C34→C24,脑电图像生成与映射→闭环神经调控系统,24,24,0.6357526779174805,0.6365566253662109,0.3893420100212097,0.5538837711016337,0.0,0.0,1.0,0.6795618612862219,0.5622256589370602,0.4415996675449261,0.0,0.0,0.0,0.0,0.0,0.0,0.5,0.47079983377246304,0.9495841995841996,0.125,0.9122920997920998,0.6053124483861401,,0.5909706354141235,1548.0
C34→C25,脑电图像生成与映射→脑电信号模式识别,24,30,0.6797181367874146,0.6633033752441406,0.3740442991256714,0.5723552703857422,0.010416666666666666,0.01694915254237288,0.9767441860465116,0.6795618612862219,0.7095321562876163,0.5149806624661248,0.0,0.0,0.0,0.0,0.0,0.0,0.5,0.5074903312330624,0.872852233676976,,,,无高价值专利,0.6198583841323853,
C34→C26,脑电图像生成与映射→神经刺激电极装置,24,43,0.6140853762626648,0.6576628684997559,0.40432238578796387,0.5586902101834614,0.0,0.0136986301369863,1.0,0.6795618612862219,0.578603280366496,0.4496915188371281,0.0,0.0,0.0,0.0,0.0,0.0,0.5,0.47484575941856405,0.9559055118110236,0.0,0.9779527559055118,0.6205443039071891,,0.5837289690971375,1111.0
C34→C27,脑电图像生成与映射→认知意识神经评估,24,31,0.6749227046966553,0.6275991201400757,0.36312103271484375,0.5552142858505249,0.006097560975609756,0.017543859649122806,0.9861111111111112,0.6795618612862219,0.8069023936113827,0.563328333093139,0.0,0.0,0.0,0.034482758620689655,0.0,0.034482758620689655,0.517234548877195,0.5402814409851671,0.916256157635468,0.0,0.958128078817734,0.6259167740507844,,0.6109476089477539,885.0
C34→C28,脑电图像生成与映射→脑波交互反馈系统,24,44,0.6858159303665161,0.640331506729126,0.36839520931243896,0.5648475488026937,0.004347826086956522,0.013157894736842105,0.9887640449438202,0.6795618612862219,0.7644472515623096,0.5423410474012582,0.0,0.0,0.0,0.0,0.0,0.0,0.5,0.5211705237006291,0.7387755102040816,0.0,0.8693877551020408,0.6137937032557991,,0.6168189644813538,1350.0
C34→C29,脑电图像生成与映射→深部脑刺激调控,24,83,0.6744679808616638,0.693676233291626,0.3670493960380554,0.5783978700637817,0.0,0.02631578947368421,0.9928057553956835,0.6795618612862219,0.6351596374162822,0.47781346682412745,0.0,0.0,0.0,0.0,0.0,0.0,0.5,0.4889067334120637,0.957544993077988,0.06666666666666667,0.9454391632056607,0.6303555353579491,,0.6391294598579407,711.0
C34→C3,脑电图像生成与映射→脑电状态检测评估,24,50,0.7010155916213989,0.6714311838150024,0.358068585395813,0.576838453610738,0.008064516129032258,0.012658227848101266,0.9803921568627451,0.6795618612862219,0.5131838629552182,0.4175701982063497,0.0,0.0,0.0,0.0,0.0,0.0,0.5,0.4587850991031749,0.9434650455927052,0.0,0.9717325227963526,0.6286628671638775,,0.6168475151062012,776.0
C34→C30,脑电图像生成与映射→脑电神经反馈康复训练,24,27,0.6980340480804443,0.6564434766769409,0.38409918546676636,0.5795255700747172,0.005494505494505495,0.030303030303030304,1.0,0.6795618612862219,0.5959707455919181,0.4583015192988398,0.0,0.0,0.009009009009009009,0.0,0.0,-0.009009009009009009,0.49549561735676945,0.47689856832780464,0.7529002320185615,0.3333333333333333,0.7097834493426142,0.5850127184979044,,0.6097022294998169,1718.0
C34→C31,脑电图像生成与映射→植入式神经接口系统,24,22,0.5802825689315796,0.6491929888725281,0.44740039110183716,0.5589586496353149,0.0,0.021739130434782608,1.0,0.6795618612862219,0.5840290770930134,0.45237839290400284,0.0,0.0,0.0,0.0,0.0,0.0,0.5,0.4761891964520014,1.0,0.0,1.0,0.6247016016326251,,0.5725222229957581,939.0
C34→C32,脑电图像生成与映射→脑电信号评估分析,24,48,0.7081873416900635,0.688301682472229,0.345767617225647,0.5807522137959797,0.00851063829787234,0.009900990099009901,0.9912280701754386,0.6795618612862219,0.5236597877749698,0.4226744282408232,0.0,0.0,0.018018018018018018,0.06896551724137931,0.0,0.050947499223361295,0.5254517321781959,0.4740630802095095,0.9023331524688009,0.0,0.9511665762344004,0.6302842668197299,,0.6428095102310181,714.0
C34→C33,脑电图像生成与映射→神经信号采集解码,24,67,0.676004946231842,0.6692047119140625,0.3748025894165039,0.5733374158541361,0.0,0.03614457831325301,1.0,0.6795618612862219,0.6501304005657931,0.48528851714334725,0.0,0.0,0.018018018018018018,0.0,0.0,-0.018018018018018018,0.49099196578624643,0.48814024146479684,0.9439330543933054,0.0,0.9719665271966527,0.6315213220473889,,0.6200101971626282,664.0
C34→C35,脑电图像生成与映射→神经刺激参数优化,24,56,0.6518038511276245,0.6381762027740479,0.39696794748306274,0.5623160004615784,0.0,0.013513513513513514,1.0,0.6795618612862219,0.5508990447467422,0.4360212400926315,0.0,0.0,0.009009009009009009,0.0,0.0,-0.009009009009009009,0.49549561735676945,0.46575842872470047,0.9911555470101904,0.0,0.9955777735050952,0.6244193083482619,,0.6031273603439331,952.0
C34→C36,脑电图像生成与映射→自适应神经刺激调控,24,15,0.633613109588623,0.6412796378135681,0.3907158374786377,0.5552028616269429,0.0,0.0,1.0,0.6795618612862219,0.520118521467215,0.42094709649053147,0.0,0.0,0.0,0.0,0.0,0.0,0.5,0.46047354824526576,0.9539347408829175,0.0,0.9769673704414588,0.6155949105901142,,0.5899752974510193,1273.0
C34→C37,脑电图像生成与映射→神经调节刺激控制,24,59,0.6465826630592346,0.6578820943832397,0.40102213621139526,0.5684956312179565,0.004032258064516129,0.0,1.0,0.6795618612862219,0.4658115066911082,0.394723296787672,0.0,0.0,0.018018018018018018,0.0,0.0,-0.018018018018018018,0.49099196578624643,0.4428576312869592,0.992143511850203,0.0,0.9960717559251016,0.6246547885367365,,0.607294499874115,944.0
C34→C38,脑电图像生成与映射→事件相关电位分析,24,7,0.6369999647140503,0.55091392993927,0.41537559032440186,0.5344298283259074,0.0,0.0,1.0,0.6795618612862219,0.5150485035655191,0.41847745711143464,0.0,0.0,0.0,0.0,0.0,0.0,0.5,0.45923872855571735,0.7263157894736842,,,,无高价值专利,0.5815738439559937,
C34→C39,脑电图像生成与映射→脑活动监测与解码,24,35,0.6823183298110962,0.6518294811248779,0.3420581817626953,0.5587353308995564,0.0,0.0,0.9830508474576272,0.6795618612862219,0.8267363689746892,0.5730605089549157,0.0,0.0,0.0,0.0,0.0,0.0,0.5,0.5365302544774578,0.8997214484679665,0.0,0.9498607242339833,0.626274756277775,,0.6374890804290771,876.0
C34→C4,脑电图像生成与映射→神经刺激调控系统,24,84,0.6673538684844971,0.6685189008712769,0.37059879302978516,0.5688238541285197,0.0061162079510703364,0.0234375,0.9856115107913669,0.6795618612862219,0.5739366304571628,0.447382916684094,0.0,0.0,0.0,0.034482758620689655,0.0,0.034482758620689655,0.517234548877195,0.4823087327806445,0.9646086282614311,0.0,0.9823043141307155,0.6293088532410764,,0.6395530104637146,753.0
C34→C40,脑电图像生成与映射→脑电虚拟现实交互,24,5,0.6844416260719299,0.6010352373123169,0.3778582215309143,0.5544450283050537,0.0,0.0,1.0,0.6795618612862219,0.409545021537841,0.36817974758935984,0.0,0.0,0.0,0.034482758620689655,0.0,0.034482758620689655,0.517234548877195,0.4427071482332774,0.6150442477876106,0.0,0.8075221238938053,0.5816998650510381,,0.598401665687561,1736.0
C34→C41,脑电图像生成与映射→脑电电极采集装置,24,40,0.630247950553894,0.6792325973510742,0.41283202171325684,0.5741041898727417,0.0,0.016666666666666666,1.0,0.6795618612862219,0.4445427445021895,0.3846071942759389,0.0,0.0,0.0,0.034482758620689655,0.0,0.034482758620689655,0.517234548877195,0.45092087157656696,0.9487505294366794,0.0,0.9743752647183397,0.6259569629037031,,0.6258012056350708,883.0
C34→C42,脑电图像生成与映射→脑电听觉调控降噪,24,20,0.6543753147125244,0.6192482113838196,0.38535481691360474,0.5529927810033162,0.0,0.02040816326530612,1.0,0.6795618612862219,0.6573096058558042,0.4888757083362512,0.0,0.0,0.0,0.0,0.0,0.0,0.5,0.4944378541681256,0.9382022471910112,0.0,0.9691011235955056,0.6185593787704405,,0.6211241483688354,1185.0
C34→C43,脑电图像生成与映射→癫痫监测预测干预,24,21,0.6529664993286133,0.5938938856124878,0.39699792861938477,0.5479527711868286,0.0,0.0,1.0,0.6795618612862219,0.4366782007220494,0.38089118430350444,0.0,0.0,0.018018018018018018,0.0,0.0,-0.018018018018018018,0.49099196578624643,0.4359415750448754,0.9698535745047373,0.0,0.9849267872523686,0.607932576505416,,0.5813687443733215,1507.0
C34→C44,脑电图像生成与映射→脑电频率识别分析,24,13,0.6552459001541138,0.6436516046524048,0.3781548738479614,0.5590174595514933,0.0,0.03125,1.0,0.6795618612862219,0.6381395033007632,0.47930065837775304,0.0,0.0,0.0,0.0,0.0,0.0,0.5,0.4896503291888765,0.7122302158273381,0.0,0.8561151079136691,0.6020477992201285,,0.6028265357017517,1594.0
C34→C5,脑电图像生成与映射→眼动脑电视觉分析,24,27,0.6903951168060303,0.6232091784477234,0.3948192596435547,0.5694745182991028,0.0,0.018518518518518517,1.0,0.6795618612862219,0.5322104001372527,0.4268529056523431,0.0,0.0,0.009009009009009009,0.0,0.0,-0.009009009009009009,0.49549561735676945,0.46117426150455626,0.8195050946142649,0.0,0.9097525473071324,0.6133075160590881,,0.5964263677597046,1358.0
C34→C6,脑电图像生成与映射→电极阵列植入制造,24,42,0.5795660018920898,0.659040629863739,0.42085719108581543,0.5531546076138814,0.0,0.0273972602739726,1.0,0.6795618612862219,0.571474259607952,0.44616568356617087,0.0,0.0,0.0,0.0,0.0,0.0,0.5,0.47308284178308546,0.9067315490673155,0.0,0.9533657745336577,0.6123481006884253,,0.5869334936141968,1396.0
C34→C7,脑电图像生成与映射→视觉刺激脑电分析,24,48,0.6875607371330261,0.6748405694961548,0.3419153690338135,0.5681055585543314,0.0048543689320388345,0.03278688524590164,0.978494623655914,0.6795618612862219,0.7934048652653686,0.5566768648884118,0.0,0.0,0.0,0.06896551724137931,0.0,0.06896551724137931,0.5344281929745097,0.5455525289314608,0.9191073919107392,0.0,0.9595536959553697,0.6357293844027683,,0.6156749725341797,465.0
C34→C8,脑电图像生成与映射→神经刺激监测装置,24,128,0.6672746539115906,0.6785244941711426,0.3667025566101074,0.5708339015642802,0.002570694087403599,0.01764705882352941,0.9945652173913043,0.6795618612862219,0.7415056039068469,0.530932318710233,0.0,0.0,0.009009009009009009,0.13793103448275862,0.0,0.12892202547374962,0.5641062381131012,0.5475192784116671,0.9955230399650579,0.0,0.9977615199825289,0.6443128896837267,,0.6396388411521912,202.0
C34→C9,脑电图像生成与映射→经颅聚焦刺激装置,24,47,0.6245281100273132,0.6469836235046387,0.4021592140197754,0.5578903158505757,0.0,0.012345679012345678,0.9882352941176471,0.6795618612862219,0.5980469930299713,0.45933259986501984,0.0,0.0,0.0,0.0,0.0,0.0,0.5,0.4796662999325099,0.9824984912492456,0.0,0.9912492456246228,0.6230923088244945,,0.6073176860809326,1007.0
C35→C0,神经刺激参数优化→脑电情绪识别分析,12,58,0.6792589426040649,0.6796913146972656,0.36854517459869385,0.5758318106333414,0.015625,0.01282051282051282,1.0,0.46058810438034314,0.5536726087522731,0.5464082911895777,0.0,0.0,0.02702702702702703,0.0,0.0,-0.02702702702702703,0.48648977588659537,0.5164490335380865,0.7784615384615384,0.25,0.7642307692307693,0.6008161771431666,,0.6236664056777954,1613.0
C35→C1,神经刺激参数优化→脑电特征提取分类,12,20,0.6412005424499512,0.6442921161651611,0.4296911954879761,0.571727951367696,0.017241379310344827,0.038461538461538464,1.0,0.46058810438034314,0.6932301006799398,0.614266935037758,0.0,0.0,0.0,0.0,0.0,0.0,0.5,0.557133467518879,0.45263157894736844,,,,无高价值专利,0.5905482172966003,
C35→C10,神经刺激参数优化→神经信息分析诊断,12,36,0.6731117367744446,0.7077034711837769,0.36812537908554077,0.582980195681254,0.0,0.0,0.9642857142857143,0.46058810438034314,0.5811448339517777,0.5599880254982081,0.0,0.0,0.0,0.13793103448275862,0.0,0.13793103448275862,0.5685314644405662,0.5642597449693871,0.9879379666858128,0.0,0.9939689833429064,0.6546855652182213,,0.6576241254806519,69.0
C35→C11,神经刺激参数优化→睡眠脑电调控增强,12,51,0.6924338936805725,0.6778887510299683,0.38161635398864746,0.5839796662330627,0.01507537688442211,0.0,1.0,0.46058810438034314,0.6835550559100223,0.6096720491950063,0.0,0.0,0.009009009009009009,0.0,0.0,-0.009009009009009009,0.49549561735676945,0.5525838332758879,0.949193066347878,0.0,0.974596533173939,0.6501038977569632,,0.6348311901092529,109.0
C35→C12,神经刺激参数优化→视觉脑电解码评估,12,30,0.665111780166626,0.6133350729942322,0.40138405561447144,0.5599436362584431,0.007194244604316547,0.0,0.9803921568627451,0.46058810438034314,0.7829175892646888,0.6558058664092205,0.0,0.0,0.0,0.0,0.0,0.0,0.5,0.5779029332046102,0.6666666666666666,0.0,0.8333333333333333,0.6142066032040506,,0.578029990196228,1330.0
C35→C13,神经刺激参数优化→多模态神经交互评估,12,43,0.6876658201217651,0.7018758058547974,0.3713676929473877,0.58696977297465,0.004807692307692308,0.0,1.0,0.46058810438034314,0.6373326104204997,0.5874633987849445,0.0,0.0,0.009009009009009009,0.1724137931034483,0.0,0.1634047840944393,0.5809828937506275,0.584223146267786,0.8674772036474164,0.0,0.9337386018237082,0.6505216802105427,,0.6429716348648071,101.0
C35→C14,神经刺激参数优化→脑电信号采集处理,12,66,0.692035436630249,0.6921606063842773,0.37962931394577026,0.5879417856534321,0.019230769230769232,0.010101010101010102,0.9900990099009901,0.46058810438034314,0.679455675419048,0.6077192283167686,0.0,0.0,0.009009009009009009,0.0,0.0,-0.009009009009009009,0.49549561735676945,0.551607422836769,0.7874493927125507,0.0,0.8937246963562753,0.638521697537977,,0.632032036781311,362.0
C35→C15,神经刺激参数优化→心理生理反馈调节,12,18,0.6366225481033325,0.6122295260429382,0.4193822145462036,0.5560780962308247,0.0,0.029411764705882353,1.0,0.46058810438034314,0.5865596100887834,0.5626546842990292,0.0,0.0,0.0,0.0,0.0,0.0,0.5,0.5313273421495146,0.8366666666666667,0.0,0.9183333333333333,0.6182669309850236,,0.5838800072669983,1196.0
C35→C16,神经刺激参数优化→事件相关电位检测,12,37,0.6857141256332397,0.6029046177864075,0.3825504779815674,0.5570564071337382,0.0,0.0,0.9824561403508771,0.46058810438034314,0.4632333326977074,0.5013226110738109,0.0,0.0,0.0,0.0,0.0,0.0,0.5,0.5006613055369055,0.9571865443425076,0.0,0.9785932721712538,0.62394265234102,,0.6014161109924316,975.0
C35→C17,神经刺激参数优化→神经反馈刺激分析,12,58,0.7082241773605347,0.6660041809082031,0.348834753036499,0.574354370435079,0.015706806282722512,0.010752688172043012,1.0,0.46058810438034314,0.6150229443551454,0.5766093388797608,0.0,0.0,0.0,0.27586206896551724,0.0,0.27586206896551724,0.6345355116007656,0.6055724252402632,0.9730941704035875,0.05263157894736842,0.9602312957281095,0.6501160501704696,,0.6582637429237366,108.0
C35→C18,神经刺激参数优化→神经刺激同步递送,12,31,0.7024762630462646,0.7548568844795227,0.3510397672653198,0.6027909715970357,0.022727272727272728,0.0,1.0,0.46058810438034314,0.5368834240869825,0.5380738129246352,0.0,0.0,0.0,0.0,0.0,0.0,0.5,0.5190369064623176,0.9751098096632503,0.0,0.9875549048316252,0.6590013225176327,,0.6847532987594604,37.0
C35→C19,神经刺激参数优化→脑机接口交互控制,12,53,0.6800016760826111,0.6318424940109253,0.36412930488586426,0.5586578249931335,0.01951219512195122,0.011904761904761904,0.9736842105263158,0.46058810438034314,0.7533341408009894,0.6423301507351454,0.0,0.0,0.0,0.0,0.0,0.0,0.5,0.5711650753675728,0.7592997811816192,0.0,0.8796498905908097,0.6201836950533891,,0.6307214498519897,1125.0
C35→C2,神经刺激参数优化→柔性电极采集装置,12,70,0.6459872126579285,0.7528368234634399,0.38695263862609863,0.595258891582489,0.004524886877828055,0.02631578947368421,1.0,0.46058810438034314,0.6073936135656598,0.5728799392839424,0.0,0.0,0.0,0.0,0.0,0.0,0.5,0.5364399696419713,0.8650602409638555,0.0,0.9325301204819277,0.6474656277247525,,0.6577616333961487,142.0
C35→C20,神经刺激参数优化→脑控轮椅交互系统,12,10,0.623047947883606,0.5900087356567383,0.4423893094062805,0.5518153309822083,0.012987012987012988,0.0,1.0,0.46058810438034314,0.50031249376726,0.5198517535900355,0.0,0.0,0.0,0.0,0.0,0.0,0.5,0.5099258767950178,0.5454545454545454,,,,无高价值专利,0.5303593873977661,
C35→C21,神经刺激参数优化→多模态脑电融合分析,12,46,0.6490229964256287,0.6482115983963013,0.3951500654220581,0.5641282200813293,0.015544041450777202,0.0,1.0,0.46058810438034314,0.3291122455290337,0.43463824954135394,0.0,0.0,0.018018018018018018,0.0,0.0,-0.018018018018018018,0.49099196578624643,0.4628151076638002,0.9682345754428833,0.0,0.9841172877214417,0.6231519998432269,,0.6010332107543945,1005.0
C35→C22,神经刺激参数优化→脑机虚拟交互控制,12,18,0.6650166511535645,0.6061583757400513,0.38466036319732666,0.5519451300303141,0.0,0.03571428571428571,1.0,0.46058810438034314,0.5586537376365586,0.548876238202827,0.0,0.0,0.0,0.0,0.0,0.0,0.5,0.5244381191014136,0.7864583333333334,0.0,0.8932291666666667,0.6100357296339479,,0.5434525012969971,1467.0
C35→C23,神经刺激参数优化→生物信号虚拟交互,12,26,0.6224581003189087,0.6143622398376465,0.42366743087768555,0.5534959236780802,0.0,0.0,1.0,0.46058810438034314,0.5849439801948719,0.5618593936986359,0.0,0.0,0.009009009009009009,0.0,0.0,-0.009009009009009009,0.49549561735676945,0.5286775055277027,0.9470198675496688,0.0,0.9735099337748344,0.6253833410174123,,0.566632091999054,914.0
C35→C24,神经刺激参数优化→闭环神经调控系统,12,24,0.7082607746124268,0.7259188294410706,0.3468601107597351,0.5936799049377441,0.009174311926605505,0.0,1.0,0.46058810438034314,0.5622256589370602,0.550644508086103,0.0,0.0,0.0,0.0,0.0,0.0,0.5,0.5253222540430516,0.9495841995841996,0.125,0.9122920997920998,0.6408794872915026,,0.6905658841133118,284.0
C35→C25,神经刺激参数优化→脑电信号模式识别,12,30,0.6824324131011963,0.7291005849838257,0.3789820075035095,0.5968383351961771,0.012987012987012988,0.02040816326530612,0.96875,0.46058810438034314,0.7095321562876163,0.6219628995551553,0.0,0.0,0.0,0.0,0.0,0.0,0.5,0.5609814497775776,0.872852233676976,,,,无高价值专利,0.6274252533912659,
C35→C26,神经刺激参数优化→神经刺激电极装置,12,43,0.7020370960235596,0.7669650912284851,0.36820024251937866,0.6124008099238077,0.013793103448275862,0.0,0.9836065573770492,0.46058810438034314,0.578603280366496,0.5587351612552771,0.0,0.0,0.0,0.0,0.0,0.0,0.5,0.5293675806276386,0.9559055118110236,0.0,0.9779527559055118,0.6654136093569414,,0.6738048791885376,14.0
C35→C27,神经刺激参数优化→认知意识神经评估,12,31,0.6672219038009644,0.6451183557510376,0.3931111693382263,0.568483809630076,0.007936507936507936,0.0,1.0,0.46058810438034314,0.8069023936113827,0.66655141179671,0.0,0.0,0.0,0.034482758620689655,0.0,0.034482758620689655,0.517234548877195,0.5918929803369525,0.916256157635468,0.0,0.958128078817734,0.6435079276459071,,0.6119224429130554,223.0
C35→C28,神经刺激参数优化→脑波交互反馈系统,12,44,0.6860067248344421,0.6426063776016235,0.36961430311203003,0.5660758018493652,0.005208333333333333,0.0,1.0,0.46058810438034314,0.7644472515623096,0.647420138650618,0.0,0.0,0.0,0.0,0.0,0.0,0.5,0.573710069325309,0.7387755102040816,0.0,0.8693877551020408,0.6237794523726902,,0.6139757633209229,987.0
C35→C29,神经刺激参数优化→深部脑刺激调控,12,83,0.7506058216094971,0.7503985166549683,0.3216831088066101,0.6075624823570251,0.014084507042253521,0.009433962264150943,0.9827586206896551,0.46058810438034314,0.6351596374162822,0.5864097592592448,0.0,0.0,0.0,0.0,0.0,0.0,0.5,0.5432048796296224,0.957544993077988,0.06666666666666667,0.9454391632056607,0.6589597921399832,,0.6983836889266968,38.0
C35→C3,神经刺激参数优化→脑电状态检测评估,12,50,0.6779017448425293,0.6739590764045715,0.38300395011901855,0.5782882571220398,0.004739336492890996,0.0,0.9876543209876543,0.46058810438034314,0.5131838629552182,0.526273656694365,0.0,0.0,0.0,0.0,0.0,0.0,0.5,0.5131368283471824,0.9434650455927052,0.0,0.9717325227963526,0.6390721958658404,,0.620025634765625,345.0
C35→C30,神经刺激参数优化→脑电神经反馈康复训练,12,27,0.6702430248260498,0.6354297399520874,0.37929391860961914,0.5616555611292521,0.0,0.017543859649122806,1.0,0.46058810438034314,0.5959707455919181,0.5672807710294792,0.0,0.0,0.009009009009009009,0.0,0.0,-0.009009009009009009,0.49549561735676945,0.5313881941931243,0.7529002320185615,0.3333333333333333,0.7097834493426142,0.5845245788925129,,0.6109746694564819,1721.0
C35→C31,神经刺激参数优化→植入式神经接口系统,12,22,0.6383486986160278,0.7360903024673462,0.4392263889312744,0.6045551300048828,0.010638297872340425,0.027777777777777776,1.0,0.46058810438034314,0.5840290770930134,0.561408893189154,0.0,0.0,0.0,0.0,0.0,0.0,0.5,0.5307044465945769,1.0,0.0,1.0,0.6643639915566628,,0.6152295470237732,19.0
C35→C32,神经刺激参数优化→脑电信号评估分析,12,48,0.6859608292579651,0.6487290859222412,0.381076455116272,0.5719221234321594,0.015306122448979591,0.01098901098901099,1.0,0.46058810438034314,0.5236597877749698,0.5314940912124276,0.0,0.0,0.018018018018018018,0.06896551724137931,0.0,0.050947499223361295,0.5254517321781959,0.5284729116953117,0.9023331524688009,0.0,0.9511665762344004,0.6339463487758473,,0.6175352334976196,542.0
C35→C33,神经刺激参数优化→神经信号采集解码,12,67,0.7039411067962646,0.7043407559394836,0.3830527663230896,0.5971115430196126,0.00851063829787234,0.013333333333333334,1.0,0.46058810438034314,0.6501304005657931,0.5936522987861039,0.0,0.0,0.018018018018018018,0.0,0.0,-0.018018018018018018,0.49099196578624643,0.5423221322861752,0.9439330543933054,0.0,0.9719665271966527,0.6566058530923046,,0.6480095386505127,50.0
C35→C34,神经刺激参数优化→脑电图像生成与映射,12,39,0.6518038511276245,0.6381762027740479,0.39696794748306274,0.5623160004615784,0.0,0.018518518518518517,0.9846153846153847,0.46058810438034314,0.5842642844359555,0.5615247195542196,0.0,0.0,0.009009009009009009,0.0,0.0,-0.009009009009009009,0.49549561735676945,0.5285101684554945,0.7593283582089553,0.0,0.8796641791044777,0.6152318890588031,,0.6031273603439331,1285.0
C35→C36,神经刺激参数优化→自适应神经刺激调控,12,15,0.7336030602455139,0.7436584234237671,0.32683253288269043,0.6013646721839905,0.0,0.0,1.0,0.46058810438034314,0.520118521467215,0.5297300969662081,0.0,0.0,0.0,0.0,0.0,0.0,0.5,0.5148650484831041,0.9539347408829175,0.0,0.9769673704414588,0.655478973321799,,0.7048380374908447,61.0
C35→C37,神经刺激参数优化→神经调节刺激控制,12,59,0.7292602062225342,0.752465009689331,0.3084920644760132,0.5967390934626261,0.014423076923076924,0.0,0.9791666666666666,0.46058810438034314,0.4658115066911082,0.5026116774031497,0.0,0.0,0.018018018018018018,0.0,0.0,-0.018018018018018018,0.49099196578624643,0.4968018215946981,0.992143511850203,0.0,0.9960717559251016,0.6526313148281303,,0.7259491682052612,79.0
C35→C38,神经刺激参数优化→事件相关电位分析,12,7,0.6507377624511719,0.5515893697738647,0.37600404024124146,0.5261103908220927,0.0,0.0,0.962962962962963,0.46058810438034314,0.5150485035655191,0.527203310491272,0.0,0.0,0.0,0.0,0.0,0.0,0.5,0.513601655245636,0.7263157894736842,,,,无高价值专利,0.5569344758987427,
C35→C39,神经刺激参数优化→脑活动监测与解码,12,35,0.6650083661079407,0.6578624248504639,0.4103463888168335,0.5777390599250793,0.0,0.0,0.972972972972973,0.46058810438034314,0.8267363689746892,0.675309027653457,0.0,0.0,0.0,0.0,0.0,0.0,0.5,0.5876545138267285,0.8997214484679665,0.0,0.9498607242339833,0.6476715366750369,,0.6157729029655457,137.0
C35→C4,神经刺激参数优化→神经刺激调控系统,12,84,0.7317783832550049,0.7692022323608398,0.32629555463790894,0.6090920567512512,0.017482517482517484,0.0,0.9915254237288136,0.46058810438034314,0.5739366304571628,0.5564327890665773,0.0,0.0,0.0,0.034482758620689655,0.0,0.034482758620689655,0.517234548877195,0.5368336689718862,0.9646086282614311,0.0,0.9823043141307155,0.6653293042776884,,0.7052175998687744,16.0
C35→C40,神经刺激参数优化→脑电虚拟现实交互,12,5,0.6706761121749878,0.5256831645965576,0.39524149894714355,0.5305335919062296,0.0,0.0,1.0,0.46058810438034314,0.409545021537841,0.4745006000806616,0.0,0.0,0.0,0.034482758620689655,0.0,0.034482758620689655,0.517234548877195,0.49586757447892826,0.6150442477876106,0.0,0.8075221238938053,0.5760304582593351,,0.5988576412200928,1753.0
C35→C41,神经刺激参数优化→脑电电极采集装置,12,40,0.6380646824836731,0.6902775764465332,0.4265601634979248,0.5849674741427103,0.0,0.02,1.0,0.46058810438034314,0.4445427445021895,0.49197800847923573,0.0,0.0,0.0,0.034482758620689655,0.0,0.034482758620689655,0.517234548877195,0.5046062786782154,0.9487505294366794,0.0,0.9743752647183397,0.6424689371441742,,0.6236580610275269,249.0
C35→C42,神经刺激参数优化→脑电听觉调控降噪,12,20,0.6719993352890015,0.6492564082145691,0.3893270492553711,0.5701942642529805,0.02727272727272727,0.02564102564102564,1.0,0.46058810438034314,0.6573096058558042,0.597111256677328,0.0,0.0,0.0,0.0,0.0,0.0,0.5,0.548555628338664,0.9382022471910112,0.0,0.9691011235955056,0.6392505813708942,,0.6113221645355225,340.0
C35→C43,神经刺激参数优化→癫痫监测预测干预,12,21,0.6537714004516602,0.6817841529846191,0.395222544670105,0.576926032702128,0.0,0.0,1.0,0.46058810438034314,0.4366782007220494,0.48804732579956134,0.0,0.0,0.018018018018018018,0.0,0.0,-0.018018018018018018,0.49099196578624643,0.48951964579290386,0.9698535745047373,0.0,0.9849267872523686,0.6363729090495553,,0.6074811816215515,437.0
C35→C44,神经刺激参数优化→脑电频率识别分析,12,13,0.6767908334732056,0.6729528307914734,0.3519648313522339,0.5672361652056376,0.010752688172043012,0.045454545454545456,1.0,0.46058810438034314,0.6381395033007632,0.5878544447324237,0.0,0.0,0.0,0.0,0.0,0.0,0.5,0.5439272223662118,0.7122302158273381,0.0,0.8561151079136691,0.6170250783330328,,0.6295844316482544,1238.0
C35→C5,神经刺激参数优化→眼动脑电视觉分析,12,27,0.6620846390724182,0.5679357647895813,0.40721893310546875,0.5457464456558228,0.00684931506849315,0.0,1.0,0.46058810438034314,0.5322104001372527,0.5357500391470787,0.0,0.0,0.009009009009009009,0.0,0.0,-0.009009009009009009,0.49549561735676945,0.5156228282519241,0.8195050946142649,0.0,0.9097525473071324,0.6072314434889406,,0.5891945362091064,1519.0
C35→C6,神经刺激参数优化→电极阵列植入制造,12,42,0.6286547183990479,0.7510367631912231,0.3852008581161499,0.5882974465688069,0.013793103448275862,0.015625,0.9846153846153847,0.46058810438034314,0.571474259607952,0.555216951823889,0.0,0.0,0.0,0.0,0.0,0.0,0.5,0.5276084759119445,0.9067315490673155,0.0,0.9533657745336577,0.6450081211753086,,0.6432468295097351,191.0
C35→C7,神经刺激参数优化→视觉刺激脑电分析,12,48,0.7085965275764465,0.6347247362136841,0.35591763257980347,0.5664129654566447,0.011976047904191617,0.019230769230769232,0.9861111111111112,0.46058810438034314,0.7934048652653686,0.6605247432535692,0.0,0.0,0.0,0.06896551724137931,0.0,0.06896551724137931,0.5344281929745097,0.5974764681140394,0.9191073919107392,0.0,0.9595536959553697,0.6432602627601841,,0.6147974133491516,227.0
C35→C8,神经刺激参数优化→神经刺激监测装置,12,128,0.7508330345153809,0.7699722051620483,0.3170772194862366,0.6126274863878886,0.002849002849002849,0.01875,0.9875776397515528,0.46058810438034314,0.7415056039068469,0.6368770172507335,0.0,0.0,0.009009009009009009,0.13793103448275862,0.0,0.12892202547374962,0.5641062381131012,0.6004916276819174,0.9955230399650579,0.0,0.9977615199825289,0.68134036053081,,0.7168024778366089,3.0
C35→C9,神经刺激参数优化→经颅聚焦刺激装置,12,47,0.6924793720245361,0.733549177646637,0.3565865755081177,0.5942050417264302,0.0064516129032258064,0.0,0.9841269841269842,0.46058810438034314,0.5980469930299713,0.5682998114740924,0.0,0.0,0.0,0.0,0.0,0.0,0.5,0.5341499057370462,0.9824984912492456,0.0,0.9912492456246228,0.6566035120311954,,0.6976613998413086,51.0
C36→C0,自适应神经刺激调控→脑电情绪识别分析,5,58,0.664581835269928,0.6601704955101013,0.367722749710083,0.5641583601633707,0.0,0.0,1.0,0.2559656384611506,0.5536726087522731,0.6446063886124997,0.0,0.0,0.02702702702702703,0.0,0.0,-0.02702702702702703,0.48648977588659537,0.5655480822495476,0.7784615384615384,0.25,0.7642307692307693,0.6024768825457371,,0.630871593952179,1592.0
C36→C1,自适应神经刺激调控→脑电特征提取分类,5,20,0.6202392578125,0.597545862197876,0.41856956481933594,0.5454515616099039,0.011904761904761904,0.0,1.0,0.2559656384611506,0.6932301006799398,0.7056871983264592,0.0,0.0,0.0,0.0,0.0,0.0,0.5,0.6028435991632296,0.45263157894736844,,,,无高价值专利,0.5992177724838257,
C36→C10,自适应神经刺激调控→神经信息分析诊断,5,36,0.6413143873214722,0.6659403443336487,0.359045147895813,0.5554332931836445,0.0,0.0,0.9791666666666666,0.2559656384611506,0.5811448339517777,0.6570912207168506,0.0,0.0,0.0,0.13793103448275862,0.0,0.13793103448275862,0.5685314644405662,0.6128113425787084,0.9879379666858128,0.0,0.9939689833429064,0.6437981862413614,,0.6407470703125,216.0
C36→C11,自适应神经刺激调控→睡眠脑电调控增强,5,51,0.6772661209106445,0.6817268133163452,0.36636555194854736,0.5751194953918457,0.005952380952380952,0.0,1.0,0.2559656384611506,0.6835550559100223,0.70165239160353,0.0,0.0,0.009009009009009009,0.0,0.0,-0.009009009009009009,0.49549561735676945,0.5985740044801497,0.949193066347878,0.0,0.974596533173939,0.6518582662442343,,0.611587405204773,86.0
C36→C12,自适应神经刺激调控→视觉脑电解码评估,5,30,0.646094799041748,0.5996561050415039,0.38990962505340576,0.5452201763788859,0.0,0.0,0.9761904761904762,0.2559656384611506,0.7829175892646888,0.7415238505080871,0.0,0.0,0.0,0.0,0.0,0.0,0.5,0.6207619252540435,0.6666666666666666,0.0,0.8333333333333333,0.6117419969139543,,0.5696924924850464,1417.0
C36→C13,自适应神经刺激调控→多模态神经交互评估,5,43,0.6601508855819702,0.676982045173645,0.36931949853897095,0.5688174764315287,0.005714285714285714,0.014084507042253521,1.0,0.2559656384611506,0.6373326104204997,0.6819470080824914,0.0,0.0,0.009009009009009009,0.1724137931034483,0.0,0.1634047840944393,0.5809828937506275,0.6314649509165595,0.8674772036474164,0.0,0.9337386018237082,0.6462493071454237,,0.6246511936187744,169.0
C36→C14,自适应神经刺激调控→脑电信号采集处理,5,66,0.6857869625091553,0.6766070127487183,0.3633052110671997,0.5752330621083577,0.0,0.0,0.9891304347826086,0.2559656384611506,0.679455675419048,0.6999332605997901,0.0,0.0,0.009009009009009009,0.0,0.0,-0.009009009009009009,0.49549561735676945,0.5977144389782798,0.7874493927125507,0.0,0.8937246963562753,0.6381701983861066,,0.6259167194366455,371.0
C36→C15,自适应神经刺激调控→心理生理反馈调节,5,18,0.6232399940490723,0.5952799320220947,0.3980225920677185,0.5388475060462952,0.019230769230769232,0.0,1.0,0.2559656384611506,0.5865596100887834,0.6595271929166003,0.0,0.0,0.0,0.0,0.0,0.0,0.5,0.5797635964583001,0.8366666666666667,0.0,0.9183333333333333,0.6147287056583027,,0.5746521949768066,1307.0
C36→C16,自适应神经刺激调控→事件相关电位检测,5,37,0.6425051093101501,0.5558198690414429,0.39589476585388184,0.531406581401825,0.0,0.0,0.9791666666666666,0.2559656384611506,0.4632333326977074,0.6021748797001341,0.0,0.0,0.0,0.0,0.0,0.0,0.5,0.551087439850067,0.9571865443425076,0.0,0.9785932721712538,0.6147300951511181,,0.5841827392578125,1306.0
C36→C17,自适应神经刺激调控→神经反馈刺激分析,5,58,0.6864815354347229,0.6542425155639648,0.32303130626678467,0.5545851190884907,0.0,0.0,1.0,0.2559656384611506,0.6150229443551454,0.6721917066976,0.0,0.0,0.0,0.27586206896551724,0.0,0.27586206896551724,0.6345355116007656,0.6533636091491828,0.9730941704035875,0.05263157894736842,0.9602312957281095,0.6442979278435674,,0.645789623260498,203.0
C36→C18,自适应神经刺激调控→神经刺激同步递送,5,31,0.6822704672813416,0.6937316656112671,0.3402061462402344,0.5720694263776143,0.009900990099009901,0.0,1.0,0.2559656384611506,0.5368834240869825,0.6368771495800635,0.0,0.0,0.0,0.0,0.0,0.0,0.5,0.5684385747900318,0.9751098096632503,0.0,0.9875549048316252,0.6469345620140107,,0.6587125062942505,154.0
C36→C19,自适应神经刺激调控→脑机接口交互控制,5,53,0.6620998382568359,0.6525058746337891,0.33853161334991455,0.5510457754135132,0.0,0.0,0.9701492537313433,0.2559656384611506,0.7533341408009894,0.730022553467865,0.0,0.0,0.0,0.0,0.0,0.0,0.5,0.6150112767339325,0.7592997811816192,0.0,0.8796498905908097,0.6224689725886459,,0.6204473972320557,1040.0
C36→C2,自适应神经刺激调控→柔性电极采集装置,5,70,0.6155573129653931,0.6847038269042969,0.4121864438056946,0.5708158612251282,0.0,0.0,1.0,0.2559656384611506,0.6073936135656598,0.6688206686618984,0.0,0.0,0.0,0.0,0.0,0.0,0.5,0.5844103343309492,0.8650602409638555,0.0,0.9325301204819277,0.6395478371374386,,0.616969108581543,332.0
C36→C20,自适应神经刺激调控→脑控轮椅交互系统,5,10,0.6031799912452698,0.5680224299430847,0.44737839698791504,0.5395269393920898,0.0,0.0,1.0,0.2559656384611506,0.50031249376726,0.6197986557012036,0.0,0.0,0.0,0.0,0.0,0.0,0.5,0.5598993278506018,0.5454545454545454,,,,无高价值专利,0.53519606590271,
C36→C21,自适应神经刺激调控→多模态脑电融合分析,5,46,0.6217454671859741,0.6174798011779785,0.4122292995452881,0.5504848559697468,0.0,0.0,1.0,0.2559656384611506,0.3291122455290337,0.5365082152441858,0.0,0.0,0.018018018018018018,0.0,0.0,-0.018018018018018018,0.49099196578624643,0.5137500905152161,0.9682345754428833,0.0,0.9841172877214417,0.6226221578107695,,0.5945462584495544,1033.0
C36→C22,自适应神经刺激调控→脑机虚拟交互控制,5,18,0.6547656059265137,0.6542760133743286,0.4015864133834839,0.5702093442281086,0.0,0.0,1.0,0.2559656384611506,0.5586537376365586,0.6468853303010503,0.0,0.0,0.0,0.0,0.0,0.0,0.5,0.5734426651505251,0.7864583333333334,0.0,0.8932291666666667,0.6305823057518843,,0.5485730171203613,700.0
C36→C23,自适应神经刺激调控→生物信号虚拟交互,5,26,0.5974059104919434,0.6234662532806396,0.4264993667602539,0.5491238435109456,0.0,0.0,1.0,0.2559656384611506,0.5849439801948719,0.6588012364786634,0.0,0.0,0.009009009009009009,0.0,0.0,-0.009009009009009009,0.49549561735676945,0.5771484269177164,0.9470198675496688,0.0,0.9735099337748344,0.6303715912862805,,0.5592395067214966,710.0
C36→C24,自适应神经刺激调控→闭环神经调控系统,5,24,0.7087401151657104,0.7088136076927185,0.3170016407966614,0.5781851212183634,0.013157894736842105,0.0,1.0,0.2559656384611506,0.5622256589370602,0.648515442950469,0.0,0.0,0.0,0.0,0.0,0.0,0.5,0.5742577214752345,0.9495841995841996,0.125,0.9122920997920998,0.6392929810828375,,0.6673781871795654,339.0
C36→C25,自适应神经刺激调控→脑电信号模式识别,5,30,0.6513276100158691,0.6526908874511719,0.3864102363586426,0.5634762446085612,0.01652892561983471,0.0,0.9821428571428571,0.2559656384611506,0.7095321562876163,0.7124131350952568,0.0,0.0,0.0,0.0,0.0,0.0,0.5,0.6062065675476285,0.872852233676976,,,,无高价值专利,0.6210458278656006,
C36→C26,自适应神经刺激调控→神经刺激电极装置,5,43,0.6542772054672241,0.6905339360237122,0.3878178596496582,0.5775430003801981,0.008849557522123894,0.0,1.0,0.2559656384611506,0.578603280366496,0.6559449702460145,0.0,0.0,0.0,0.0,0.0,0.0,0.5,0.5779724851230073,0.9559055118110236,0.0,0.9779527559055118,0.6506300040346141,,0.6345247030258179,99.0
C36→C27,自适应神经刺激调控→认知意识神经评估,5,31,0.6422030925750732,0.5983434915542603,0.374131441116333,0.5382260084152222,0.010752688172043012,0.0,1.0,0.2559656384611506,0.8069023936113827,0.7506109803789491,0.0,0.0,0.0,0.034482758620689655,0.0,0.034482758620689655,0.517234548877195,0.6339227646280721,0.916256157635468,0.0,0.958128078817734,0.629433108193476,,0.5943388938903809,749.0
C36→C28,自适应神经刺激调控→脑波交互反馈系统,5,44,0.6749446392059326,0.6472941637039185,0.3681403398513794,0.5634597142537434,0.006289308176100629,0.0,1.0,0.2559656384611506,0.7644472515623096,0.734380650808858,0.0,0.0,0.0,0.0,0.0,0.0,0.5,0.617190325404429,0.7387755102040816,0.0,0.8693877551020408,0.6294783736651457,,0.6068412065505981,746.0
C36→C29,自适应神经刺激调控→深部脑刺激调控,5,83,0.7434519529342651,0.746040940284729,0.32183021306991577,0.60377436876297,0.007905138339920948,0.0,0.9907407407407407,0.2559656384611506,0.6351596374162822,0.6810036484192,0.0,0.0,0.0,0.0,0.0,0.0,0.5,0.5905018242096001,0.957544993077988,0.06666666666666667,0.9454391632056607,0.6647565377657373,,0.6887902021408081,18.0
C36→C3,自适应神经刺激调控→脑电状态检测评估,5,50,0.6602717041969299,0.6475664377212524,0.3751986026763916,0.5610122481981913,0.011299435028248588,0.0,0.9861111111111112,0.2559656384611506,0.5131838629552182,0.6258459044407247,0.0,0.0,0.0,0.0,0.0,0.0,0.5,0.5629229522203624,0.9434650455927052,0.0,0.9717325227963526,0.635880877366015,,0.6151107549667358,457.0
C36→C30,自适应神经刺激调控→脑电神经反馈康复训练,5,27,0.6513791084289551,0.6809457540512085,0.36069583892822266,0.5643402338027954,0.009009009009009009,0.0,1.0,0.2559656384611506,0.5959707455919181,0.6637409771178843,0.0,0.0,0.009009009009009009,0.0,0.0,-0.009009009009009009,0.49549561735676945,0.5796182972373268,0.7529002320185615,0.3333333333333333,0.7097834493426142,0.5952068376121445,,0.6224410533905029,1656.0
C36→C31,自适应神经刺激调控→植入式神经接口系统,5,22,0.6098963022232056,0.6973071694374084,0.4416102170944214,0.5829378962516785,0.01639344262295082,0.0,1.0,0.2559656384611506,0.5840290770930134,0.6583898092385897,0.0,0.0,0.0,0.0,0.0,0.0,0.5,0.5791949046192948,1.0,0.0,1.0,0.6581663417336641,,0.578105092048645,41.0
C36→C32,自适应神经刺激调控→脑电信号评估分析,5,48,0.6735079884529114,0.6243357062339783,0.36500465869903564,0.5542827844619751,0.006060606060606061,0.0,1.0,0.2559656384611506,0.5236597877749698,0.6307389678349165,0.0,0.0,0.018018018018018018,0.06896551724137931,0.0,0.050947499223361295,0.5254517321781959,0.5780953500065562,0.9023331524688009,0.0,0.9511665762344004,0.630404908717,,0.6105054616928101,709.0
C36→C33,自适应神经刺激调控→神经信号采集解码,5,67,0.7002390027046204,0.7028489112854004,0.36259984970092773,0.5885625878969828,0.0049261083743842365,0.0,1.0,0.2559656384611506,0.6501304005657931,0.6874725345427877,0.0,0.0,0.018018018018018018,0.0,0.0,-0.018018018018018018,0.49099196578624643,0.5892322501645171,0.9439330543933054,0.0,0.9719665271966527,0.6589415214237447,,0.6465002298355103,39.0
C36→C34,自适应神经刺激调控→脑电图像生成与映射,5,39,0.633613109588623,0.6412796378135681,0.3907158374786377,0.5552028616269429,0.0,0.0,0.9821428571428571,0.2559656384611506,0.5842642844359555,0.6584956035762434,0.0,0.0,0.009009009009009009,0.0,0.0,-0.009009009009009009,0.49549561735676945,0.5769956104665064,0.7593283582089553,0.0,0.8796641791044777,0.6188740490715483,,0.5899752974510193,1169.0
C36→C35,自适应神经刺激调控→神经刺激参数优化,5,56,0.7336030602455139,0.7436584234237671,0.32683253288269043,0.6013646721839905,0.0111731843575419,0.0,1.0,0.2559656384611506,0.5508990447467422,0.6433345857301928,0.0,0.0,0.009009009009009009,0.0,0.0,-0.009009009009009009,0.49549561735676945,0.5694151015434811,0.9911555470101904,0.0,0.9955777735050952,0.6681526488069087,,0.7048380374908447,10.0
C36→C37,自适应神经刺激调控→神经调节刺激控制,5,59,0.6953265070915222,0.7373095750808716,0.3233643174171448,0.5853334665298462,0.005649717514124294,0.0,1.0,0.2559656384611506,0.4658115066911082,0.6034094827544685,0.0,0.0,0.018018018018018018,0.0,0.0,-0.018018018018018018,0.49099196578624643,0.5472007242703575,0.992143511850203,0.0,0.9960717559251016,0.6537430123843067,,0.6907402873039246,75.0
C36→C38,自适应神经刺激调控→事件相关电位分析,5,7,0.6186732053756714,0.5366326570510864,0.38126444816589355,0.5121901035308838,0.0,0.0,1.0,0.2559656384611506,0.5150485035655191,0.6267187527522133,0.0,0.0,0.0,0.0,0.0,0.0,0.5,0.5633593763761067,0.7263157894736842,,,,无高价值专利,0.5395559668540955,
C36→C39,自适应神经刺激调控→脑活动监测与解码,5,35,0.6435222625732422,0.6324529647827148,0.40780162811279297,0.5612589518229166,0.0,0.0,0.9642857142857143,0.2559656384611506,0.8267363689746892,0.7579625406781999,0.0,0.0,0.0,0.0,0.0,0.0,0.5,0.6289812703391,0.8997214484679665,0.0,0.9498607242339833,0.6433116821679528,,0.6034571528434753,226.0
C36→C4,自适应神经刺激调控→神经刺激调控系统,5,84,0.70725417137146,0.730835497379303,0.2972055673599243,,0.008287292817679558,0.02040816326530612,0.9802631578947368,,,,,,,,,,,,,,,,未过前提,0.6626434326171875,
C36→C40,自适应神经刺激调控→脑电虚拟现实交互,5,5,0.6599239110946655,0.5892748236656189,0.3849179148674011,0.5447055498758951,0.0,0.0,1.0,0.2559656384611506,0.409545021537841,0.5761915971157048,0.0,0.0,0.0,0.034482758620689655,0.0,0.034482758620689655,0.517234548877195,0.5467130729964499,0.6150442477876106,0.0,0.8075221238938053,0.5942411474690721,,0.5918993949890137,1663.0
C36→C41,自适应神经刺激调控→脑电电极采集装置,5,40,0.6080542802810669,0.6069700717926025,0.4356344938278198,0.5502196153004963,0.008064516129032258,0.0,1.0,0.2559656384611506,0.4445427445021895,0.5931865505472814,0.0,0.0,0.0,0.034482758620689655,0.0,0.034482758620689655,0.517234548877195,0.5552105497122382,0.9487505294366794,0.0,0.9743752647183397,0.6276812880290359,,0.5904956459999084,818.0
C36→C42,自适应神经刺激调控→脑电听觉调控降噪,5,20,0.6527400612831116,0.6351292729377747,0.38454699516296387,0.5574721097946167,0.012658227848101266,0.0,1.0,0.2559656384611506,0.6573096058558042,0.6905491626418503,0.0,0.0,0.0,0.0,0.0,0.0,0.5,0.5952745813209251,0.9382022471910112,0.0,0.9691011235955056,0.6383491928142987,,0.5919064283370972,368.0
C36→C43,自适应神经刺激调控→癫痫监测预测干预,5,21,0.6324364542961121,0.5668959617614746,0.39751702547073364,0.5322831471761067,0.0,0.0,1.0,0.2559656384611506,0.4366782007220494,0.5893853726895306,0.0,0.0,0.018018018018018018,0.0,0.0,-0.018018018018018018,0.49099196578624643,0.5401886692378886,0.9698535745047373,0.0,0.9849267872523686,0.6146030630473804,,0.5625671744346619,1315.0
C36→C44,自适应神经刺激调控→脑电频率识别分析,5,13,0.6393073797225952,0.6652669310569763,0.37502944469451904,0.5598679184913635,0.0,0.0,1.0,0.2559656384611506,0.6381395033007632,0.6822969277863803,0.0,0.0,0.0,0.0,0.0,0.0,0.5,0.5911484638931901,0.7122302158273381,0.0,0.8561151079136691,0.6203808785394948,,0.6208563446998596,1115.0
C36→C5,自适应神经刺激调控→眼动脑电视觉分析,5,27,0.6415635347366333,0.5540366172790527,0.41099971532821655,0.5355332891146342,0.0,0.0,1.0,0.2559656384611506,0.5322104001372527,0.6347129863465328,0.0,0.0,0.009009009009009009,0.0,0.0,-0.009009009009009009,0.49549561735676945,0.5651043018516512,0.8195050946142649,0.0,0.9097525473071324,0.6086390775574028,,0.5602051019668579,1496.0
C36→C6,自适应神经刺激调控→电极阵列植入制造,5,42,0.5821202993392944,0.6819560527801514,0.41099798679351807,0.5583581129709879,0.008849557522123894,0.0,1.0,0.2559656384611506,0.571474259607952,0.6527200830008963,0.0,0.0,0.0,0.0,0.0,0.0,0.5,0.5763600415004482,0.9067315490673155,0.0,0.9533657745336577,0.6332586615075039,,0.5930630564689636,573.0
C36→C7,自适应神经刺激调控→视觉刺激脑电分析,5,48,0.6694567203521729,0.599747896194458,0.3488621711730957,0.5393555959065754,0.0,0.0,0.9841269841269842,0.2559656384611506,0.7934048652653686,0.7455235552539086,0.0,0.0,0.0,0.06896551724137931,0.0,0.06896551724137931,0.5344281929745097,0.6399758741142092,0.9191073919107392,0.0,0.9595536959553697,0.6314079189394532,,0.6108613014221191,670.0
C36→C8,自适应神经刺激调控→神经刺激监测装置,5,128,0.7144574522972107,0.71770179271698,0.31303131580352783,0.5817301869392395,0.006309148264984227,0.0,0.9868421052631579,0.2559656384611506,0.7415056039068469,0.7253346985845305,0.0,0.0,0.009009009009009009,0.13793103448275862,0.0,0.12892202547374962,0.5641062381131012,0.6447204683488159,0.9955230399650579,0.0,0.9977615199825289,0.6677612422334375,,0.6940773725509644,11.0
C36→C9,自适应神经刺激调控→经颅聚焦刺激装置,5,47,0.6613959074020386,0.6782441735267639,0.3608309030532837,0.5668236613273621,0.00819672131147541,0.0,0.9814814814814815,0.2559656384611506,0.5980469930299713,0.6646671367921482,0.0,0.0,0.0,0.0,0.0,0.0,0.5,0.5823335683960741,0.9824984912492456,0.0,0.9912492456246228,0.6462679605884778,,0.6573408842086792,167.0
C37→C0,神经调节刺激控制→脑电情绪识别分析,13,58,0.6589860320091248,0.6607248187065125,0.37101125717163086,0.5635740359624227,0.00796812749003984,0.0,1.0,0.3770081899450369,0.5536726087522731,0.5874245799347556,0.0,0.0,0.02702702702702703,0.0,0.0,-0.02702702702702703,0.48648977588659537,0.5369571779106754,0.7784615384615384,0.25,0.7642307692307693,0.5968904089267909,,0.6224409937858582,1644.0
C37→C1,神经调节刺激控制→脑电特征提取分类,13,20,0.630873441696167,0.6151247024536133,0.42260950803756714,0.5562025507291157,0.00909090909090909,0.0,1.0,0.3770081899450369,0.6932301006799398,0.6530433845926333,0.0,0.0,0.0,0.0,0.0,0.0,0.5,0.5765216922963167,0.45263157894736844,,,,无高价值专利,0.5974900722503662,
C37→C10,神经调节刺激控制→神经信息分析诊断,13,36,0.6735697984695435,0.7133898735046387,0.3358621597290039,0.574273943901062,0.0,0.0,1.0,0.3770081899450369,0.5811448339517777,0.6006737735267739,0.0,0.0,0.0,0.13793103448275862,0.0,0.13793103448275862,0.5685314644405662,0.58460261898367,0.9879379666858128,0.0,0.9939689833429064,0.6521765561775326,,0.6881527900695801,85.0
C37→C11,神经调节刺激控制→睡眠脑电调控增强,13,51,0.6805920004844666,0.6775631904602051,0.3632758855819702,0.5738103588422139,0.005154639175257732,0.0,1.0,0.3770081899450369,0.6835550559100223,0.6486462007423234,0.0,0.0,0.009009009009009009,0.0,0.0,-0.009009009009009009,0.49549561735676945,0.5720709090495464,0.949193066347878,0.0,0.974596533173939,0.6465584763860845,,0.6487905979156494,162.0
C37→C12,神经调节刺激控制→视觉脑电解码评估,13,30,0.64637690782547,0.6150710582733154,0.4088815450668335,0.5567765037218729,0.007575757575757576,0.0,1.0,0.3770081899450369,0.7829175892646888,0.6924969437854597,0.0,0.0,0.0,0.0,0.0,0.0,0.5,0.5962484718927299,0.6666666666666666,0.0,0.8333333333333333,0.6152904101791611,,0.5896747708320618,1284.0
C37→C13,神经调节刺激控制→多模态神经交互评估,13,43,0.6779003143310547,0.6758479475975037,0.3625323176383972,0.5720935265223185,0.0,0.0,0.9887640449438202,0.3770081899450369,0.6373326104204997,0.6272994745072983,0.0,0.0,0.009009009009009009,0.1724137931034483,0.0,0.1634047840944393,0.5809828937506275,0.6041411841289629,0.8674772036474164,0.0,0.9337386018237082,0.6439278032726861,,0.6576633453369141,211.0
C37→C14,神经调节刺激控制→脑电信号采集处理,13,66,0.6683220863342285,0.6811503767967224,0.35968244075775146,0.5697183012962341,0.0038910505836575876,0.00980392156862745,1.0,0.3770081899450369,0.679455675419048,0.6467753983076108,0.0,0.0,0.009009009009009009,0.0,0.0,-0.009009009009009009,0.49549561735676945,0.5711355078321901,0.7874493927125507,0.0,0.8937246963562753,0.6299449176613073,,0.6370203495025635,730.0
C37→C15,神经调节刺激控制→心理生理反馈调节,13,18,0.6282786130905151,0.6486705541610718,0.3928424119949341,0.5565971930821736,0.0,0.0,1.0,0.3770081899450369,0.5865596100887834,0.6032685475064983,0.0,0.0,0.0,0.0,0.0,0.0,0.5,0.5516342737532491,0.8366666666666667,0.0,0.9183333333333333,0.6220649253319795,,0.6425043344497681,1058.0
C37→C16,神经调节刺激控制→事件相关电位检测,13,37,0.6522372961044312,0.570633053779602,0.40666627883911133,0.5431788762410481,0.0,0.0,1.0,0.3770081899450369,0.4632333326977074,0.5430060440749672,0.0,0.0,0.0,0.0,0.0,0.0,0.5,0.5215030220374837,0.9571865443425076,0.0,0.9785932721712538,0.6180183644535622,,0.5954556465148926,1206.0
C37→C17,神经调节刺激控制→神经反馈刺激分析,13,58,0.7103486061096191,0.6572651267051697,0.3116360306739807,0.5597499211629231,0.005376344086021506,0.0,1.0,0.3770081899450369,0.6150229443551454,0.6168098637917995,0.0,0.0,0.0,0.27586206896551724,0.0,0.27586206896551724,0.6345355116007656,0.6256726876962826,0.9730941704035875,0.05263157894736842,0.9602312957281095,0.643420927480628,,0.6841586828231812,224.0
C37→C18,神经调节刺激控制→神经刺激同步递送,13,31,0.6836552023887634,0.7737245559692383,0.31577229499816895,0.5910506844520569,0.0,0.0,0.9830508474576272,0.3770081899450369,0.5368834240869825,0.5792634381539353,0.0,0.0,0.0,0.0,0.0,0.0,0.5,0.5396317190769677,0.9751098096632503,0.0,0.9875549048316252,0.654816600918267,,0.6967344284057617,67.0
C37→C19,神经调节刺激控制→脑机接口交互控制,13,53,0.6653908491134644,0.6527291536331177,0.3773517608642578,0.5651572545369465,0.004975124378109453,0.0,1.0,0.3770081899450369,0.7533341408009894,0.679756260507361,0.0,0.0,0.0,0.0,0.0,0.0,0.5,0.5898781302536805,0.7592997811816192,0.0,0.8796498905908097,0.6277124382863611,,0.6572659015655518,816.0
C37→C2,神经调节刺激控制→柔性电极采集装置,13,70,0.6371740698814392,0.6903198957443237,0.3993014097213745,0.5755984584490458,0.0,0.0,1.0,0.3770081899450369,0.6073936135656598,0.6131970265930463,0.0,0.0,0.0,0.0,0.0,0.0,0.5,0.5565985132965232,0.8650602409638555,0.0,0.9325301204819277,0.6380176025796804,,0.6530278325080872,376.0
C37→C20,神经调节刺激控制→脑控轮椅交互系统,13,10,0.5987809896469116,0.5516489148139954,0.4560779333114624,0.5355026125907898,0.0,0.0,1.0,0.3770081899450369,0.50031249376726,0.5613415883856431,0.0,0.0,0.0,0.0,0.0,0.0,0.5,0.5306707941928215,0.5454545454545454,,,,无高价值专利,0.5376092195510864,
C37→C21,神经调节刺激控制→多模态脑电融合分析,13,46,0.6260493993759155,0.6464234590530396,0.39325642585754395,0.5552430947621663,0.0,0.0,1.0,0.3770081899450369,0.3291122455290337,0.4760703233916233,0.0,0.0,0.018018018018018018,0.0,0.0,-0.018018018018018018,0.49099196578624643,0.48353114458893487,0.9682345754428833,0.0,0.9841172877214417,0.620764275199018,,0.5879025459289551,1099.0
C37→C22,神经调节刺激控制→脑机虚拟交互控制,13,18,0.6452876925468445,0.6344590187072754,0.4236171841621399,0.5677879651387532,0.0,0.0,1.0,0.3770081899450369,0.5586537376365586,0.5898368813354015,0.0,0.0,0.0,0.0,0.0,0.0,0.5,0.5449184406677008,0.7864583333333334,0.0,0.8932291666666667,0.6240524560220013,,0.5468824505805969,966.0
C37→C23,神经调节刺激控制→生物信号虚拟交互,13,26,0.618395209312439,0.6354337930679321,0.4120762348175049,0.5553017457326253,0.0,0.0,1.0,0.3770081899450369,0.5849439801948719,0.6024949345116154,0.0,0.0,0.009009009009009009,0.0,0.0,-0.009009009009009009,0.49549561735676945,0.5489952759341924,0.9470198675496688,0.0,0.9735099337748344,0.6299831591602725,,0.5813785791397095,727.0
C37→C24,神经调节刺激控制→闭环神经调控系统,13,24,0.7084238529205322,0.7245349884033203,0.3102583885192871,0.5810724099477131,0.0,0.0,0.98,0.3770081899450369,0.5622256589370602,0.5915640706014629,0.0,0.0,0.0,0.0,0.0,0.0,0.5,0.5457820353007314,0.9495841995841996,0.125,0.9122920997920998,0.6362649460915607,,0.7048621773719788,442.0
C37→C25,神经调节刺激控制→脑电信号模式识别,13,30,0.6574382185935974,0.6743618845939636,0.40016305446624756,0.5773210525512695,0.006756756756756757,0.0,1.0,0.3770081899450369,0.7095321562876163,0.6603934232144867,0.0,0.0,0.0,0.0,0.0,0.0,0.5,0.5801967116072433,0.872852233676976,,,,无高价值专利,0.6341320276260376,
C37→C26,神经调节刺激控制→神经刺激电极装置,13,43,0.6839629411697388,0.7414631843566895,0.353922963142395,0.5931163628896077,0.0,0.0,0.9850746268656716,0.3770081899450369,0.578603280366496,0.5994538934565962,0.0,0.0,0.0,0.0,0.0,0.0,0.5,0.5497269467282981,0.9559055118110236,0.0,0.9779527559055118,0.6562735006177499,,0.687344491481781,55.0
C37→C27,神经调节刺激控制→认知意识神经评估,13,31,0.6551350355148315,0.6092652678489685,0.3664602041244507,0.5436201691627502,0.0,0.0,1.0,0.3770081899450369,0.8069023936113827,0.702616444676846,0.0,0.0,0.0,0.034482758620689655,0.0,0.034482758620689655,0.517234548877195,0.6099254967770205,0.916256157635468,0.0,0.958128078817734,0.629375303610362,,0.6058483123779297,751.0
C37→C28,神经调节刺激控制→脑波交互反馈系统,13,44,0.6604433059692383,0.6489099264144897,0.3591199517250061,0.5561577280362447,0.0,0.0,1.0,0.3770081899450369,0.7644472515623096,0.6845751838215612,0.0,0.0,0.0,0.0,0.0,0.0,0.5,0.5922875919107806,0.7387755102040816,0.0,0.8693877551020408,0.62036481247462,,0.6195104718208313,1116.0
C37→C29,神经调节刺激控制→深部脑刺激调控,13,83,0.7228811979293823,0.7552028894424438,0.31171995401382446,0.5966013471285502,0.0,0.009174311926605505,1.0,0.3770081899450369,0.6351596374162822,0.6262828539074643,0.0,0.0,0.0,0.0,0.0,0.0,0.5,0.5631414269537321,0.957544993077988,0.06666666666666667,0.9454391632056607,0.6552785407617687,,0.721255898475647,62.0
C37→C3,神经调节刺激控制→脑电状态检测评估,13,50,0.6696879863739014,0.6497519016265869,0.3907671570777893,0.5700690150260925,0.004901960784313725,0.0,1.0,0.3770081899450369,0.5131838629552182,0.5676700656674307,0.0,0.0,0.0,0.0,0.0,0.0,0.5,0.5338350328337154,0.9434650455927052,0.0,0.9717325227963526,0.637124876651849,,0.6348453760147095,401.0
C37→C30,神经调节刺激控制→脑电神经反馈康复训练,13,27,0.6619294881820679,0.6622628569602966,0.37161552906036377,0.5652692914009094,0.0072992700729927005,0.0,1.0,0.3770081899450369,0.5959707455919181,0.6077645153990833,0.0,0.0,0.009009009009009009,0.0,0.0,-0.009009009009009009,0.49549561735676945,0.5516300663779263,0.7529002320185615,0.3333333333333333,0.7097834493426142,0.5905874710298655,,0.636425256729126,1683.0
C37→C31,神经调节刺激控制→植入式神经接口系统,13,22,0.6162008047103882,0.7164045572280884,0.4415394067764282,0.5913815895716349,0.0,0.0,1.0,0.3770081899450369,0.5840290770930134,0.6020566233808988,0.0,0.0,0.0,0.0,0.0,0.0,0.5,0.5510283116904494,1.0,0.0,1.0,0.6591079833741316,,0.6102677583694458,36.0
C37→C32,神经调节刺激控制→脑电信号评估分析,13,48,0.6641667485237122,0.6496437788009644,0.36280691623687744,0.5588724811871847,0.005235602094240838,0.0,0.9897959183673469,0.3770081899450369,0.5236597877749698,0.5728046169129359,0.0,0.0,0.018018018018018018,0.06896551724137931,0.0,0.050947499223361295,0.5254517321781959,0.5491281745455658,0.9023331524688009,0.0,0.9511665762344004,0.6287040716476229,,0.6367375254631042,772.0
C37→C33,神经调节刺激控制→神经信号采集解码,13,67,0.697807788848877,0.6939979791641235,0.35399097204208374,0.5819322466850281,0.008771929824561403,0.0,1.0,0.3770081899450369,0.6501304005657931,0.6332638299031725,0.0,0.0,0.018018018018018018,0.0,0.0,-0.018018018018018018,0.49099196578624643,0.5621278978447095,0.9439330543933054,0.0,0.9719665271966527,0.6499086129202867,,0.6742925643920898,111.0
C37→C34,神经调节刺激控制→脑电图像生成与映射,13,39,0.6465826630592346,0.6578820943832397,0.40102213621139526,0.5684956312179565,0.0,0.0,1.0,0.3770081899450369,0.5842642844359555,0.6021693220100104,0.0,0.0,0.009009009009009009,0.0,0.0,-0.009009009009009009,0.49549561735676945,0.54883246968339,0.7593283582089553,0.0,0.8796641791044777,0.6228392470669853,,0.607294499874115,1019.0
C37→C35,神经调节刺激控制→神经刺激参数优化,13,56,0.7292602062225342,0.752465009689331,0.3084920644760132,0.5967390934626261,0.0,0.030303030303030304,1.0,0.3770081899450369,0.5508990447467422,0.5860795461161774,0.0,0.0,0.009009009009009009,0.0,0.0,-0.009009009009009009,0.49549561735676945,0.5407875817364735,0.9911555470101904,0.0,0.9955777735050952,0.6601710840153823,,0.7259491682052612,33.0
C37→C36,神经调节刺激控制→自适应神经刺激调控,13,15,0.6953265070915222,0.7373095750808716,0.3233643174171448,0.5853334665298462,0.0,0.0,0.9791666666666666,0.3770081899450369,0.520118521467215,0.5710706379474825,0.0,0.0,0.0,0.0,0.0,0.0,0.5,0.5355353189737413,0.9539347408829175,0.0,0.9769673704414588,0.648497755598144,,0.6907402873039246,125.0
C37→C38,神经调节刺激控制→事件相关电位分析,13,7,0.6171021461486816,0.5878452062606812,0.4085214138031006,0.537822922070821,0.0,0.0,1.0,0.3770081899450369,0.5150485035655191,0.5685850767337955,0.0,0.0,0.0,0.0,0.0,0.0,0.5,0.5342925383668977,0.7263157894736842,,,,无高价值专利,0.5512393712997437,
C37→C39,神经调节刺激控制→脑活动监测与解码,13,35,0.6499048471450806,0.6464550495147705,0.3890349268913269,0.5617982745170593,0.0,0.0,1.0,0.3770081899450369,0.8267363689746892,0.7108377712283908,0.0,0.0,0.0,0.0,0.0,0.0,0.5,0.6054188856141953,0.8997214484679665,0.0,0.9498607242339833,0.6398226845072107,,0.6569305658340454,322.0
C37→C4,神经调节刺激控制→神经刺激调控系统,13,84,0.7115326523780823,0.7553542852401733,0.2978168725967407,,0.022774327122153208,0.0660377358490566,0.9724770642201834,,,,,,,,,,,,,,,,未过前提,0.7174035310745239,
C37→C40,神经调节刺激控制→脑电虚拟现实交互,13,5,0.6703781485557556,0.6016485691070557,0.41491609811782837,0.5623142719268799,0.0,0.0,1.0,0.3770081899450369,0.409545021537841,0.5162626773984572,0.0,0.0,0.0,0.034482758620689655,0.0,0.034482758620689655,0.517234548877195,0.516748613137826,0.6150442477876106,0.0,0.8075221238938053,0.6002970076377374,,0.5973590016365051,1618.0
C37→C41,神经调节刺激控制→脑电电极采集装置,13,40,0.6192344427108765,0.6334435939788818,0.4268730878829956,0.5598503748575846,0.0,0.0,1.0,0.3770081899450369,0.4445427445021895,0.5337160341903106,0.0,0.0,0.0,0.034482758620689655,0.0,0.034482758620689655,0.517234548877195,0.5254752915337528,0.9487505294366794,0.0,0.9743752647183397,0.6292893489309735,,0.6028122901916504,754.0
C37→C42,神经调节刺激控制→脑电听觉调控降噪,13,20,0.644575834274292,0.6380361318588257,0.39549732208251953,0.5593697627385457,0.0,0.0,1.0,0.3770081899450369,0.6573096058558042,0.6365920124560612,0.0,0.0,0.0,0.0,0.0,0.0,0.5,0.5682960062280307,0.9382022471910112,0.0,0.9691011235955056,0.6352165723410368,,0.6370660066604614,487.0
C37→C43,神经调节刺激控制→癫痫监测预测干预,13,21,0.6345369815826416,0.6641008853912354,0.3880586624145508,0.5622321764628092,0.0,0.0,1.0,0.3770081899450369,0.4366782007220494,0.5297996464657782,0.0,0.0,0.018018018018018018,0.0,0.0,-0.018018018018018018,0.49099196578624643,0.5103958061260123,0.9698535745047373,0.0,0.9849267872523686,0.6301317719755769,,0.6348608732223511,722.0
C37→C44,神经调节刺激控制→脑电频率识别分析,13,13,0.644629955291748,0.6577696800231934,0.3893609046936035,0.5639201800028483,0.0,0.0,1.0,0.3770081899450369,0.6381395033007632,0.6276766917219545,0.0,0.0,0.0,0.0,0.0,0.0,0.5,0.5638383458609773,0.7122302158273381,0.0,0.8561151079136691,0.6183412603011966,,0.6114319562911987,1192.0
C37→C5,神经调节刺激控制→眼动脑电视觉分析,13,27,0.6380528211593628,0.5633718967437744,0.4111747741699219,0.537533164024353,0.0,0.0,1.0,0.3770081899450369,0.5322104001372527,0.5769839724897192,0.0,0.0,0.009009009009009009,0.0,0.0,-0.009009009009009009,0.49549561735676945,0.5362397949232444,0.8195050946142649,0.0,0.9097525473071324,0.6051981019609113,,0.5784491300582886,1550.0
C37→C6,神经调节刺激控制→电极阵列植入制造,13,42,0.6070135831832886,0.6977536678314209,0.40300625562667847,0.5692578355471293,0.0,0.014925373134328358,1.0,0.3770081899450369,0.571474259607952,0.5960256071703014,0.0,0.0,0.0,0.0,0.0,0.0,0.5,0.5480128035851507,0.9067315490673155,0.0,0.9533657745336577,0.6358717018480703,,0.637965202331543,459.0
C37→C7,神经调节刺激控制→视觉刺激脑电分析,13,48,0.6834663152694702,0.6278383731842041,0.35227537155151367,0.554526686668396,0.0,0.0,1.0,0.3770081899450369,0.7934048652653686,0.6969452449633498,0.0,0.0,0.0,0.06896551724137931,0.0,0.06896551724137931,0.5344281929745097,0.6156867189689297,0.9191073919107392,0.0,0.9595536959553697,0.6380874616822454,,0.5996760725975037,373.0
C37→C8,神经调节刺激控制→神经刺激监测装置,13,128,0.7426453232765198,0.7776023149490356,0.290826678276062,,0.038834951456310676,0.08823529411764706,0.9651162790697675,,,,,,,,,,,,,,,,未过前提,0.745362401008606,
C37→C9,神经调节刺激控制→经颅聚焦刺激装置,13,47,0.6835741996765137,0.7537021040916443,0.33180248737335205,0.5896929303805033,0.006756756756756757,0.013513513513513514,0.9855072463768116,0.3770081899450369,0.5980469930299713,0.6087539712079602,0.0,0.0,0.0,0.0,0.0,0.0,0.5,0.5543769856039801,0.9824984912492456,0.0,0.9912492456246228,0.6570604795658802,,0.7131891250610352,45.0
C38→C0,事件相关电位分析→脑电情绪识别分析,5,58,0.6705496311187744,0.6311266422271729,0.3585430383682251,0.5534064372380574,0.00423728813559322,0.0,0.98989898989899,0.4399013998821907,0.5536726087522731,0.5566414282956701,0.0,0.0,0.02702702702702703,0.0,0.0,-0.02702702702702703,0.48648977588659537,0.5215656020911328,0.7784615384615384,0.25,0.7642307692307693,0.587602187626415,,0.6071439981460571,1703.0
C38→C1,事件相关电位分析→脑电特征提取分类,5,20,0.6163891553878784,0.545386791229248,0.4437521696090698,0.5351760387420654,0.0,0.0,1.0,0.4399013998821907,0.6932301006799398,0.624022565073218,0.0,0.0,0.0,0.0,0.0,0.0,0.5,0.562011282536609,0.45263157894736844,,,,无高价值专利,0.5822148323059082,
C38→C10,事件相关电位分析→神经信息分析诊断,5,36,0.631294846534729,0.5527318716049194,0.3822728395462036,0.5220998525619507,0.0,0.0,0.9787234042553191,0.4399013998821907,0.5811448339517777,0.5701558070524757,0.0,0.0,0.0,0.13793103448275862,0.0,0.13793103448275862,0.5685314644405662,0.5693436357465209,0.9879379666858128,0.0,0.9939689833429064,0.6135620325825036,,0.5439764261245728,1354.0
C38→C11,事件相关电位分析→睡眠脑电调控增强,5,51,0.6624756455421448,0.5624545812606812,0.388713538646698,0.5378812551498413,0.011299435028248588,0.0,0.9859154929577465,0.4399013998821907,0.6835550559100223,0.6194718990448117,0.0,0.0,0.009009009009009009,0.0,0.0,-0.009009009009009009,0.49549561735676945,0.5574837582007905,0.949193066347878,0.0,0.974596533173939,0.6196014962670465,,0.5683447122573853,1146.0
C38→C12,事件相关电位分析→视觉脑电解码评估,5,30,0.6467986702919006,0.5638077259063721,0.3722032308578491,0.5276032090187073,0.0,0.0,0.95,0.4399013998821907,0.7829175892646888,0.6650837292308429,0.0,0.0,0.0,0.0,0.0,0.0,0.5,0.5825418646154215,0.6666666666666666,0.0,0.8333333333333333,0.5934476965141495,,0.5605827569961548,1665.0
C38→C13,事件相关电位分析→多模态神经交互评估,5,43,0.6596865653991699,0.5739861726760864,0.410457968711853,0.5480435689290364,0.0,0.0,1.0,0.4399013998821907,0.6373326104204997,0.5974526781302465,0.0,0.0,0.009009009009009009,0.1724137931034483,0.0,0.1634047840944393,0.5809828937506275,0.589217785940437,0.8674772036474164,0.0,0.9337386018237082,0.6251036574800906,,0.5720696449279785,926.0
C38→C14,事件相关电位分析→脑电信号采集处理,5,66,0.6669970750808716,0.579340398311615,0.36121779680252075,0.5358517567316691,0.004149377593360996,0.0,0.9777777777777777,0.4399013998821907,0.679455675419048,0.6175373500025507,0.0,0.0,0.009009009009009009,0.0,0.0,-0.009009009009009009,0.49549561735676945,0.5565164836796601,0.7874493927125507,0.0,0.8937246963562753,0.6047709060101687,,0.5751962661743164,1557.0
C38→C15,事件相关电位分析→心理生理反馈调节,5,18,0.5948052406311035,0.5543615818023682,0.4384348392486572,0.529200553894043,0.0,0.0,1.0,0.4399013998821907,0.5865596100887834,0.5728078530001831,0.0,0.0,0.0,0.0,0.0,0.0,0.5,0.5364039265000915,0.8366666666666667,0.0,0.9183333333333333,0.6009993478726396,,0.5379868745803833,1610.0
C38→C16,事件相关电位分析→事件相关电位检测,5,37,0.6975517272949219,0.6046002507209778,0.30800408124923706,0.5367186864217122,0.014388489208633094,0.0,0.9565217391304348,0.4399013998821907,0.4632333326977074,0.5116638499658944,0.0,0.0,0.0,0.0,0.0,0.0,0.5,0.5058319249829473,0.9571865443425076,0.0,0.9785932721712538,0.6110255327430602,,0.6237083673477173,1436.0
C38→C17,事件相关电位分析→神经反馈刺激分析,5,58,0.6393189430236816,0.5755242109298706,0.3979545831680298,0.537599245707194,0.0,0.0,1.0,0.4399013998821907,0.6150229443551454,0.5866765261120026,0.0,0.0,0.0,0.27586206896551724,0.0,0.27586206896551724,0.6345355116007656,0.6106060188563841,0.9730941704035875,0.05263157894736842,0.9602312957281095,0.6256272775381778,,0.5753598213195801,902.0
C38→C18,事件相关电位分析→神经刺激同步递送,5,31,0.5982569456100464,0.5517240762710571,0.4210367202758789,0.5236725807189941,0.0,0.0,1.0,0.4399013998821907,0.5368834240869825,0.5483395542770958,0.0,0.0,0.0,0.0,0.0,0.0,0.5,0.5241697771385478,0.9751098096632503,0.0,0.9875549048316252,0.6064751132916085,,0.5235562920570374,1533.0
C38→C19,事件相关电位分析→脑机接口交互控制,5,53,0.6189264059066772,0.5547350645065308,0.35360515117645264,0.5090888738632202,0.005405405405405406,0.0,0.9850746268656716,0.4399013998821907,0.7533341408009894,0.6517783804147059,0.0,0.0,0.0,0.0,0.0,0.0,0.5,0.575889190207353,0.7592997811816192,0.0,0.8796498905908097,0.5873185438426198,,0.5762750506401062,1707.0
C38→C2,事件相关电位分析→柔性电极采集装置,5,70,0.5724460482597351,0.5469527840614319,0.42868053913116455,0.5160264571507771,0.0,0.0,1.0,0.4399013998821907,0.6073936135656598,0.5829716682544683,0.0,0.0,0.0,0.0,0.0,0.0,0.5,0.5414858341272342,0.8650602409638555,0.0,0.9325301204819277,0.5951028865035932,,0.5699523687362671,1657.0
C38→C20,事件相关电位分析→脑控轮椅交互系统,5,10,0.6035175919532776,0.4662999212741852,0.46090900897979736,,0.0,0.0,1.0,,,,,,,,,,,,,,,,未过前提,0.4938644766807556,
C38→C21,事件相关电位分析→多模态脑电融合分析,5,46,0.6225213408470154,0.5492354035377502,0.39510631561279297,0.5222876866658528,0.005813953488372093,0.0,0.9852941176470589,0.4399013998821907,0.3291122455290337,0.4448309576321863,0.0,0.0,0.018018018018018018,0.0,0.0,-0.018018018018018018,0.49099196578624643,0.4679114617092164,0.9682345754428833,0.0,0.9841172877214417,0.5958321868767217,,0.5498598217964172,1651.0
C38→C22,事件相关电位分析→脑机虚拟交互控制,5,18,0.6330341100692749,0.5394715070724487,0.3771251440048218,0.5165435870488484,0.0,0.0,1.0,0.4399013998821907,0.5586537376365586,0.5590986244499919,0.0,0.0,0.0,0.0,0.0,0.0,0.5,0.5295493122249959,0.7864583333333334,0.0,0.8932291666666667,0.5870932688707283,,0.5398834347724915,1708.0
C38→C23,事件相关电位分析→生物信号虚拟交互,5,26,0.5969204902648926,0.5636296272277832,0.46531063318252563,0.5419535835584004,0.0,0.0,1.0,0.4399013998821907,0.5849439801948719,0.5720169815347581,0.0,0.0,0.009009009009009009,0.0,0.0,-0.009009009009009009,0.49549561735676945,0.5337562994457637,0.9470198675496688,0.0,0.9735099337748344,0.6183597957915286,,0.5554913282394409,1191.0
C38→C24,事件相关电位分析→闭环神经调控系统,5,24,0.6139272451400757,0.5334467887878418,0.4146451950073242,0.5206730763117472,0.0,0.0,1.0,0.4399013998821907,0.5622256589370602,0.5608588835247018,0.0,0.0,0.0,0.0,0.0,0.0,0.5,0.530429441762351,0.9495841995841996,0.125,0.9122920997920998,0.5931985502702659,,0.5315123200416565,1667.0
C38→C25,事件相关电位分析→脑电信号模式识别,5,30,0.6520957946777344,0.5557291507720947,0.40426790714263916,0.5373642841974894,0.0,0.0,0.9818181818181818,0.4399013998821907,0.7095321562876163,0.631640610078174,0.0,0.0,0.0,0.0,0.0,0.0,0.5,0.565820305039087,0.872852233676976,,,,无高价值专利,0.5783601999282837,
C38→C26,事件相关电位分析→神经刺激电极装置,5,43,0.5857877731323242,0.5637858510017395,0.4009002447128296,0.5168246229489644,0.0,0.0,1.0,0.4399013998821907,0.578603280366496,0.5689096067625485,0.0,0.0,0.0,0.0,0.0,0.0,0.5,0.5344548033812743,0.9559055118110236,0.0,0.9779527559055118,0.6018128482537904,,0.5278987884521484,1598.0
C38→C27,事件相关电位分析→认知意识神经评估,5,31,0.6253416538238525,0.5646717548370361,0.38296782970428467,0.5243270794550577,0.0,0.0,0.975,0.4399013998821907,0.8069023936113827,0.6756828660750271,0.0,0.0,0.0,0.034482758620689655,0.0,0.034482758620689655,0.517234548877195,0.5964587074761111,0.916256157635468,0.0,0.958128078817734,0.6137554523871938,,0.5664936304092407,1351.0
C38→C28,事件相关电位分析→脑波交互反馈系统,5,44,0.6727911829948425,0.5267013311386108,0.40551137924194336,0.5350012977917988,0.017964071856287425,0.0,1.0,0.4399013998821907,0.7644472515623096,0.6568057509212456,0.0,0.0,0.0,0.0,0.0,0.0,0.5,0.5784028754606227,0.7387755102040816,0.0,0.8693877551020408,0.6037862348705673,,0.6035716533660889,1569.0
C38→C29,事件相关电位分析→深部脑刺激调控,5,83,0.6652001142501831,0.6138793230056763,0.3316382169723511,0.5369058847427368,0.003787878787878788,0.0,0.9811320754716981,0.4399013998821907,0.6351596374162822,0.5964070239698256,0.0,0.0,0.0,0.0,0.0,0.0,0.5,0.5482035119849128,0.957544993077988,0.06666666666666667,0.9454391632056607,0.6126685474626443,,0.5652179718017578,1381.0
C38→C3,事件相关电位分析→脑电状态检测评估,5,50,0.6761212348937988,0.5861095190048218,0.38239407539367676,0.5482082764307658,0.005319148936170213,0.0,0.9859154929577465,0.4399013998821907,0.5131838629552182,0.5365757804248215,0.0,0.0,0.0,0.0,0.0,0.0,0.5,0.5182878902124107,0.9434650455927052,0.0,0.9717325227963526,0.6197724137468853,,0.5778279304504395,1139.0
C38→C30,事件相关电位分析→脑电神经反馈康复训练,5,27,0.6370943784713745,0.5483421683311462,0.41393762826919556,0.5331247250239054,0.008264462809917356,0.0,1.0,0.4399013998821907,0.5959707455919181,0.577407205423291,0.0,0.0,0.009009009009009009,0.0,0.0,-0.009009009009009009,0.49549561735676945,0.5364514113900303,0.7529002320185615,0.3333333333333333,0.7097834493426142,0.5674469351230367,,0.5536754131317139,1769.0
C38→C31,事件相关电位分析→植入式神经接口系统,5,22,0.5554492473602295,0.5091553926467896,0.465884268283844,0.5101629694302876,0.0,0.0,1.0,0.4399013998821907,0.5840290770930134,0.5715689612604004,0.0,0.0,0.0,0.0,0.0,0.0,0.5,0.5357844806302001,1.0,0.0,1.0,0.6008215075717404,,0.5147217512130737,1612.0
C38→C32,事件相关电位分析→脑电信号评估分析,5,48,0.6896908283233643,0.6272221803665161,0.370743989944458,0.5625523328781128,0.011494252873563218,0.0,0.9878048780487805,0.4399013998821907,0.5236597877749698,0.5417815339475139,0.0,0.0,0.018018018018018018,0.06896551724137931,0.0,0.050947499223361295,0.5254517321781959,0.5336166330628549,0.9023331524688009,0.0,0.9511665762344004,0.6285661347286915,,0.5807639956474304,779.0
C38→C33,事件相关电位分析→神经信号采集解码,5,67,0.6352502703666687,0.5402911901473999,0.41555172204971313,0.5303643941879272,0.0,0.0,1.0,0.4399013998821907,0.6501304005657931,0.6035928403732619,0.0,0.0,0.018018018018018018,0.0,0.0,-0.018018018018018018,0.49099196578624643,0.5472924030797541,0.9439330543933054,0.0,0.9719665271966527,0.6123297173712932,,0.564788818359375,1398.0
C38→C34,事件相关电位分析→脑电图像生成与映射,5,39,0.6369999647140503,0.55091392993927,0.41537559032440186,0.5344298283259074,0.0,0.0,0.9818181818181818,0.4399013998821907,0.5842642844359555,0.5716841515329351,0.0,0.0,0.009009009009009009,0.0,0.0,-0.009009009009009009,0.49549561735676945,0.5335898844448522,0.7593283582089553,0.0,0.8796641791044777,0.5975998951765416,,0.5815738439559937,1639.0
C38→C35,事件相关电位分析→神经刺激参数优化,5,56,0.6507377624511719,0.5515893697738647,0.37600404024124146,0.5261103908220927,0.005263157894736842,0.0,1.0,0.4399013998821907,0.5508990447467422,0.5552720161200352,0.0,0.0,0.009009009009009009,0.0,0.0,-0.009009009009009009,0.49549561735676945,0.5253838167384023,0.9911555470101904,0.0,0.9955777735050952,0.6096511930140703,,0.5569344758987427,1478.0
C38→C36,事件相关电位分析→自适应神经刺激调控,5,15,0.6186732053756714,0.5366326570510864,0.38126444816589355,0.5121901035308838,0.0,0.0,1.0,0.4399013998821907,0.520118521467215,0.5400227516413939,0.0,0.0,0.0,0.0,0.0,0.0,0.5,0.520011375820697,0.9539347408829175,0.0,0.9769673704414588,0.5961190012926764,,0.5395559668540955,1648.0
C38→C37,事件相关电位分析→神经调节刺激控制,5,59,0.6171021461486816,0.5878452062606812,0.4085214138031006,0.537822922070821,0.0053475935828877,0.0,1.0,0.4399013998821907,0.4658115066911082,0.5129521551283764,0.0,0.0,0.018018018018018018,0.0,0.0,-0.018018018018018018,0.49099196578624643,0.5019720604573115,0.992143511850203,0.0,0.9960717559251016,0.6140184104321317,,0.5512393712997437,1339.0
C38→C39,事件相关电位分析→脑活动监测与解码,5,35,0.636612594127655,0.5369507074356079,0.4155573844909668,0.5297068953514099,0.009433962264150943,0.0,0.962962962962963,0.4399013998821907,0.8267363689746892,0.6843142398465895,0.0,0.0,0.0,0.0,0.0,0.0,0.5,0.5921571199232947,0.8997214484679665,0.0,0.9498607242339833,0.615524206962973,,0.5439327955245972,1275.0
C38→C4,事件相关电位分析→神经刺激调控系统,5,84,0.6497085690498352,0.5744010210037231,0.3523358106613159,0.5254818002382914,0.003745318352059925,0.0,0.9907407407407407,0.4399013998821907,0.5739366304571628,0.5666191448056064,0.0,0.0,0.0,0.034482758620689655,0.0,0.034482758620689655,0.517234548877195,0.5419268468414007,0.9646086282614311,0.0,0.9823043141307155,0.6097375530819829,,0.5541322231292725,1473.0
C38→C40,事件相关电位分析→脑电虚拟现实交互,5,5,0.6389341950416565,0.4960433840751648,0.4005984663963318,,0.008928571428571428,0.0,1.0,,,,,,,,,,,,,,,,未达阈值,0.5565035939216614,
C38→C41,事件相关电位分析→脑电电极采集装置,5,40,0.564674973487854,0.5268011689186096,0.45020854473114014,0.5138948957125345,0.0,0.0,1.0,0.4399013998821907,0.4445427445021895,0.502320655646107,0.0,0.0,0.0,0.034482758620689655,0.0,0.034482758620689655,0.517234548877195,0.5097776022616509,0.9487505294366794,0.0,0.9743752647183397,0.595256351775987,,0.5776180028915405,1655.0
C38→C42,事件相关电位分析→脑电听觉调控降噪,5,20,0.6656525135040283,0.5998404026031494,0.39681529998779297,0.5541027386983235,0.011235955056179775,0.0,1.0,0.4399013998821907,0.6573096058558042,0.6070231947300787,0.0,0.0,0.0,0.0,0.0,0.0,0.5,0.5535115973650393,0.9382022471910112,0.0,0.9691011235955056,0.6291844219006353,,0.5832118988037109,760.0
C38→C43,事件相关电位分析→癫痫监测预测干预,5,21,0.6304758787155151,0.5209230184555054,0.4262807369232178,0.5258932113647461,0.0,0.0,1.0,0.4399013998821907,0.4366782007220494,0.49838840600088236,0.0,0.0,0.018018018018018018,0.0,0.0,-0.018018018018018018,0.49099196578624643,0.4946901858935644,0.9698535745047373,0.0,0.9849267872523686,0.6028180702267457,,0.5208837985992432,1583.0
C38→C44,事件相关电位分析→脑电频率识别分析,5,13,0.6415747404098511,0.5791516304016113,0.4073364734649658,0.5426876147588093,0.0,0.0,1.0,0.4399013998821907,0.6381395033007632,0.5978407372941055,0.0,0.0,0.0,0.0,0.0,0.0,0.5,0.5489203686470527,0.7122302158273381,0.0,0.8561151079136691,0.6017178068461105,,0.5546245574951172,1602.0
C38→C5,事件相关电位分析→眼动脑电视觉分析,5,27,0.6576800346374512,0.5368733406066895,0.38185685873031616,0.5254700779914856,0.0,0.0,1.0,0.4399013998821907,0.5322104001372527,0.5460238519885898,0.0,0.0,0.009009009009009009,0.0,0.0,-0.009009009009009009,0.49549561735676945,0.5207597346726797,0.8195050946142649,0.0,0.9097525473071324,0.5944474010372001,,0.5769529938697815,1662.0
C38→C6,事件相关电位分析→电极阵列植入制造,5,42,0.5336723327636719,0.5390708446502686,0.42723655700683594,0.4999932448069254,0.0,0.0,1.0,0.4399013998821907,0.571474259607952,0.5654094214850341,0.0,0.0,0.0,0.0,0.0,0.0,0.5,0.5327047107425171,0.9067315490673155,0.0,0.9533657745336577,0.5858443519916607,,0.5256947875022888,1716.0
C38→C7,事件相关电位分析→视觉刺激脑电分析,5,48,0.6590749621391296,0.5651760101318359,0.3449110984802246,0.52305402358373,0.0,0.0,0.9672131147540983,0.4399013998821907,0.7934048652653686,0.669739463934888,0.0,0.0,0.0,0.06896551724137931,0.0,0.06896551724137931,0.5344281929745097,0.6020838284546989,0.9191073919107392,0.0,0.9595536959553697,0.6139712348617442,,0.5732935070991516,1343.0
C38→C8,事件相关电位分析→神经刺激监测装置,5,128,0.6428521275520325,0.606628954410553,0.36908549070358276,0.5395221908887227,0.0,0.0,0.993421052631579,0.4399013998821907,0.7415056039068469,0.646389995923617,0.0,0.0,0.009009009009009009,0.13793103448275862,0.0,0.12892202547374962,0.5641062381131012,0.6052481170183591,0.9955230399650579,0.0,0.9977615199825289,0.6320741689910198,,0.5637943744659424,644.0
C38→C9,事件相关电位分析→经颅聚焦刺激装置,5,47,0.6171277165412903,0.5747185349464417,0.3986145853996277,0.5301536122957865,0.0,0.0,0.9811320754716981,0.4399013998821907,0.5980469930299713,0.5784201208702395,0.0,0.0,0.0,0.0,0.0,0.0,0.5,0.5392100604351198,0.9824984912492456,0.0,0.9912492456246228,0.613984985932433,,0.5389775633811951,1341.0
C39→C0,脑活动监测与解码→脑电情绪识别分析,6,58,0.6934827566146851,0.6794145107269287,0.35002565383911133,0.5743076403935751,0.00881057268722467,0.027777777777777776,1.0,0.39195813690973824,0.5536726087522731,0.580159683946202,0.0,0.0,0.02702702702702703,0.0,0.0,-0.02702702702702703,0.48648977588659537,0.5333247299163987,0.7784615384615384,0.25,0.7642307692307693,0.6030108620778454,,0.6432670950889587,1578.0
C39→C1,脑活动监测与解码→脑电特征提取分类,6,20,0.6387026309967041,0.6534227132797241,0.35329508781433105,0.5484734773635864,0.011627906976744186,0.047619047619047616,0.9743589743589743,0.39195813690973824,0.6932301006799398,0.6462381008644879,0.0,0.0,0.0,0.0,0.0,0.0,0.5,0.5731190504322439,0.45263157894736844,,,,无高价值专利,0.6050224900245667,
C39→C10,脑活动监测与解码→神经信息分析诊断,6,36,0.6494466066360474,0.6458331346511841,0.37529808282852173,0.556859274705251,0.0,0.0,1.0,0.39195813690973824,0.5811448339517777,0.5934807255384896,0.0,0.0,0.0,0.13793103448275862,0.0,0.13793103448275862,0.5685314644405662,0.5810060949895279,0.9879379666858128,0.0,0.9939689833429064,0.6396534558922516,,0.6277848482131958,328.0
C39→C11,脑活动监测与解码→睡眠脑电调控增强,6,51,0.6743589639663696,0.6329524517059326,0.3768652677536011,0.5613922278086344,0.0,0.0,1.0,0.39195813690973824,0.6835550559100223,0.6418019768342653,0.0,0.0,0.009009009009009009,0.0,0.0,-0.009009009009009009,0.49549561735676945,0.5686487970955174,0.949193066347878,0.0,0.974596533173939,0.6375611242666345,,0.6016194820404053,388.0
C39→C12,脑活动监测与解码→视觉脑电解码评估,6,30,0.6651172041893005,0.6089119911193848,0.36735713481903076,0.5471287767092387,0.0,0.0,1.0,0.39195813690973824,0.7829175892646888,0.6860935344075313,0.0,0.0,0.0,0.0,0.0,0.0,0.5,0.5930467672037656,0.6666666666666666,0.0,0.8333333333333333,0.6083252520832363,,0.6142618060112,1499.0
C39→C13,脑活动监测与解码→多模态神经交互评估,6,43,0.6969872713088989,0.6874285936355591,0.3239884376525879,0.5694681008656819,0.011363636363636364,0.0,0.9733333333333334,0.39195813690973824,0.6373326104204997,0.6202828492444138,0.0,0.0,0.009009009009009009,0.1724137931034483,0.0,0.1634047840944393,0.5809828937506275,0.6006328714975206,0.8674772036474164,0.0,0.9337386018237082,0.6415667515531633,,0.670777440071106,266.0
C39→C14,脑活动监测与解码→脑电信号采集处理,6,66,0.6876652240753174,0.6802623271942139,0.36166656017303467,0.5765313704808552,0.0,0.010638297872340425,1.0,0.39195813690973824,0.679455675419048,0.6399149623664222,0.0,0.0,0.009009009009009009,0.0,0.0,-0.009009009009009009,0.49549561735676945,0.5677052898615959,0.7874493927125507,0.0,0.8937246963562753,0.6338594556939137,,0.6340286731719971,547.0
C39→C15,脑活动监测与解码→心理生理反馈调节,6,18,0.6325235366821289,0.5923017859458923,0.4069533348083496,0.5439262191454569,0.0,0.034482758620689655,1.0,0.39195813690973824,0.5865596100887834,0.5960908101431728,0.0,0.0,0.0,0.0,0.0,0.0,0.5,0.5480454050715864,0.8366666666666667,0.0,0.9183333333333333,0.6129294093841263,,0.643398106098175,1373.0
C39→C16,脑活动监测与解码→事件相关电位检测,6,37,0.6461447477340698,0.6092214584350586,0.42053818702697754,0.5586347977320353,0.0,0.0,1.0,0.39195813690973824,0.4632333326977074,0.5355773721171997,0.0,0.0,0.0,0.0,0.0,0.0,0.5,0.5177886860585998,0.9571865443425076,0.0,0.9785932721712538,0.6278874142297423,,0.6090826988220215,808.0
C39→C17,脑活动监测与解码→神经反馈刺激分析,6,58,0.7030381560325623,0.6682971715927124,0.34522557258605957,0.5721869667371114,0.0,0.011363636363636364,1.0,0.39195813690973824,0.6150229443551454,0.6097186221393123,0.0,0.0,0.0,0.27586206896551724,0.0,0.27586206896551724,0.6345355116007656,0.6221270668700389,0.9730941704035875,0.05263157894736842,0.9602312957281095,0.6513774461563548,,0.6516050100326538,89.0
C39→C18,脑活动监测与解码→神经刺激同步递送,6,31,0.6235555410385132,0.6515500545501709,0.43395400047302246,0.5696865320205688,0.0,0.0,1.0,0.39195813690973824,0.5368834240869825,0.5719595506659941,0.0,0.0,0.0,0.0,0.0,0.0,0.5,0.5359797753329971,0.9751098096632503,0.0,0.9875549048316252,0.6398976437186797,,0.619038462638855,320.0
C39→C19,脑活动监测与解码→脑机接口交互控制,6,53,0.6777677536010742,0.6298696398735046,0.362379252910614,0.556672215461731,0.0,0.012658227848101266,1.0,0.39195813690973824,0.7533341408009894,0.6732127398335118,0.0,0.0,0.0,0.0,0.0,0.0,0.5,0.5866063699167559,0.7592997811816192,0.0,0.8796498905908097,0.6214864734843706,,0.6378570795059204,1073.0
C39→C2,脑活动监测与解码→柔性电极采集装置,6,70,0.6064703464508057,0.6770591139793396,0.44206202030181885,0.575197160243988,0.0,0.013888888888888888,1.0,0.39195813690973824,0.6073936135656598,0.6060816248515161,0.0,0.0,0.0,0.0,0.0,0.0,0.5,0.553040812425758,0.8650602409638555,0.0,0.9325301204819277,0.6371407743529328,,0.5976476669311523,400.0
C39→C20,脑活动监测与解码→脑控轮椅交互系统,6,10,0.5965006351470947,0.5270012617111206,0.4824589490890503,0.5353202819824219,0.0,0.0,1.0,0.39195813690973824,0.50031249376726,0.5539661440497757,0.0,0.0,0.0,0.0,0.0,0.0,0.5,0.5269830720248878,0.5454545454545454,,,,无高价值专利,0.5160820484161377,
C39→C21,脑活动监测与解码→多模态脑电融合分析,6,46,0.6335135102272034,0.6206147074699402,0.3764404058456421,0.5435228745142618,0.0,0.0,1.0,0.39195813690973824,0.3291122455290337,0.468618358475744,0.0,0.0,0.018018018018018018,0.0,0.0,-0.018018018018018018,0.49099196578624643,0.4798051621309952,0.9682345754428833,0.0,0.9841172877214417,0.6122459570113763,,0.6098766326904297,1405.0
C39→C22,脑活动监测与解码→脑机虚拟交互控制,6,18,0.6617518663406372,0.6248315572738647,0.3692508935928345,0.5519447724024454,0.0,0.043478260869565216,1.0,0.39195813690973824,0.5586537376365586,0.5825842788896197,0.0,0.0,0.0,0.0,0.0,0.0,0.5,0.5412921394448098,0.7864583333333334,0.0,0.8932291666666667,0.6129261880789374,,0.6145535111427307,1374.0
C39→C23,脑活动监测与解码→生物信号虚拟交互,6,26,0.6377201080322266,0.6036593914031982,0.4242466688156128,0.5552087227503458,0.0,0.0,1.0,0.39195813690973824,0.5849439801948719,0.5953125898959645,0.0,0.0,0.009009009009009009,0.0,0.0,-0.009009009009009009,0.49549561735676945,0.5454041036263669,0.9470198675496688,0.0,0.9735099337748344,0.6293250926148749,,0.633817732334137,752.0
C39→C24,脑活动监测与解码→闭环神经调控系统,6,24,0.6570971012115479,0.651665210723877,0.3969654440879822,0.568575918674469,0.0,0.0,1.0,0.39195813690973824,0.5622256589370602,0.5843204856758306,0.0,0.0,0.0,0.0,0.0,0.0,0.5,0.5421602428379153,0.9495841995841996,0.125,0.9122920997920998,0.6273947453006854,,0.608595609664917,834.0
C39→C25,脑活动监测与解码→脑电信号模式识别,6,30,0.6511712074279785,0.6445685625076294,0.39574068784713745,0.563826819260915,0.0,0.022727272727272728,1.0,0.39195813690973824,0.7095321562876163,0.6536558461381059,0.0,0.0,0.0,0.0,0.0,0.0,0.5,0.576827923069053,0.872852233676976,,,,无高价值专利,0.6380188465118408,
C39→C26,脑活动监测与解码→神经刺激电极装置,6,43,0.5976282358169556,0.651800811290741,0.42897552251815796,0.5594681898752848,0.0,0.0,1.0,0.39195813690973824,0.578603280366496,0.592253787854927,0.0,0.0,0.0,0.0,0.0,0.0,0.5,0.5461268939274635,0.9559055118110236,0.0,0.9779527559055118,0.6330766660059064,,0.6091172099113464,581.0
C39→C27,脑活动监测与解码→认知意识神经评估,6,31,0.6911751627922058,0.642132580280304,0.3181471824645996,0.5504849751790364,0.0,0.0,1.0,0.39195813690973824,0.8069023936113827,0.6963313560531804,0.0,0.0,0.0,0.034482758620689655,0.0,0.034482758620689655,0.517234548877195,0.6067829524651878,0.916256157635468,0.0,0.958128078817734,0.633623307948595,,0.6568520665168762,556.0
C39→C28,脑活动监测与解码→脑波交互反馈系统,6,44,0.7018840312957764,0.6259990930557251,0.35894858837127686,0.5622772375742594,0.006211180124223602,0.0,1.0,0.39195813690973824,0.7644472515623096,0.6780834973263203,0.0,0.0,0.0,0.0,0.0,0.0,0.5,0.5890417486631602,0.7387755102040816,0.0,0.8693877551020408,0.6238964001979421,,0.6410723328590393,981.0
C39→C29,脑活动监测与解码→深部脑刺激调控,6,83,0.6973069310188293,0.6548600792884827,0.35821855068206787,0.5701285203297933,0.0,0.009900990099009901,1.0,0.39195813690973824,0.6351596374162822,0.6192587059803805,0.0,0.0,0.0,0.0,0.0,0.0,0.5,0.5596293529901902,0.957544993077988,0.06666666666666667,0.9454391632056607,0.6370802917452923,,0.6468375325202942,403.0
C39→C3,脑活动监测与解码→脑电状态检测评估,6,50,0.6753812432289124,0.6556142568588257,0.35116857290267944,0.5607213576634724,0.0,0.0,1.0,0.39195813690973824,0.5131838629552182,0.5603176823744289,0.0,0.0,0.0,0.0,0.0,0.0,0.5,0.5301588411872145,0.9434650455927052,0.0,0.9717325227963526,0.6302192563019554,,0.651042103767395,717.0
C39→C30,脑活动监测与解码→脑电神经反馈康复训练,6,27,0.6742961406707764,0.6226181387901306,0.37617427110671997,0.5576961835225422,0.0,0.019230769230769232,1.0,0.39195813690973824,0.5959707455919181,0.600614268626506,0.0,0.0,0.009009009009009009,0.0,0.0,-0.009009009009009009,0.49549561735676945,0.5480549429916377,0.7529002320185615,0.3333333333333333,0.7097834493426142,0.5851625769102691,,0.623367965221405,1717.0
C39→C31,脑活动监测与解码→植入式神经接口系统,6,22,0.5746328830718994,0.6411757469177246,0.4761122465133667,0.5639736255009968,0.0,0.03225806451612903,1.0,0.39195813690973824,0.5840290770930134,0.5948716844283483,0.0,0.0,0.0,0.0,0.0,0.0,0.5,0.5474358422141741,1.0,0.0,1.0,0.6400123275244488,,0.5914592742919922,318.0
C39→C32,脑活动监测与解码→脑电信号评估分析,6,48,0.7014851570129395,0.684654712677002,0.36075377464294434,0.5822978814442953,0.012048192771084338,0.011627906976744186,1.0,0.39195813690973824,0.5236597877749698,0.5654727139499789,0.0,0.0,0.018018018018018018,0.06896551724137931,0.0,0.050947499223361295,0.5254517321781959,0.5454622230640873,0.9023331524688009,0.0,0.9511665762344004,0.6437552249483183,,0.6579490900039673,217.0
C39→C33,脑活动监测与解码→神经信号采集解码,6,67,0.6890393495559692,0.6621338725090027,0.3396281599998474,0.5636004606882731,0.0,0.014285714285714285,1.0,0.39195813690973824,0.6501304005657931,0.6262925980222861,0.0,0.0,0.018018018018018018,0.0,0.0,-0.018018018018018018,0.49099196578624643,0.5586422819042662,0.9439330543933054,0.0,0.9719665271966527,0.636966348519022,,0.6617149114608765,408.0
C39→C34,脑活动监测与解码→脑电图像生成与映射,6,39,0.6823183298110962,0.6518294811248779,0.3420581817626953,0.5587353308995564,0.0,0.041666666666666664,1.0,0.39195813690973824,0.5842642844359555,0.5949850490067823,0.0,0.0,0.009009009009009009,0.0,0.0,-0.009009009009009009,0.49549561735676945,0.5452403331817759,0.7593283582089553,0.0,0.8796641791044777,0.6157805780947307,,0.6374890804290771,1268.0
C39→C35,脑活动监测与解码→神经刺激参数优化,6,56,0.6650083661079407,0.6578624248504639,0.4103463888168335,0.5777390599250793,0.0,0.01694915254237288,1.0,0.39195813690973824,0.5508990447467422,0.578807947838657,0.0,0.0,0.009009009009009009,0.0,0.0,-0.009009009009009009,0.49549561735676945,0.5371517825977132,0.9911555470101904,0.0,0.9955777735050952,0.6468644034433314,,0.6157729029655457,156.0
C39→C36,脑活动监测与解码→自适应神经刺激调控,6,15,0.6435222625732422,0.6324529647827148,0.40780162811279297,0.5612589518229166,0.0,0.0,1.0,0.39195813690973824,0.520118521467215,0.5637316412412087,0.0,0.0,0.0,0.0,0.0,0.0,0.5,0.5318658206206044,0.9539347408829175,0.0,0.9769673704414588,0.6317459433724433,,0.6034571528434753,656.0
C39→C37,脑活动监测与解码→神经调节刺激控制,6,59,0.6499048471450806,0.6464550495147705,0.3890349268913269,0.5617982745170593,0.00558659217877095,0.0,1.0,0.39195813690973824,0.4658115066911082,0.5368596943871683,0.0,0.0,0.018018018018018018,0.0,0.0,-0.018018018018018018,0.49099196578624643,0.5139258300867073,0.992143511850203,0.0,0.9960717559251016,0.6323051856136617,,0.6569305658340454,632.0
C39→C38,脑活动监测与解码→事件相关电位分析,6,7,0.636612594127655,0.5369507074356079,0.4155573844909668,0.5297068953514099,0.0,0.0,1.0,0.39195813690973824,0.5150485035655191,0.5612362270401242,0.0,0.0,0.0,0.0,0.0,0.0,0.5,0.530618113520062,0.7263157894736842,,,,无高价值专利,0.5439327955245972,
C39→C4,脑活动监测与解码→神经刺激调控系统,6,84,0.6817786693572998,0.6689504981040955,0.36556750535964966,0.5720988909403483,0.0,0.0,1.0,0.39195813690973824,0.5739366304571628,0.58999797043169,0.0,0.0,0.0,0.034482758620689655,0.0,0.034482758620689655,0.517234548877195,0.5536162596544425,0.9646086282614311,0.0,0.9823043141307155,0.6436031609291639,,0.6344082355499268,218.0
C39→C40,脑活动监测与解码→脑电虚拟现实交互,6,5,0.667526364326477,0.5253278017044067,0.3927651643753052,0.528539776802063,0.0,0.0,1.0,0.39195813690973824,0.409545021537841,0.5087925358266634,0.0,0.0,0.0,0.034482758620689655,0.0,0.034482758620689655,0.517234548877195,0.5130135423519292,0.6150442477876106,0.0,0.8075221238938053,0.5777429599663488,,0.5933771133422852,1750.0
C39→C41,脑活动监测与解码→脑电电极采集装置,6,40,0.5811761617660522,0.6411102414131165,0.47528213262557983,0.5658561786015828,0.0,0.022222222222222223,1.0,0.39195813690973824,0.4445427445021895,0.526268096595054,0.0,0.0,0.0,0.034482758620689655,0.0,0.034482758620689655,0.517234548877195,0.5217513227361246,0.9487505294366794,0.0,0.9743752647183397,0.6327016622442557,,0.58735591173172,609.0
C39→C42,脑活动监测与解码→脑电听觉调控降噪,6,20,0.6362414360046387,0.6470237970352173,0.3983997702598572,0.5605550010999043,0.0,0.029411764705882353,1.0,0.39195813690973824,0.6573096058558042,0.6296470461428855,0.0,0.0,0.0,0.0,0.0,0.0,0.5,0.5648235230714427,0.9382022471910112,0.0,0.9691011235955056,0.6354487810096132,,0.6401233673095703,477.0
C39→C43,脑活动监测与解码→癫痫监测预测干预,6,21,0.6561362743377686,0.5826541185379028,0.4151943325996399,0.5513282418251038,0.0,0.0,1.0,0.39195813690973824,0.4366782007220494,0.5223451379963296,0.0,0.0,0.018018018018018018,0.0,0.0,-0.018018018018018018,0.49099196578624643,0.506668551891288,0.9698535745047373,0.0,0.9849267872523686,0.6221492081053129,,0.5809204578399658,1054.0
C39→C44,脑活动监测与解码→脑电频率识别分析,6,13,0.6394893527030945,0.6235487461090088,0.3764033913612366,0.5464804967244465,0.0,0.058823529411764705,1.0,0.39195813690973824,0.6381395033007632,0.6206628736412498,0.0,0.0,0.0,0.0,0.0,0.0,0.5,0.5603314368206249,0.7122302158273381,0.0,0.8561151079136691,0.6061957367157719,,0.5949478149414062,1537.0
C39→C5,脑活动监测与解码→眼动脑电视觉分析,6,27,0.6782406568527222,0.5956993103027344,0.3913382291793823,0.5550927321116129,0.0,0.0,1.0,0.39195813690973824,0.5322104001372527,0.5696699109788086,0.0,0.0,0.009009009009009009,0.0,0.0,-0.009009009009009009,0.49549561735676945,0.532582764167789,0.8195050946142649,0.0,0.9097525473071324,0.6163591120629378,,0.5754709243774414,1250.0
C39→C6,脑活动监测与解码→电极阵列植入制造,6,42,0.5495887398719788,0.6697400808334351,0.45827925205230713,0.5592026909192402,0.0,0.01694915254237288,1.0,0.39195813690973824,0.571474259607952,0.5888061477887564,0.0,0.0,0.0,0.0,0.0,0.0,0.5,0.5444030738943781,0.9067315490673155,0.0,0.9533657745336577,0.6285031674563207,,0.5734830498695374,784.0
C39→C7,脑活动监测与解码→视觉刺激脑电分析,6,48,0.7001760005950928,0.6486151814460754,0.3590421676635742,0.5692777832349142,0.0,0.02127659574468085,1.0,0.39195813690973824,0.7934048652653686,0.6905930791102768,0.0,0.0,0.0,0.06896551724137931,0.0,0.06896551724137931,0.5344281929745097,0.6125106360423933,0.9191073919107392,0.0,0.9595536959553697,0.6476951851499918,,0.6175447702407837,136.0
C39→C8,脑活动监测与解码→神经刺激监测装置,6,128,0.6864280700683594,0.6985412836074829,0.3621326684951782,0.5823673407236735,0.0,0.006369426751592357,1.0,0.39195813690973824,0.7415056039068469,0.6679870768471544,0.0,0.0,0.009009009009009009,0.13793103448275862,0.0,0.12892202547374962,0.5641062381131012,0.6160466574801278,0.9955230399650579,0.0,0.9977615199825289,0.6635092373124677,,0.6724459528923035,22.0
C39→C9,脑活动监测与解码→经颅聚焦刺激装置,6,47,0.6186591982841492,0.6480100154876709,0.405417799949646,0.5573623379071553,0.0,0.0,1.0,0.39195813690973824,0.5980469930299713,0.6016099382587449,0.0,0.0,0.0,0.0,0.0,0.0,0.5,0.5508049691293724,0.9824984912492456,0.0,0.9912492456246228,0.6346151421885754,,0.6331387758255005,520.0
C4→C0,神经刺激调控系统→脑电情绪识别分析,19,58,0.6825945377349854,0.6960610747337341,0.34917640686035156,0.5759440064430237,0.0037313432835820895,0.011904761904761904,1.0,0.6816012377835632,0.5536726087522731,0.4363823572343124,0.0,0.0,0.02702702702702703,0.0,0.0,-0.02702702702702703,0.48648977588659537,0.4614360665604539,0.7784615384615384,0.25,0.7642307692307693,0.5904255375354927,,0.6335952281951904,1684.0
C4→C1,神经刺激调控系统→脑电特征提取分类,19,20,0.6386429071426392,0.637580394744873,0.4080759286880493,0.5614330768585205,0.0,0.03125,1.0,0.6816012377835632,0.6932301006799398,0.5058141693663001,0.0,0.0,0.0,0.0,0.0,0.0,0.5,0.50290708468315,0.45263157894736844,,,,无高价值专利,0.6168197393417358,
C4→C10,神经刺激调控系统→神经信息分析诊断,19,36,0.6672266721725464,0.6987942457199097,0.34259313344955444,0.5695380171140034,0.006756756756756757,0.021739130434782608,1.0,0.6816012377835632,0.5811448339517777,0.44994007795583424,0.0,0.0,0.0,0.13793103448275862,0.0,0.13793103448275862,0.5685314644405662,0.5092357711982003,0.9879379666858128,0.0,0.9939689833429064,0.636368815428784,,0.6727641820907593,438.0
C4→C11,神经刺激调控系统→睡眠脑电调控增强,19,51,0.6988450288772583,0.7044733166694641,0.34829503297805786,0.5838711261749268,0.004761904761904762,0.012987012987012988,1.0,0.6816012377835632,0.6835550559100223,0.5009769078201455,0.0,0.0,0.009009009009009009,0.0,0.0,-0.009009009009009009,0.49549561735676945,0.49823626258845743,0.949193066347878,0.0,0.974596533173939,0.640677658233225,,0.64356529712677,293.0
C4→C12,神经刺激调控系统→视觉脑电解码评估,19,30,0.6650259494781494,0.6426424980163574,0.3757546544075012,0.561141033967336,0.0,0.0,1.0,0.6816012377835632,0.7829175892646888,0.5504855490679701,0.0,0.0,0.0,0.0,0.0,0.0,0.5,0.525242774533985,0.6666666666666666,0.0,0.8333333333333333,0.6057100891776848,,0.5859241485595703,1542.0
C4→C13,神经刺激调控系统→多模态神经交互评估,19,43,0.7031131982803345,0.6974665522575378,0.33945977687835693,0.5800131758054097,0.004608294930875576,0.0,1.0,0.6816012377835632,0.6373326104204997,0.47788013394868595,0.0,0.0,0.009009009009009009,0.1724137931034483,0.0,0.1634047840944393,0.5809828937506275,0.5294315138496567,0.8674772036474164,0.0,0.9337386018237082,0.6364563828229325,,0.6633228063583374,428.0
C4→C14,神经刺激调控系统→脑电信号采集处理,19,66,0.6995295882225037,0.7022019624710083,0.34087157249450684,0.5808677077293396,0.0,0.009523809523809525,1.0,0.6816012377835632,0.679455675419048,0.4989272204638999,0.0,0.0,0.009009009009009009,0.0,0.0,-0.009009009009009009,0.49549561735676945,0.4972114189103347,0.7874493927125507,0.0,0.8937246963562753,0.6242480798818536,,0.6345250606536865,956.0
C4→C15,神经刺激调控系统→心理生理反馈调节,19,18,0.6483408212661743,0.6568295359611511,0.3968226909637451,0.5673310160636902,0.0,0.025,1.0,0.6816012377835632,0.5865596100887834,0.45262175481138567,0.0,0.0,0.0,0.0,0.0,0.0,0.5,0.47631087740569283,0.8366666666666667,0.0,0.9183333333333333,0.6161341622118293,,0.6095188856124878,1260.0
C4→C16,神经刺激调控系统→事件相关电位检测,19,37,0.6751925945281982,0.6415379047393799,0.35530972480773926,0.5573467413584391,0.0,0.0,1.0,0.6816012377835632,0.4632333326977074,0.39251903460821647,0.0,0.0,0.0,0.0,0.0,0.0,0.5,0.44625951730410823,0.9571865443425076,0.0,0.9785932721712538,0.614852977197395,,0.6099177598953247,1301.0
C4→C17,神经刺激调控系统→神经反馈刺激分析,19,58,0.7230918407440186,0.7167531251907349,0.3045598268508911,0.5814682642618815,0.0,0.010101010101010102,1.0,0.6816012377835632,0.6150229443551454,0.46675995282211635,0.0,0.0,0.0,0.27586206896551724,0.0,0.27586206896551724,0.6345355116007656,0.5506477322114409,0.9730941704035875,0.05263157894736842,0.9602312957281095,0.6456475224092563,,0.6694806814193726,176.0
C4→C18,神经刺激调控系统→神经刺激同步递送,19,31,0.7224785089492798,0.7600554823875427,0.3108476400375366,0.5977938771247864,0.0,0.01694915254237288,1.0,0.6816012377835632,0.5368834240869825,0.42814204043754595,0.0,0.0,0.0,0.0,0.0,0.0,0.5,0.464071020218773,0.9751098096632503,0.0,0.9875549048316252,0.6460420187506918,,0.6978529691696167,172.0
C4→C19,神经刺激调控系统→脑机接口交互控制,19,53,0.6970986723899841,0.6725717782974243,0.33937710523605347,0.5696825186411539,0.009259259259259259,0.011111111111111112,1.0,0.6816012377835632,0.7533341408009894,0.5358050596153843,0.0,0.0,0.0,0.0,0.0,0.0,0.5,0.5179025298076921,0.7592997811816192,0.0,0.8796498905908097,0.6181800425677895,,0.6324669122695923,1199.0
C4→C2,神经刺激调控系统→柔性电极采集装置,19,70,0.6491343379020691,0.7298610210418701,0.37826651334762573,0.5857539574305216,0.0,0.012048192771084338,1.0,0.6816012377835632,0.6073936135656598,0.46296414560884624,0.0,0.0,0.0,0.0,0.0,0.0,0.5,0.4814820728044231,0.8650602409638555,0.0,0.9325301204819277,0.631536422169531,,0.6392306089401245,663.0
C4→C20,神经刺激调控系统→脑控轮椅交互系统,19,10,0.6329343318939209,0.5900711417198181,0.417161226272583,0.5467222332954407,0.0,0.0,1.0,0.6816012377835632,0.50031249376726,0.4103357722773595,0.0,0.0,0.0,0.0,0.0,0.0,0.5,0.45516788613867976,0.5454545454545454,,,,无高价值专利,0.5289250612258911,
C4→C21,神经刺激调控系统→多模态脑电融合分析,19,46,0.6591916680335999,0.6729555726051331,0.369876503944397,0.5673412481943766,0.004901960784313725,0.015873015873015872,1.0,0.6816012377835632,0.3291122455290337,0.33070947012893126,0.0,0.0,0.018018018018018018,0.0,0.0,-0.018018018018018018,0.49099196578624643,0.4108507179575889,0.9682345754428833,0.0,0.9841172877214417,0.6161980454325222,,0.6265991926193237,1255.0
C4→C22,神经刺激调控系统→脑机虚拟交互控制,19,18,0.6690979599952698,0.6462639570236206,0.3733375072479248,0.5628998080889384,0.0,0.029411764705882353,1.0,0.6816012377835632,0.5586537376365586,0.43883413598169935,0.0,0.0,0.0,0.0,0.0,0.0,0.5,0.4694170679908497,0.7864583333333334,0.0,0.8932291666666667,0.6075750205970971,,0.5555952787399292,1517.0
C4→C23,神经刺激调控系统→生物信号虚拟交互,19,26,0.6415940523147583,0.657710075378418,0.3886259198188782,0.5626433491706848,0.02040816326530612,0.0,1.0,0.6816012377835632,0.5849439801948719,0.4518213163039089,0.0,0.0,0.009009009009009009,0.0,0.0,-0.009009009009009009,0.49549561735676945,0.4736584668303392,0.9470198675496688,0.0,0.9735099337748344,0.6222079328881692,,0.5844190120697021,1053.0
C4→C24,神经刺激调控系统→闭环神经调控系统,19,24,0.7129572629928589,0.7010981440544128,0.2953763008117676,,0.015267175572519083,0.018292682926829267,0.9685534591194969,,,,,,,,,,,,,,,,未过前提,0.682442307472229,
C4→C25,神经刺激调控系统→脑电信号模式识别,19,30,0.6770281791687012,0.6850329637527466,0.37684881687164307,0.5796366532643635,0.006097560975609756,0.01818181818181818,1.0,0.6816012377835632,0.7095321562876163,0.5139618287314657,0.0,0.0,0.0,0.0,0.0,0.0,0.5,0.5069809143657329,0.872852233676976,,,,无高价值专利,0.6282608509063721,
C4→C26,神经刺激调控系统→神经刺激电极装置,19,43,0.6809452176094055,0.734020471572876,0.37213319540023804,0.5956996281941731,0.012987012987012988,0.014492753623188406,1.0,0.6816012377835632,0.578603280366496,0.4486823621547552,0.0,0.0,0.0,0.0,0.0,0.0,0.5,0.4743411810773776,0.9559055118110236,0.0,0.9779527559055118,0.6448017520587398,,0.647375226020813,194.0
C4→C27,神经刺激调控系统→认知意识神经评估,19,31,0.6746140718460083,0.6641144156455994,0.35840415954589844,0.5657108823458353,0.0,0.0,1.0,0.6816012377835632,0.8069023936113827,0.562324744756521,0.0,0.0,0.0,0.034482758620689655,0.0,0.034482758620689655,0.517234548877195,0.5397796468168581,0.916256157635468,0.0,0.958128078817734,0.6329053195396916,,0.6165891885757446,593.0
C4→C28,神经刺激调控系统→脑波交互反馈系统,19,44,0.6960383653640747,0.6678969860076904,0.34000658988952637,0.5679806470870972,0.004975124378109453,0.0,1.0,0.6816012377835632,0.7644472515623096,0.5413284979331241,0.0,0.0,0.0,0.0,0.0,0.0,0.5,0.520664248966562,0.7387755102040816,0.0,0.8693877551020408,0.6157445037239522,,0.6280214786529541,1269.0
C4→C29,神经刺激调控系统→深部脑刺激调控,19,83,0.7441445589065552,0.7657762169837952,0.2987073063850403,,0.03225806451612903,0.06818181818181818,0.9787234042553191,,,,,,,,,,,,,,,,未过前提,0.719067394733429,
C4→C3,神经刺激调控系统→脑电状态检测评估,19,50,0.6909558773040771,0.6830645799636841,0.3564196825027466,0.5768133799235026,0.0,0.0,1.0,0.6816012377835632,0.5131838629552182,0.41657855852209347,0.0,0.0,0.0,0.0,0.0,0.0,0.5,0.45828927926104673,0.9434650455927052,0.0,0.9717325227963526,0.6285593061655558,,0.6387096643447876,780.0
C4→C30,神经刺激调控系统→脑电神经反馈康复训练,19,27,0.6855044364929199,0.6905851364135742,0.34600722789764404,0.5740322669347127,0.0,0.015873015873015872,1.0,0.6816012377835632,0.5959707455919181,0.4572890966303538,0.0,0.0,0.009009009009009009,0.0,0.0,-0.009009009009009009,0.49549561735676945,0.47639235699356164,0.7529002320185615,0.3333333333333333,0.7097834493426142,0.5815799282871885,,0.6540398001670837,1737.0
C4→C31,神经刺激调控系统→植入式神经接口系统,19,22,0.6311284899711609,0.7245156764984131,0.42894870042800903,0.594864288965861,0.009708737864077669,0.023809523809523808,1.0,0.6816012377835632,0.5840290770930134,0.4513681521490512,0.0,0.0,0.0,0.0,0.0,0.0,0.5,0.47568407607452556,1.0,0.0,1.0,0.6483896845760909,,0.5951660871505737,128.0
C4→C32,神经刺激调控系统→脑电信号评估分析,19,48,0.7032884359359741,0.6975666284561157,0.33415329456329346,0.5783361196517944,0.004830917874396135,0.010309278350515464,1.0,0.6816012377835632,0.5236597877749698,0.4216794430413981,0.0,0.0,0.018018018018018018,0.06896551724137931,0.0,0.050947499223361295,0.5254517321781959,0.47356558760979695,0.9023331524688009,0.0,0.9511665762344004,0.628621865775112,,0.660525918006897,778.0
C4→C33,神经刺激调控系统→神经信号采集解码,19,67,0.702407717704773,0.7137598991394043,0.3464691638946533,0.5875455935796101,0.004081632653061225,0.025,1.0,0.6816012377835632,0.6501304005657931,0.484269774191422,0.0,0.0,0.018018018018018018,0.0,0.0,-0.018018018018018018,0.49099196578624643,0.4876308699888342,0.9439330543933054,0.0,0.9719665271966527,0.6407759127877102,,0.6506327986717224,286.0
C4→C34,神经刺激调控系统→脑电图像生成与映射,19,39,0.6673538684844971,0.6685189008712769,0.37059879302978516,0.5688238541285197,0.0,0.016666666666666666,0.9859154929577465,0.6816012377835632,0.5842642844359555,0.4514846459260483,0.0,0.0,0.009009009009009009,0.0,0.0,-0.009009009009009009,0.49549561735676945,0.47349013164140885,0.7593283582089553,0.0,0.8796641791044777,0.6096963741260184,,0.6395530104637146,1475.0
C4→C35,神经刺激调控系统→神经刺激参数优化,19,56,0.7317783832550049,0.7692022323608398,0.32629555463790894,0.6090920567512512,0.0045045045045045045,0.028985507246376812,1.0,0.6816012377835632,0.5508990447467422,0.435018510385053,0.0,0.0,0.009009009009009009,0.0,0.0,-0.009009009009009009,0.49549561735676945,0.46525706387091126,0.9911555470101904,0.0,0.9955777735050952,0.6549953398889439,,0.7052175998687744,65.0
C4→C36,神经刺激调控系统→自适应神经刺激调控,19,15,0.70725417137146,0.730835497379303,0.2972055673599243,,0.008287292817679558,0.02040816326530612,0.9802631578947368,,,,,,,,,,,,,,,,未过前提,0.6626434326171875,
C4→C37,神经刺激调控系统→神经调节刺激控制,19,59,0.7115326523780823,0.7553542852401733,0.2978168725967407,,0.022774327122153208,0.0660377358490566,0.9724770642201834,,,,,,,,,,,,,,,,未过前提,0.7174035310745239,
C4→C38,神经刺激调控系统→事件相关电位分析,19,7,0.6497085690498352,0.5744010210037231,0.3523358106613159,0.5254818002382914,0.0,0.0,1.0,0.6816012377835632,0.5150485035655191,0.41748520725817573,0.0,0.0,0.0,0.0,0.0,0.0,0.5,0.45874260362908786,0.7263157894736842,,,,无高价值专利,0.5541322231292725,
C4→C39,神经刺激调控系统→脑活动监测与解码,19,35,0.6817786693572998,0.6689504981040955,0.36556750535964966,0.5720988909403483,0.007246376811594203,0.0,1.0,0.6816012377835632,0.8267363689746892,0.5720622963495854,0.0,0.0,0.0,0.0,0.0,0.0,0.5,0.5360311481747927,0.8997214484679665,0.0,0.9498607242339833,0.6351342721651715,,0.6344082355499268,492.0
C4→C40,神经刺激调控系统→脑电虚拟现实交互,19,5,0.691347599029541,0.6017171740531921,0.3550485372543335,0.5493711034456888,0.0,0.0,1.0,0.6816012377835632,0.409545021537841,0.367231445295126,0.0,0.0,0.0,0.034482758620689655,0.0,0.034482758620689655,0.517234548877195,0.4422329970861605,0.6150442477876106,0.0,0.8075221238938053,0.5784122191258414,,0.6046197414398193,1749.0
C4→C41,神经刺激调控系统→脑电电极采集装置,19,40,0.6362212896347046,0.6779093742370605,0.4229578971862793,0.5790295203526814,0.0,0.017857142857142856,1.0,0.6816012377835632,0.4445427445021895,0.3836422721479559,0.0,0.0,0.0,0.034482758620689655,0.0,0.034482758620689655,0.517234548877195,0.45043841051257544,0.9487505294366794,0.0,0.9743752647183397,0.6290883680327902,,0.618670642375946,763.0
C4→C42,神经刺激调控系统→脑电听觉调控降噪,19,20,0.6676528453826904,0.6823378801345825,0.3762909770011902,0.575427234172821,0.0,0.022222222222222223,1.0,0.6816012377835632,0.6573096058558042,0.48785657248708725,0.0,0.0,0.0,0.0,0.0,0.0,0.5,0.4939282862435436,0.9382022471910112,0.0,0.9691011235955056,0.6334078944152476,,0.6402345895767212,564.0
C4→C43,神经刺激调控系统→癫痫监测预测干预,19,21,0.6756802797317505,0.6845872402191162,0.3723059892654419,0.5775245030721028,0.0,0.0,1.0,0.6816012377835632,0.4366782007220494,0.37992982933025055,0.0,0.0,0.018018018018018018,0.0,0.0,-0.018018018018018018,0.49099196578624643,0.43546089755824846,0.9698535745047373,0.0,0.9849267872523686,0.6273255991486858,,0.6681755781173706,839.0
C4→C44,神经刺激调控系统→脑电频率识别分析,19,13,0.6746116876602173,0.6810938119888306,0.359142541885376,0.5716160138448079,0.0,0.03571428571428571,1.0,0.6816012377835632,0.6381395033007632,0.4782828050686957,0.0,0.0,0.0,0.0,0.0,0.0,0.5,0.48914140253434785,0.7122302158273381,0.0,0.8561151079136691,0.6100601750007453,,0.6255528926849365,1466.0
C4→C5,神经刺激调控系统→眼动脑电视觉分析,19,27,0.6631038188934326,0.6169068217277527,0.3798712491989136,0.5532939632733662,0.0,0.0,1.0,0.6816012377835632,0.5322104001372527,0.4258553397667046,0.0,0.0,0.009009009009009009,0.0,0.0,-0.009009009009009009,0.49549561735676945,0.460675478561737,0.8195050946142649,0.0,0.9097525473071324,0.602703971817281,,0.5954958200454712,1587.0
C4→C6,神经刺激调控系统→电极阵列植入制造,19,42,0.6196154952049255,0.7105504274368286,0.3852906823158264,0.5718188683191935,0.0064516129032258064,0.014285714285714285,1.0,0.6816012377835632,0.571474259607952,0.4451580387411622,0.0,0.0,0.0,0.0,0.0,0.0,0.5,0.4725790193705811,0.9067315490673155,0.0,0.9533657745336577,0.6245743943659816,,0.6241035461425781,946.0
C4→C7,神经刺激调控系统→视觉刺激脑电分析,19,48,0.6948516368865967,0.6688264608383179,0.3213430643081665,0.5616737206776936,0.005649717514124294,0.017241379310344827,1.0,0.6816012377835632,0.7934048652653686,0.5556700473322926,0.0,0.0,0.0,0.06896551724137931,0.0,0.06896551724137931,0.5344281929745097,0.5450491201534011,0.9191073919107392,0.0,0.9595536959553697,0.631316605544935,,0.6264317035675049,673.0
C4→C8,神经刺激调控系统→神经刺激监测装置,19,128,0.7496390342712402,0.7840049266815186,0.28957563638687134,,0.03966942148760331,0.10116731517509728,0.9748201438848921,,,,,,,,,,,,,,,,未过前提,0.7323521971702576,
C4→C9,神经刺激调控系统→经颅聚焦刺激装置,19,47,0.6915290355682373,0.7291184663772583,0.33392053842544556,0.5848560134569804,0.0,0.012987012987012988,0.9705882352941176,0.6816012377835632,0.5980469930299713,0.45831982660580445,0.0,0.0,0.0,0.0,0.0,0.0,0.5,0.4791599133029022,0.9824984912492456,0.0,0.9912492456246228,0.640903520538874,,0.6893215775489807,283.0
C40→C0,脑电虚拟现实交互→脑电情绪识别分析,16,58,0.6976250410079956,0.6314276456832886,0.34525835514068604,0.5581036806106567,0.00749063670411985,0.012658227848101266,1.0,0.6245975655047339,0.5536726087522731,0.4645968651059225,0.0,0.0,0.02702702702702703,0.0,0.0,-0.02702702702702703,0.48648977588659537,0.4755433204962589,0.7784615384615384,0.25,0.7642307692307693,0.5820415063233111,,0.6149859428405762,1734.0
C40→C1,脑电虚拟现实交互→脑电特征提取分类,16,20,0.6422950029373169,0.5869974493980408,0.41877782344818115,0.5493567585945129,0.0,0.0,1.0,0.6245975655047339,0.6932301006799398,0.5342624875158624,0.0,0.0,0.0,0.0,0.0,0.0,0.5,0.5171312437579312,0.45263157894736844,,,,无高价值专利,0.5948286056518555,
C40→C10,脑电虚拟现实交互→神经信息分析诊断,16,36,0.6347473859786987,0.5643318295478821,0.40635108947753906,0.5351434350013733,0.0,0.0,1.0,0.6245975655047339,0.5811448339517777,0.4782872980431527,0.0,0.0,0.0,0.13793103448275862,0.0,0.13793103448275862,0.5685314644405662,0.5234093812418594,0.9879379666858128,0.0,0.9939689833429064,0.6153294170431508,,0.604041337966919,1280.0
C40→C11,脑电虚拟现实交互→睡眠脑电调控增强,16,51,0.6988239288330078,0.5869448781013489,0.3958902359008789,0.5605530142784119,0.014423076923076924,0.0,1.0,0.6245975655047339,0.6835550559100223,0.5294446367274085,0.0,0.0,0.009009009009009009,0.0,0.0,-0.009009009009009009,0.49549561735676945,0.5124701270420889,0.949193066347878,0.0,0.974596533173939,0.6276104871136773,,0.6113353371620178,821.0
C40→C12,脑电虚拟现实交互→视觉脑电解码评估,16,30,0.6676295399665833,0.6080074310302734,0.3816748261451721,0.5524372657140095,0.0,0.04081632653061224,1.0,0.6245975655047339,0.7829175892646888,0.5785051884509782,0.0,0.0,0.0,0.0,0.0,0.0,0.5,0.5392525942254891,0.6666666666666666,0.0,0.8333333333333333,0.6025229569264107,,0.6182517409324646,1591.0
C40→C13,脑电虚拟现实交互→多模态神经交互评估,16,43,0.7085019946098328,0.6542595624923706,0.38668370246887207,0.5831484198570251,0.0,0.0,1.0,0.6245975655047339,0.6373326104204997,0.5063671782490429,0.0,0.0,0.009009009009009009,0.1724137931034483,0.0,0.1634047840944393,0.5809828937506275,0.5436750359998352,0.8674772036474164,0.0,0.9337386018237082,0.6409974548121158,,0.6387007236480713,279.0
C40→C14,脑电虚拟现实交互→脑电信号采集处理,16,66,0.6974407434463501,0.6184371709823608,0.3490658402442932,0.554981251557668,0.0,0.0,0.9904761904761905,0.6245975655047339,0.679455675419048,0.5274015729274977,0.0,0.0,0.009009009009009009,0.0,0.0,-0.009009009009009009,0.49549561735676945,0.5114485951421336,0.7874493927125507,0.0,0.8937246963562753,0.6098835836131461,,0.6266944408416748,1470.0
C40→C15,脑电虚拟现实交互→心理生理反馈调节,16,18,0.6536797285079956,0.6266903877258301,0.385730504989624,0.5553668737411499,0.0,0.02857142857142857,1.0,0.6245975655047339,0.5865596100887834,0.4809901897508784,0.0,0.0,0.0,0.0,0.0,0.0,0.5,0.4904950948754392,0.8366666666666667,0.0,0.9183333333333333,0.6107721520084187,,0.6046736240386963,1443.0
C40→C16,脑电虚拟现实交互→事件相关电位检测,16,37,0.6508010625839233,0.5101370215415955,0.4156147837638855,0.5255176226298014,0.0,0.0,1.0,0.6245975655047339,0.4632333326977074,0.4200109441710288,0.0,0.0,0.0,0.0,0.0,0.0,0.5,0.4600054720855144,0.9571865443425076,0.0,0.9785932721712538,0.5958215994232556,,0.5908298492431641,1652.0
C40→C17,脑电虚拟现实交互→神经反馈刺激分析,16,58,0.7105321884155273,0.5774758458137512,0.37788134813308716,0.5552964607874552,0.0,0.0,1.0,0.6245975655047339,0.6150229443551454,0.49521283570947305,0.0,0.0,0.0,0.27586206896551724,0.0,0.27586206896551724,0.6345355116007656,0.5648741736551193,0.9730941704035875,0.05263157894736842,0.9602312957281095,0.6304097137953478,,0.6316132545471191,708.0
C40→C18,脑电虚拟现实交互→神经刺激同步递送,16,31,0.6220660209655762,0.5846805572509766,0.4389389753341675,0.5485618511835734,0.0,0.0,1.0,0.6245975655047339,0.5368834240869825,0.45625505963551244,0.0,0.0,0.0,0.0,0.0,0.0,0.5,0.4781275298177562,0.9751098096632503,0.0,0.9875549048316252,0.6159412870789489,,0.5917172431945801,1267.0
C40→C19,脑电虚拟现实交互→脑机接口交互控制,16,53,0.6809691190719604,0.6549484729766846,0.3696557879447937,0.5685244599978129,0.004608294930875576,0.023809523809523808,0.9876543209876543,0.6245975655047339,0.7533341408009894,0.5640150351125842,0.0,0.0,0.0,0.0,0.0,0.0,0.5,0.5320075175562922,0.7592997811816192,0.0,0.8796498905908097,0.6199108233361726,,0.6126676797866821,1134.0
C40→C2,脑电虚拟现实交互→柔性电极采集装置,16,70,0.59354567527771,0.5510855913162231,0.43493276834487915,0.526521344979604,0.0,0.0,1.0,0.6245975655047339,0.6073936135656598,0.4913988725893737,0.0,0.0,0.0,0.0,0.0,0.0,0.5,0.4956994362946868,0.8650602409638555,0.0,0.9325301204819277,0.5947806038969088,,0.5701751708984375,1660.0
C40→C20,脑电虚拟现实交互→脑控轮椅交互系统,16,10,0.596198320388794,0.45277148485183716,0.462691068649292,,0.0,0.0,1.0,,,,,,,,,,,,,,,,未达阈值,0.5105921626091003,
C40→C21,脑电虚拟现实交互→多模态脑电融合分析,16,46,0.6172000169754028,0.5355582237243652,0.4250507354736328,0.5259363253911336,0.004901960784313725,0.0,1.0,0.6245975655047339,0.3291122455290337,0.356412175433651,0.0,0.0,0.018018018018018018,0.0,0.0,-0.018018018018018018,0.49099196578624643,0.4237020706099487,0.9682345754428833,0.0,0.9841172877214417,0.5909716880674595,,0.564924955368042,1678.0
C40→C22,脑电虚拟现实交互→脑机虚拟交互控制,16,18,0.6839985847473145,0.6341249942779541,0.3292274475097656,0.5491170088450114,0.017543859649122806,0.034482758620689655,0.9743589743589743,0.6245975655047339,0.5586537376365586,0.4670757968390166,0.0,0.0,0.0,0.0,0.0,0.0,0.5,0.48353789841950834,0.7864583333333334,0.0,0.8932291666666667,0.601078406973366,,0.606770396232605,1609.0
C40→C23,脑电虚拟现实交互→生物信号虚拟交互,16,26,0.6428872346878052,0.6426929235458374,0.4067062735557556,0.5640954772631327,0.0,0.0,1.0,0.6245975655047339,0.5849439801948719,0.48018359274113975,0.0,0.0,0.009009009009009009,0.0,0.0,-0.009009009009009009,0.49549561735676945,0.4878396050489546,0.9470198675496688,0.0,0.9735099337748344,0.6256064463236314,,0.6149880886077881,903.0
C40→C24,脑电虚拟现实交互→闭环神经调控系统,16,24,0.6606714725494385,0.5306235551834106,0.3902587294578552,0.5271845857302347,0.0,0.0,1.0,0.6245975655047339,0.5622256589370602,0.4688544243197407,0.0,0.0,0.0,0.0,0.0,0.0,0.5,0.4844272121598704,0.9495841995841996,0.125,0.9122920997920998,0.5899419495469228,,0.585752546787262,1690.0
C40→C25,脑电虚拟现实交互→脑电信号模式识别,16,30,0.6639001369476318,0.5302028059959412,0.38363027572631836,0.5259110728899637,0.006097560975609756,0.0,1.0,0.6245975655047339,0.7095321562876163,0.542365471143053,0.0,0.0,0.0,0.0,0.0,0.0,0.5,0.5211827355715265,0.872852233676976,,,,无高价值专利,0.5888581871986389,
C40→C26,脑电虚拟现实交互→神经刺激电极装置,16,43,0.5958390235900879,0.49285194277763367,0.4296616315841675,,0.0,0.0,1.0,,,,,,,,,,,,,,,,未达阈值,0.5675356388092041,
C40→C27,脑电虚拟现实交互→认知意识神经评估,16,31,0.6610959768295288,0.5535563826560974,0.3812355399131775,0.5319626331329346,0.007407407407407408,0.0,1.0,0.6245975655047339,0.8069023936113827,0.5901558420510657,0.0,0.0,0.0,0.034482758620689655,0.0,0.034482758620689655,0.517234548877195,0.5536951954641304,0.916256157635468,0.0,0.958128078817734,0.6122334989297248,,0.6057449579238892,1406.0
C40→C28,脑电虚拟现实交互→脑波交互反馈系统,16,44,0.7038660049438477,0.6098161935806274,0.3357422351837158,0.549808144569397,0.01,0.014925373134328358,1.0,0.6245975655047339,0.7644472515623096,0.5694725194676489,0.0,0.0,0.0,0.0,0.0,0.0,0.5,0.5347362597338244,0.7387755102040816,0.0,0.8693877551020408,0.6062850927360026,,0.6399867534637451,1535.0
C40→C29,脑电虚拟现实交互→深部脑刺激调控,16,83,0.6950777173042297,0.5974571704864502,0.3616337776184082,0.5513895551363627,0.0,0.009345794392523364,1.0,0.6245975655047339,0.6351596374162822,0.505280839585055,0.0,0.0,0.0,0.0,0.0,0.0,0.5,0.5026404197925275,0.957544993077988,0.06666666666666667,0.9454391632056607,0.6148654566410395,,0.6158657073974609,1298.0
C40→C3,脑电虚拟现实交互→脑电状态检测评估,16,50,0.7003399729728699,0.610734224319458,0.3520197868347168,0.5543646613756815,0.013761467889908258,0.0,0.9882352941176471,0.6245975655047339,0.5131838629552182,0.4445225066087242,0.0,0.0,0.0,0.0,0.0,0.0,0.5,0.4722612533043621,0.9434650455927052,0.0,0.9717325227963526,0.6161570939849657,,0.6254411339759827,1258.0
C40→C30,脑电虚拟现实交互→脑电神经反馈康复训练,16,27,0.6947795748710632,0.6570531129837036,0.347345232963562,0.5663926402727762,0.019867549668874173,0.05357142857142857,1.0,0.6245975655047339,0.5959707455919181,0.48569049868411684,0.0,0.0,0.009009009009009009,0.0,0.0,-0.009009009009009009,0.49549561735676945,0.4905930580204432,0.7529002320185615,0.3333333333333333,0.7097834493426142,0.5796763171686777,,0.6172065734863281,1743.0
C40→C31,脑电虚拟现实交互→植入式神经接口系统,16,22,0.5587042570114136,0.545452356338501,0.4661765694618225,0.523444394270579,0.0,0.0,1.0,0.6245975655047339,0.5840290770930134,0.47972687642485157,0.0,0.0,0.0,0.0,0.0,0.0,0.5,0.4898634382124258,1.0,0.0,1.0,0.6027939969515174,,0.5539842844009399,1585.0
C40→C32,脑电虚拟现实交互→脑电信号评估分析,16,48,0.6998012065887451,0.6171885132789612,0.34036386013031006,0.5524511933326721,0.014634146341463415,0.0,1.0,0.6245975655047339,0.5236597877749698,0.4497018151502717,0.0,0.0,0.018018018018018018,0.06896551724137931,0.0,0.050947499223361295,0.5254517321781959,0.4875767736642338,0.9023331524688009,0.0,0.9511665762344004,0.613984889499829,,0.6162319183349609,1342.0
C40→C33,脑电虚拟现实交互→神经信号采集解码,16,67,0.671943187713623,0.6053076982498169,0.37064653635025024,0.54929914077123,0.0,0.0,1.0,0.6245975655047339,0.6501304005657931,0.5127636440020297,0.0,0.0,0.018018018018018018,0.0,0.0,-0.018018018018018018,0.49099196578624643,0.501877804894138,0.9439330543933054,0.0,0.9719665271966527,0.6178086716053696,,0.6088539361953735,1211.0
C40→C34,脑电虚拟现实交互→脑电图像生成与映射,16,39,0.6844416260719299,0.6010352373123169,0.3778582215309143,0.5544450283050537,0.0,0.0,1.0,0.6245975655047339,0.5842642844359555,0.4798442878736648,0.0,0.0,0.009009009009009009,0.0,0.0,-0.009009009009009009,0.49549561735676945,0.4876699526152171,0.7593283582089553,0.0,0.8796641791044777,0.6029106560531163,,0.598401665687561,1581.0
C40→C35,脑电虚拟现实交互→神经刺激参数优化,16,56,0.6706761121749878,0.5256831645965576,0.39524149894714355,0.5305335919062296,0.0,0.0,1.0,0.6245975655047339,0.5508990447467422,0.4632173102356951,0.0,0.0,0.009009009009009009,0.0,0.0,-0.009009009009009009,0.49549561735676945,0.4793564637962323,0.9911555470101904,0.0,0.9955777735050952,0.6052360621476394,,0.5988576412200928,1549.0
C40→C36,脑电虚拟现实交互→自适应神经刺激调控,16,15,0.6599239110946655,0.5892748236656189,0.3849179148674011,0.5447055498758951,0.0,0.0,1.0,0.6245975655047339,0.520118521467215,0.44794973163176266,0.0,0.0,0.0,0.0,0.0,0.0,0.5,0.47397486581588133,0.9539347408829175,0.0,0.9769673704414588,0.6108648431279315,,0.5918993949890137,1439.0
C40→C37,脑电虚拟现实交互→神经调节刺激控制,16,59,0.6703781485557556,0.6016485691070557,0.41491609811782837,0.5623142719268799,0.009174311926605505,0.0,1.0,0.6245975655047339,0.4658115066911082,0.42126755507582275,0.0,0.0,0.018018018018018018,0.0,0.0,-0.018018018018018018,0.49099196578624643,0.4561297604310346,0.992143511850203,0.0,0.9960717559251016,0.6228539455695444,,0.5973590016365051,1017.0
C40→C38,脑电虚拟现实交互→事件相关电位分析,16,7,0.6389341950416565,0.4960433840751648,0.4005984663963318,,0.008928571428571428,0.0,1.0,,,,,,,,,,,,,,,,未达阈值,0.5565035939216614,
C40→C39,脑电虚拟现实交互→脑活动监测与解码,16,35,0.667526364326477,0.5253278017044067,0.3927651643753052,0.528539776802063,0.0,0.0,1.0,0.6245975655047339,0.8267363689746892,0.5997149659052823,0.0,0.0,0.0,0.0,0.0,0.0,0.5,0.5498574829526411,0.8997214484679665,0.0,0.9498607242339833,0.6079088606221775,,0.5933771133422852,1508.0
C40→C4,脑电虚拟现实交互→神经刺激调控系统,16,84,0.691347599029541,0.6017171740531921,0.3550485372543335,0.5493711034456888,0.006711409395973154,0.0,0.9834710743801653,0.6245975655047339,0.5739366304571628,0.4746911807232741,0.0,0.0,0.0,0.034482758620689655,0.0,0.034482758620689655,0.517234548877195,0.49596286480023455,0.9646086282614311,0.0,0.9823043141307155,0.6185982154995182,,0.6046197414398193,1184.0
C40→C41,脑电虚拟现实交互→脑电电极采集装置,16,40,0.5824681520462036,0.5276560187339783,0.45020079612731934,0.5201083223025004,0.006024096385542169,0.0,0.9848484848484849,0.6245975655047339,0.4445427445021895,0.41093302496282136,0.0,0.0,0.0,0.034482758620689655,0.0,0.034482758620689655,0.517234548877195,0.4640837869200082,0.9487505294366794,0.0,0.9743752647183397,0.5921112121521079,,0.5749689340591431,1673.0
C40→C42,脑电虚拟现实交互→脑电听觉调控降噪,16,20,0.6386566162109375,0.5797685384750366,0.3955807685852051,0.5380019744237263,0.0,0.0,1.0,0.6245975655047339,0.6573096058558042,0.5163501886014331,0.0,0.0,0.0,0.0,0.0,0.0,0.5,0.5081750943007166,0.9382022471910112,0.0,0.9691011235955056,0.610721214092905,,0.6228569746017456,1445.0
C40→C43,脑电虚拟现实交互→癫痫监测预测干预,16,21,0.6443661451339722,0.5486193895339966,0.429776668548584,0.5409207344055176,0.0,0.0,1.0,0.6245975655047339,0.4366782007220494,0.4071309356560381,0.0,0.0,0.018018018018018018,0.0,0.0,-0.018018018018018018,0.49099196578624643,0.44906145072114223,0.9698535745047373,0.0,0.9849267872523686,0.6054613358900575,,0.5531831383705139,1546.0
C40→C44,脑电虚拟现实交互→脑电频率识别分析,16,13,0.6519487500190735,0.5879952907562256,0.40438467264175415,0.5481095711390177,0.0,0.0,1.0,0.6245975655047339,0.6381395033007632,0.5067705550324074,0.0,0.0,0.0,0.0,0.0,0.0,0.5,0.5033852775162038,0.7122302158273381,0.0,0.8561151079136691,0.5973930520415571,,0.5626422762870789,1642.0
C40→C5,脑电虚拟现实交互→眼动脑电视觉分析,16,27,0.686070442199707,0.6081684231758118,0.3679988384246826,0.5540792346000671,0.0064516129032258064,0.045454545454545456,0.9811320754716981,0.6245975655047339,0.5322104001372527,0.453937396871984,0.0,0.0,0.009009009009009009,0.0,0.0,-0.009009009009009009,0.49549561735676945,0.47471650711437674,0.8195050946142649,0.0,0.9097525473071324,0.6056816655648776,,0.5910542607307434,1545.0
C40→C6,脑电虚拟现实交互→电极阵列植入制造,16,42,0.5341938138008118,0.5030361413955688,0.45373111963272095,0.4969870249430338,0.0,0.0,1.0,0.6245975655047339,0.571474259607952,0.4734633052979572,0.0,0.0,0.0,0.0,0.0,0.0,0.5,0.4867316526489786,0.9067315490673155,0.0,0.9533657745336577,0.5764369105351679,,0.5430184006690979,1752.0
C40→C7,脑电虚拟现实交互→视觉刺激脑电分析,16,48,0.684668242931366,0.5997575521469116,0.3718482255935669,0.5520913402239481,0.0,0.0,1.0,0.6245975655047339,0.7934048652653686,0.5836109645228295,0.0,0.0,0.0,0.06896551724137931,0.0,0.06896551724137931,0.5344281929745097,0.5590195787486696,0.9191073919107392,0.0,0.9595536959553697,0.6271462991384131,,0.5983545780181885,844.0
C40→C8,脑电虚拟现实交互→神经刺激监测装置,16,128,0.6897392272949219,0.5726375579833984,0.3794567584991455,0.5472778479258219,0.002777777777777778,0.0,1.0,0.6245975655047339,0.7415056039068469,0.5581891605246952,0.0,0.0,0.009009009009009009,0.13793103448275862,0.0,0.12892202547374962,0.5641062381131012,0.5611476993188982,0.9955230399650579,0.0,0.9977615199825289,0.6304360708971485,,0.6318188905715942,704.0
C40→C9,脑电虚拟现实交互→经颅聚焦刺激装置,16,47,0.6227958798408508,0.49344414472579956,0.4222571849822998,,0.0049504950495049506,0.0,1.0,,,,,,,,,,,,,,,,未达阈值,0.5664591789245605,
C41→C0,脑电电极采集装置→脑电情绪识别分析,20,58,0.5947918891906738,0.6929444074630737,0.4217005968093872,0.5698122978210449,0.0,0.011627906976744186,1.0,0.6602698625020619,0.5536726087522731,0.44690233673622826,0.0,0.0,0.02702702702702703,0.0,0.0,-0.02702702702702703,0.48648977588659537,0.4666960563114118,0.7784615384615384,0.25,0.7642307692307693,0.5876516868169042,,0.6401752233505249,1702.0
C41→C1,脑电电极采集装置→脑电特征提取分类,20,20,0.5805233120918274,0.6484330892562866,0.4629325866699219,0.563962996006012,0.0,0.029411764705882353,1.0,0.6602698625020619,0.6932301006799398,0.5164741538053812,0.0,0.0,0.0,0.0,0.0,0.0,0.5,0.5082370769026906,0.45263157894736844,,,,无高价值专利,0.6086805462837219,
C41→C10,脑电电极采集装置→神经信息分析诊断,20,36,0.591154932975769,0.6061971783638,0.45742249488830566,0.5515915354092915,0.0,0.0,1.0,0.6602698625020619,0.5811448339517777,0.46051984341802366,0.0,0.0,0.0,0.13793103448275862,0.0,0.13793103448275862,0.5685314644405662,0.514525653929295,0.9879379666858128,0.0,0.9939689833429064,0.6251382400615033,,0.5798680782318115,920.0
C41→C11,脑电电极采集装置→睡眠脑电调控增强,20,51,0.6149487495422363,0.6488343477249146,0.43725836277008057,0.5670138200124104,0.004901960784313725,0.0,1.0,0.6602698625020619,0.6835550559100223,0.511640492954029,0.0,0.0,0.009009009009009009,0.0,0.0,-0.009009009009009009,0.49549561735676945,0.5035680551553993,0.949193066347878,0.0,0.974596533173939,0.6304248239336429,,0.61155104637146,706.0
C41→C12,脑电电极采集装置→视觉脑电解码评估,20,30,0.5828609466552734,0.613183856010437,0.46349239349365234,0.5531790653864542,0.0,0.0,1.0,0.6602698625020619,0.7829175892646888,0.5610182149780746,0.0,0.0,0.0,0.0,0.0,0.0,0.5,0.5305091074890373,0.6666666666666666,0.0,0.8333333333333333,0.6014688273524024,,0.5627145767211914,1607.0
C41→C13,脑电电极采集装置→多模态神经交互评估,20,43,0.6015792489051819,0.6687226295471191,0.44773006439208984,0.5726773142814636,0.0,0.011627906976744186,1.0,0.6602698625020619,0.6373326104204997,0.4885333848177875,0.0,0.0,0.009009009009009009,0.1724137931034483,0.0,0.1634047840944393,0.5809828937506275,0.5347581392842076,0.8674772036474164,0.0,0.9337386018237082,0.632532994461653,,0.614698052406311,624.0
C41→C14,脑电电极采集装置→脑电信号采集处理,20,66,0.6550604701042175,0.7114917039871216,0.38679349422454834,0.5844485561052958,0.003745318352059925,0.009345794392523364,1.0,0.6602698625020619,0.679455675419048,0.5095917295968032,0.0,0.0,0.009009009009009009,0.0,0.0,-0.009009009009009009,0.49549561735676945,0.5025436734767863,0.7874493927125507,0.0,0.8937246963562753,0.6275138789650726,,0.6596822142601013,829.0
C41→C15,脑电电极采集装置→心理生理反馈调节,20,18,0.548668622970581,0.5876579284667969,0.47194743156433105,0.5360913276672363,0.0,0.023809523809523808,1.0,0.6602698625020619,0.5865596100887834,0.4632114761581547,0.0,0.0,0.0,0.0,0.0,0.0,0.5,0.48160573807907736,0.8366666666666667,0.0,0.9183333333333333,0.5964512108781956,,0.5470952987670898,1646.0
C41→C16,脑电电极采集装置→事件相关电位检测,20,37,0.5832393765449524,0.6511627435684204,0.45092231035232544,0.5617748101552327,0.0,0.0,1.0,0.6602698625020619,0.4632333326977074,0.4027371802466219,0.0,0.0,0.0,0.0,0.0,0.0,0.5,0.451368590123311,0.9571865443425076,0.0,0.9785932721712538,0.6186644208612603,,0.6096638441085815,1181.0
C41→C17,脑电电极采集装置→神经反馈刺激分析,20,58,0.6153832674026489,0.6142606735229492,0.42310070991516113,0.5509148836135864,0.0,0.009900990099009901,1.0,0.6602698625020619,0.6150229443551454,0.4773919671728301,0.0,0.0,0.0,0.27586206896551724,0.0,0.27586206896551724,0.6345355116007656,0.5559637393867979,0.9730941704035875,0.05263157894736842,0.9602312957281095,0.6259515700759412,,0.5903444290161133,884.0
C41→C18,脑电电极采集装置→神经刺激同步递送,20,31,0.6105159521102905,0.6546971797943115,0.43139171600341797,0.5655349493026733,0.0,0.0,1.0,0.6602698625020619,0.5368834240869825,0.4386179628361289,0.0,0.0,0.0,0.0,0.0,0.0,0.5,0.46930898141806443,0.9751098096632503,0.0,0.9875549048316252,0.6257938088206383,,0.5795773267745972,891.0
C41→C19,脑电电极采集装置→脑机接口交互控制,20,53,0.613601565361023,0.6476986408233643,0.4249030351638794,0.5620677471160889,0.004739336492890996,0.010869565217391304,1.0,0.6602698625020619,0.7533341408009894,0.5463982652572358,0.0,0.0,0.0,0.0,0.0,0.0,0.5,0.5231991326286178,0.7592997811816192,0.0,0.8796498905908097,0.6141374401399783,,0.6164568662643433,1332.0
C41→C2,脑电电极采集装置→柔性电极采集装置,20,70,0.7132890224456787,0.7839938402175903,0.29171276092529297,,0.038461538461538464,0.08552631578947369,0.9799196787148594,,,,,,,,,,,,,,,,未过前提,0.764590859413147,
C41→C20,脑电电极采集装置→脑控轮椅交互系统,20,10,0.5654358863830566,0.6242640018463135,0.4720855951309204,0.5539284944534302,0.0,0.0,1.0,0.6602698625020619,0.50031249376726,0.42069652712380234,0.0,0.0,0.0,0.0,0.0,0.0,0.5,0.46034826356190117,0.5454545454545454,,,,无高价值专利,0.5652322769165039,
C41→C21,脑电电极采集装置→多模态脑电融合分析,20,46,0.5783568620681763,0.6757863759994507,0.434813916683197,0.5629857182502747,0.0,0.0,1.0,0.6602698625020619,0.3291122455290337,0.34021971828791114,0.0,0.0,0.018018018018018018,0.0,0.0,-0.018018018018018018,0.49099196578624643,0.4156058420370788,0.9682345754428833,0.0,0.9841172877214417,0.614190767880395,,0.636216402053833,1331.0
C41→C22,脑电电极采集装置→脑机虚拟交互控制,20,18,0.6128262281417847,0.6180643439292908,0.4597177505493164,0.5635361075401306,0.0,0.027777777777777776,1.0,0.6602698625020619,0.5586537376365586,0.44936609685393986,0.0,0.0,0.0,0.0,0.0,0.0,0.5,0.47468304842696996,0.7864583333333334,0.0,0.8932291666666667,0.6089257525855446,,0.5633096694946289,1491.0
C41→C23,脑电电极采集装置→生物信号虚拟交互,20,26,0.5862918496131897,0.6513482332229614,0.42210185527801514,0.553247312704722,0.0,0.021739130434782608,1.0,0.6602698625020619,0.5849439801948719,0.46240813057891367,0.0,0.0,0.009009009009009009,0.0,0.0,-0.009009009009009009,0.49549561735676945,0.47895187396784156,0.9470198675496688,0.0,0.9735099337748344,0.6168527116338617,,0.5601553916931152,1241.0
C41→C24,脑电电极采集装置→闭环神经调控系统,20,24,0.6276429891586304,0.635992169380188,0.44172728061676025,0.5684541463851929,0.0,0.0,1.0,0.6602698625020619,0.5622256589370602,0.4511343742788024,0.0,0.0,0.0,0.0,0.0,0.0,0.5,0.47556718713940116,0.9495841995841996,0.125,0.9122920997920998,0.6156635458267055,,0.5959365367889404,1271.0
C41→C25,脑电电极采集装置→脑电信号模式识别,20,30,0.6048773527145386,0.6943802237510681,0.4435384273529053,0.5809320012728373,0.0,0.03571428571428571,1.0,0.6602698625020619,0.7095321562876163,0.5246112414760143,0.0,0.0,0.0,0.0,0.0,0.0,0.5,0.5123056207380072,0.872852233676976,,,,无高价值专利,0.6105439066886902,
C41→C26,脑电电极采集装置→神经刺激电极装置,20,43,0.6483982801437378,0.6946403980255127,0.3795844316482544,0.5742077032725016,0.0,0.0,1.0,0.6602698625020619,0.578603280366496,0.4592572456759678,0.0,0.0,0.0,0.0,0.0,0.0,0.5,0.4796286228379839,0.9559055118110236,0.0,0.9779527559055118,0.6316587767809095,,0.6538376808166504,659.0
C41→C27,脑电电极采集装置→认知意识神经评估,20,31,0.5750064849853516,0.5816535949707031,0.4588751792907715,0.5385117530822754,0.007751937984496124,0.0,1.0,0.6602698625020619,0.8069023936113827,0.5727952856534968,0.0,0.0,0.0,0.034482758620689655,0.0,0.034482758620689655,0.517234548877195,0.5450149172653459,0.916256157635468,0.0,0.958128078817734,0.6153259523435225,,0.559729814529419,1281.0
C41→C28,脑电电极采集装置→脑波交互反馈系统,20,44,0.6171658039093018,0.6364136934280396,0.43371689319610596,0.5624321301778157,0.0,0.0,1.0,0.6602698625020619,0.7644472515623096,0.5519010707046478,0.0,0.0,0.0,0.0,0.0,0.0,0.5,0.525950535352324,0.7387755102040816,0.0,0.8693877551020408,0.6130584463482561,,0.6155515909194946,1367.0
C41→C29,脑电电极采集装置→深部脑刺激调控,20,83,0.6506519317626953,0.689650297164917,0.4026002883911133,0.5809675057729085,0.0034482758620689655,0.008771929824561403,1.0,0.6602698625020619,0.6351596374162822,0.48744752555585774,0.0,0.0,0.0,0.0,0.0,0.0,0.5,0.49372376277792884,0.957544993077988,0.06666666666666667,0.9454391632056607,0.6328825076236357,,0.6094523668289185,595.0
C41→C3,脑电电极采集装置→脑电状态检测评估,20,50,0.6155073642730713,0.6811366081237793,0.4407815933227539,0.5791418552398682,0.009389671361502348,0.012987012987012988,1.0,0.6602698625020619,0.5131838629552182,0.42698280079166584,0.0,0.0,0.0,0.0,0.0,0.0,0.5,0.4634914003958329,0.9434650455927052,0.0,0.9717325227963526,0.6309963389771084,,0.6020898222923279,685.0
C41→C30,脑电电极采集装置→脑电神经反馈康复训练,20,27,0.5962901711463928,0.625347375869751,0.45075392723083496,0.5574638247489929,0.0,0.015384615384615385,1.0,0.6602698625020619,0.5959707455919181,0.467894674521686,0.0,0.0,0.009009009009009009,0.0,0.0,-0.009009009009009009,0.49549561735676945,0.4816951459392277,0.7529002320185615,0.3333333333333333,0.7097834493426142,0.5724697114434943,,0.5734333395957947,1762.0
C41→C31,脑电电极采集装置→植入式神经接口系统,20,22,0.6014975309371948,0.6383137106895447,0.4177389144897461,0.5525167187054951,0.0,0.022727272727272728,1.0,0.6602698625020619,0.5840290770930134,0.46195329622921166,0.0,0.0,0.0,0.0,0.0,0.0,0.5,0.48097664811460583,1.0,0.0,1.0,0.6211758177266691,,0.6251071095466614,1079.0
C41→C32,脑电电极采集装置→脑电信号评估分析,20,48,0.6269420385360718,0.6329742670059204,0.4214187264442444,0.5604450106620789,0.0,0.010101010101010102,1.0,0.6602698625020619,0.5236597877749698,0.4321167244800697,0.0,0.0,0.018018018018018018,0.06896551724137931,0.0,0.050947499223361295,0.5254517321781959,0.4787842283291328,0.9023331524688009,0.0,0.9511665762344004,0.6177834144083925,,0.6049272418022156,1212.0
C41→C33,脑电电极采集装置→神经信号采集解码,20,67,0.622597873210907,0.6809231638908386,0.41220998764038086,0.5719103415807087,0.008403361344537815,0.012048192771084338,1.0,0.6602698625020619,0.6501304005657931,0.4949304427621849,0.0,0.0,0.018018018018018018,0.0,0.0,-0.018018018018018018,0.49099196578624643,0.49296120427421564,0.9439330543933054,0.0,0.9719665271966527,0.6314097033588448,,0.6707624197006226,669.0
C41→C34,脑电电极采集装置→脑电图像生成与映射,20,39,0.630247950553894,0.6792325973510742,0.41283202171325684,0.5741041898727417,0.0,0.03278688524590164,1.0,0.6602698625020619,0.5842642844359555,0.46207022104165185,0.0,0.0,0.009009009009009009,0.0,0.0,-0.009009009009009009,0.49549561735676945,0.4787829191992107,0.7593283582089553,0.0,0.8796641791044777,0.6140440447531965,,0.6258012056350708,1337.0
C41→C35,脑电电极采集装置→神经刺激参数优化,20,56,0.6380646824836731,0.6902775764465332,0.4265601634979248,0.5849674741427103,0.0,0.013888888888888888,1.0,0.6602698625020619,0.5508990447467422,0.44553160134515046,0.0,0.0,0.009009009009009009,0.0,0.0,-0.009009009009009009,0.49549561735676945,0.47051360935096,0.9911555470101904,0.0,0.9955777735050952,0.6402232614049338,,0.6236580610275269,311.0
C41→C36,脑电电极采集装置→自适应神经刺激调控,20,15,0.6080542802810669,0.6069700717926025,0.4356344938278198,0.5502196153004963,0.0,0.0,1.0,0.6602698625020619,0.520118521467215,0.43037957108144304,0.0,0.0,0.0,0.0,0.0,0.0,0.5,0.46518978554072155,0.9539347408829175,0.0,0.9769673704414588,0.613076513267318,,0.5904956459999084,1365.0
C41→C37,脑电电极采集装置→神经调节刺激控制,20,59,0.6192344427108765,0.6334435939788818,0.4268730878829956,0.5598503748575846,0.0,0.0,1.0,0.6602698625020619,0.4658115066911082,0.40397810750360136,0.0,0.0,0.018018018018018018,0.0,0.0,-0.018018018018018018,0.49099196578624643,0.4474850366449239,0.992143511850203,0.0,0.9960717559251016,0.6197331615095643,,0.6028122901916504,1141.0
C41→C38,脑电电极采集装置→事件相关电位分析,20,7,0.564674973487854,0.5268011689186096,0.45020854473114014,0.5138948957125345,0.0,0.0,1.0,0.6602698625020619,0.5150485035655191,0.42789548585944986,0.0,0.0,0.0,0.0,0.0,0.0,0.5,0.46394774292972496,0.7263157894736842,,,,无高价值专利,0.5776180028915405,
C41→C39,脑电电极采集装置→脑活动监测与解码,20,35,0.5811761617660522,0.6411102414131165,0.47528213262557983,0.5658561786015828,0.0,0.0,1.0,0.6602698625020619,0.8267363689746892,0.5824728524685564,0.0,0.0,0.0,0.0,0.0,0.0,0.5,0.5412364262342781,0.8997214484679665,0.0,0.9498607242339833,0.6318500369636709,,0.58735591173172,652.0
C41→C4,脑电电极采集装置→神经刺激调控系统,20,84,0.6362212896347046,0.6779093742370605,0.4229578971862793,0.5790295203526814,0.0,0.0,1.0,0.6602698625020619,0.5739366304571628,0.45694031160443604,0.0,0.0,0.0,0.034482758620689655,0.0,0.034482758620689655,0.517234548877195,0.4870874302408155,0.9646086282614311,0.0,0.9823043141307155,0.6368885824744355,,0.618670642375946,410.0
C41→C40,脑电电极采集装置→脑电虚拟现实交互,20,5,0.5824681520462036,0.5276560187339783,0.45020079612731934,0.5201083223025004,0.016129032258064516,0.0,1.0,0.6602698625020619,0.409545021537841,0.3772000486923959,0.0,0.0,0.0,0.034482758620689655,0.0,0.034482758620689655,0.517234548877195,0.44721729878479544,0.6150442477876106,0.0,0.8075221238938053,0.5606162742953711,,0.5749689340591431,1771.0
C41→C42,脑电电极采集装置→脑电听觉调控降噪,20,20,0.5950740575790405,0.6151282787322998,0.4478158950805664,0.5526727437973022,0.0,0.02127659574468085,1.0,0.6602698625020619,0.6573096058558042,0.4985198760003698,0.0,0.0,0.0,0.0,0.0,0.0,0.5,0.49925993800018487,0.9382022471910112,0.0,0.9691011235955056,0.6191586913065447,,0.5951567888259888,1157.0
C41→C43,脑电电极采集装置→癫痫监测预测干预,20,21,0.5991950035095215,0.6151657104492188,0.43708956241607666,0.5504834254582722,0.0,0.0,1.0,0.6602698625020619,0.4366782007220494,0.3900306644323879,0.0,0.0,0.018018018018018018,0.0,0.0,-0.018018018018018018,0.49099196578624643,0.4405113151093172,0.9698535745047373,0.0,0.9849267872523686,0.6103991152981377,,0.5751312971115112,1455.0
C41→C44,脑电电极采集装置→脑电频率识别分析,20,13,0.5829323530197144,0.6614377498626709,0.4268198013305664,0.5570633014043171,0.0,0.03333333333333333,1.0,0.6602698625020619,0.6381395033007632,0.48893662644643615,0.0,0.0,0.0,0.0,0.0,0.0,0.5,0.49446831322321805,0.7122302158273381,0.0,0.8561151079136691,0.6016435936370925,,0.6146221160888672,1603.0
C41→C5,脑电电极采集装置→眼动脑电视觉分析,20,27,0.5960474014282227,0.5929843187332153,0.47523200511932373,0.5547545750935872,0.0,0.0,1.0,0.6602698625020619,0.5322104001372527,0.43631800065774407,0.0,0.0,0.009009009009009009,0.0,0.0,-0.009009009009009009,0.49549561735676945,0.4659068090072568,0.8195050946142649,0.0,0.9097525473071324,0.6045787798705471,,0.5722375512123108,1561.0
C41→C6,脑电电极采集装置→电极阵列植入制造,20,42,0.665456235408783,0.7103830575942993,0.3752732276916504,0.5837041735649109,0.013513513513513514,0.013888888888888888,1.0,0.6602698625020619,0.571474259607952,0.4557185188845513,0.0,0.0,0.0,0.0,0.0,0.0,0.5,0.47785925944227564,0.9067315490673155,0.0,0.9533657745336577,0.6332669901821698,,0.6618807315826416,572.0
C41→C7,脑电电极采集装置→视觉刺激脑电分析,20,48,0.5918123722076416,0.6303919553756714,0.4264734983444214,0.5495592753092448,0.0,0.016666666666666666,1.0,0.6602698625020619,0.7934048652653686,0.5661769686034043,0.0,0.0,0.0,0.06896551724137931,0.0,0.06896551724137931,0.5344281929745097,0.550302580788957,0.9191073919107392,0.0,0.9595536959553697,0.6239804321415607,,0.5868543386459351,969.0
C41→C8,脑电电极采集装置→神经刺激监测装置,20,128,0.6357744336128235,0.6487188339233398,0.39854639768600464,0.5610132217407227,0.0,0.0058823529411764705,1.0,0.6602698625020619,0.7415056039068469,0.5405287568261384,0.0,0.0,0.009009009009009009,0.13793103448275862,0.0,0.12892202547374962,0.5641062381131012,0.5523174974696199,0.9955230399650579,0.0,0.9977615199825289,0.638430159196116,,0.6149153709411621,365.0
C41→C9,脑电电极采集装置→经颅聚焦刺激装置,20,47,0.6379537582397461,0.6894159913063049,0.3949899673461914,0.5741199056307474,0.0,0.012658227848101266,1.0,0.6602698625020619,0.5980469930299713,0.4689286544101715,0.0,0.0,0.0,0.0,0.0,0.0,0.5,0.48446432720508575,0.9824984912492456,0.0,0.9912492456246228,0.634731999241733,,0.6390251517295837,515.0
C42→C0,脑电听觉调控降噪→脑电情绪识别分析,5,58,0.6728062629699707,0.6771914958953857,0.37100696563720703,0.5736682415008545,0.0,0.0,1.0,0.40954502153784106,0.5536726087522731,0.5715689171841483,0.0,0.0,0.02702702702702703,0.0,0.0,-0.02702702702702703,0.48648977588659537,0.5290293465353718,0.7784615384615384,0.25,0.7642307692307693,0.6018092241955837,,0.6335235238075256,1599.0
C42→C1,脑电听觉调控降噪→脑电特征提取分类,5,20,0.6406440138816833,0.6388266682624817,0.4144335389137268,0.5646347403526306,0.0,0.0,1.0,0.40954502153784106,0.6932301006799398,0.6381561317219059,0.0,0.0,0.0,0.0,0.0,0.0,0.5,0.5690780658609529,0.45263157894736844,,,,无高价值专利,0.6088054180145264,
C42→C10,脑电听觉调控降噪→神经信息分析诊断,5,36,0.625438928604126,0.6462093591690063,0.38770174980163574,0.5531166791915894,0.0,0.0,1.0,0.40954502153784106,0.5811448339517777,0.5849675400860325,0.0,0.0,0.0,0.13793103448275862,0.0,0.13793103448275862,0.5685314644405662,0.5767495022632994,0.9879379666858128,0.0,0.9939689833429064,0.6363812811176847,,0.6232415437698364,435.0
C42→C11,脑电听觉调控降噪→睡眠脑电调控增强,5,51,0.6663093566894531,0.6414949297904968,0.3935219645500183,0.5671087503433228,0.0,0.0,1.0,0.40954502153784106,0.6835550559100223,0.6336761099479007,0.0,0.0,0.009009009009009009,0.0,0.0,-0.009009009009009009,0.49549561735676945,0.5645858636523351,0.949193066347878,0.0,0.974596533173939,0.6407724719907237,,0.608372688293457,288.0
C42→C12,脑电听觉调控降噪→视觉脑电解码评估,5,30,0.6470850706100464,0.6139972805976868,0.391689658164978,0.5509240031242371,0.0,0.0,1.0,0.40954502153784106,0.7829175892646888,0.6784690672528384,0.0,0.0,0.0,0.0,0.0,0.0,0.5,0.5892345336264192,0.6666666666666666,0.0,0.8333333333333333,0.6102000182200352,,0.6074894666671753,1460.0
C42→C13,脑电听觉调控降噪→多模态神经交互评估,5,43,0.6554970741271973,0.6750008463859558,0.40532004833221436,0.5786059896151224,0.0,0.0,1.0,0.40954502153784106,0.6373326104204997,0.611963961848282,0.0,0.0,0.009009009009009009,0.1724137931034483,0.0,0.1634047840944393,0.5809828937506275,0.5964734277994548,0.8674772036474164,0.0,0.9337386018237082,0.6470210371648807,,0.6439849734306335,153.0
C42→C14,脑电听觉调控降噪→脑电信号采集处理,5,66,0.6732314825057983,0.7186577320098877,0.3943450450897217,0.5954114198684692,0.0,0.0,1.0,0.40954502153784106,0.679455675419048,0.631770848388386,0.0,0.0,0.009009009009009009,0.0,0.0,-0.009009009009009009,0.49549561735676945,0.5636332328725777,0.7874493927125507,0.0,0.8937246963562753,0.6455126969494811,,0.6296988725662231,179.0
C42→C15,脑电听觉调控降噪→心理生理反馈调节,5,18,0.6019964218139648,0.6296156644821167,0.40373778343200684,0.545116623242696,0.0,0.0,1.0,0.40954502153784106,0.5865596100887834,0.5875943016733928,0.0,0.0,0.0,0.0,0.0,0.0,0.5,0.5437971508366963,0.8366666666666667,0.0,0.9183333333333333,0.6130220697320528,,0.5795161724090576,1369.0
C42→C16,脑电听觉调控降噪→事件相关电位检测,5,37,0.6632648706436157,0.6351909637451172,0.37895679473876953,0.5591375430425007,0.0,0.0,1.0,0.40954502153784106,0.4632333326977074,0.5268183931073116,0.0,0.0,0.0,0.0,0.0,0.0,0.5,0.5134091965536558,0.9571865443425076,0.0,0.9785932721712538,0.6274902912933028,,0.6133987307548523,830.0
C42→C17,脑电听觉调控降噪→神经反馈刺激分析,5,58,0.6668933033943176,0.6892587542533875,0.3776510953903198,0.5779343843460083,0.0,0.0,1.0,0.40954502153784106,0.6150229443551454,0.6013170505395743,0.0,0.0,0.0,0.27586206896551724,0.0,0.27586206896551724,0.6345355116007656,0.61792628107017,0.9730941704035875,0.05263157894736842,0.9602312957281095,0.6545988949706789,,0.6301897168159485,70.0
C42→C18,脑电听觉调控降噪→神经刺激同步递送,5,31,0.6297322511672974,0.6304459571838379,0.3815188407897949,0.5472323497136433,0.0,0.0,1.0,0.40954502153784106,0.5368834240869825,0.5633272852876854,0.0,0.0,0.0,0.0,0.0,0.0,0.5,0.5316636426438427,0.9751098096632503,0.0,0.9875549048316252,0.6239347308763274,,0.6341515779495239,976.0
C42→C19,脑电听觉调控降噪→脑机接口交互控制,5,53,0.6467963457107544,0.6599277257919312,0.3774290084838867,0.561384359995524,0.0,0.01282051282051282,0.9848484848484849,0.40954502153784106,0.7533341408009894,0.66542797749579,0.0,0.0,0.0,0.0,0.0,0.0,0.5,0.5827139887478949,0.7592997811816192,0.0,0.8796498905908097,0.6239738190682093,,0.6299417614936829,971.0
C42→C2,脑电听觉调控降噪→柔性电极采集装置,5,70,0.619741678237915,0.664864182472229,0.4205343723297119,0.5683800776799519,0.0,0.0,1.0,0.40954502153784106,0.6073936135656598,0.5976534247681854,0.0,0.0,0.0,0.0,0.0,0.0,0.5,0.5488267123840926,0.8650602409638555,0.0,0.9325301204819277,0.6318808358769797,,0.6099193692207336,650.0
C42→C20,脑电听觉调控降噪→脑控轮椅交互系统,5,10,0.6118820905685425,0.5404682159423828,0.4526326656341553,0.5349943240483601,0.0,0.0,1.0,0.40954502153784106,0.50031249376726,0.5452595106394297,0.0,0.0,0.0,0.0,0.0,0.0,0.5,0.5226297553197148,0.5454545454545454,,,,无高价值专利,0.5221496224403381,
C42→C21,脑电听觉调控降噪→多模态脑电融合分析,5,46,0.6503517627716064,0.6304680705070496,0.37239980697631836,0.5510732134183247,0.0,0.0,1.0,0.40954502153784106,0.3291122455290337,0.4598701138771668,0.0,0.0,0.018018018018018018,0.0,0.0,-0.018018018018018018,0.49099196578624643,0.47543103983170665,0.9682345754428833,0.0,0.9841172877214417,0.6165963852608569,,0.6163175106048584,1247.0
C42→C22,脑电听觉调控降噪→脑机虚拟交互控制,5,18,0.6442035436630249,0.647555947303772,0.3950069546699524,0.5622554818789164,0.0,0.0,1.0,0.40954502153784106,0.5586537376365586,0.574006695578604,0.0,0.0,0.0,0.0,0.0,0.0,0.5,0.5370033477893019,0.7864583333333334,0.0,0.8932291666666667,0.6190288352559856,,0.6054788827896118,1164.0
C42→C23,脑电听觉调控降噪→生物信号虚拟交互,5,26,0.607257604598999,0.6448493003845215,0.4244692921638489,0.5588587323824564,0.0,0.0,1.0,0.40954502153784106,0.5849439801948719,0.5868110584050914,0.0,0.0,0.009009009009009009,0.0,0.0,-0.009009009009009009,0.49549561735676945,0.5411533378809305,0.9470198675496688,0.0,0.9735099337748344,0.6310963441183323,,0.6120091676712036,680.0
C42→C24,脑电听觉调控降噪→闭环神经调控系统,5,24,0.647284984588623,0.6131656169891357,0.4018557071685791,0.5541021029154459,0.0,0.0,1.0,0.40954502153784106,0.5622256589370602,0.5757525989966987,0.0,0.0,0.0,0.0,0.0,0.0,0.5,0.5378762994983494,0.9495841995841996,0.125,0.9122920997920998,0.6170342277596029,,0.5988109111785889,1236.0
C42→C25,脑电听觉调控降噪→脑电信号模式识别,5,30,0.6882035732269287,0.638203501701355,0.36345374584198,0.5632869402567545,0.0,0.0,1.0,0.40954502153784106,0.7095321562876163,0.6456504194707314,0.0,0.0,0.0,0.0,0.0,0.0,0.5,0.5728252097353657,0.872852233676976,,,,无高价值专利,0.6392561197280884,
C42→C26,脑电听觉调控降噪→神经刺激电极装置,5,43,0.6265771389007568,0.6448214054107666,0.4264049530029297,0.5659344991048176,0.0,0.0,1.0,0.40954502153784106,0.578603280366496,0.5837329301299006,0.0,0.0,0.0,0.0,0.0,0.0,0.5,0.5418664650649503,0.9559055118110236,0.0,0.9779527559055118,0.636743435472712,,0.5880371332168579,414.0
C42→C27,脑电听觉调控降噪→认知意识神经评估,5,31,0.6358940601348877,0.6206084489822388,0.3816877603530884,0.5460634231567383,0.0,0.0,1.0,0.40954502153784106,0.8069023936113827,0.6888427799864082,0.0,0.0,0.0,0.034482758620689655,0.0,0.034482758620689655,0.517234548877195,0.6030386644318015,0.916256157635468,0.0,0.958128078817734,0.629960864847482,,0.5996015071868896,729.0
C42→C28,脑电听觉调控降噪→脑波交互反馈系统,5,44,0.674558699131012,0.6596612930297852,0.3544694781303406,0.5628964900970459,0.0,0.0,0.9821428571428571,0.40954502153784106,0.7644472515623096,0.6703579511881146,0.0,0.0,0.0,0.0,0.0,0.0,0.5,0.5851789755940573,0.7387755102040816,0.0,0.8693877551020408,0.6236466389762485,,0.6254023313522339,995.0
C42→C29,脑电听觉调控降噪→深部脑刺激调控,5,83,0.6899474263191223,0.6619468927383423,0.35385751724243164,0.5685839454332987,0.0,0.0,1.0,0.40954502153784106,0.6351596374162822,0.6109314550339966,0.0,0.0,0.0,0.0,0.0,0.0,0.5,0.5554657275169983,0.957544993077988,0.06666666666666667,0.9454391632056607,0.6353397480980766,,0.6305872201919556,481.0
C42→C3,脑电听觉调控降噪→脑电状态检测评估,5,50,0.669450044631958,0.6490343809127808,0.38398057222366333,0.5674883325894673,0.0,0.0,1.0,0.40954502153784106,0.5131838629552182,0.5516346834116188,0.0,0.0,0.0,0.0,0.0,0.0,0.5,0.5258173417058094,0.9434650455927052,0.0,0.9717325227963526,0.634037114438721,,0.6387864351272583,539.0
C42→C30,脑电听觉调控降噪→脑电神经反馈康复训练,5,27,0.6612465977668762,0.6369262933731079,0.4049288034439087,0.5677005648612976,0.0,0.0,1.0,0.40954502153784106,0.5959707455919181,0.5921478087171245,0.0,0.0,0.009009009009009009,0.0,0.0,-0.009009009009009009,0.49549561735676945,0.5438217130369469,0.7529002320185615,0.3333333333333333,0.7097834493426142,0.5906414292096114,,0.5876857042312622,1682.0
C42→C31,脑电听觉调控降噪→植入式神经接口系统,5,22,0.5764659643173218,0.6381008625030518,0.46289336681365967,0.559153397878011,0.0,0.0,1.0,0.40954502153784106,0.5840290770930134,0.5863673262043249,0.0,0.0,0.0,0.0,0.0,0.0,0.5,0.5431836631021625,1.0,0.0,1.0,0.6360241841628775,,0.5852968692779541,451.0
C42→C32,脑电听觉调控降噪→脑电信号评估分析,5,48,0.6887156367301941,0.7254909873008728,0.34396839141845703,0.5860583384831746,0.0,0.0,1.0,0.40954502153784106,0.5236597877749698,0.5568109959362845,0.0,0.0,0.018018018018018018,0.06896551724137931,0.0,0.050947499223361295,0.5254517321781959,0.5411313640572402,0.9023331524688009,0.0,0.9511665762344004,0.6454977417756113,,0.6393557786941528,180.0
C42→C33,脑电听觉调控降噪→神经信号采集解码,5,67,0.658349871635437,0.6427550315856934,0.40162408351898193,0.5675763289133707,0.0,0.0,1.0,0.40954502153784106,0.6501304005657931,0.618024294098398,0.0,0.0,0.018018018018018018,0.0,0.0,-0.018018018018018018,0.49099196578624643,0.5545081299423222,0.9439330543933054,0.0,0.9719665271966527,0.638966965702124,,0.6227416396141052,348.0
C42→C34,脑电听觉调控降噪→脑电图像生成与映射,5,39,0.6543753147125244,0.6192482113838196,0.38535481691360474,0.5529927810033162,0.0,0.0,1.0,0.40954502153784106,0.5842642844359555,0.5864814162670492,0.0,0.0,0.009009009009009009,0.0,0.0,-0.009009009009009009,0.49549561735676945,0.5409885168119093,0.7593283582089553,0.0,0.8796641791044777,0.6112443345358629,,0.6211241483688354,1430.0
C42→C35,脑电听觉调控降噪→神经刺激参数优化,5,56,0.6719993352890015,0.6492564082145691,0.3893270492553711,0.5701942642529805,0.0,0.0,1.0,0.40954502153784106,0.5508990447467422,0.5702100121773206,0.0,0.0,0.009009009009009009,0.0,0.0,-0.009009009009009009,0.49549561735676945,0.532852814767045,0.9911555470101904,0.0,0.9955777735050952,0.6410619445252945,,0.6113221645355225,278.0
C42→C36,脑电听觉调控降噪→自适应神经刺激调控,5,15,0.6527400612831116,0.6351292729377747,0.38454699516296387,0.5574721097946167,0.0,0.0,1.0,0.40954502153784106,0.520118521467215,0.5550625253646427,0.0,0.0,0.0,0.0,0.0,0.0,0.5,0.5275312626823214,0.9539347408829175,0.0,0.9769673704414588,0.628461398494668,,0.5919064283370972,785.0
C42→C37,脑电听觉调控降噪→神经调节刺激控制,5,59,0.644575834274292,0.6380361318588257,0.39549732208251953,0.5593697627385457,0.0,0.0,1.0,0.40954502153784106,0.4658115066911082,0.5281035909522952,0.0,0.0,0.018018018018018018,0.0,0.0,-0.018018018018018018,0.49099196578624643,0.5095477783692708,0.992143511850203,0.0,0.9960717559251016,0.6299317377988577,,0.6370660066604614,731.0
C42→C38,脑电听觉调控降噪→事件相关电位分析,5,7,0.6656525135040283,0.5998404026031494,0.39681529998779297,0.5541027386983235,0.0,0.0,1.0,0.40954502153784106,0.5150485035655191,0.552556882281313,0.0,0.0,0.0,0.0,0.0,0.0,0.5,0.5262784411406565,0.7263157894736842,,,,无高价值专利,0.5832118988037109,
C42→C39,脑电听觉调控降噪→脑活动监测与解码,5,35,0.6362414360046387,0.6470237970352173,0.3983997702598572,0.5605550010999043,0.0,0.0,1.0,0.40954502153784106,0.8267363689746892,0.6972808293310208,0.0,0.0,0.0,0.0,0.0,0.0,0.5,0.5986404146655104,0.8997214484679665,0.0,0.9498607242339833,0.6378573324792891,,0.6401233673095703,381.0
C42→C4,脑电听觉调控降噪→神经刺激调控系统,5,84,0.6676528453826904,0.6823378801345825,0.3762909770011902,0.575427234172821,0.0,0.0,1.0,0.40954502153784106,0.5739366304571628,0.5814632855786832,0.0,0.0,0.0,0.034482758620689655,0.0,0.034482758620689655,0.517234548877195,0.5493489172279391,0.9646086282614311,0.0,0.9823043141307155,0.6451287995225551,,0.6402345895767212,189.0
C42→C40,脑电听觉调控降噪→脑电虚拟现实交互,5,5,0.6386566162109375,0.5797685384750366,0.3955807685852051,0.5380019744237263,0.0,0.0,1.0,0.40954502153784106,0.409545021537841,0.5,0.0,0.0,0.0,0.034482758620689655,0.0,0.034482758620689655,0.517234548877195,0.5086172744385975,0.6150442477876106,0.0,0.8075221238938053,0.5831483878931205,,0.6228569746017456,1725.0
C42→C41,脑电听觉调控降噪→脑电电极采集装置,5,40,0.5950740575790405,0.6151282787322998,0.4478158950805664,0.5526727437973022,0.0,0.022727272727272728,1.0,0.40954502153784106,0.4445427445021895,0.5174917205420195,0.0,0.0,0.0,0.034482758620689655,0.0,0.034482758620689655,0.517234548877195,0.5173631347096073,0.9487505294366794,0.0,0.9743752647183397,0.6230829933214594,,0.5951567888259888,1009.0
C42→C43,脑电听觉调控降噪→癫痫监测预测干预,5,21,0.6509737968444824,0.5450600385665894,0.41853606700897217,0.5381899674733479,0.0,0.0,1.0,0.40954502153784106,0.4366782007220494,0.5135632612885804,0.0,0.0,0.018018018018018018,0.0,0.0,-0.018018018018018018,0.49099196578624643,0.5022776135374134,0.9698535745047373,0.0,0.9849267872523686,0.6124880575304714,,0.6336343288421631,1392.0
C42→C44,脑电听觉调控降噪→脑电频率识别分析,5,13,0.6422462463378906,0.6370734572410583,0.39427679777145386,0.5578655004501343,0.0,0.0,1.0,0.40954502153784106,0.6381395033007632,0.6123471086727363,0.0,0.0,0.0,0.0,0.0,0.0,0.5,0.5561735543363682,0.7122302158273381,0.0,0.8561151079136691,0.6130206348689892,,0.5845276117324829,1370.0
C42→C5,脑电听觉调控降噪→眼动脑电视觉分析,5,27,0.6547526121139526,0.617672860622406,0.4085031747817993,0.5603095491727192,0.0,0.0,1.0,0.40954502153784106,0.5322104001372527,0.5610269094343028,0.0,0.0,0.009009009009009009,0.0,0.0,-0.009009009009009009,0.49549561735676945,0.5282612633955361,0.8195050946142649,0.0,0.9097525473071324,0.6190846543236596,,0.6079745292663574,1162.0
C42→C6,脑电听觉调控降噪→电极阵列植入制造,5,42,0.567035436630249,0.6401913166046143,0.4393281936645508,0.5488516489664713,0.0,0.0,1.0,0.40954502153784106,0.571474259607952,0.5802643034632319,0.0,0.0,0.0,0.0,0.0,0.0,0.5,0.540132151731616,0.9067315490673155,0.0,0.9533657745336577,0.62078731674193,,0.566914975643158,1097.0
C42→C7,脑电听觉调控降噪→视觉刺激脑电分析,5,48,0.6654521226882935,0.6451625227928162,0.3703930377960205,0.56033589442571,0.0,0.0,1.0,0.40954502153784106,0.7934048652653686,0.6830274100389182,0.0,0.0,0.0,0.06896551724137931,0.0,0.06896551724137931,0.5344281929745097,0.6087278015067139,0.9191073919107392,0.0,0.9595536959553697,0.6409537244091802,,0.6089562773704529,280.0
C42→C8,脑电听觉调控降噪→神经刺激监测装置,5,128,0.6632885932922363,0.6737892031669617,0.36446672677993774,0.5671815077463785,0.0,0.0,1.0,0.40954502153784106,0.7415056039068469,0.6601406728646225,0.0,0.0,0.009009009009009009,0.13793103448275862,0.0,0.12892202547374962,0.5641062381131012,0.6121234554888619,0.9955230399650579,0.0,0.9977615199825289,0.6524378956675375,,0.6728311777114868,81.0
C42→C9,脑电听觉调控降噪→经颅聚焦刺激装置,5,47,0.626785933971405,0.6210891008377075,0.3988332748413086,0.5489027698834736,0.0,0.0,1.0,0.40954502153784106,0.5980469930299713,0.5931502876618582,0.0,0.0,0.0,0.0,0.0,0.0,0.5,0.5465751438309291,0.9824984912492456,0.0,0.9912492456246228,0.6281277100990761,,0.6141231060028076,799.0
C43→C0,癫痫监测预测干预→脑电情绪识别分析,3,58,0.6867273449897766,0.6769871711730957,0.38491058349609375,0.5828750332196553,0.0091324200913242,0.0,1.0,0.2574546670651225,0.5536726087522731,0.643923855061533,0.0,0.0,0.02702702702702703,0.0,0.0,-0.02702702702702703,0.48648977588659537,0.5652068154740642,0.7784615384615384,0.25,0.7642307692307693,0.61432820447159,,0.6121674180030823,1326.0
C43→C1,癫痫监测预测干预→脑电特征提取分类,3,20,0.6547572612762451,0.6487883925437927,0.41719692945480347,0.5735808610916138,0.039473684210526314,0.0,1.0,0.2574546670651225,0.6932301006799398,0.7050682987080656,0.0,0.0,0.0,0.0,0.0,0.0,0.5,0.6025341493540328,0.45263157894736844,,,,无高价值专利,0.5768747329711914,
C43→C10,癫痫监测预测干预→神经信息分析诊断,3,36,0.6425283551216125,0.6719781160354614,0.39579832553863525,0.5701015988985697,0.0,0.0,1.0,0.2574546670651225,0.5811448339517777,0.6564198843002678,0.0,0.0,0.0,0.13793103448275862,0.0,0.13793103448275862,0.5685314644405662,0.612475674370417,0.9879379666858128,0.0,0.9939689833429064,0.6538914587994638,,0.6395487785339355,72.0
C43→C11,癫痫监测预测干预→睡眠脑电调控增强,3,51,0.675082802772522,0.6361924409866333,0.405605673789978,0.5722936391830444,0.012422360248447204,0.0,1.0,0.2574546670651225,0.6835550559100223,0.7010286019429809,0.0,0.0,0.009009009009009009,0.0,0.0,-0.009009009009009009,0.49549561735676945,0.5982621096498751,0.949193066347878,0.0,0.974596533173939,0.6498830804162027,,0.5846335887908936,112.0
C43→C12,癫痫监测预测干预→视觉脑电解码评估,3,30,0.651584267616272,0.5687158703804016,0.39141935110092163,0.5372398296991984,0.01,0.0,1.0,0.2574546670651225,0.7829175892646888,0.7409526470830187,0.0,0.0,0.0,0.0,0.0,0.0,0.5,0.6204763235415094,0.6666666666666666,0.0,0.8333333333333333,0.6063061076188494,,0.5455503463745117,1534.0
C43→C13,癫痫监测预测干预→多模态神经交互评估,3,43,0.6629847288131714,0.6498153209686279,0.39670848846435547,0.5698361794153849,0.0,0.0,1.0,0.2574546670651225,0.6373326104204997,0.6813007318056534,0.0,0.0,0.009009009009009009,0.1724137931034483,0.0,0.1634047840944393,0.5809828937506275,0.6311418127781405,0.8674772036474164,0.0,0.9337386018237082,0.6468900564350523,,0.6213986873626709,155.0
C43→C14,癫痫监测预测干预→脑电信号采集处理,3,66,0.6852779388427734,0.6674511432647705,0.37997931241989136,0.5775694648424784,0.008928571428571428,0.0,1.0,0.2574546670651225,0.679455675419048,0.6993074169251629,0.0,0.0,0.009009009009009009,0.0,0.0,-0.009009009009009009,0.49549561735676945,0.5974015171409661,0.7874493927125507,0.0,0.8937246963562753,0.6396704646122189,,0.6369572877883911,327.0
C43→C15,癫痫监测预测干预→心理生理反馈调节,3,18,0.5902712345123291,0.5537546277046204,0.44378745555877686,0.5292711059252421,0.021739130434782608,0.0,1.0,0.2574546670651225,0.5865596100887834,0.6588581496146151,0.0,0.0,0.0,0.0,0.0,0.0,0.5,0.5794290748073075,0.8366666666666667,0.0,0.9183333333333333,0.608095911588213,,0.5377554893493652,1502.0
C43→C16,癫痫监测预测干预→事件相关电位检测,3,37,0.6375173330307007,0.5414654016494751,0.43297022581100464,0.5373176534970601,0.0,0.0,1.0,0.2574546670651225,0.4632333326977074,0.6014612388188749,0.0,0.0,0.0,0.0,0.0,0.0,0.5,0.5507306194094375,0.9571865443425076,0.0,0.9785932721712538,0.6187660209389808,,0.5677953958511353,1177.0
C43→C17,癫痫监测预测干预→神经反馈刺激分析,3,58,0.6674922704696655,0.5664137601852417,0.3699606657028198,0.5346222321192423,0.006493506493506494,0.0,0.9864864864864865,0.2574546670651225,0.6150229443551454,0.6715351555516905,0.0,0.0,0.0,0.27586206896551724,0.0,0.27586206896551724,0.6345355116007656,0.653035333576228,0.9730941704035875,0.05263157894736842,0.9602312957281095,0.6302294171095327,,0.6000046133995056,716.0
C43→C18,癫痫监测预测干预→神经刺激同步递送,3,31,0.6132781505584717,0.6683188080787659,0.4034935235977173,0.5616968274116516,0.010526315789473684,0.0,1.0,0.2574546670651225,0.5368834240869825,0.6361881498879944,0.0,0.0,0.0,0.0,0.0,0.0,0.5,0.5680940749439972,0.9751098096632503,0.0,0.9875549048316252,0.6398141309157719,,0.6510022878646851,323.0
C43→C19,癫痫监测预测干预→脑机接口交互控制,3,53,0.6691692471504211,0.563083827495575,0.4054374694824219,0.5458968480428059,0.005917159763313609,0.0,1.0,0.2574546670651225,0.7533341408009894,0.7294352073799143,0.0,0.0,0.0,0.0,0.0,0.0,0.5,0.6147176036899571,0.7592997811816192,0.0,0.8796498905908097,0.618923992860357,,0.5684401988983154,1168.0
C43→C2,癫痫监测预测干预→柔性电极采集装置,3,70,0.6102801561355591,0.6915866136550903,0.4266023635864258,0.5761563777923584,0.0,0.0,1.0,0.2574546670651225,0.6073936135656598,0.6681606989186181,0.0,0.0,0.0,0.0,0.0,0.0,0.5,0.584080349459309,0.8650602409638555,0.0,0.9325301204819277,0.6430753249838177,,0.5919009447097778,230.0
C43→C20,癫痫监测预测干预→脑控轮椅交互系统,3,10,0.6025513410568237,0.5000466108322144,0.450158953666687,0.5175856351852417,0.0,0.0,1.0,0.2574546670651225,0.50031249376726,0.6190966316958494,0.0,0.0,0.0,0.0,0.0,0.0,0.5,0.5595483158479246,0.5454545454545454,,,,无高价值专利,0.5053426027297974,
C43→C21,癫痫监测预测干预→多模态脑电融合分析,3,46,0.639019250869751,0.6313180923461914,0.3776387572288513,0.5493253668149312,0.00641025641025641,0.0,1.0,0.2574546670651225,0.3291122455290337,0.5357675902690888,0.0,0.0,0.018018018018018018,0.0,0.0,-0.018018018018018018,0.49099196578624643,0.5133797780276677,0.9682345754428833,0.0,0.9841172877214417,0.6217734684201001,,0.5740243196487427,1062.0
C43→C22,癫痫监测预测干预→脑机虚拟交互控制,3,18,0.6562023758888245,0.5610839128494263,0.4164144992828369,0.5445669293403625,0.0,0.0,1.0,0.2574546670651225,0.5586537376365586,0.6462047712815732,0.0,0.0,0.0,0.0,0.0,0.0,0.5,0.5731023856407866,0.7864583333333334,0.0,0.8932291666666667,0.6133546073523357,,0.540823221206665,1357.0
C43→C23,癫痫监测预测干预→生物信号虚拟交互,3,26,0.6054308414459229,0.600975513458252,0.41928625106811523,0.5418975353240967,0.0,0.0,1.0,0.2574546670651225,0.5849439801948719,0.6581315060917797,0.0,0.0,0.009009009009009009,0.0,0.0,-0.009009009009009009,0.49549561735676945,0.5768135617242746,0.9470198675496688,0.0,0.9735099337748344,0.6253270834407176,,0.5543373823165894,916.0
C43→C24,癫痫监测预测干预→闭环神经调控系统,3,24,0.6280950307846069,0.5771225094795227,0.4107952117919922,0.5386709173520405,0.0,0.0,1.0,0.2574546670651225,0.5622256589370602,0.6478363153025464,0.0,0.0,0.0,0.0,0.0,0.0,0.5,0.5739181576512732,0.9495841995841996,0.125,0.9122920997920998,0.612652515105319,,0.5960702896118164,1383.0
C43→C25,癫痫监测预测干预→脑电信号模式识别,3,30,0.6801140308380127,0.6034390330314636,0.3852401375770569,0.5562644004821777,0.017391304347826087,0.0,1.0,0.2574546670651225,0.7095321562876163,0.7118026030106338,0.0,0.0,0.0,0.0,0.0,0.0,0.5,0.605901301505317,0.872852233676976,,,,无高价值专利,0.5970388650894165,
C43→C26,癫痫监测预测干预→神经刺激电极装置,3,43,0.6104464530944824,0.6799006462097168,0.40903931856155396,0.5664621392885844,0.0,0.0,1.0,0.2574546670651225,0.578603280366496,0.6552725670462879,0.0,0.0,0.0,0.0,0.0,0.0,0.5,0.5776362835231439,0.9559055118110236,0.0,0.9779527559055118,0.6430555405100227,,0.6052975654602051,231.0
C43→C27,癫痫监测预测干预→认知意识神经评估,3,31,0.6456387042999268,0.5467422604560852,0.3927346467971802,0.5283718705177307,0.011494252873563218,0.0,1.0,0.2574546670651225,0.8069023936113827,0.7500530895709528,0.0,0.0,0.0,0.034482758620689655,0.0,0.034482758620689655,0.517234548877195,0.6336438192240739,0.916256157635468,0.0,0.958128078817734,0.6224495368784908,,0.5575439929962158,1041.0
C43→C28,癫痫监测预测干预→脑波交互反馈系统,3,44,0.6570982933044434,0.5798205733299255,0.38859105110168457,0.5418366392453511,0.0,0.0,1.0,0.2574546670651225,0.7644472515623096,0.7337993286309481,0.0,0.0,0.0,0.0,0.0,0.0,0.5,0.616899664315474,0.7387755102040816,0.0,0.8693877551020408,0.6148230538677519,,0.5911152362823486,1303.0
C43→C29,癫痫监测预测干预→深部脑刺激调控,3,83,0.6706239581108093,0.6180943250656128,0.39555197954177856,0.5614234209060669,0.0,0.0,1.0,0.2574546670651225,0.6351596374162822,0.6803563537438243,0.0,0.0,0.0,0.0,0.0,0.0,0.5,0.5901781768719121,0.957544993077988,0.06666666666666667,0.9454391632056607,0.636319922017465,,0.5930073857307434,439.0
C43→C3,癫痫监测预测干预→脑电状态检测评估,3,50,0.666389524936676,0.6573523283004761,0.3867809772491455,0.5701742768287659,0.0,0.0,1.0,0.2574546670651225,0.5131838629552182,0.6251482932689756,0.0,0.0,0.0,0.0,0.0,0.0,0.5,0.5625741466344878,0.9434650455927052,0.0,0.9717325227963526,0.6420331361248636,,0.6396871209144592,260.0
C43→C30,癫痫监测预测干预→脑电神经反馈康复训练,3,27,0.6508041620254517,0.5710304975509644,0.42867207527160645,0.5501689116160074,0.0,0.0,1.0,0.2574546670651225,0.5959707455919181,0.6630759840490095,0.0,0.0,0.009009009009009009,0.0,0.0,-0.009009009009009009,0.49549561735676945,0.5792858007028895,0.7529002320185615,0.3333333333333333,0.7097834493426142,0.586132939919559,,0.5683099031448364,1714.0
C43→C31,癫痫监测预测干预→植入式神经接口系统,3,22,0.5768640041351318,0.6010960340499878,0.44593942165374756,0.5412998199462891,0.0,0.0,1.0,0.2574546670651225,0.5840290770930134,0.6577196908500121,0.0,0.0,0.0,0.0,0.0,0.0,0.5,0.578859845425006,1.0,0.0,1.0,0.629489025693812,,0.5386994481086731,744.0
C43→C32,癫痫监测预测干预→脑电信号评估分析,3,48,0.679490327835083,0.6266863942146301,0.3834381103515625,0.5632049441337585,0.006289308176100629,0.0,1.0,0.2574546670651225,0.5236597877749698,0.6300450868565567,0.0,0.0,0.018018018018018018,0.06896551724137931,0.0,0.050947499223361295,0.5254517321781959,0.5777484095173763,0.9023331524688009,0.0,0.9511665762344004,0.6364161791822276,,0.5955018997192383,432.0
C43→C33,癫痫监测预测干预→神经信号采集解码,3,67,0.673589825630188,0.6194108128547668,0.38161373138427734,0.5582047899564107,0.01020408163265306,0.0,1.0,0.2574546670651225,0.6501304005657931,0.6868323299385332,0.0,0.0,0.018018018018018018,0.0,0.0,-0.018018018018018018,0.49099196578624643,0.5889121478623898,0.9439330543933054,0.0,0.9719665271966527,0.6382808224153776,,0.5884871482849121,370.0
C43→C34,癫痫监测预测干预→脑电图像生成与映射,3,39,0.6529664993286133,0.5938938856124878,0.39699792861938477,0.5479527711868286,0.0,0.0,1.0,0.2574546670651225,0.5842642844359555,0.6578255848619327,0.0,0.0,0.009009009009009009,0.0,0.0,-0.009009009009009009,0.49549561735676945,0.576660601109351,0.7593283582089553,0.0,0.8796641791044777,0.6139558955547958,,0.5813687443733215,1345.0
C43→C35,癫痫监测预测干预→神经刺激参数优化,3,56,0.6537714004516602,0.6817841529846191,0.395222544670105,0.576926032702128,0.0,0.0,1.0,0.2574546670651225,0.5508990447467422,0.6426509637235694,0.0,0.0,0.009009009009009009,0.0,0.0,-0.009009009009009009,0.49549561735676945,0.5690732905401694,0.9911555470101904,0.0,0.9955777735050952,0.6516690319615652,,0.6074811816215515,88.0
C43→C36,癫痫监测预测干预→自适应神经刺激调控,3,15,0.6324364542961121,0.5668959617614746,0.39751702547073364,0.5322831471761067,0.0,0.0,1.0,0.2574546670651225,0.520118521467215,0.62839271653775,0.0,0.0,0.0,0.0,0.0,0.0,0.5,0.5641963582688749,0.9539347408829175,0.0,0.9769673704414588,0.6171818459910506,,0.5625671744346619,1227.0
C43→C37,癫痫监测预测干预→神经调节刺激控制,3,59,0.6345369815826416,0.6641008853912354,0.3880586624145508,0.5622321764628092,0.005847953216374269,0.0,1.0,0.2574546670651225,0.4658115066911082,0.6026965953566719,0.0,0.0,0.018018018018018018,0.0,0.0,-0.018018018018018018,0.49099196578624643,0.5468442805714592,0.992143511850203,0.0,0.9960717559251016,0.638078831339084,,0.6348608732223511,374.0
C43→C38,癫痫监测预测干预→事件相关电位分析,3,7,0.6304758787155151,0.5209230184555054,0.4262807369232178,0.5258932113647461,0.0,0.0,1.0,0.2574546670651225,0.5150485035655191,0.626021796528378,0.0,0.0,0.0,0.0,0.0,0.0,0.5,0.563010898264189,0.7263157894736842,,,,无高价值专利,0.5208837985992432,
C43→C39,癫痫监测预测干预→脑活动监测与解码,3,35,0.6561362743377686,0.5826541185379028,0.4151943325996399,0.5513282418251038,0.0,0.0,1.0,0.2574546670651225,0.8267363689746892,0.7574157805856008,0.0,0.0,0.0,0.0,0.0,0.0,0.5,0.6287078902928004,0.8997214484679665,0.0,0.9498607242339833,0.6364137162164679,,0.5809204578399658,433.0
C43→C4,癫痫监测预测干预→神经刺激调控系统,3,84,0.6756802797317505,0.6845872402191162,0.3723059892654419,0.5775245030721028,0.012048192771084338,0.0,1.0,0.2574546670651225,0.5739366304571628,0.6531612194880085,0.0,0.0,0.0,0.034482758620689655,0.0,0.034482758620689655,0.517234548877195,0.5851978841826018,0.9646086282614311,0.0,0.9823043141307155,0.6525495796096573,,0.6681755781173706,80.0
C43→C40,癫痫监测预测干预→脑电虚拟现实交互,3,5,0.6443661451339722,0.5486193895339966,0.429776668548584,0.5409207344055176,0.05,0.0,1.0,0.2574546670651225,0.409545021537841,0.5754642064012284,0.0,0.0,0.0,0.034482758620689655,0.0,0.034482758620689655,0.517234548877195,0.5463493776392117,0.6150442477876106,0.0,0.8075221238938053,0.5916967144879244,,0.5531831383705139,1676.0
C43→C41,癫痫监测预测干预→脑电电极采集装置,3,40,0.5991950035095215,0.6151657104492188,0.43708956241607666,0.5504834254582722,0.0,0.0,1.0,0.2574546670651225,0.4445427445021895,0.5924676979385393,0.0,0.0,0.0,0.034482758620689655,0.0,0.034482758620689655,0.517234548877195,0.5548511234078671,0.9487505294366794,0.0,0.9743752647183397,0.6278028219882126,,0.5751312971115112,812.0
C43→C42,癫痫监测预测干预→脑电听觉调控降噪,3,20,0.6509737968444824,0.5450600385665894,0.41853606700897217,0.5381899674733479,0.0,0.0,1.0,0.2574546670651225,0.6573096058558042,0.689912417708845,0.0,0.0,0.0,0.0,0.0,0.0,0.5,0.5949562088544225,0.9382022471910112,0.0,0.9691011235955056,0.6249574186890183,,0.6336343288421631,927.0
C43→C44,癫痫监测预测干预→脑电频率识别分析,3,13,0.6365825533866882,0.605650007724762,0.3991665840148926,0.5471330483754475,0.0,0.0,1.0,0.2574546670651225,0.6381395033007632,0.6816510306132492,0.0,0.0,0.0,0.0,0.0,0.0,0.5,0.5908255153066246,0.7122302158273381,0.0,0.8561151079136691,0.6118205421653744,,0.5952668786048889,1413.0
C43→C5,癫痫监测预测干预→眼动脑电视觉分析,3,27,0.6604000329971313,0.5417660474777222,0.418340802192688,0.5401689608891804,0.0,0.0,1.0,0.2574546670651225,0.5322104001372527,0.6340222399966831,0.0,0.0,0.009009009009009009,0.0,0.0,-0.009009009009009009,0.49549561735676945,0.5647589286767263,0.8195050946142649,0.0,0.9097525473071324,0.6117374094716195,,0.5515623688697815,1418.0
C43→C6,癫痫监测预测干预→电极阵列植入制造,3,42,0.584579586982727,0.6199509501457214,0.43512529134750366,0.5465519428253174,0.0,0.0,1.0,0.2574546670651225,0.571474259607952,0.6520447205272389,0.0,0.0,0.0,0.0,0.0,0.0,0.5,0.5760223602636194,0.9067315490673155,0.0,0.9533657745336577,0.6251352000620358,,0.5582337379455566,922.0
C43→C7,癫痫监测预测干预→视觉刺激脑电分析,3,48,0.6713079214096069,0.5736600756645203,0.3764227628707886,0.5404635866483052,0.0,0.0,1.0,0.2574546670651225,0.7934048652653686,0.7449581506526499,0.0,0.0,0.0,0.06896551724137931,0.0,0.06896551724137931,0.5344281929745097,0.6396931718135799,0.9191073919107392,0.0,0.9595536959553697,0.6321411594177233,,0.5761451721191406,640.0
C43→C8,癫痫监测预测干预→神经刺激监测装置,3,128,0.6552795171737671,0.6694004535675049,0.37539005279541016,0.5666900078455607,0.0,0.0,1.0,0.2574546670651225,0.7415056039068469,0.724740999331685,0.0,0.0,0.009009009009009009,0.13793103448275862,0.0,0.12892202547374962,0.5641062381131012,0.6444236187223931,0.9955230399650579,0.0,0.9977615199825289,0.6573008316532454,,0.6488725543022156,44.0
C43→C9,癫痫监测预测干预→经颅聚焦刺激装置,3,47,0.6263117790222168,0.6472761631011963,0.4114688038825989,0.5616855820020039,0.0,0.0,1.0,0.2574546670651225,0.5980469930299713,0.6640030481329339,0.0,0.0,0.0,0.0,0.0,0.0,0.5,0.5820015240664669,0.9824984912492456,0.0,0.9912492456246228,0.6426923766461843,,0.6200741529464722,241.0
C44→C0,脑电频率识别分析→脑电情绪识别分析,3,58,0.7120797634124756,0.7146444320678711,0.3131079077720642,0.5799440344174703,0.0,0.0,0.9895833333333334,0.1980420515885557,0.5536726087522731,0.6706797600680416,0.0,0.0,0.02702702702702703,0.0,0.0,-0.02702702702702703,0.48648977588659537,0.5785847679773185,0.7784615384615384,0.25,0.7642307692307693,0.6149307291866133,,0.6764020919799805,1294.0
C44→C1,脑电频率识别分析→脑电特征提取分类,3,20,0.6672458648681641,0.6211325526237488,0.40057313442230225,0.5629838506380717,0.0,0.0,1.0,0.1980420515885557,0.6932301006799398,0.7291622023815932,0.0,0.0,0.0,0.0,0.0,0.0,0.5,0.6145811011907967,0.45263157894736844,,,,无高价值专利,0.5852550268173218,
C44→C10,脑电频率识别分析→神经信息分析诊断,3,36,0.61876380443573,0.6266062259674072,0.38509970903396606,0.543489913145701,0.0,0.0,1.0,0.1980420515885557,0.5811448339517777,0.6826995101968385,0.0,0.0,0.0,0.13793103448275862,0.0,0.13793103448275862,0.5685314644405662,0.6256154873187023,0.9879379666858128,0.0,0.9939689833429064,0.6374767300353216,,0.6168504953384399,392.0
C44→C11,脑电频率识别分析→睡眠脑电调控增强,3,51,0.6771293878555298,0.6901659965515137,0.3468509912490845,0.5713821252187093,0.0,0.0,1.0,0.1980420515885557,0.6835550559100223,0.7253239558332218,0.0,0.0,0.009009009009009009,0.0,0.0,-0.009009009009009009,0.49549561735676945,0.6104097865949957,0.949193066347878,0.0,0.974596533173939,0.6512629784019863,,0.6159470081329346,92.0
C44→C12,脑电频率识别分析→视觉脑电解码评估,3,30,0.6458880305290222,0.597675085067749,0.3933621644973755,0.5456417600313822,0.0,0.0,1.0,0.1980420515885557,0.7829175892646888,0.763100018479423,0.0,0.0,0.0,0.0,0.0,0.0,0.5,0.6315500092397115,0.6666666666666666,0.0,0.8333333333333333,0.613838011965731,,0.5785455703735352,1348.0
C44→C13,脑电频率识别分析→多模态神经交互评估,3,43,0.682910680770874,0.6706234216690063,0.359578013420105,0.5710373719533284,0.005813953488372093,0.0,0.9710144927536232,0.1980420515885557,0.6373326104204997,0.7065281075530444,0.0,0.0,0.009009009009009009,0.1724137931034483,0.0,0.1634047840944393,0.5809828937506275,0.643755500651836,0.8674772036474164,0.0,0.9337386018237082,0.6497911896854123,,0.6166911721229553,114.0
C44→C14,脑电频率识别分析→脑电信号采集处理,3,66,0.6852232813835144,0.6944331526756287,0.36109769344329834,0.5802513758341471,0.0,0.0,0.9886363636363636,0.1980420515885557,0.679455675419048,0.7236875099731905,0.0,0.0,0.009009009009009009,0.0,0.0,-0.009009009009009009,0.49549561735676945,0.60959156366498,0.7874493927125507,0.0,0.8937246963562753,0.6435434153283417,,0.6328463554382324,220.0
C44→C15,脑电频率识别分析→心理生理反馈调节,3,18,0.600514829158783,0.6081775426864624,0.4335784912109375,0.5474236210187275,0.0,0.0,1.0,0.1980420515885557,0.5865596100887834,0.6850407622625906,0.0,0.0,0.0,0.0,0.0,0.0,0.5,0.5925203811312953,0.8366666666666667,0.0,0.9183333333333333,0.6226888485547495,,0.5348300337791443,1029.0
C44→C16,脑电频率识别分析→事件相关电位检测,3,37,0.6624469757080078,0.624648928642273,0.3766876459121704,0.5545945167541504,0.0,0.0,1.0,0.1980420515885557,0.4632333326977074,0.6295723341104096,0.0,0.0,0.0,0.0,0.0,0.0,0.5,0.5647861670552048,0.9571865443425076,0.0,0.9785932721712538,0.6329398338552256,,0.5979491472244263,587.0
C44→C17,脑电频率识别分析→神经反馈刺激分析,3,58,0.679835855960846,0.6276410818099976,0.3546624183654785,0.5540464520454407,0.0,0.0,1.0,0.1980420515885557,0.6150229443551454,0.6971919762951276,0.0,0.0,0.0,0.27586206896551724,0.0,0.27586206896551724,0.6345355116007656,0.6658637439479467,0.9730941704035875,0.05263157894736842,0.9602312957281095,0.6459130790295688,,0.5999875068664551,173.0
C44→C18,脑电频率识别分析→神经刺激同步递送,3,31,0.6038165092468262,0.6657779216766357,0.3802608251571655,0.5499517520268757,0.0,0.0,1.0,0.1980420515885557,0.5368834240869825,0.6632213140204721,0.0,0.0,0.0,0.0,0.0,0.0,0.5,0.5816106570102361,0.9751098096632503,0.0,0.9875549048316252,0.6339430762821217,,0.6010710597038269,543.0
C44→C19,脑电频率识别分析→脑机接口交互控制,3,53,0.6558111906051636,0.6737297773361206,0.36022621393203735,0.5632557272911072,0.0,0.0,0.984375,0.1980420515885557,0.7533341408009894,0.7522380043138484,0.0,0.0,0.0,0.0,0.0,0.0,0.5,0.6261190021569242,0.7592997811816192,0.0,0.8796498905908097,0.632578897449859,,0.6024343967437744,619.0
C44→C2,脑电频率识别分析→柔性电极采集装置,3,70,0.586837112903595,0.6847378015518188,0.40379393100738525,0.558456281820933,0.0,0.0,1.0,0.1980420515885557,0.6073936135656598,0.6939609799946206,0.0,0.0,0.0,0.0,0.0,0.0,0.5,0.5969804899973103,0.8650602409638555,0.0,0.9325301204819277,0.6332898211307754,,0.6299084424972534,571.0
C44→C20,脑电频率识别分析→脑控轮椅交互系统,3,10,0.6009182929992676,0.5511220693588257,0.4131547808647156,0.5217317144076029,0.0,0.0,1.0,0.1980420515885557,0.50031249376726,0.6466945005500843,0.0,0.0,0.0,0.0,0.0,0.0,0.5,0.5733472502750421,0.5454545454545454,,,,无高价值专利,0.5089117288589478,
C44→C21,脑电频率识别分析→多模态脑电融合分析,3,46,0.6321724653244019,0.6258161067962646,0.37578535079956055,0.5445913076400757,0.0,0.0,0.9846153846153847,0.1980420515885557,0.3291122455290337,0.5651623735707546,0.0,0.0,0.018018018018018018,0.0,0.0,-0.018018018018018018,0.49099196578624643,0.5280771696785005,0.9682345754428833,0.0,0.9841172877214417,0.6209740927031371,,0.596388578414917,1087.0
C44→C22,脑电频率识别分析→脑机虚拟交互控制,3,18,0.6529965996742249,0.6661479473114014,0.4088732600212097,0.5760059356689453,0.0,0.0,1.0,0.1980420515885557,0.5586537376365586,0.672876355036135,0.0,0.0,0.0,0.0,0.0,0.0,0.5,0.5864381775180675,0.7864583333333334,0.0,0.8932291666666667,0.6366632951424405,,0.5656447410583496,421.0
C44→C23,脑电频率识别分析→生物信号虚拟交互,3,26,0.6150051355361938,0.6254520416259766,0.4267754554748535,0.5557442108790079,0.0,0.0,1.0,0.1980420515885557,0.5849439801948719,0.6843431694271255,0.0,0.0,0.009009009009009009,0.0,0.0,-0.009009009009009009,0.49549561735676945,0.5899193933919474,0.9470198675496688,0.0,0.9735099337748344,0.6370070984436838,,0.5658475160598755,405.0
C44→C24,脑电频率识别分析→闭环神经调控系统,3,24,0.6380645632743835,0.6327341198921204,0.4015212059020996,0.5574399630228678,0.0,0.0,1.0,0.1980420515885557,0.5622256589370602,0.6744468668702136,0.0,0.0,0.0,0.0,0.0,0.0,0.5,0.5872234334351067,0.9495841995841996,0.125,0.9122920997920998,0.6276062349109762,,0.6016610860824585,823.0
C44→C25,脑电频率识别分析→脑电信号模式识别,3,30,0.6737059354782104,0.6556456089019775,0.3864189386367798,0.5719234943389893,0.008403361344537815,0.0,1.0,0.1980420515885557,0.7095321562876163,0.7355527014737183,0.0,0.0,0.0,0.0,0.0,0.0,0.5,0.6177763507368592,0.872852233676976,,,,无高价值专利,0.6551601886749268,
C44→C26,脑电频率识别分析→神经刺激电极装置,3,43,0.613726019859314,0.6746193170547485,0.38454532623291016,0.5576302210489908,0.0,0.0,1.0,0.1980420515885557,0.578603280366496,0.6815973818499997,0.0,0.0,0.0,0.0,0.0,0.0,0.5,0.5907986909249998,0.9559055118110236,0.0,0.9779527559055118,0.6391715544675646,,0.6031335592269897,342.0
C44→C27,脑电频率识别分析→认知意识神经评估,3,31,0.6352216005325317,0.5903463363647461,0.36644601821899414,0.5306713183720906,0.011111111111111112,0.0,0.972972972972973,0.1980420515885557,0.8069023936113827,0.771662183436121,0.0,0.0,0.0,0.034482758620689655,0.0,0.034482758620689655,0.517234548877195,0.644448366156658,0.916256157635468,0.0,0.958128078817734,0.6257644299866785,,0.5967473983764648,892.0
C44→C28,脑电频率识别分析→脑波交互反馈系统,3,44,0.6699971556663513,0.6676942706108093,0.35917770862579346,0.5656230449676514,0.00641025641025641,0.0,1.0,0.1980420515885557,0.7644472515623096,0.7563571754630316,0.0,0.0,0.0,0.0,0.0,0.0,0.5,0.6281785877315158,0.7387755102040816,0.0,0.8693877551020408,0.6327886595064982,,0.5933544039726257,602.0
C44→C29,脑电频率识别分析→深部脑刺激调控,3,83,0.7142260074615479,0.728620707988739,0.33608102798461914,0.592975914478302,0.0,0.0,1.0,0.1980420515885557,0.6351596374162822,0.7056261843094507,0.0,0.0,0.0,0.0,0.0,0.0,0.5,0.6028130921547253,0.957544993077988,0.06666666666666667,0.9454391632056607,0.6597006657878209,,0.652300238609314,34.0
C44→C3,脑电频率识别分析→脑电状态检测评估,3,50,0.6740431785583496,0.6702249050140381,0.38074159622192383,0.5750032265981038,0.005714285714285714,0.0,1.0,0.1980420515885557,0.5131838629552182,0.6525537700047143,0.0,0.0,0.0,0.0,0.0,0.0,0.5,0.5762768850023572,0.9434650455927052,0.0,0.9717325227963526,0.6475892175074794,,0.6174595355987549,138.0
C44→C30,脑电频率识别分析→脑电神经反馈康复训练,3,27,0.6715813279151917,0.6396809816360474,0.3923438787460327,0.5678687294324238,0.009259259259259259,0.0,1.0,0.1980420515885557,0.5959707455919181,0.6890876395856786,0.0,0.0,0.009009009009009009,0.0,0.0,-0.009009009009009009,0.49549561735676945,0.5922916284712241,0.7529002320185615,0.3333333333333333,0.7097834493426142,0.5997789020451486,,0.5689871311187744,1624.0
C44→C31,脑电频率识别分析→植入式神经接口系统,3,22,0.5720986127853394,0.6634281873703003,0.43379533290863037,0.5564407110214233,0.0,0.0,1.0,0.1980420515885557,0.5840290770930134,0.6839477658258977,0.0,0.0,0.0,0.0,0.0,0.0,0.5,0.5919738829129488,1.0,0.0,1.0,0.6421163307361089,,0.5798311233520508,256.0
C44→C32,脑电频率识别分析→脑电信号评估分析,3,48,0.6919046640396118,0.6407061815261841,0.3609124422073364,0.5645077625910441,0.006172839506172839,0.0,0.9873417721518988,0.1980420515885557,0.5236597877749698,0.6572888195175318,0.0,0.0,0.018018018018018018,0.06896551724137931,0.0,0.050947499223361295,0.5254517321781959,0.5913702758478638,0.9023331524688009,0.0,0.9511665762344004,0.639564238615015,,0.6007002592086792,330.0
C44→C33,脑电频率识别分析→神经信号采集解码,3,67,0.6621124744415283,0.7022732496261597,0.3722333312034607,0.5788730184237162,0.0,0.0,0.9900990099009901,0.1980420515885557,0.6501304005657931,0.7118070585228712,0.0,0.0,0.018018018018018018,0.0,0.0,-0.018018018018018018,0.49099196578624643,0.6013995121545588,0.9439330543933054,0.0,0.9719665271966527,0.6544400887520854,,0.627964437007904,71.0
C44→C34,脑电频率识别分析→脑电图像生成与映射,3,39,0.6552459001541138,0.6436516046524048,0.3781548738479614,0.5590174595514933,0.0,0.0,0.9807692307692307,0.1980420515885557,0.5842642844359555,0.6840494433786642,0.0,0.0,0.009009009009009009,0.0,0.0,-0.009009009009009009,0.49549561735676945,0.5897725303677168,0.7593283582089553,0.0,0.8796641791044777,0.6235963709828943,,0.6028265357017517,996.0
C44→C35,脑电频率识别分析→神经刺激参数优化,3,56,0.6767908334732056,0.6729528307914734,0.3519648313522339,0.5672361652056376,0.0,0.0,1.0,0.1980420515885557,0.5508990447467422,0.6694534167356893,0.0,0.0,0.009009009009009009,0.0,0.0,-0.009009009009009009,0.49549561735676945,0.5824745170462293,0.9911555470101904,0.0,0.9955777735050952,0.6472840493882046,,0.6295844316482544,148.0
C44→C36,脑电频率识别分析→自适应神经刺激调控,3,15,0.6393073797225952,0.6652669310569763,0.37502944469451904,0.5598679184913635,0.0,0.0,1.0,0.1980420515885557,0.520118521467215,0.655691634017806,0.0,0.0,0.0,0.0,0.0,0.0,0.5,0.5778458170089029,0.9539347408829175,0.0,0.9769673704414588,0.6384261057105266,,0.6208563446998596,366.0
C44→C37,脑电频率识别分析→神经调节刺激控制,3,59,0.644629955291748,0.6577696800231934,0.3893609046936035,0.5639201800028483,0.0,0.0,1.0,0.1980420515885557,0.4658115066911082,0.6307740456833526,0.0,0.0,0.018018018018018018,0.0,0.0,-0.018018018018018018,0.49099196578624643,0.5608830057347995,0.992143511850203,0.0,0.9960717559251016,0.6415477424372629,,0.6114319562911987,267.0
C44→C38,脑电频率识别分析→事件相关电位分析,3,7,0.6415747404098511,0.5791516304016113,0.4073364734649658,0.5426876147588093,0.0,0.0,1.0,0.1980420515885557,0.5150485035655191,0.6533988183022388,0.0,0.0,0.0,0.0,0.0,0.0,0.5,0.5766994091511194,0.7263157894736842,,,,无高价值专利,0.5546245574951172,
C44→C39,脑电频率识别分析→脑活动监测与解码,3,35,0.6394893527030945,0.6235487461090088,0.3764033913612366,0.5464804967244465,0.0,0.0,1.0,0.1980420515885557,0.8267363689746892,0.7785762482685108,0.0,0.0,0.0,0.0,0.0,0.0,0.5,0.6392881241342554,0.8997214484679665,0.0,0.9498607242339833,0.6347440418663354,,0.5949478149414062,513.0
C44→C4,脑电频率识别分析→神经刺激调控系统,3,84,0.6746116876602173,0.6810938119888306,0.359142541885376,0.5716160138448079,0.0,0.00909090909090909,1.0,0.1980420515885557,0.5739366304571628,0.6795684226482765,0.0,0.0,0.0,0.034482758620689655,0.0,0.034482758620689655,0.517234548877195,0.5984014857627358,0.9646086282614311,0.0,0.9823043141307155,0.6507153516224505,,0.6255528926849365,98.0
C44→C40,脑电频率识别分析→脑电虚拟现实交互,3,5,0.6519487500190735,0.5879952907562256,0.40438467264175415,0.5481095711390177,0.0,0.0,1.0,0.1980420515885557,0.409545021537841,0.604202320662488,0.0,0.0,0.0,0.034482758620689655,0.0,0.034482758620689655,0.517234548877195,0.5607184347698415,0.6150442477876106,0.0,0.8075221238938053,0.5989263455691227,,0.5626422762870789,1631.0
C44→C41,脑电频率识别分析→脑电电极采集装置,3,40,0.5829323530197144,0.6614377498626709,0.4268198013305664,0.5570633014043171,0.008264462809917356,0.0,1.0,0.1980420515885557,0.4445427445021895,0.6208132268233892,0.0,0.0,0.0,0.034482758620689655,0.0,0.034482758620689655,0.517234548877195,0.5690238878502921,0.9487505294366794,0.0,0.9743752647183397,0.6346320981933272,,0.6146221160888672,518.0
C44→C42,脑电频率识别分析→脑电听觉调控降噪,3,20,0.6422462463378906,0.6370734572410583,0.39427679777145386,0.5578655004501343,0.0,0.0,1.0,0.1980420515885557,0.6573096058558042,0.714743529965777,0.0,0.0,0.0,0.0,0.0,0.0,0.5,0.6073717649828885,0.9382022471910112,0.0,0.9691011235955056,0.6405902245640546,,0.5845276117324829,297.0
C44→C43,脑电频率识别分析→癫痫监测预测干预,3,21,0.6365825533866882,0.605650007724762,0.3991665840148926,0.5471330483754475,0.0,0.0,1.0,0.1980420515885557,0.4366782007220494,0.6171035611839842,0.0,0.0,0.018018018018018018,0.0,0.0,-0.018018018018018018,0.49099196578624643,0.5540477634851153,0.9698535745047373,0.0,0.9849267872523686,0.6270993432004193,,0.5952668786048889,845.0
C44→C5,脑电频率识别分析→眼动脑电视觉分析,3,27,0.6616106033325195,0.5890998840332031,0.3887646198272705,0.5464917023976643,0.0,0.0,1.0,0.1980420515885557,0.5322104001372527,0.6611306178673246,0.0,0.0,0.009009009009009009,0.0,0.0,-0.009009009009009009,0.49549561735676945,0.5783131176120471,0.8195050946142649,0.0,0.9097525473071324,0.6182825415802657,,0.5726757049560547,1195.0
C44→C6,脑电频率识别分析→电极阵列植入制造,3,42,0.5429602861404419,0.6681755781173706,0.394512414932251,0.5352160930633545,0.0,0.0,1.0,0.1980420515885557,0.571474259607952,0.6784950876144409,0.0,0.0,0.0,0.0,0.0,0.0,0.5,0.5892475438072204,0.9067315490673155,0.0,0.9533657745336577,0.6194529570421411,,0.5964182019233704,1153.0
C44→C7,脑电频率识别分析→视觉刺激脑电分析,3,48,0.6822302937507629,0.6397048830986023,0.32680314779281616,0.5495794415473938,0.0,0.0,0.9830508474576272,0.1980420515885557,0.7934048652653686,0.7668708169836765,0.0,0.0,0.0,0.06896551724137931,0.0,0.06896551724137931,0.5344281929745097,0.6506495049790931,0.9191073919107392,0.0,0.9595536959553697,0.640263232699501,,0.6102811098098755,310.0
C44→C8,脑电频率识别分析→神经刺激监测装置,3,128,0.6682928800582886,0.6824930906295776,0.34021294116973877,0.5636663039525349,0.0,0.0,0.9932885906040269,0.1980420515885557,0.7415056039068469,0.7478026338400511,0.0,0.0,0.009009009009009009,0.13793103448275862,0.0,0.12892202547374962,0.5641062381131012,0.6559544359765761,0.9955230399650579,0.0,0.9977615199825289,0.657030624164282,,0.6505863666534424,46.0
C44→C9,脑电频率识别分析→经颅聚焦刺激装置,3,47,0.6396439075469971,0.6758716106414795,0.38062936067581177,0.5653816262880961,0.0,0.0,1.0,0.1980420515885557,0.5980469930299713,0.6899765951681105,0.0,0.0,0.0,0.0,0.0,0.0,0.5,0.5949882975840552,0.9824984912492456,0.0,0.9912492456246228,0.647351719632153,,0.6254415512084961,146.0
C5→C0,眼动脑电视觉分析→脑电情绪识别分析,21,58,0.6975739002227783,0.6492215991020203,0.3575643301010132,0.5681199431419373,0.010638297872340425,0.0,0.9917355371900827,0.6545694918901592,0.5536726087522731,0.44972205561040435,0.0,0.0,0.02702702702702703,0.0,0.0,-0.02702702702702703,0.48648977588659537,0.46810591574849986,0.7784615384615384,0.25,0.7642307692307693,0.5868725188039203,,0.6240021586418152,1710.0
C5→C1,眼动脑电视觉分析→脑电特征提取分类,21,20,0.659844160079956,0.5997748374938965,0.4168180823326111,0.5588123599688212,0.007042253521126761,0.0,0.9827586206896551,0.6545694918901592,0.6932301006799398,0.5193206795165471,0.0,0.0,0.0,0.0,0.0,0.0,0.5,0.5096603397582735,0.45263157894736844,,,,无高价值专利,0.5942493081092834,
C5→C10,眼动脑电视觉分析→神经信息分析诊断,21,36,0.642805278301239,0.5826815366744995,0.39326274394989014,0.5395831863085429,0.0,0.0,1.0,0.6545694918901592,0.5811448339517777,0.4633535033316404,0.0,0.0,0.0,0.13793103448275862,0.0,0.13793103448275862,0.5685314644405662,0.5159424838861033,0.9879379666858128,0.0,0.9939689833429064,0.617168341361573,,0.5899897813796997,1229.0
C5→C11,眼动脑电视觉分析→睡眠脑电调控增强,21,51,0.6821843385696411,0.6388794779777527,0.37851613759994507,0.5665266513824463,0.008888888888888889,0.02631578947368421,0.989247311827957,0.6545694918901592,0.6835550559100223,0.5144887246074528,0.0,0.0,0.009009009009009009,0.0,0.0,-0.009009009009009009,0.49549561735676945,0.5049921709821111,0.949193066347878,0.0,0.974596533173939,0.6303425318743708,,0.595029354095459,712.0
C5→C12,眼动脑电视觉分析→视觉脑电解码评估,21,30,0.6883977651596069,0.6481956243515015,0.3721250295639038,0.5695728063583374,0.012269938650306749,0.0,0.9841269841269842,0.6545694918901592,0.7829175892646888,0.5638239705649406,0.0,0.0,0.0,0.0,0.0,0.0,0.5,0.5319119852824703,0.6666666666666666,0.0,0.8333333333333333,0.6123529690005262,,0.5991562008857727,1395.0
C5→C13,眼动脑电视觉分析→多模态神经交互评估,21,43,0.6975130438804626,0.6815664768218994,0.36193937063217163,0.5803396304448445,0.004291845493562232,0.036585365853658534,1.0,0.6545694918901592,0.6373326104204997,0.4913824127056242,0.0,0.0,0.009009009009009009,0.1724137931034483,0.0,0.1634047840944393,0.5809828937506275,0.5361826532281259,0.8674772036474164,0.0,0.9337386018237082,0.6378447231311749,,0.6154466867446899,382.0
C5→C14,眼动脑电视觉分析→脑电信号采集处理,21,66,0.6910293102264404,0.6475157737731934,0.37645286321640015,0.5716659824053446,0.006944444444444444,0.009523809523809525,0.9821428571428571,0.6545694918901592,0.679455675419048,0.51244052363994,0.0,0.0,0.009009009009009009,0.0,0.0,-0.009009009009009009,0.49549561735676945,0.5039680704983547,0.7874493927125507,0.0,0.8937246963562753,0.6194954182368791,,0.5994569063186646,1148.0
C5→C15,眼动脑电视觉分析→心理生理反馈调节,21,18,0.6310032606124878,0.6344623565673828,0.40591132640838623,0.5571256478627522,0.0,0.0,1.0,0.6545694918901592,0.5865596100887834,0.4660473904645954,0.0,0.0,0.0,0.0,0.0,0.0,0.5,0.4830236952322977,0.8366666666666667,0.0,0.9183333333333333,0.6106317916278954,,0.5836817026138306,1447.0
C5→C16,眼动脑电视觉分析→事件相关电位检测,21,37,0.6888258457183838,0.6257431507110596,0.33850497007369995,0.5510246555010477,0.005319148936170213,0.018867924528301886,0.9705882352941176,0.6545694918901592,0.4632333326977074,0.4054825283943844,0.0,0.0,0.0,0.0,0.0,0.0,0.5,0.4527412641971922,0.9571865443425076,0.0,0.9785932721712538,0.6117684571110393,,0.6088857054710388,1416.0
C5→C17,眼动脑电视觉分析→神经反馈刺激分析,21,58,0.6881719827651978,0.6618970036506653,0.3888593912124634,0.5796427925427754,0.009216589861751152,0.02040816326530612,1.0,0.6545694918901592,0.6150229443551454,0.48023702778971533,0.0,0.0,0.0,0.27586206896551724,0.0,0.27586206896551724,0.6345355116007656,0.5573862696952405,0.9730941704035875,0.05263157894736842,0.9602312957281095,0.6455787157988392,,0.6051419973373413,178.0
C5→C18,眼动脑电视觉分析→神经刺激同步递送,21,31,0.613756537437439,0.5870115756988525,0.4231293797492981,0.5412991642951965,0.006289308176100629,0.0,1.0,0.6545694918901592,0.5368834240869825,0.44142712837710524,0.0,0.0,0.0,0.0,0.0,0.0,0.5,0.4707135641885526,0.9751098096632503,0.0,0.9875549048316252,0.6097971775297759,,0.5566232800483704,1471.0
C5→C19,眼动脑电视觉分析→脑机接口交互控制,21,53,0.6739657521247864,0.6510410308837891,0.3813449740409851,0.5687839190165201,0.008620689655172414,0.011111111111111112,1.0,0.6545694918901592,0.7533341408009894,0.5492223825831878,0.0,0.0,0.0,0.0,0.0,0.0,0.5,0.5246111912915938,0.7592997811816192,0.0,0.8796498905908097,0.6187789500752847,,0.6106487512588501,1176.0
C5→C2,眼动脑电视觉分析→柔性电极采集装置,21,70,0.5878106951713562,0.5782034397125244,0.4542161226272583,0.5400767525037129,0.0,0.0,1.0,0.6545694918901592,0.6073936135656598,0.476429544092657,0.0,0.0,0.0,0.0,0.0,0.0,0.5,0.48821477204632846,0.8650602409638555,0.0,0.9325301204819277,0.6026535695545122,,0.5769197940826416,1590.0
C5→C20,眼动脑电视觉分析→脑控轮椅交互系统,21,10,0.6399967074394226,0.5417143702507019,0.4152337312698364,0.5323149363199869,0.0,0.0,1.0,0.6545694918901592,0.50031249376726,0.4234774969070503,0.0,0.0,0.0,0.0,0.0,0.0,0.5,0.46173874845352514,0.5454545454545454,,,,无高价值专利,0.5252495408058167,
C5→C21,眼动脑电视觉分析→多模态脑电融合分析,21,46,0.665661096572876,0.614474892616272,0.39882445335388184,0.5596534808476765,0.004545454545454545,0.0,0.9888888888888889,0.6545694918901592,0.3291122455290337,0.3427834880814388,0.0,0.0,0.018018018018018018,0.0,0.0,-0.018018018018018018,0.49099196578624643,0.41688772693384263,0.9682345754428833,0.0,0.9841172877214417,0.6122311227950775,,0.6019271612167358,1408.0
C5→C22,眼动脑电视觉分析→脑机虚拟交互控制,21,18,0.6793444156646729,0.641785204410553,0.38363611698150635,0.5682552456855774,0.0,0.0,1.0,0.6545694918901592,0.5586537376365586,0.45218865181632695,0.0,0.0,0.0,0.0,0.0,0.0,0.5,0.4760943259081635,0.7864583333333334,0.0,0.8932291666666667,0.6122326654065948,,0.5849137306213379,1407.0
C5→C23,眼动脑电视觉分析→生物信号虚拟交互,21,26,0.6293375492095947,0.632591187953949,0.4420912265777588,0.5680066545804341,0.0,0.0,1.0,0.6545694918901592,0.5849439801948719,0.4652433893545826,0.0,0.0,0.009009009009009009,0.0,0.0,-0.009009009009009009,0.49549561735676945,0.480369503355676,0.9470198675496688,0.0,0.9735099337748344,0.6269189732961199,,0.5840778946876526,852.0
C5→C24,眼动脑电视觉分析→闭环神经调控系统,21,24,0.644943118095398,0.5478273630142212,0.3857678771018982,0.5261794527371724,0.0,0.0,0.9821428571428571,0.6545694918901592,0.5622256589370602,0.4539588792826572,0.0,0.0,0.0,0.0,0.0,0.0,0.5,0.4769794396413286,0.9495841995841996,0.125,0.9122920997920998,0.5880079369422256,,0.559733510017395,1697.0
C5→C25,眼动脑电视觉分析→脑电信号模式识别,21,30,0.6774415373802185,0.5977418422698975,0.3968409299850464,0.5573414365450541,0.0111731843575419,0.01818181818181818,1.0,0.6545694918901592,0.7095321562876163,0.527453692861564,0.0,0.0,0.0,0.0,0.0,0.0,0.5,0.513726846430782,0.872852233676976,,,,无高价值专利,0.6046320796012878,
C5→C26,眼动脑电视觉分析→神经刺激电极装置,21,43,0.6052128076553345,0.5494605302810669,0.44479358196258545,0.5331556399663289,0.0,0.0,1.0,0.6545694918901592,0.578603280366496,0.46208979110052584,0.0,0.0,0.0,0.0,0.0,0.0,0.5,0.4810448955502629,0.9559055118110236,0.0,0.9779527559055118,0.6043969213738319,,0.5555533170700073,1563.0
C5→C27,眼动脑电视觉分析→认知意识神经评估,21,31,0.6804838180541992,0.6391035318374634,0.3737180829048157,0.5644351442654927,0.0,0.018867924528301886,0.9838709677419355,0.6545694918901592,0.8069023936113827,0.5755827131462754,0.0,0.0,0.0,0.034482758620689655,0.0,0.034482758620689655,0.517234548877195,0.5464086310117352,0.916256157635468,0.0,0.958128078817734,0.6331659410432662,,0.6184717416763306,578.0
C5→C28,眼动脑电视觉分析→脑波交互反馈系统,21,44,0.6982724666595459,0.6361364722251892,0.3886743187904358,0.5743610858917236,0.004608294930875576,0.0,1.0,0.6545694918901592,0.7644472515623096,0.5547188477637522,0.0,0.0,0.0,0.0,0.0,0.0,0.5,0.5273594238818762,0.7387755102040816,0.0,0.8693877551020408,0.6210779740028001,,0.6111524105072021,1085.0
C5→C29,眼动脑电视觉分析→深部脑刺激调控,21,83,0.6858959197998047,0.6208333373069763,0.3767235279083252,0.5611509283383687,0.0,0.0,0.9922480620155039,0.6545694918901592,0.6351596374162822,0.49029629133211755,0.0,0.0,0.0,0.0,0.0,0.0,0.5,0.4951481456660588,0.957544993077988,0.06666666666666667,0.9454391632056607,0.6200856013385286,,0.5952266454696655,1128.0
C5→C3,眼动脑电视觉分析→脑电状态检测评估,21,50,0.7034724354743958,0.622501015663147,0.37842679023742676,0.5681334137916565,0.00851063829787234,0.0,1.0,0.6545694918901592,0.5131838629552182,0.42977449662584344,0.0,0.0,0.0,0.0,0.0,0.0,0.5,0.4648872483129217,0.9434650455927052,0.0,0.9717325227963526,0.6240148669418247,,0.6211292743682861,967.0
C5→C30,眼动脑电视觉分析→脑电神经反馈康复训练,21,27,0.6735986471176147,0.5894577503204346,0.39083993434906006,0.5512987772623698,0.005917159763313609,0.0,1.0,0.6545694918901592,0.5959707455919181,0.47073411704214085,0.0,0.0,0.009009009009009009,0.0,0.0,-0.009009009009009009,0.49549561735676945,0.4831148671994552,0.7529002320185615,0.3333333333333333,0.7097834493426142,0.5689336085595711,,0.5920321345329285,1767.0
C5→C31,眼动脑电视觉分析→植入式神经接口系统,21,22,0.5840311050415039,0.5720088481903076,0.4692602753639221,0.5417667428652445,0.0,0.0,1.0,0.6545694918901592,0.5840290770930134,0.4647881773272961,0.0,0.0,0.0,0.0,0.0,0.0,0.5,0.4823940886636481,1.0,0.0,1.0,0.6141307969093596,,0.5410516262054443,1333.0
C5→C32,眼动脑电视觉分析→脑电信号评估分析,21,48,0.7120833396911621,0.6599339246749878,0.340335488319397,0.5707842508951823,0.03225806451612903,0.020833333333333332,0.9393939393939394,0.6545694918901592,0.5236597877749698,0.4349165100682206,0.0,0.0,0.018018018018018018,0.06896551724137931,0.0,0.050947499223361295,0.5254517321781959,0.4801841211232082,0.9023331524688009,0.0,0.9511665762344004,0.6248411344606285,,0.634294867515564,934.0
C5→C33,眼动脑电视觉分析→神经信号采集解码,21,67,0.6744064092636108,0.6119902729988098,0.379852294921875,0.5554163257280985,0.0038314176245210726,0.0,0.984,0.6545694918901592,0.6501304005657931,0.49778046891681116,0.0,0.0,0.018018018018018018,0.0,0.0,-0.018018018018018018,0.49099196578624643,0.49438621735152877,0.9439330543933054,0.0,0.9719665271966527,0.6206611602633465,,0.5874204635620117,1106.0
C5→C34,眼动脑电视觉分析→脑电图像生成与映射,21,39,0.6903951168060303,0.6232091784477234,0.3948192596435547,0.5694745182991028,0.005025125628140704,0.016666666666666666,1.0,0.6545694918901592,0.5842642844359555,0.4649051996807741,0.0,0.0,0.009009009009009009,0.0,0.0,-0.009009009009009009,0.49549561735676945,0.48020040851877177,0.7593283582089553,0.0,0.8796641791044777,0.6113231539272886,,0.5964263677597046,1428.0
C5→C35,眼动脑电视觉分析→神经刺激参数优化,21,56,0.6620846390724182,0.5679357647895813,0.40721893310546875,0.5457464456558228,0.0,0.0,1.0,0.6545694918901592,0.5508990447467422,0.44834968230700967,0.0,0.0,0.009009009009009009,0.0,0.0,-0.009009009009009009,0.49549561735676945,0.4719226498318896,0.9911555470101904,0.0,0.9955777735050952,0.6143471464225515,,0.5891945362091064,1325.0
C5→C36,眼动脑电视觉分析→自适应神经刺激调控,21,15,0.6415635347366333,0.5540366172790527,0.41099971532821655,0.5355332891146342,0.0,0.0,1.0,0.6545694918901592,0.520118521467215,0.43317668679029325,0.0,0.0,0.0,0.0,0.0,0.0,0.5,0.46658834339514665,0.9539347408829175,0.0,0.9769673704414588,0.6034389027157715,,0.5602051019668579,1573.0
C5→C37,眼动脑电视觉分析→神经调节刺激控制,21,59,0.6380528211593628,0.5633718967437744,0.4111747741699219,0.537533164024353,0.008547008547008548,0.0,0.9908256880733946,0.6545694918901592,0.4658115066911082,0.4067261542301749,0.0,0.0,0.018018018018018018,0.0,0.0,-0.018018018018018018,0.49099196578624643,0.44885906000821063,0.992143511850203,0.0,0.9960717559251016,0.605020348532182,,0.5784491300582886,1552.0
C5→C38,眼动脑电视觉分析→事件相关电位分析,21,7,0.6576800346374512,0.5368733406066895,0.38185685873031616,0.5254700779914856,0.0,0.0,0.9743589743589743,0.6545694918901592,0.5150485035655191,0.4306886638805756,0.0,0.0,0.0,0.0,0.0,0.0,0.5,0.4653443319402878,0.7263157894736842,,,,无高价值专利,0.5769529938697815,
C5→C39,眼动脑电视觉分析→脑活动监测与解码,21,35,0.6782406568527222,0.5956993103027344,0.3913382291793823,0.5550927321116129,0.006493506493506494,0.022222222222222223,1.0,0.6545694918901592,0.8267363689746892,0.585242858033681,0.0,0.0,0.0,0.0,0.0,0.0,0.5,0.5426214290168405,0.8997214484679665,0.0,0.9498607242339833,0.6248431096164887,,0.5754709243774414,932.0
C5→C4,眼动脑电视觉分析→神经刺激调控系统,21,84,0.6631038188934326,0.6169068217277527,0.3798712491989136,0.5532939632733662,0.01282051282051282,0.007936507936507936,1.0,0.6545694918901592,0.5739366304571628,0.4597707172008308,0.0,0.0,0.0,0.034482758620689655,0.0,0.034482758620689655,0.517234548877195,0.48850263303901287,0.9646086282614311,0.0,0.9823043141307155,0.6199887796673934,,0.5954958200454712,1132.0
C5→C40,眼动脑电视觉分析→脑电虚拟现实交互,21,5,0.686070442199707,0.6081684231758118,0.3679988384246826,0.5540792346000671,0.0,0.0,1.0,0.6545694918901592,0.409545021537841,0.37988203854535313,0.0,0.0,0.0,0.034482758620689655,0.0,0.034482758620689655,0.517234548877195,0.4485582937112741,0.6150442477876106,0.0,0.8075221238938053,0.5825565696644636,,0.5910542607307434,1731.0
C5→C41,眼动脑电视觉分析→脑电电极采集装置,21,40,0.5960474014282227,0.5929843187332153,0.47523200511932373,0.5547545750935872,0.0,0.0,1.0,0.6545694918901592,0.4445427445021895,0.39650394937610184,0.0,0.0,0.0,0.034482758620689655,0.0,0.034482758620689655,0.517234548877195,0.4568692491266484,0.9487505294366794,0.0,0.9743752647183397,0.6142343094222049,,0.5722375512123108,1328.0
C5→C42,眼动脑电视觉分析→脑电听觉调控降噪,21,20,0.6547526121139526,0.617672860622406,0.4085031747817993,0.5603095491727192,0.0,0.0,1.0,0.6545694918901592,0.6573096058558042,0.5013700535539343,0.0,0.0,0.0,0.0,0.0,0.0,0.5,0.5006850267769671,0.9382022471910112,0.0,0.9691011235955056,0.6245201803850792,,0.6079745292663574,948.0
C5→C43,眼动脑电视觉分析→癫痫监测预测干预,21,21,0.6604000329971313,0.5417660474777222,0.418340802192688,0.5401689608891804,0.0,0.0,1.0,0.6545694918901592,0.4366782007220494,0.39274635300103,0.0,0.0,0.018018018018018018,0.0,0.0,-0.018018018018018018,0.49099196578624643,0.44186915939363824,0.9698535745047373,0.0,0.9849267872523686,0.6037407968345577,,0.5515623688697815,1570.0
C5→C44,眼动脑电视觉分析→脑电频率识别分析,21,13,0.6616106033325195,0.5890998840332031,0.3887646198272705,0.5464917023976643,0.0,0.0,1.0,0.6545694918901592,0.6381395033007632,0.49178574482307147,0.0,0.0,0.0,0.0,0.0,0.0,0.5,0.49589287241153573,0.7122302158273381,0.0,0.8561151079136691,0.5950176482630471,,0.5726757049560547,1659.0
C5→C6,眼动脑电视觉分析→电极阵列植入制造,21,42,0.5567880868911743,0.5578508377075195,0.46299970149993896,0.5258795420328776,0.0,0.0,1.0,0.6545694918901592,0.571474259607952,0.45854774671973336,0.0,0.0,0.0,0.0,0.0,0.0,0.5,0.4792738733598667,0.9067315490673155,0.0,0.9533657745336577,0.595078903018538,,0.5439169406890869,1658.0
C5→C7,眼动脑电视觉分析→视觉刺激脑电分析,21,48,0.7015523910522461,0.6862144470214844,0.3554759621620178,0.581080933411916,0.015706806282722512,0.0,0.9759036144578314,0.6545694918901592,0.7934048652653686,0.5689750842119281,0.0,0.0,0.0,0.06896551724137931,0.0,0.06896551724137931,0.5344281929745097,0.551701638593219,0.9191073919107392,0.0,0.9595536959553697,0.6454537313281439,,0.6187601089477539,181.0
C5→C8,眼动脑电视觉分析→神经刺激监测装置,21,128,0.6654029488563538,0.6274551153182983,0.37948179244995117,0.5574466188748677,0.0,0.005952380952380952,1.0,0.6545694918901592,0.7415056039068469,0.5433588771675938,0.0,0.0,0.009009009009009009,0.13793103448275862,0.0,0.12892202547374962,0.5641062381131012,0.5537325576403476,0.9955230399650579,0.0,0.9977615199825289,0.6362239621909254,,0.5985840559005737,445.0
C5→C9,眼动脑电视觉分析→经颅聚焦刺激装置,21,47,0.6192522048950195,0.5515561103820801,0.4266641139984131,0.5324908097585042,0.0,0.0,1.0,0.6545694918901592,0.5980469930299713,0.47176880843848645,0.0,0.0,0.0,0.0,0.0,0.0,0.5,0.4858844042192432,0.9824984912492456,0.0,0.9912492456246228,0.6069364056945982,,0.5623756647109985,1525.0
C6→C0,电极阵列植入制造→脑电情绪识别分析,19,58,0.562351644039154,0.6818606853485107,0.4119107723236084,0.5520410339037577,0.0,0.011627906976744186,1.0,0.6029735396396476,0.5536726087522731,0.47536948681574215,0.0,0.0,0.02702702702702703,0.0,0.0,-0.02702702702702703,0.48648977588659537,0.48092963135116873,0.7784615384615384,0.25,0.7642307692307693,0.5792431922334897,,0.5965293645858765,1746.0
C6→C1,电极阵列植入制造→脑电特征提取分类,19,20,0.5517072677612305,0.6338223218917847,0.467756986618042,0.5510955254236857,0.0,0.029411764705882353,1.0,0.6029735396396476,0.6932301006799398,0.5450061364738431,0.0,0.0,0.0,0.0,0.0,0.0,0.5,0.5225030682369216,0.45263157894736844,,,,无高价值专利,0.5666831731796265,
C6→C10,电极阵列植入制造→神经信息分析诊断,19,36,0.591201901435852,0.667275607585907,0.4327824115753174,0.5637533068656921,0.0,0.0,1.0,0.6029735396396476,0.5811448339517777,0.4890873803610868,0.0,0.0,0.0,0.13793103448275862,0.0,0.13793103448275862,0.5685314644405662,0.5288094224008265,0.9879379666858128,0.0,0.9939689833429064,0.6357643140526018,,0.5932914614677429,463.0
C6→C11,电极阵列植入制造→睡眠脑电调控增强,19,51,0.5759092569351196,0.6544221043586731,0.43148016929626465,0.5539371768633524,0.0,0.012658227848101266,1.0,0.6029735396396476,0.6835550559100223,0.5402037763060383,0.0,0.0,0.009009009009009009,0.0,0.0,-0.009009009009009009,0.49549561735676945,0.5178496968314039,0.949193066347878,0.0,0.974596533173939,0.6240563218032547,,0.5831263065338135,965.0
C6→C12,电极阵列植入制造→视觉脑电解码评估,19,30,0.5473238229751587,0.5981823801994324,0.4610295295715332,0.5355119109153748,0.0,0.0,1.0,0.6029735396396476,0.7829175892646888,0.5890133457727167,0.0,0.0,0.0,0.0,0.0,0.0,0.5,0.5445066728863583,0.6666666666666666,0.0,0.8333333333333333,0.5922826336972398,,0.5307472944259644,1672.0
C6→C13,电极阵列植入制造→多模态神经交互评估,19,43,0.5851582288742065,0.6719896793365479,0.4362297058105469,0.5644592046737671,0.0,0.0,1.0,0.6029735396396476,0.6373326104204997,0.5171727781721552,0.0,0.0,0.009009009009009009,0.1724137931034483,0.0,0.1634047840944393,0.5809828937506275,0.5490778359613914,0.8674772036474164,0.0,0.9337386018237082,0.6295097981035952,,0.5983180403709412,743.0
C6→C14,电极阵列植入制造→脑电信号采集处理,19,66,0.6202255487442017,0.689750075340271,0.3988431692123413,0.5696062644322712,0.0038910505836575876,0.009345794392523364,1.0,0.6029735396396476,0.679455675419048,0.5381666780160249,0.0,0.0,0.009009009009009009,0.0,0.0,-0.009009009009009009,0.49549561735676945,0.5168311476863972,0.7874493927125507,0.0,0.8937246963562753,0.620424543382317,,0.6196155548095703,1114.0
C6→C15,电极阵列植入制造→心理生理反馈调节,19,18,0.5283806920051575,0.6140878200531006,0.47509676218032837,0.5391884247461954,0.0,0.023809523809523808,1.0,0.6029735396396476,0.5865596100887834,0.4917937721773198,0.0,0.0,0.0,0.0,0.0,0.0,0.5,0.4958968860886599,0.8366666666666667,0.0,0.9183333333333333,0.6009528277916096,,0.534198522567749,1611.0
C6→C16,电极阵列植入制造→事件相关电位检测,19,37,0.54933762550354,0.6067607402801514,0.4438013434410095,0.5332999030749003,0.0,0.0,1.0,0.6029735396396476,0.4632333326977074,0.43058116411978004,0.0,0.0,0.0,0.0,0.0,0.0,0.5,0.46529058205989005,0.9571865443425076,0.0,0.9785932721712538,0.6019824201274675,,0.5726946592330933,1595.0
C6→C17,电极阵列植入制造→神经反馈刺激分析,19,58,0.5841583013534546,0.6494936943054199,0.4035137891769409,0.5457219282786051,0.0,0.009900990099009901,1.0,0.6029735396396476,0.6150229443551454,0.5060244108028764,0.0,0.0,0.0,0.27586206896551724,0.0,0.27586206896551724,0.6345355116007656,0.570279961201821,0.9730941704035875,0.05263157894736842,0.9602312957281095,0.6247488365409364,,0.5938451886177063,938.0
C6→C18,电极阵列植入制造→神经刺激同步递送,19,31,0.6100643277168274,0.6982601881027222,0.38459938764572144,0.564307967821757,0.0,0.01639344262295082,1.0,0.6029735396396476,0.5368834240869825,0.46700297085143283,0.0,0.0,0.0,0.0,0.0,0.0,0.5,0.4835014854257164,0.9751098096632503,0.0,0.9875549048316252,0.6274071151626971,,0.6121877431869507,832.0
C6→C19,电极阵列植入制造→脑机接口交互控制,19,53,0.6143818497657776,0.6354161500930786,0.4108816385269165,0.5535598794619242,0.0,0.02197802197802198,1.0,0.6029735396396476,0.7533341408009894,0.5746188112412924,0.0,0.0,0.0,0.0,0.0,0.0,0.5,0.5373094056206462,0.7592997811816192,0.0,0.8796498905908097,0.6109838282348695,,0.612083911895752,1438.0
C6→C2,电极阵列植入制造→柔性电极采集装置,19,70,0.6744039058685303,0.777178943157196,0.34498918056488037,0.5988573431968689,0.004672897196261682,0.023809523809523808,1.0,0.6029735396396476,0.6073936135656598,0.5022100225705818,0.0,0.0,0.0,0.0,0.0,0.0,0.5,0.5011050112852908,0.8650602409638555,0.0,0.9325301204819277,0.6435132348640266,,0.6907012462615967,222.0
C6→C20,电极阵列植入制造→脑控轮椅交互系统,19,10,0.5294888019561768,0.5821361541748047,0.48069459199905396,0.5307731827100117,0.0,0.0,1.0,0.6029735396396476,0.50031249376726,0.44884904917158513,0.0,0.0,0.0,0.0,0.0,0.0,0.5,0.47442452458579254,0.5454545454545454,,,,无高价值专利,0.5466864109039307,
C6→C21,电极阵列植入制造→多模态脑电融合分析,19,46,0.5642653703689575,0.6462303400039673,0.439073383808136,0.5498563647270203,0.0,0.0,1.0,0.6029735396396476,0.3291122455290337,0.366392947159084,0.0,0.0,0.018018018018018018,0.0,0.0,-0.018018018018018018,0.49099196578624643,0.4286924564726652,0.9682345754428833,0.0,0.9841172877214417,0.6078144606470802,,0.5798498392105103,1511.0
C6→C22,电极阵列植入制造→脑机虚拟交互控制,19,18,0.5757389068603516,0.6289011240005493,0.4692898392677307,0.5579766233762105,0.0,0.027777777777777776,1.0,0.6029735396396476,0.5586537376365586,0.47785459676483344,0.0,0.0,0.0,0.0,0.0,0.0,0.5,0.4889272983824167,0.7864583333333334,0.0,0.8932291666666667,0.6078277003650002,,0.5337008237838745,1509.0
C6→C23,电极阵列植入制造→生物信号虚拟交互,19,26,0.5673488974571228,0.6116486191749573,0.41301608085632324,0.530671199162801,0.0,0.0,0.9814814814814815,0.6029735396396476,0.5849439801948719,0.49098619694711804,0.0,0.0,0.009009009009009009,0.0,0.0,-0.009009009009009009,0.49549561735676945,0.49324090715194374,0.9470198675496688,0.0,0.9735099337748344,0.603984579832567,,0.5519508123397827,1566.0
C6→C24,电极阵列植入制造→闭环神经调控系统,19,24,0.6063936948776245,0.6882959604263306,0.4166458249092102,0.5704451600710551,0.0,0.0,1.0,0.6029735396396476,0.5622256589370602,0.4796373283920208,0.0,0.0,0.0,0.0,0.0,0.0,0.5,0.4898186641960104,0.9495841995841996,0.125,0.9122920997920998,0.6194828260660006,,0.6198828816413879,1150.0
C6→C25,电极阵列植入制造→脑电信号模式识别,19,30,0.5729351043701172,0.7094413042068481,0.43113040924072266,0.5711689392725626,0.0,0.03571428571428571,1.0,0.6029735396396476,0.7095321562876163,0.5530785624984405,0.0,0.0,0.0,0.0,0.0,0.0,0.5,0.5265392812492202,0.872852233676976,,,,无高价值专利,0.5936389565467834,
C6→C26,电极阵列植入制造→神经刺激电极装置,19,43,0.6826958656311035,0.7957354784011841,0.34505224227905273,0.60782786210378,0.007194244604316547,0.0,1.0,0.6029735396396476,0.578603280366496,0.4878172820787233,0.0,0.0,0.0,0.0,0.0,0.0,0.5,0.49390864103936166,0.9559055118110236,0.0,0.9779527559055118,0.6561499952141572,,0.675871729850769,57.0
C6→C27,电极阵列植入制造→认知意识神经评估,19,31,0.5532252788543701,0.5892271995544434,0.4519638419151306,0.531472106774648,0.0,0.0,1.0,0.6029735396396476,0.8069023936113827,0.6005740863307226,0.0,0.0,0.0,0.034482758620689655,0.0,0.034482758620689655,0.517234548877195,0.5589043176039588,0.916256157635468,0.0,0.958128078817734,0.6127371746479172,,0.5463844537734985,1379.0
C6→C28,电极阵列植入制造→脑波交互反馈系统,19,44,0.5814113020896912,0.6339595317840576,0.4288759231567383,0.5480822523434956,0.0,0.0273972602739726,1.0,0.6029735396396476,0.7644472515623096,0.58004239350311,0.0,0.0,0.0,0.0,0.0,0.0,0.5,0.540021196751555,0.7387755102040816,0.0,0.8693877551020408,0.606052511806055,,0.5805835723876953,1540.0
C6→C29,电极阵列植入制造→深部脑刺激调控,19,83,0.6230100393295288,0.7218121886253357,0.38052839040756226,0.5751168727874756,0.0035714285714285713,0.017699115044247787,1.0,0.6029735396396476,0.6351596374162822,0.5160874940195339,0.0,0.0,0.0,0.0,0.0,0.0,0.5,0.508043747009767,0.957544993077988,0.06666666666666667,0.9454391632056607,0.6315469456774583,,0.6313225030899048,661.0
C6→C3,电极阵列植入制造→脑电状态检测评估,19,50,0.5646148920059204,0.6603125333786011,0.45041394233703613,0.5584471225738525,0.0,0.0,1.0,0.6029735396396476,0.5131838629552182,0.4552254240212868,0.0,0.0,0.0,0.0,0.0,0.0,0.5,0.47761271201064337,0.9434650455927052,0.0,0.9717325227963526,0.6197920125550597,,0.5740169286727905,1137.0
C6→C30,电极阵列植入制造→脑电神经反馈康复训练,19,27,0.5659093260765076,0.6245408058166504,0.45852386951446533,0.5496580004692078,0.0,0.015384615384615385,1.0,0.6029735396396476,0.5959707455919181,0.4964986602101607,0.0,0.0,0.009009009009009009,0.0,0.0,-0.009009009009009009,0.49549561735676945,0.4959971387834651,0.7529002320185615,0.3333333333333333,0.7097834493426142,0.5703623491611364,,0.5590934157371521,1764.0
C6→C31,电极阵列植入制造→植入式神经接口系统,19,22,0.6350188851356506,0.7870763540267944,0.4103318452835083,0.6108090281486511,0.0,0.07142857142857142,1.0,0.6029735396396476,0.5840290770930134,0.49052890173546154,0.0,0.0,0.0,0.0,0.0,0.0,0.5,0.49526445086773074,1.0,0.0,1.0,0.6622446730400378,,0.6446008682250977,25.0
C6→C32,电极阵列植入制造→脑电信号评估分析,19,48,0.5763843059539795,0.6373025178909302,0.4359428286552429,0.5498765508333842,0.0,0.010101010101010102,1.0,0.6029735396396476,0.5236597877749698,0.46042607147885145,0.0,0.0,0.018018018018018018,0.06896551724137931,0.0,0.050947499223361295,0.5254517321781959,0.4929389018285236,0.9023331524688009,0.0,0.9511665762344004,0.6131781740214074,,0.5734981298446655,1362.0
C6→C33,电极阵列植入制造→神经信号采集解码,19,67,0.5999575257301331,0.7115203142166138,0.41473960876464844,0.5754058162371317,0.004366812227074236,0.024390243902439025,1.0,0.6029735396396476,0.6501304005657931,0.5235609683305164,0.0,0.0,0.018018018018018018,0.0,0.0,-0.018018018018018018,0.49099196578624643,0.5072764670583814,0.9439330543933054,0.0,0.9719665271966527,0.6361922270910063,,0.641627848148346,446.0
C6→C34,电极阵列植入制造→脑电图像生成与映射,19,39,0.5795660018920898,0.659040629863739,0.42085719108581543,0.5531546076138814,0.0,0.016129032258064516,1.0,0.6029735396396476,0.5842642844359555,0.4906464637315455,0.0,0.0,0.009009009009009009,0.0,0.0,-0.009009009009009009,0.49549561735676945,0.4930710405441575,0.7593283582089553,0.0,0.8796641791044777,0.6030184955205552,,0.5869334936141968,1577.0
C6→C35,电极阵列植入制造→神经刺激参数优化,19,56,0.6286547183990479,0.7510367631912231,0.3852008581161499,0.5882974465688069,0.0,0.013888888888888888,1.0,0.6029735396396476,0.5508990447467422,0.47398626258063925,0.0,0.0,0.009009009009009009,0.0,0.0,-0.009009009009009009,0.49549561735676945,0.4847409399687044,0.9911555470101904,0.0,0.9955777735050952,0.6448939037048702,,0.6432468295097351,193.0
C6→C36,电极阵列植入制造→自适应神经刺激调控,19,15,0.5821202993392944,0.6819560527801514,0.41099798679351807,0.5583581129709879,0.010416666666666666,0.0,1.0,0.6029735396396476,0.520118521467215,0.4586670306331755,0.0,0.0,0.0,0.0,0.0,0.0,0.5,0.47933351531658774,0.9539347408829175,0.0,0.9769673704414588,0.620920710414349,,0.5930630564689636,1090.0
C6→C37,电极阵列植入制造→神经调节刺激控制,19,59,0.6070135831832886,0.6977536678314209,0.40300625562667847,0.5692578355471293,0.0,0.0,1.0,0.6029735396396476,0.4658115066911082,0.4318458526958168,0.0,0.0,0.018018018018018018,0.0,0.0,-0.018018018018018018,0.49099196578624643,0.4614189092410316,0.992143511850203,0.0,0.9960717559251016,0.6283704084115967,,0.637965202331543,788.0
C6→C38,电极阵列植入制造→事件相关电位分析,19,7,0.5336723327636719,0.5390708446502686,0.42723655700683594,0.4999932448069254,0.0,0.0,1.0,0.6029735396396476,0.5150485035655191,0.4561504213839547,0.0,0.0,0.0,0.0,0.0,0.0,0.5,0.47807521069197734,0.7263157894736842,,,,无高价值专利,0.5256947875022888,
C6→C39,电极阵列植入制造→脑活动监测与解码,19,35,0.5495887398719788,0.6697400808334351,0.45827925205230713,0.5592026909192402,0.0,0.0,0.9767441860465116,0.6029735396396476,0.8267363689746892,0.6100507763326816,0.0,0.0,0.0,0.0,0.0,0.0,0.5,0.5550253881663407,0.8997214484679665,0.0,0.9498607242339833,0.6296961051141005,,0.5734830498695374,736.0
C6→C4,电极阵列植入制造→神经刺激调控系统,19,84,0.6196154952049255,0.7105504274368286,0.3852906823158264,0.5718188683191935,0.0,0.0,1.0,0.6029735396396476,0.5739366304571628,0.4854856244064994,0.0,0.0,0.0,0.034482758620689655,0.0,0.034482758620689655,0.517234548877195,0.5013600866418472,0.9646086282614311,0.0,0.9823043141307155,0.6345668216613941,,0.6241035461425781,522.0
C6→C40,电极阵列植入制造→脑电虚拟现实交互,19,5,0.5341938138008118,0.5030361413955688,0.45373111963272095,0.4969870249430338,0.0,0.0,1.0,0.6029735396396476,0.409545021537841,0.4044741336566633,0.0,0.0,0.0,0.034482758620689655,0.0,0.034482758620689655,0.517234548877195,0.46085434126692915,0.6150442477876106,0.0,0.8075221238938053,0.547891171063194,,0.5430184006690979,1772.0
C6→C41,电极阵列植入制造→脑电电极采集装置,19,40,0.665456235408783,0.7103830575942993,0.3752732276916504,0.5837041735649109,0.013422818791946308,0.017241379310344827,1.0,0.6029735396396476,0.4445427445021895,0.42144079218232366,0.0,0.0,0.0,0.034482758620689655,0.0,0.034482758620689655,0.517234548877195,0.46933767052975933,0.9487505294366794,0.0,0.9743752647183397,0.635471415296224,,0.6618807315826416,475.0
C6→C42,电极阵列植入制造→脑电听觉调控降噪,19,20,0.567035436630249,0.6401913166046143,0.4393281936645508,0.5488516489664713,0.0,0.02127659574468085,1.0,0.6029735396396476,0.6573096058558042,0.527141327605589,0.0,0.0,0.0,0.0,0.0,0.0,0.5,0.5135706638027945,0.9382022471910112,0.0,0.9691011235955056,0.6189833901039178,,0.566914975643158,1165.0
C6→C43,电极阵列植入制造→癫痫监测预测干预,19,21,0.584579586982727,0.6199509501457214,0.43512529134750366,0.5465519428253174,0.009615384615384616,0.0,1.0,0.6029735396396476,0.4366782007220494,0.41761040517362863,0.0,0.0,0.018018018018018018,0.0,0.0,-0.018018018018018018,0.49099196578624643,0.45430118547993753,0.9698535745047373,0.0,0.9849267872523686,0.6101248357146084,,0.5582337379455566,1463.0
C6→C44,电极阵列植入制造→脑电频率识别分析,19,13,0.5429602861404419,0.6681755781173706,0.394512414932251,0.5352160930633545,0.0,0.03333333333333333,1.0,0.6029735396396476,0.6381395033007632,0.5175757374451733,0.0,0.0,0.0,0.0,0.0,0.0,0.5,0.5087878687225866,0.7122302158273381,0.0,0.8561151079136691,0.5898562862645301,,0.5964182019233704,1691.0
C6→C5,电极阵列植入制造→眼动脑电视觉分析,19,27,0.5567880868911743,0.5578508377075195,0.46299970149993896,0.5258795420328776,0.0,0.0,1.0,0.6029735396396476,0.5322104001372527,0.4646773690149963,0.0,0.0,0.009009009009009009,0.0,0.0,-0.009009009009009009,0.49549561735676945,0.48008649318588287,0.8195050946142649,0.0,0.9097525473071324,0.5879028561631313,,0.5439169406890869,1698.0
C6→C7,电极阵列植入制造→视觉刺激脑电分析,19,48,0.5624326467514038,0.6340572834014893,0.41069352626800537,0.5357278188069661,0.0,0.03389830508474576,1.0,0.6029735396396476,0.7934048652653686,0.5940811470663585,0.0,0.0,0.0,0.06896551724137931,0.0,0.06896551724137931,0.5344281929745097,0.5642546700204341,0.9191073919107392,0.0,0.9595536959553697,0.6167748585334203,,0.5635254383087158,1243.0
C6→C8,电极阵列植入制造→神经刺激监测装置,19,128,0.6335201859474182,0.7397414445877075,0.36733561754226685,0.5801990826924641,0.0,0.0058823529411764705,1.0,0.6029735396396476,0.7415056039068469,0.5688263094614402,0.0,0.0,0.009009009009009009,0.13793103448275862,0.0,0.12892202547374962,0.5641062381131012,0.5664662737872708,0.9955230399650579,0.0,0.9977615199825289,0.6538140119745054,,0.6431254744529724,73.0
C6→C9,电极阵列植入制造→经颅聚焦刺激装置,19,47,0.6438303589820862,0.7111894488334656,0.3779263496398926,0.5776487191518147,0.0,0.0,1.0,0.6029735396396476,0.5980469930299713,0.49753674662355685,0.0,0.0,0.0,0.0,0.0,0.0,0.5,0.4987683733117784,0.9824984912492456,0.0,0.9912492456246228,0.6395328424751079,,0.6628851294517517,334.0
C7→C0,视觉刺激脑电分析→脑电情绪识别分析,10,58,0.7160196304321289,0.6798654198646545,0.3310995101928711,0.5756615201632181,0.003968253968253968,0.0,0.9912280701754386,0.4805082886084043,0.5536726087522731,0.5365170245530454,0.0,0.0,0.02702702702702703,0.0,0.0,-0.02702702702702703,0.48648977588659537,0.5115034002198204,0.7784615384615384,0.25,0.7642307692307693,0.5997805760906245,,0.6377613544464111,1623.0
C7→C1,视觉刺激脑电分析→脑电特征提取分类,10,20,0.6811128854751587,0.6464329957962036,0.3985271453857422,0.5753576755523682,0.00909090909090909,0.0,1.0,0.4805082886084043,0.6932301006799398,0.6047851247186812,0.0,0.0,0.0,0.0,0.0,0.0,0.5,0.5523925623593406,0.45263157894736844,,,,无高价值专利,0.6248458623886108,
C7→C10,视觉刺激脑电分析→神经信息分析诊断,10,36,0.6991693377494812,0.6519373655319214,0.3042173385620117,0.5517746806144714,0.007575757575757576,0.0,1.0,0.4805082886084043,0.5811448339517777,0.5501490883230743,0.0,0.0,0.0,0.13793103448275862,0.0,0.13793103448275862,0.5685314644405662,0.5593402763818203,0.9879379666858128,0.0,0.9939689833429064,0.6326277454427518,,0.6633248329162598,616.0
C7→C11,视觉刺激脑电分析→睡眠脑电调控增强,10,51,0.7121700644493103,0.6807544827461243,0.33342432975769043,0.5754496256510416,0.010362694300518135,0.014084507042253521,0.9883720930232558,0.4805082886084043,0.6835550559100223,0.6001508128763733,0.0,0.0,0.009009009009009009,0.0,0.0,-0.009009009009009009,0.49549561735676945,0.5478232151165714,0.949193066347878,0.0,0.974596533173939,0.6435853540650882,,0.6215556859970093,219.0
C7→C12,视觉刺激脑电分析→视觉脑电解码评估,10,30,0.703171968460083,0.6835941076278687,0.34470224380493164,0.5771561066309611,0.007575757575757576,0.0,0.9821428571428571,0.4805082886084043,0.7829175892646888,0.646757950935582,0.0,0.0,0.0,0.0,0.0,0.0,0.5,0.5733789754677909,0.6666666666666666,0.0,0.8333333333333333,0.6246634476352751,,0.6342087984085083,943.0
C7→C13,视觉刺激脑电分析→多模态神经交互评估,10,43,0.7162851095199585,0.6939048767089844,0.31909096240997314,0.5764269828796387,0.01507537688442211,0.025974025974025976,0.9770114942528736,0.4805082886084043,0.6373326104204997,0.5777756029002005,0.0,0.0,0.009009009009009009,0.1724137931034483,0.0,0.1634047840944393,0.5809828937506275,0.579379248325414,0.8674772036474164,0.0,0.9337386018237082,0.6426635739926106,,0.6325879096984863,243.0
C7→C14,视觉刺激脑电分析→脑电信号采集处理,10,66,0.7072134017944336,0.6717684268951416,0.34298384189605713,0.5739885568618774,0.011764705882352941,0.0,1.0,0.4805082886084043,0.679455675419048,0.5981817519321803,0.0,0.0,0.009009009009009009,0.0,0.0,-0.009009009009009009,0.49549561735676945,0.5468386846444748,0.7874493927125507,0.0,0.8937246963562753,0.6285544286308481,,0.6197576522827148,781.0
C7→C15,视觉刺激脑电分析→心理生理反馈调节,10,18,0.6601048707962036,0.6417022347450256,0.37843310832977295,0.560080071290334,0.0,0.0,1.0,0.4805082886084043,0.5865596100887834,0.5528277598693285,0.0,0.0,0.0,0.0,0.0,0.0,0.5,0.5264138799346643,0.8366666666666667,0.0,0.9183333333333333,0.6200901316362013,,0.5963485240936279,1127.0
C7→C16,视觉刺激脑电分析→事件相关电位检测,10,37,0.7243602275848389,0.6632444858551025,0.31682801246643066,0.5681442419687907,0.00641025641025641,0.02127659574468085,1.0,0.4805082886084043,0.4632333326977074,0.4913633811526336,0.0,0.0,0.0,0.0,0.0,0.0,0.5,0.49568169057631684,0.9571865443425076,0.0,0.9785932721712538,0.630513752259511,,0.6617307066917419,701.0
C7→C17,视觉刺激脑电分析→神经反馈刺激分析,10,58,0.7384483814239502,0.6765319108963013,0.29150789976119995,,0.03283582089552239,0.043795620437956206,0.9870967741935484,,,,,,,,,,,,,,,,未过前提,0.652049720287323,
C7→C18,视觉刺激脑电分析→神经刺激同步递送,10,31,0.6502628922462463,0.6182041168212891,0.38211095333099365,0.550192654132843,0.007874015748031496,0.0,1.0,0.4805082886084043,0.5368834240869825,0.5281577441574047,0.0,0.0,0.0,0.0,0.0,0.0,0.5,0.5140788720787024,0.9751098096632503,0.0,0.9875549048316252,0.6230494051458445,,0.5914313793182373,1010.0
C7→C19,视觉刺激脑电分析→脑机接口交互控制,10,53,0.686164140701294,0.6705780029296875,0.3272886276245117,0.5613435904184977,0.004975124378109453,0.011904761904761904,0.9878048780487805,0.4805082886084043,0.7533341408009894,0.6331261660252209,0.0,0.0,0.0,0.0,0.0,0.0,0.5,0.5665630830126105,0.7592997811816192,0.0,0.8796498905908097,0.6211810004669298,,0.5995223522186279,1078.0
C7→C2,视觉刺激脑电分析→柔性电极采集装置,10,70,0.6120917797088623,0.6466630697250366,0.3988223075866699,0.5525257190068562,0.004672897196261682,0.0,0.9918032786885246,0.4805082886084043,0.6073936135656598,0.5631043677099826,0.0,0.0,0.0,0.0,0.0,0.0,0.5,0.5315521838549913,0.8650602409638555,0.0,0.9325301204819277,0.6183376589803232,,0.5936553478240967,1194.0
C7→C20,视觉刺激脑电分析→脑控轮椅交互系统,10,10,0.652532696723938,0.5328848958015442,0.3856034278869629,0.523673673470815,0.014285714285714285,0.0,1.0,0.4805082886084043,0.50031249376726,0.5099008082260187,0.0,0.0,0.0,0.0,0.0,0.0,0.5,0.5049504041130093,0.5454545454545454,,,,无高价值专利,0.5349867343902588,
C7→C21,视觉刺激脑电分析→多模态脑电融合分析,10,46,0.6682885885238647,0.6560062170028687,0.3603363037109375,0.5615437030792236,0.005319148936170213,0.0,1.0,0.4805082886084043,0.3291122455290337,0.42487507680131564,0.0,0.0,0.018018018018018018,0.0,0.0,-0.018018018018018018,0.49099196578624643,0.45793352129378107,0.9682345754428833,0.0,0.9841172877214417,0.620597988651642,,0.6257212162017822,1108.0
C7→C22,视觉刺激脑电分析→脑机虚拟交互控制,10,18,0.6870027184486389,0.6536587476730347,0.3615473508834839,0.5674029390017191,0.010101010101010102,0.0,1.0,0.4805082886084043,0.5586537376365586,0.5389933830331293,0.0,0.0,0.0,0.0,0.0,0.0,0.5,0.5194966915165646,0.7864583333333334,0.0,0.8932291666666667,0.61936421300041,,0.5647092461585999,1154.0
C7→C23,视觉刺激脑电分析→生物信号虚拟交互,10,26,0.6263830065727234,0.6190820932388306,0.398698091506958,0.5480543971061707,0.0,0.0,1.0,0.4805082886084043,0.5849439801948719,0.5520288269495196,0.0,0.0,0.009009009009009009,0.0,0.0,-0.009009009009009009,0.49549561735676945,0.5237622221531445,0.9470198675496688,0.0,0.9735099337748344,0.6208726096048135,,0.5707064867019653,1094.0
C7→C24,视觉刺激脑电分析→闭环神经调控系统,10,24,0.6659008264541626,0.5933854579925537,0.35537582635879517,0.5382207036018372,0.0,0.0,1.0,0.4805082886084043,0.5622256589370602,0.5407679797022003,0.0,0.0,0.0,0.0,0.0,0.0,0.5,0.5203839898511001,0.9495841995841996,0.125,0.9122920997920998,0.6034252050379613,,0.5866004228591919,1574.0
C7→C25,视觉刺激脑电分析→脑电信号模式识别,10,30,0.7041846513748169,0.6459170579910278,0.33850669860839844,0.5628694693247477,0.006756756756756757,0.0,0.9857142857142858,0.4805082886084043,0.7095321562876163,0.6125509426434859,0.0,0.0,0.0,0.0,0.0,0.0,0.5,0.5562754713217429,0.872852233676976,,,,无高价值专利,0.6261239051818848,
C7→C26,视觉刺激脑电分析→神经刺激电极装置,10,43,0.6246308088302612,0.6255813837051392,0.38397401571273804,0.5447287360827128,0.0,0.0,1.0,0.4805082886084043,0.578603280366496,0.5488907771437691,0.0,0.0,0.0,0.0,0.0,0.0,0.5,0.5244453885718845,0.9559055118110236,0.0,0.9779527559055118,0.6194556078177237,,0.5828548073768616,1152.0
C7→C27,视觉刺激脑电分析→认知意识神经评估,10,31,0.7179433703422546,0.7001669406890869,0.3098173141479492,0.5759758750597636,0.0,0.043478260869565216,1.0,0.4805082886084043,0.8069023936113827,0.6576385040765256,0.0,0.0,0.0,0.034482758620689655,0.0,0.034482758620689655,0.517234548877195,0.5874365264768603,0.916256157635468,0.0,0.958128078817734,0.6478365446867519,,0.6579198837280273,134.0
C7→C28,视觉刺激脑电分析→脑波交互反馈系统,10,44,0.7084959149360657,0.6526123285293579,0.34948551654815674,0.5701979200045267,0.005405405405405406,0.0,0.9861111111111112,0.4805082886084043,0.7644472515623096,0.638273373580727,0.0,0.0,0.0,0.0,0.0,0.0,0.5,0.5691366867903636,0.7387755102040816,0.0,0.8693877551020408,0.625705938914196,,0.6219795346260071,895.0
C7→C29,视觉刺激脑电分析→深部脑刺激调控,10,83,0.7284107804298401,0.6781924962997437,0.3069504499435425,0.5711845755577087,0.0035714285714285713,0.0,1.0,0.4805082886084043,0.6351596374162822,0.5767150484112233,0.0,0.0,0.0,0.0,0.0,0.0,0.5,0.5383575242056117,0.957544993077988,0.06666666666666667,0.9454391632056607,0.6341670062371677,,0.6415497064590454,535.0
C7→C3,视觉刺激脑电分析→脑电状态检测评估,10,50,0.7109062075614929,0.669980525970459,0.3429604768753052,0.574615736802419,0.0,0.0,0.9883720930232558,0.4805082886084043,0.5131838629552182,0.5163319750744109,0.0,0.0,0.0,0.0,0.0,0.0,0.5,0.5081659875372054,0.9434650455927052,0.0,0.9717325227963526,0.6357806182929593,,0.661659836769104,461.0
C7→C30,视觉刺激脑电分析→脑电神经反馈康复训练,10,27,0.6844860315322876,0.6302658319473267,0.35517770051956177,0.5566431879997253,0.0,0.0,1.0,0.4805082886084043,0.5959707455919181,0.5574760397556573,0.0,0.0,0.009009009009009009,0.0,0.0,-0.009009009009009009,0.49549561735676945,0.5264858285562134,0.7529002320185615,0.3333333333333333,0.7097834493426142,0.5804694551659496,,0.6221282482147217,1742.0
C7→C31,视觉刺激脑电分析→植入式神经接口系统,10,22,0.5902932286262512,0.6258592009544373,0.421694278717041,0.5459489027659098,0.0,0.0,1.0,0.4805082886084043,0.5840290770930134,0.551576285724983,0.0,0.0,0.0,0.0,0.0,0.0,0.5,0.5257881428624915,1.0,0.0,1.0,0.6241326388250154,,0.5700101852416992,961.0
C7→C32,视觉刺激脑电分析→脑电信号评估分析,10,48,0.7421128749847412,0.7057622671127319,0.3132634162902832,0.5870461861292521,0.010526315789473684,0.022222222222222223,0.9791666666666666,0.4805082886084043,0.5236597877749698,0.5215623678285094,0.0,0.0,0.018018018018018018,0.06896551724137931,0.0,0.050947499223361295,0.5254517321781959,0.5235070500033526,0.9023331524688009,0.0,0.9511665762344004,0.6430869987348232,,0.6485514640808105,229.0
C7→C33,视觉刺激脑电分析→神经信号采集解码,10,67,0.7289990186691284,0.6457704305648804,0.306329607963562,0.5603663523991903,0.008771929824561403,0.0,1.0,0.4805082886084043,0.6501304005657931,0.5840069242148654,0.0,0.0,0.018018018018018018,0.0,0.0,-0.018018018018018018,0.49099196578624643,0.5374994450005559,0.9439330543933054,0.0,0.9719665271966527,0.631248795637978,,0.6423901319503784,676.0
C7→C34,视觉刺激脑电分析→脑电图像生成与映射,10,39,0.6875607371330261,0.6748405694961548,0.3419153690338135,0.5681055585543314,0.0,0.018518518518518517,1.0,0.4805082886084043,0.5842642844359555,0.5516926352150703,0.0,0.0,0.009009009009009009,0.0,0.0,-0.009009009009009009,0.49549561735676945,0.5235941262859198,0.7593283582089553,0.0,0.8796641791044777,0.6181593939149751,,0.6156749725341797,1200.0
C7→C35,视觉刺激脑电分析→神经刺激参数优化,10,56,0.7085965275764465,0.6347247362136841,0.35591763257980347,0.5664129654566447,0.0,0.0,1.0,0.4805082886084043,0.5508990447467422,0.5351373636743924,0.0,0.0,0.009009009009009009,0.0,0.0,-0.009009009009009009,0.49549561735676945,0.5153164905155809,0.9911555470101904,0.0,0.9955777735050952,0.6355672966241092,,0.6147974133491516,471.0
C7→C36,视觉刺激脑电分析→自适应神经刺激调控,10,15,0.6694567203521729,0.599747896194458,0.3488621711730957,0.5393555959065754,0.0,0.0,1.0,0.4805082886084043,0.520118521467215,0.5197947650443108,0.0,0.0,0.0,0.0,0.0,0.0,0.5,0.5098973825221553,0.9539347408829175,0.0,0.9769673704414588,0.6132276118867307,,0.6108613014221191,1359.0
C7→C37,视觉刺激脑电分析→神经调节刺激控制,10,59,0.6834663152694702,0.6278383731842041,0.35227537155151367,0.554526686668396,0.0049261083743842365,0.0,1.0,0.4805082886084043,0.4658115066911082,0.49265213806852337,0.0,0.0,0.018018018018018018,0.0,0.0,-0.018018018018018018,0.49099196578624643,0.49182205192738493,0.992143511850203,0.0,0.9960717559251016,0.6236921058496453,,0.5996760725975037,992.0
C7→C38,视觉刺激脑电分析→事件相关电位分析,10,7,0.6590749621391296,0.5651760101318359,0.3449110984802246,0.52305402358373,0.0,0.0,1.0,0.4805082886084043,0.5150485035655191,0.5172632428560747,0.0,0.0,0.0,0.0,0.0,0.0,0.5,0.5086316214280373,0.7263157894736842,,,,无高价值专利,0.5732935070991516,
C7→C39,视觉刺激脑电分析→脑活动监测与解码,10,35,0.7001760005950928,0.6486151814460754,0.3590421676635742,0.5692777832349142,0.0,0.02564102564102564,1.0,0.4805082886084043,0.8267363689746892,0.6665130890236062,0.0,0.0,0.0,0.0,0.0,0.0,0.5,0.5832565445118031,0.8997214484679665,0.0,0.9498607242339833,0.6412283174352397,,0.6175447702407837,275.0
C7→C4,视觉刺激脑电分析→神经刺激调控系统,10,84,0.6948516368865967,0.6688264608383179,0.3213430643081665,0.5616737206776936,0.0070921985815602835,0.01680672268907563,1.0,0.4805082886084043,0.5739366304571628,0.5465787234163042,0.0,0.0,0.0,0.034482758620689655,0.0,0.034482758620689655,0.517234548877195,0.5319066361467496,0.9646086282614311,0.0,0.9823043141307155,0.632926118301426,,0.6264317035675049,589.0
C7→C40,视觉刺激脑电分析→脑电虚拟现实交互,10,5,0.684668242931366,0.5997575521469116,0.3718482255935669,0.5520913402239481,0.0392156862745098,0.0,1.0,0.4805082886084043,0.409545021537841,0.4645778060335036,0.0,0.0,0.0,0.034482758620689655,0.0,0.034482758620689655,0.517234548877195,0.4909061774553493,0.6150442477876106,0.0,0.8075221238938053,0.5890630097325406,,0.5983545780181885,1695.0
C7→C41,视觉刺激脑电分析→脑电电极采集装置,10,40,0.5918123722076416,0.6303919553756714,0.4264734983444214,0.5495592753092448,0.0,0.0,1.0,0.4805082886084043,0.4445427445021895,0.48202497763111135,0.0,0.0,0.0,0.034482758620689655,0.0,0.034482758620689655,0.517234548877195,0.4996297632541532,0.9487505294366794,0.0,0.9743752647183397,0.618011153447585,,0.5868543386459351,1207.0
C7→C42,视觉刺激脑电分析→脑电听觉调控降噪,10,20,0.6654521226882935,0.6451625227928162,0.3703930377960205,0.56033589442571,0.0,0.0,1.0,0.4805082886084043,0.6573096058558042,0.5874909349209004,0.0,0.0,0.0,0.0,0.0,0.0,0.5,0.5437454674604503,0.9382022471910112,0.0,0.9691011235955056,0.6317933121464117,,0.6089562773704529,653.0
C7→C43,视觉刺激脑电分析→癫痫监测预测干预,10,21,0.6713079214096069,0.5736600756645203,0.3764227628707886,0.5404635866483052,0.0,0.0,1.0,0.4805082886084043,0.4366782007220494,0.478098978774168,0.0,0.0,0.018018018018018018,0.0,0.0,-0.018018018018018018,0.49099196578624643,0.4845454722802072,0.9698535745047373,0.0,0.9849267872523686,0.6111001944437789,,0.5761451721191406,1435.0
C7→C44,视觉刺激脑电分析→脑电频率识别分析,10,13,0.6822302937507629,0.6397048830986023,0.32680314779281616,0.5495794415473938,0.0,0.0,1.0,0.4805082886084043,0.6381395033007632,0.5781692379867917,0.0,0.0,0.0,0.0,0.0,0.0,0.5,0.5390846189933958,0.7122302158273381,0.0,0.8561151079136691,0.604589836032163,,0.6102811098098755,1560.0
C7→C5,视觉刺激脑电分析→眼动脑电视觉分析,10,27,0.7015523910522461,0.6862144470214844,0.3554759621620178,0.581080933411916,0.0,0.0,1.0,0.4805082886084043,0.5322104001372527,0.5258280461427716,0.0,0.0,0.009009009009009009,0.0,0.0,-0.009009009009009009,0.49549561735676945,0.5106618317497705,0.8195050946142649,0.0,0.9097525473071324,0.6296453509554992,,0.6187601089477539,738.0
C7→C6,视觉刺激脑电分析→电极阵列植入制造,10,42,0.5624326467514038,0.6340572834014893,0.41069352626800537,0.5357278188069661,0.0,0.0,1.0,0.4805082886084043,0.571474259607952,0.5453579450355277,0.0,0.0,0.0,0.0,0.0,0.0,0.5,0.5226789725177639,0.9067315490673155,0.0,0.9533657745336577,0.6089678013991632,,0.5635254383087158,1489.0
C7→C8,视觉刺激脑电分析→神经刺激监测装置,10,128,0.7342284917831421,0.6931850910186768,0.2838190197944641,,0.037894736842105266,0.03940886699507389,0.9567099567099567,,,,,,,,,,,,,,,,未过前提,0.6879287958145142,
C7→C9,视觉刺激脑电分析→经颅聚焦刺激装置,10,47,0.6371752023696899,0.6169849634170532,0.37355953454971313,0.5425732334454855,0.006756756756756757,0.0,1.0,0.4805082886084043,0.5980469930299713,0.5585001998211482,0.0,0.0,0.0,0.0,0.0,0.0,0.5,0.529250099910574,0.9824984912492456,0.0,0.9912492456246228,0.6209512644765934,,0.5966618061065674,1089.0
C8→C0,神经刺激监测装置→脑电情绪识别分析,11,58,0.6770225763320923,0.6912109851837158,0.3464885950088501,0.571574052174886,0.01606425702811245,0.025974025974025976,1.0,0.508566047332119,0.5536726087522731,0.5225379974989219,0.0,0.0,0.02702702702702703,0.0,0.0,-0.02702702702702703,0.48648977588659537,0.5045138866927587,0.7784615384615384,0.25,0.7642307692307693,0.5959107157331409,,0.6488562822341919,1649.0
C8→C1,神经刺激监测装置→脑电特征提取分类,11,20,0.6352611184120178,0.6569315195083618,0.41897088289260864,0.5703878402709961,0.0,0.038461538461538464,1.0,0.508566047332119,0.6932301006799398,0.5912966153514584,0.0,0.0,0.0,0.0,0.0,0.0,0.5,0.5456483076757292,0.45263157894736844,,,,无高价值专利,0.6221587061882019,
C8→C10,神经刺激监测装置→神经信息分析诊断,11,36,0.7089233994483948,0.7409207820892334,0.3163554072380066,0.5887331962585449,0.007575757575757576,0.0,1.0,0.508566047332119,0.5811448339517777,0.536225806980435,0.0,0.0,0.0,0.13793103448275862,0.0,0.13793103448275862,0.5685314644405662,0.5523786357105006,0.9879379666858128,0.0,0.9939689833429064,0.6565411756258354,,0.7094413042068481,53.0
C8→C11,神经刺激监测装置→睡眠脑电调控增强,11,51,0.7028940916061401,0.6888397932052612,0.3473011255264282,0.5796783367792765,0.005154639175257732,0.014084507042253521,1.0,0.508566047332119,0.6835550559100223,0.5866122481247278,0.0,0.0,0.009009009009009009,0.0,0.0,-0.009009009009009009,0.49549561735676945,0.5410539327407486,0.949193066347878,0.0,0.974596533173939,0.6452676119745331,,0.6546449661254883,187.0
C8→C12,神经刺激监测装置→视觉脑电解码评估,11,30,0.6627301573753357,0.6408104300498962,0.37353217601776123,0.5590242544809977,0.007575757575757576,0.0,1.0,0.508566047332119,0.7829175892646888,0.633834644243589,0.0,0.0,0.0,0.0,0.0,0.0,0.5,0.5669173221217945,0.6666666666666666,0.0,0.8333333333333333,0.6116862332123206,,0.6112409234046936,1419.0
C8→C13,神经刺激监测装置→多模态神经交互评估,11,43,0.7069934606552124,0.7161179184913635,0.3456944227218628,0.5896019339561462,0.004975124378109453,0.0,1.0,0.508566047332119,0.6373326104204997,0.5640297831765904,0.0,0.0,0.009009009009009009,0.1724137931034483,0.0,0.1634047840944393,0.5809828937506275,0.5725063384636089,0.8674772036474164,0.0,0.9337386018237082,0.6502518280332585,,0.6772997379302979,107.0
C8→C14,神经刺激监测装置→脑电信号采集处理,11,66,0.6936873197555542,0.7018119096755981,0.3569399118423462,0.5841463804244995,0.0038910505836575876,0.010101010101010102,1.0,0.508566047332119,0.679455675419048,0.5846226606858244,0.0,0.0,0.009009009009009009,0.0,0.0,-0.009009009009009009,0.49549561735676945,0.5400591390212969,0.7874493927125507,0.0,0.8937246963562753,0.6340076346682846,,0.6539011001586914,540.0
C8→C15,神经刺激监测装置→心理生理反馈调节,11,18,0.6625800132751465,0.6494047045707703,0.37661635875701904,0.5628670255343119,0.0,0.029411764705882353,1.0,0.508566047332119,0.5865596100887834,0.5389179008851368,0.0,0.0,0.0,0.0,0.0,0.0,0.5,0.5194589504425684,0.8366666666666667,0.0,0.9183333333333333,0.6207403052082369,,0.6770302057266235,1101.0
C8→C16,神经刺激监测装置→事件相关电位检测,11,37,0.6784597039222717,0.646221399307251,0.3700229525566101,0.5649013519287109,0.0,0.0,1.0,0.508566047332119,0.4632333326977074,0.47734915680040685,0.0,0.0,0.0,0.0,0.0,0.0,0.5,0.48867457840020345,0.9571865443425076,0.0,0.9785932721712538,0.6271556380918951,,0.6340847015380859,843.0
C8→C17,神经刺激监测装置→神经反馈刺激分析,11,58,0.7437621355056763,0.7555762529373169,0.2791987657546997,,0.02952755905511811,0.09734513274336283,0.9661016949152542,,,,,,,,,,,,,,,,未过前提,0.7236228585243225,
C8→C18,神经刺激监测装置→神经刺激同步递送,11,31,0.7186555862426758,0.7589952945709229,0.2897621989250183,,0.013856812933025405,0.06153846153846154,0.9701492537313433,,,,,,,,,,,,,,,,未过前提,0.7195217609405518,
C8→C19,神经刺激监测装置→脑机接口交互控制,11,53,0.6994094848632812,0.6799787878990173,0.33707815408706665,0.5721554756164551,0.020202020202020204,0.024096385542168676,1.0,0.508566047332119,0.7533341408009894,0.6199971637533475,0.0,0.0,0.0,0.0,0.0,0.0,0.5,0.5599985818766737,0.7592997811816192,0.0,0.8796498905908097,0.627189849658664,,0.6633758544921875,841.0
C8→C2,神经刺激监测装置→柔性电极采集装置,11,70,0.6613867282867432,0.7251012921333313,0.35326528549194336,0.5799177686373392,0.0,0.04,1.0,0.508566047332119,0.6073936135656598,0.5492535361739572,0.0,0.0,0.0,0.0,0.0,0.0,0.5,0.5246267680869786,0.8650602409638555,0.0,0.9325301204819277,0.6353461120665238,,0.6483391523361206,480.0
C8→C20,神经刺激监测装置→脑控轮椅交互系统,11,10,0.6137212514877319,0.5705519914627075,0.3997277021408081,0.5280003150304158,0.0,0.0,1.0,0.508566047332119,0.50031249376726,0.49587331692193903,0.0,0.0,0.0,0.0,0.0,0.0,0.5,0.4979366584609695,0.5454545454545454,,,,无高价值专利,0.5230411291122437,
C8→C21,神经刺激监测装置→多模态脑电融合分析,11,46,0.6523158550262451,0.6683206558227539,0.3762326240539551,0.5656230449676514,0.016129032258064516,0.017543859649122806,1.0,0.508566047332119,0.3291122455290337,0.41122403000135227,0.0,0.0,0.018018018018018018,0.0,0.0,-0.018018018018018018,0.49099196578624643,0.45110799789379935,0.9682345754428833,0.0,0.9841172877214417,0.6221173162763991,,0.616823136806488,1056.0
C8→C22,神经刺激监测装置→脑机虚拟交互控制,11,18,0.6643425822257996,0.628741979598999,0.3822901248931885,0.5584582289059956,0.0,0.03571428571428571,1.0,0.508566047332119,0.5586537376365586,0.5250229230089973,0.0,0.0,0.0,0.0,0.0,0.0,0.5,0.5125114615044987,0.7864583333333334,0.0,0.8932291666666667,0.612272138487168,,0.5895207524299622,1403.0
C8→C23,神经刺激监测装置→生物信号虚拟交互,11,26,0.6346400380134583,0.6367087364196777,0.4008781909942627,0.5574089884757996,0.0,0.0,1.0,0.508566047332119,0.5849439801948719,0.538114879729677,0.0,0.0,0.009009009009009009,0.0,0.0,-0.009009009009009009,0.49549561735676945,0.5168052485432232,0.9470198675496688,0.0,0.9735099337748344,0.6260422341320312,,0.6140031814575195,881.0
C8→C24,神经刺激监测装置→闭环神经调控系统,11,24,0.7302522659301758,0.7229725122451782,0.3029741048812866,0.5853996276855469,0.00980392156862745,0.0,1.0,0.508566047332119,0.5622256589370602,0.5268040845907713,0.0,0.0,0.0,0.0,0.0,0.0,0.5,0.5134020422953857,0.9495841995841996,0.125,0.9122920997920998,0.6333882652130562,,0.6931039094924927,567.0
C8→C25,神经刺激监测装置→脑电信号模式识别,11,30,0.6786679029464722,0.7019065618515015,0.36584901809692383,0.5821411609649658,0.0,0.041666666666666664,1.0,0.508566047332119,0.7095321562876163,0.5991518075778226,0.0,0.0,0.0,0.0,0.0,0.0,0.5,0.5495759037889113,0.872852233676976,,,,无高价值专利,0.6620250940322876,
C8→C26,神经刺激监测装置→神经刺激电极装置,11,43,0.6966098546981812,0.7490501999855042,0.3283296823501587,0.5913299123446146,0.007194244604316547,0.015873015873015872,1.0,0.508566047332119,0.578603280366496,0.5349614707034186,0.0,0.0,0.0,0.0,0.0,0.0,0.5,0.5174807353517092,0.9559055118110236,0.0,0.9779527559055118,0.6495203341170755,,0.6765891313552856,115.0
C8→C27,神经刺激监测装置→认知意识神经评估,11,31,0.6915022134780884,0.6685655117034912,0.34839844703674316,0.5694887240727743,0.0,0.02127659574468085,1.0,0.508566047332119,0.8069023936113827,0.6448947023164329,0.0,0.0,0.0,0.034482758620689655,0.0,0.034482758620689655,0.517234548877195,0.5810646255968139,0.916256157635468,0.0,0.958128078817734,0.642386311217362,,0.6332830190658569,250.0
C8→C28,神经刺激监测装置→脑波交互反馈系统,11,44,0.6966744661331177,0.6626116037368774,0.3492220640182495,0.5695027112960815,0.0,0.015151515151515152,1.0,0.508566047332119,0.7644472515623096,0.6252195331897767,0.0,0.0,0.0,0.0,0.0,0.0,0.5,0.5626097665948884,0.7387755102040816,0.0,0.8693877551020408,0.6241117886160065,,0.6386696100234985,962.0
C8→C29,神经刺激监测装置→深部脑刺激调控,11,83,0.7560895681381226,0.7774930596351624,0.2968181371688843,,0.03177257525083612,0.08943089430894309,0.9671532846715328,,,,,,,,,,,,,,,,未过前提,0.7423895597457886,
C8→C3,神经刺激监测装置→脑电状态检测评估,11,50,0.691124677658081,0.683889627456665,0.36644256114959717,0.5804856220881144,0.009852216748768473,0.0,1.0,0.508566047332119,0.5131838629552182,0.5023088913998027,0.0,0.0,0.0,0.0,0.0,0.0,0.5,0.5011544456999013,0.9434650455927052,0.0,0.9717325227963526,0.6384555256107809,,0.6647166013717651,364.0
C8→C30,神经刺激监测装置→脑电神经反馈康复训练,11,27,0.6919035911560059,0.6995259523391724,0.34324318170547485,0.578224241733551,0.0072992700729927005,0.017543859649122806,1.0,0.508566047332119,0.5959707455919181,0.5435913989466759,0.0,0.0,0.009009009009009009,0.0,0.0,-0.009009009009009009,0.49549561735676945,0.5195435081517227,0.7529002320185615,0.3333333333333333,0.7097834493426142,0.5925332707236821,,0.6662552356719971,1671.0
C8→C31,神经刺激监测装置→植入式神经接口系统,11,22,0.6629201173782349,0.7281936407089233,0.41659510135650635,0.6025696198145548,0.023255813953488372,0.027777777777777776,1.0,0.508566047332119,0.5840290770930134,0.5376600548249565,0.0,0.0,0.0,0.0,0.0,0.0,0.5,0.5188300274124782,1.0,0.0,1.0,0.6609917068369324,,0.6377055644989014,29.0
C8→C32,神经刺激监测装置→脑电信号评估分析,11,48,0.7016376852989197,0.6996397376060486,0.34210205078125,0.5811264912287394,0.010526315789473684,0.01098901098901099,1.0,0.508566047332119,0.5236597877749698,0.5075462971618057,0.0,0.0,0.018018018018018018,0.06896551724137931,0.0,0.050947499223361295,0.5254517321781959,0.5164990146700008,0.9023331524688009,0.0,0.9511665762344004,0.6379714601835742,,0.6604650020599365,378.0
C8→C33,神经刺激监测装置→神经信号采集解码,11,67,0.7411400079727173,0.711739182472229,0.3049173355102539,0.5859321753184,0.013215859030837005,0.02702702702702703,0.9913793103448276,0.508566047332119,0.6501304005657931,0.5703131005226006,0.0,0.0,0.018018018018018018,0.0,0.0,-0.018018018018018018,0.49099196578624643,0.5306525331544235,0.9439330543933054,0.0,0.9719665271966527,0.647196212984716,,0.7014147043228149,149.0
C8→C34,神经刺激监测装置→脑电图像生成与映射,11,39,0.6672746539115906,0.6785244941711426,0.3667025566101074,0.5708339015642802,0.0,0.018518518518518517,1.0,0.508566047332119,0.5842642844359555,0.5377769892430659,0.0,0.0,0.009009009009009009,0.0,0.0,-0.009009009009009009,0.49549561735676945,0.5166363032999177,0.7593283582089553,0.0,0.8796641791044777,0.6187075442007515,,0.6396388411521912,1178.0
C8→C35,神经刺激监测装置→神经刺激参数优化,11,56,0.7508330345153809,0.7699722051620483,0.3170772194862366,0.6126274863878886,0.00975609756097561,0.031746031746031744,1.0,0.508566047332119,0.5508990447467422,0.5211538637259001,0.0,0.0,0.009009009009009009,0.0,0.0,-0.009009009009009009,0.49549561735676945,0.5083247405413348,0.9911555470101904,0.0,0.9955777735050952,0.6649573070735231,,0.7168024778366089,17.0
C8→C36,神经刺激监测装置→自适应神经刺激调控,11,15,0.7144574522972107,0.71770179271698,0.31303131580352783,0.5817301869392395,0.0,0.03225806451612903,0.9772727272727273,0.508566047332119,0.520118521467215,0.5057759801163894,0.0,0.0,0.0,0.0,0.0,0.0,0.5,0.5028879900581946,0.9539347408829175,0.0,0.9769673704414588,0.6404845678656598,,0.6940773725509644,303.0
C8→C37,神经刺激监测装置→神经调节刺激控制,11,59,0.7426453232765198,0.7776023149490356,0.290826678276062,,0.038834951456310676,0.08823529411764706,0.9651162790697675,,,,,,,,,,,,,,,,未过前提,0.745362401008606,
C8→C38,神经刺激监测装置→事件相关电位分析,11,7,0.6428521275520325,0.606628954410553,0.36908549070358276,0.5395221908887227,0.0,0.0,1.0,0.508566047332119,0.5150485035655191,0.5032411827162425,0.0,0.0,0.0,0.0,0.0,0.0,0.5,0.5016205913581213,0.7263157894736842,,,,无高价值专利,0.5637943744659424,
C8→C39,神经刺激监测装置→脑活动监测与解码,11,35,0.6864280700683594,0.6985412836074829,0.3621326684951782,0.5823673407236735,0.00819672131147541,0.0,1.0,0.508566047332119,0.8267363689746892,0.6539257902361019,0.0,0.0,0.0,0.0,0.0,0.0,0.5,0.576962895118051,0.8997214484679665,0.0,0.9498607242339833,0.6489657195975276,,0.6724459528923035,121.0
C8→C4,神经刺激监测装置→神经刺激调控系统,11,84,0.7496390342712402,0.7840049266815186,0.28957563638687134,,0.03966942148760331,0.10116731517509728,0.9748201438848921,,,,,,,,,,,,,,,,未过前提,0.7323521971702576,
C8→C40,神经刺激监测装置→脑电虚拟现实交互,11,5,0.6897392272949219,0.5726375579833984,0.3794567584991455,0.5472778479258219,0.0,0.0,1.0,0.508566047332119,0.409545021537841,0.45065067450362467,0.0,0.0,0.0,0.034482758620689655,0.0,0.034482758620689655,0.517234548877195,0.48394261169040986,0.6150442477876106,0.0,0.8075221238938053,0.5847170318214935,,0.6318188905715942,1720.0
C8→C41,神经刺激监测装置→脑电电极采集装置,11,40,0.6357744336128235,0.6487188339233398,0.39854639768600464,0.5610132217407227,0.02027027027027027,0.02,1.0,0.508566047332119,0.4445427445021895,0.4680320153988573,0.0,0.0,0.0,0.034482758620689655,0.0,0.034482758620689655,0.517234548877195,0.49263328213802615,0.9487505294366794,0.0,0.9743752647183397,0.6245179383569902,,0.6149153709411621,949.0
C8→C42,神经刺激监测装置→脑电听觉调控降噪,11,20,0.6632885932922363,0.6737892031669617,0.36446672677993774,0.5671815077463785,0.009523809523809525,0.02564102564102564,1.0,0.508566047332119,0.6573096058558042,0.5738281070761335,0.0,0.0,0.0,0.0,0.0,0.0,0.5,0.5369140535380668,0.9382022471910112,0.0,0.9691011235955056,0.6352621481290198,,0.6728311777114868,485.0
C8→C43,神经刺激监测装置→癫痫监测预测干预,11,21,0.6552795171737671,0.6694004535675049,0.37539005279541016,0.5666900078455607,0.0,0.0,1.0,0.508566047332119,0.4366782007220494,0.4641178667201663,0.0,0.0,0.018018018018018018,0.0,0.0,-0.018018018018018018,0.49099196578624643,0.47755491625320634,0.9698535745047373,0.0,0.9849267872523686,0.6275256920814474,,0.6488725543022156,828.0
C8→C44,神经刺激监测装置→脑电频率识别分析,11,13,0.6682928800582886,0.6824930906295776,0.34021294116973877,0.5636663039525349,0.0,0.045454545454545456,1.0,0.508566047332119,0.6381395033007632,0.5644265723101919,0.0,0.0,0.0,0.0,0.0,0.0,0.5,0.5322132861550959,0.7122302158273381,0.0,0.8561151079136691,0.612629813954706,,0.6505863666534424,1385.0
C8→C5,神经刺激监测装置→眼动脑电视觉分析,11,27,0.6654029488563538,0.6274551153182983,0.37948179244995117,0.5574466188748677,0.0,0.0,1.0,0.508566047332119,0.5322104001372527,0.5118199738111842,0.0,0.0,0.009009009009009009,0.0,0.0,-0.009009009009009009,0.49549561735676945,0.5036577955839768,0.8195050946142649,0.0,0.9097525473071324,0.6129390334013893,,0.5985840559005737,1372.0
C8→C6,神经刺激监测装置→电极阵列植入制造,11,42,0.6335201859474182,0.7397414445877075,0.36733561754226685,0.5801990826924641,0.014492753623188406,0.015625,1.0,0.508566047332119,0.571474259607952,0.5314126791022171,0.0,0.0,0.0,0.0,0.0,0.0,0.5,0.5157063395511086,0.9067315490673155,0.0,0.9533657745336577,0.6376046423351325,,0.6431254744529724,387.0
C8→C7,神经刺激监测装置→视觉刺激脑电分析,11,48,0.7342284917831421,0.6931850910186768,0.2838190197944641,,0.037894736842105266,0.03940886699507389,0.9567099567099567,,,,,,,,,,,,,,,,未过前提,0.6879287958145142,
C8→C9,神经刺激监测装置→经颅聚焦刺激装置,11,47,0.6928015947341919,0.7683356404304504,0.30656296014785767,0.5892333984375,0.006756756756756757,0.014084507042253521,1.0,0.508566047332119,0.5980469930299713,0.5446214441214191,0.0,0.0,0.0,0.0,0.0,0.0,0.5,0.5223107220607095,0.9824984912492456,0.0,0.9912492456246228,0.6512687920516081,,0.7094674110412598,91.0
C9→C0,经颅聚焦刺激装置→脑电情绪识别分析,12,58,0.6356912851333618,0.6564522981643677,0.38760554790496826,0.5599163770675659,0.008438818565400843,0.0,1.0,0.524177363004855,0.5536726087522731,0.5147433477006051,0.0,0.0,0.02702702702702703,0.0,0.0,-0.02702702702702703,0.48648977588659537,0.5006165617936003,0.7784615384615384,0.25,0.7642307692307693,0.5878643818009575,,0.6255679130554199,1699.0
C9→C1,经颅聚焦刺激装置→脑电特征提取分类,12,20,0.5963340997695923,0.6244207620620728,0.43974125385284424,0.5534987052281697,0.0,0.0,1.0,0.524177363004855,0.6932301006799398,0.5837302469704982,0.0,0.0,0.0,0.0,0.0,0.0,0.5,0.5418651234852492,0.45263157894736844,,,,无高价值专利,0.5925595760345459,
C9→C10,经颅聚焦刺激装置→神经信息分析诊断,12,36,0.6247636079788208,0.6696360111236572,0.3886451721191406,0.5610149304072062,0.0,0.0,0.9642857142857143,0.524177363004855,0.5811448339517777,0.5284529627327605,0.0,0.0,0.0,0.13793103448275862,0.0,0.13793103448275862,0.5685314644405662,0.5484922135866634,0.9879379666858128,0.0,0.9939689833429064,0.6371744494243256,,0.6399439573287964,397.0
C9→C11,经颅聚焦刺激装置→睡眠脑电调控增强,12,51,0.6420993804931641,0.6642144322395325,0.38930678367614746,0.5652068654696146,0.005555555555555556,0.0,1.0,0.524177363004855,0.6835550559100223,0.5790209002230265,0.0,0.0,0.009009009009009009,0.0,0.0,-0.009009009009009009,0.49549561735676945,0.537258258789898,0.949193066347878,0.0,0.974596533173939,0.6349163211095198,,0.6182512044906616,505.0
C9→C12,经颅聚焦刺激装置→视觉脑电解码评估,12,30,0.6093178987503052,0.5957626104354858,0.4182034730911255,0.5410946607589722,0.0,0.0,0.9803921568627451,0.524177363004855,0.7829175892646888,0.6265584233576177,0.0,0.0,0.0,0.0,0.0,0.0,0.5,0.5632792116788088,0.6666666666666666,0.0,0.8333333333333333,0.599214517034299,,0.5741391181945801,1629.0
C9→C13,经颅聚焦刺激装置→多模态神经交互评估,12,43,0.6620813012123108,0.6608685255050659,0.3883490562438965,0.5704329609870911,0.0053475935828877,0.0,1.0,0.524177363004855,0.6373326104204997,0.5563373787093671,0.0,0.0,0.009009009009009009,0.1724137931034483,0.0,0.1634047840944393,0.5809828937506275,0.5686601362299972,0.8674772036474164,0.0,0.9337386018237082,0.636831963417515,,0.6409404277801514,411.0
C9→C14,经颅聚焦刺激装置→脑电信号采集处理,12,66,0.645596981048584,0.6835588216781616,0.3800222873687744,0.56972603003184,0.00411522633744856,0.0,0.9900990099009901,0.524177363004855,0.679455675419048,0.5770211211208436,0.0,0.0,0.009009009009009009,0.0,0.0,-0.009009009009009009,0.49549561735676945,0.5362583692388065,0.7874493927125507,0.0,0.8937246963562753,0.6239071990764243,,0.632981538772583,978.0
C9→C15,经颅聚焦刺激装置→心理生理反馈调节,12,18,0.5924735069274902,0.5916225910186768,0.4521489143371582,0.5454150040944417,0.0,0.0,1.0,0.524177363004855,0.5865596100887834,0.531150725873498,0.0,0.0,0.0,0.0,0.0,0.0,0.5,0.515575362936749,0.8366666666666667,0.0,0.9183333333333333,0.6084611442018595,,0.5816575288772583,1497.0
C9→C16,经颅聚焦刺激装置→事件相关电位检测,12,37,0.6231199502944946,0.598274827003479,0.40965139865875244,0.543682058652242,0.0,0.0,0.9824561403508771,0.524177363004855,0.4632333326977074,0.46956565501255115,0.0,0.0,0.0,0.0,0.0,0.0,0.5,0.48478282750627555,0.9571865443425076,0.0,0.9785932721712538,0.6122621127788054,,0.5978432297706604,1404.0
C9→C17,经颅聚焦刺激装置→神经反馈刺激分析,12,58,0.6555581092834473,0.6490340232849121,0.3529927730560303,0.5525283018747965,0.0,0.0,1.0,0.524177363004855,0.6150229443551454,0.5452982449248345,0.0,0.0,0.0,0.27586206896551724,0.0,0.27586206896551724,0.6345355116007656,0.5899168782628,0.9730941704035875,0.05263157894736842,0.9602312957281095,0.6326303223878503,,0.6527818441390991,614.0
C9→C18,经颅聚焦刺激装置→神经刺激同步递送,12,31,0.679995059967041,0.7634667158126831,0.349962055683136,0.5978079438209534,0.0,0.017857142857142856,1.0,0.524177363004855,0.5368834240869825,0.5063526886769446,0.0,0.0,0.0,0.0,0.0,0.0,0.5,0.5031763443384722,0.9751098096632503,0.0,0.9875549048316252,0.6529572568902802,,0.668059229850769,78.0
C9→C19,经颅聚焦刺激装置→脑机接口交互控制,12,53,0.6495785713195801,0.6222075819969177,0.36718469858169556,0.5463236172993977,0.0,0.0,0.9736842105263158,0.524177363004855,0.7533341408009894,0.6126140284792723,0.0,0.0,0.0,0.0,0.0,0.0,0.5,0.5563070142396361,0.7592997811816192,0.0,0.8796498905908097,0.6094169782219976,,0.6420177221298218,1482.0
C9→C2,经颅聚焦刺激装置→柔性电极采集装置,12,70,0.6425347328186035,0.7386664748191833,0.3649185299873352,0.5820399125417074,0.0,0.0,1.0,0.524177363004855,0.6073936135656598,0.5415123459275379,0.0,0.0,0.0,0.0,0.0,0.0,0.5,0.520756172963769,0.8650602409638555,0.0,0.9325301204819277,0.6360629993757365,,0.6647223234176636,448.0
C9→C20,经颅聚焦刺激装置→脑控轮椅交互系统,12,10,0.5829203128814697,0.5680050849914551,0.46921515464782715,0.5400468508402506,0.0,0.0,1.0,0.524177363004855,0.50031249376726,0.48806983016630995,0.0,0.0,0.0,0.0,0.0,0.0,0.5,0.494034915083155,0.5454545454545454,,,,无高价值专利,0.5406509637832642,
C9→C21,经颅聚焦刺激装置→多模态脑电融合分析,12,46,0.6086000204086304,0.6458690166473389,0.41312575340270996,0.5558649301528931,0.0,0.0,1.0,0.524177363004855,0.3291122455290337,0.4036859496831177,0.0,0.0,0.018018018018018018,0.0,0.0,-0.018018018018018018,0.49099196578624643,0.4473389577346821,0.9682345754428833,0.0,0.9841172877214417,0.6150080463463008,,0.6036137938499451,1291.0
C9→C22,经颅聚焦刺激装置→脑机虚拟交互控制,12,18,0.6189003586769104,0.5814690589904785,0.41092848777770996,0.537099301815033,0.0,0.0,1.0,0.524177363004855,0.5586537376365586,0.5172313606744688,0.0,0.0,0.0,0.0,0.0,0.0,0.5,0.5086156803372344,0.7864583333333334,0.0,0.8932291666666667,0.5974488565266798,,0.5606662034988403,1641.0
C9→C23,经颅聚焦刺激装置→生物信号虚拟交互,12,26,0.592056155204773,0.6020746231079102,0.42258167266845703,0.5389041503270466,0.0,0.0,1.0,0.524177363004855,0.5849439801948719,0.5303459661329866,0.0,0.0,0.009009009009009009,0.0,0.0,-0.009009009009009009,0.49549561735676945,0.512920791744878,0.9470198675496688,0.0,0.9735099337748344,0.6128480213554489,,0.5706807374954224,1377.0
C9→C24,经颅聚焦刺激装置→闭环神经调控系统,12,24,0.6789017915725708,0.6938288807868958,0.36153554916381836,0.5780887405077616,0.0,0.0,1.0,0.524177363004855,0.5622256589370602,0.5190149730316548,0.0,0.0,0.0,0.0,0.0,0.0,0.5,0.5095074865158273,0.9495841995841996,0.125,0.9122920997920998,0.6279427658262123,,0.6578645706176758,805.0
C9→C25,经颅聚焦刺激装置→脑电信号模式识别,12,30,0.6217994689941406,0.6529998779296875,0.40858423709869385,0.5611278613408406,0.0,0.0,0.9846153846153847,0.524177363004855,0.7095321562876163,0.5916304284297055,0.0,0.0,0.0,0.0,0.0,0.0,0.5,0.5458152142148527,0.872852233676976,,,,无高价值专利,0.6266103386878967,
C9→C26,经颅聚焦刺激装置→神经刺激电极装置,12,43,0.6908393502235413,0.7156713008880615,0.35707759857177734,0.58786274989446,0.0,0.0,0.9836065573770492,0.524177363004855,0.578603280366496,0.5271861205817476,0.0,0.0,0.0,0.0,0.0,0.0,0.5,0.5135930602908738,0.9559055118110236,0.0,0.9779527559055118,0.6465590666154191,,0.6761919856071472,161.0
C9→C27,经颅聚焦刺激装置→认知意识神经评估,12,31,0.6161086559295654,0.589765191078186,0.40772372484207153,0.5378658572832743,0.0,0.0,1.0,0.524177363004855,0.8069023936113827,0.6377126390605992,0.0,0.0,0.0,0.034482758620689655,0.0,0.034482758620689655,0.517234548877195,0.5774735939688971,0.916256157635468,0.0,0.958128078817734,0.6201600963726986,,0.5972358584403992,1126.0
C9→C28,经颅聚焦刺激装置→脑波交互反馈系统,12,44,0.659529983997345,0.6171239018440247,0.38531696796417236,0.5539902846018473,0.0,0.0,1.0,0.524177363004855,0.7644472515623096,0.6178753271710293,0.0,0.0,0.0,0.0,0.0,0.0,0.5,0.5589376635855147,0.7387755102040816,0.0,0.8693877551020408,0.6132254306130366,,0.6222711801528931,1360.0
C9→C29,经颅聚焦刺激装置→深部脑刺激调控,12,83,0.7183571457862854,0.7455353140830994,0.3089141845703125,0.5909355481465658,0.0,0.009174311926605505,0.9827586206896551,0.524177363004855,0.6351596374162822,0.5552644247939136,0.0,0.0,0.0,0.0,0.0,0.0,0.5,0.5276322123969568,0.957544993077988,0.06666666666666667,0.9454391632056607,0.6453593218311002,,0.7199448347091675,186.0
C9→C3,经颅聚焦刺激装置→脑电状态检测评估,12,50,0.6343196630477905,0.6503782868385315,0.41155576705932617,0.5654179056485493,0.005263157894736842,0.0,0.9876543209876543,0.524177363004855,0.5131838629552182,0.4945034714047957,0.0,0.0,0.0,0.0,0.0,0.0,0.5,0.4972517357023979,0.9434650455927052,0.0,0.9717325227963526,0.6277931794594657,,0.6134840250015259,813.0
C9→C30,经颅聚焦刺激装置→脑电神经反馈康复训练,12,27,0.6284142732620239,0.6237865686416626,0.40476930141448975,0.5523233811060587,0.008130081300813009,0.0,1.0,0.524177363004855,0.5959707455919181,0.5358351441999772,0.0,0.0,0.009009009009009009,0.0,0.0,-0.009009009009009009,0.49549561735676945,0.5156653807783733,0.7529002320185615,0.3333333333333333,0.7097834493426142,0.5757343365005964,,0.6167111992835999,1755.0
C9→C31,经颅聚焦刺激装置→植入式神经接口系统,12,22,0.6695227026939392,0.6887838840484619,0.43107640743255615,0.5964609980583191,0.0,0.0,1.0,0.524177363004855,0.5840290770930134,0.5298901744280325,0.0,0.0,0.0,0.0,0.0,0.0,0.5,0.5149450872140162,1.0,0.0,1.0,0.6562903049703406,,0.6579644680023193,54.0
C9→C32,经颅聚焦刺激装置→脑电信号评估分析,12,48,0.6426655054092407,0.6360049843788147,0.3981519937515259,0.5589408278465271,0.005649717514124294,0.0,1.0,0.524177363004855,0.5236597877749698,0.4997412124081659,0.0,0.0,0.018018018018018018,0.06896551724137931,0.0,0.050947499223361295,0.5254517321781959,0.5125964722931808,0.9023331524688009,0.0,0.9511665762344004,0.6225809299785275,,0.6352927684783936,1037.0
C9→C33,经颅聚焦刺激装置→神经信号采集解码,12,67,0.636216938495636,0.6763904094696045,0.3889787197113037,0.5671953558921814,0.0,0.0,1.0,0.524177363004855,0.6501304005657931,0.5626455952017141,0.0,0.0,0.018018018018018018,0.0,0.0,-0.018018018018018018,0.49099196578624643,0.5268187804939802,0.9439330543933054,0.0,0.9719665271966527,0.6340498035722076,,0.6440954804420471,538.0
C9→C34,经颅聚焦刺激装置→脑电图像生成与映射,12,39,0.6245281100273132,0.6469836235046387,0.4021592140197754,0.5578903158505757,0.0,0.0,0.9846153846153847,0.524177363004855,0.5842642844359555,0.5300073561705987,0.0,0.0,0.009009009009009009,0.0,0.0,-0.009009009009009009,0.49549561735676945,0.5127514867636841,0.7593283582089553,0.0,0.8796641791044777,0.6095717835104019,,0.6073176860809326,1479.0
C9→C35,经颅聚焦刺激装置→神经刺激参数优化,12,56,0.6924793720245361,0.733549177646637,0.3565865755081177,0.5942050417264302,0.0,0.0,0.9885057471264368,0.524177363004855,0.5508990447467422,0.5133576616838518,0.0,0.0,0.009009009009009009,0.0,0.0,-0.009009009009009009,0.49549561735676945,0.5044266395203106,0.9911555470101904,0.0,0.9955777735050952,0.6522090426828426,,0.6976613998413086,83.0
C9→C36,经颅聚焦刺激装置→自适应神经刺激调控,12,15,0.6613959074020386,0.6782441735267639,0.3608309030532837,0.5668236613273621,0.0,0.0,1.0,0.524177363004855,0.520118521467215,0.49797059037546426,0.0,0.0,0.0,0.0,0.0,0.0,0.5,0.49898529518773216,0.9539347408829175,0.0,0.9769673704414588,0.6299205204023852,,0.6573408842086792,732.0
C9→C37,经颅聚焦刺激装置→神经调节刺激控制,12,59,0.6835741996765137,0.7537021040916443,0.33180248737335205,0.5896929303805033,0.005291005291005291,0.01,0.9896907216494846,0.524177363004855,0.4658115066911082,0.47085016467741586,0.0,0.0,0.018018018018018018,0.0,0.0,-0.018018018018018018,0.49099196578624643,0.48092106523183115,0.992143511850203,0.0,0.9960717559251016,0.6452305296660037,,0.7131891250610352,188.0
C9→C38,经颅聚焦刺激装置→事件相关电位分析,12,7,0.6171277165412903,0.5747185349464417,0.3986145853996277,0.5301536122957865,0.02040816326530612,0.0,0.962962962962963,0.524177363004855,0.5150485035655191,0.49543569706999085,0.0,0.0,0.0,0.0,0.0,0.0,0.5,0.49771784853499546,0.7263157894736842,,,,无高价值专利,0.5389775633811951,
C9→C39,经颅聚焦刺激装置→脑活动监测与解码,12,35,0.6186591982841492,0.6480100154876709,0.405417799949646,0.5573623379071553,0.0,0.0,0.972972972972973,0.524177363004855,0.8267363689746892,0.6468263519112495,0.0,0.0,0.0,0.0,0.0,0.0,0.5,0.5734131759556247,0.8997214484679665,0.0,0.9498607242339833,0.6315122416735756,,0.6331387758255005,665.0
C9→C4,经颅聚焦刺激装置→神经刺激调控系统,12,84,0.6915290355682373,0.7291184663772583,0.33392053842544556,0.5848560134569804,0.007462686567164179,0.008130081300813009,0.9915254237288136,0.524177363004855,0.5739366304571628,0.5248591201782792,0.0,0.0,0.0,0.034482758620689655,0.0,0.034482758620689655,0.517234548877195,0.521046834527737,0.9646086282614311,0.0,0.9823043141307155,0.6466087109659028,,0.6893215775489807,159.0
C9→C40,经颅聚焦刺激装置→脑电虚拟现实交互,12,5,0.6227958798408508,0.49344414472579956,0.4222571849822998,,0.0049504950495049506,0.0,1.0,,,,,,,,,,,,,,,,未达阈值,0.5664591789245605,
C9→C41,经颅聚焦刺激装置→脑电电极采集装置,12,40,0.6379537582397461,0.6894159913063049,0.3949899673461914,0.5741199056307474,0.0,0.0,1.0,0.524177363004855,0.4445427445021895,0.4602666472298523,0.0,0.0,0.0,0.034482758620689655,0.0,0.034482758620689655,0.517234548877195,0.4887505980535236,0.9487505294366794,0.0,0.9743752647183397,0.6325607481804189,,0.6390251517295837,622.0
C9→C42,经颅聚焦刺激装置→脑电听觉调控降噪,12,20,0.626785933971405,0.6210891008377075,0.3988332748413086,0.5489027698834736,0.0,0.0,1.0,0.524177363004855,0.6573096058558042,0.566175612820202,0.0,0.0,0.0,0.0,0.0,0.0,0.5,0.533087806410101,0.9382022471910112,0.0,0.9691011235955056,0.6222645755153864,,0.6141231060028076,1048.0
C9→C43,经颅聚焦刺激装置→癫痫监测预测干预,12,21,0.6263117790222168,0.6472761631011963,0.4114688038825989,0.5616855820020039,0.0,0.0,1.0,0.524177363004855,0.4366782007220494,0.4563617284309603,0.0,0.0,0.018018018018018018,0.0,0.0,-0.018018018018018018,0.49099196578624643,0.47367684710860336,0.9698535745047373,0.0,0.9849267872523686,0.6235321971052755,,0.6200741529464722,997.0
C9→C44,经颅聚焦刺激装置→脑电频率识别分析,12,13,0.6396439075469971,0.6758716106414795,0.38062936067581177,0.5653816262880961,0.013888888888888888,0.0,1.0,0.524177363004855,0.6381395033007632,0.5567356668570995,0.0,0.0,0.0,0.0,0.0,0.0,0.5,0.5283678334285498,0.7122302158273381,0.0,0.8561151079136691,0.6130671695520944,,0.6254415512084961,1366.0
C9→C5,经颅聚焦刺激装置→眼动脑电视觉分析,12,27,0.6192522048950195,0.5515561103820801,0.4266641139984131,0.5324908097585042,0.0,0.0,1.0,0.524177363004855,0.5322104001372527,0.5040164321735355,0.0,0.0,0.009009009009009009,0.0,0.0,-0.009009009009009009,0.49549561735676945,0.49975602476515246,0.8195050946142649,0.0,0.9097525473071324,0.5956653808704917,,0.5623756647109985,1654.0
C9→C6,经颅聚焦刺激装置→电极阵列植入制造,12,42,0.6438303589820862,0.7111894488334656,0.3779263496398926,0.5776487191518147,0.0,0.0,0.9846153846153847,0.524177363004855,0.571474259607952,0.52363083023454,0.0,0.0,0.0,0.0,0.0,0.0,0.5,0.51181541511727,0.9067315490673155,0.0,0.9533657745336577,0.6352472948726324,,0.6628851294517517,486.0
C9→C7,经颅聚焦刺激装置→视觉刺激脑电分析,12,48,0.6371752023696899,0.6169849634170532,0.37355953454971313,0.5425732334454855,0.0,0.0,0.9861111111111112,0.524177363004855,0.7934048652653686,0.6314529392749837,0.0,0.0,0.0,0.06896551724137931,0.0,0.06896551724137931,0.5344281929745097,0.5829405661247467,0.9191073919107392,0.0,0.9595536959553697,0.624528761300508,,0.5966618061065674,947.0
C9→C8,经颅聚焦刺激装置→神经刺激监测装置,12,128,0.6928015947341919,0.7683356404304504,0.30656296014785767,0.5892333984375,0.0,0.006060606060606061,0.9875776397515528,0.524177363004855,0.7415056039068469,0.6069850433754785,0.0,0.0,0.009009009009009009,0.13793103448275862,0.0,0.12892202547374962,0.5641062381131012,0.5855456407442898,0.9955230399650579,0.0,0.9977615199825289,0.6631113862421496,,0.7094674110412598,23.0
