entity_type,name,freq
技术问题,治疗脑疾病,17
技术问题,增强正常健康大脑的神经功能,14
技术问题,控制感觉功能,14
技术问题,治疗脑损伤,11
技术问题,评估认知功能,11
技术问题,识别用于感测脑信号的一个或多个电极组合,10
技术问题,修改vr环境中内容的参数,10
技术问题,负面情绪状态,10
技术问题,实现患者神经功能持久改变,9
技术问题,治疗脑障碍,9
技术问题,治疗神经疾病,8
技术问题,药物难治性癫痫,8
技术问题,停止神经事件,8
技术问题,解码神经活动,8
技术问题,跟踪视觉注意力,8
技术问题,提供交互式介导现实环境,8
技术问题,控制或管理用户的状态,8
技术问题,抑制心理物理副作用,7
技术问题,提高信号采集质量,7
技术问题,识别图像中的目标,7
技术问题,确定用户状态,7
技术问题,提供更安全的网络安全功能,7
技术问题,调节用户精神状态,7
技术问题,终止癫痫样活动,6
技术问题,与受试者神经系统接口,6
技术问题,增强脑的各种结构中的迷走神经诱发电位,6
技术问题,跟踪视觉注意,6
技术问题,提供用户认证工具,6
技术问题,提高交互的真实性,6
技术问题,降低功耗,5
技术问题,改变神经系统的神经元活性,5
技术问题,神经靶的高度定位和有效的电刺激,5
技术问题,同时提供训练和神经刺激,5
技术问题,治疗神经系统疾病,5
技术问题,检测图像中目标的存在,5
技术问题,估计显示器上的位置,5
技术问题,提高神经信号与引起这些信号的对象关联的确定性,5
技术问题,增加与传统和新媒体内容的互动,5
技术问题,简化数字和物理环境中与输入设备的交互,5
技术问题,评估产品配方,5
技术问题,定制产品配方,5
技术问题,基于意图操纵虚拟对象,5
技术问题,提高情绪识别的准确性,5
技术问题,确定用户选择了哪个选项,5
技术问题,降低诱导侧枝神经活性的可能性,4
技术问题,恢复或修复脑功能,4
技术问题,运动障碍,4
技术问题,识别易感性到异常的神经活性,4
技术问题,使异常同步的脑电活动不同步,4
技术问题,降低癫痫发作或其它不希望的神经病学情况的可能性,4
技术问题,病理同步和振荡神经活性,4
技术问题,治疗疼痛,4
技术问题,改善认知功能,4
技术问题,微创植入,4
技术问题,"压力过小会导致电阻增加,同时电场分散",4
技术问题,压力过大可能会阻塞血流,4
技术问题,增强神经刺激功效,4
技术问题,诊断和治疗神经疾病和病症,4
技术问题,产生治疗效果,4
技术问题,调节脑血流以治疗癫痫和其它神经障碍,4
技术问题,识别治疗频率,4
技术问题,确定营销和娱乐刺激的有效性,4
技术问题,减少干扰性布线,4
技术问题,中风康复,4
技术问题,评估消费者体验,4
技术问题,基于思维操纵虚拟对象,4
技术问题,维持用户积极状态,4
技术问题,确定人的感觉能力,4
技术问题,训练图像分类神经网络,4
技术问题,评估注意缺陷,4
技术问题,确定触觉效果,4
技术问题,促进用户认知状态,4
技术问题,增强或影响神经刺激效率和/或功效,3
技术问题,选择神经调节参数,3
技术问题,控制神经状态,3
技术问题,自动优化刺激参数和电极配置,3
技术问题,提供高局部和高效的电刺激的神经目标,3
技术问题,识别用于感测脑信号的电极组合,3
技术问题,治疗运动障碍,3
技术问题,优化刺激参数,3
技术问题,安全性高,3
技术问题,施加电刺激,3
技术问题,增强病症的症状缓解,3
技术问题,监测大脑中对刺激响应的神经活动,3
技术问题,无电池,3
技术问题,增强各种疗法的疗效,3
技术问题,产生刺激参数,3
技术问题,药物顽固性癫痫,3
技术问题,提高信噪比,3
技术问题,减少耳蜗损伤,3
技术问题,保护残余螺旋神经节,3
技术问题,实现安全、稳定、长效的引导神经定向生长,3
技术问题,提升听觉脑机接口的使用效果,3
技术问题,选择性,3
技术问题,如何通过颅骨/脑界面诱导神经调节,3
技术问题,电极相对于神经通路的运动引起的反馈环路增益的变化,3
技术问题,诱导神经刺激源,3
技术问题,调节与情绪障碍症状相关的区域的神经元活性,3
技术问题,感测哺乳动物大脑的电信号并电刺激大脑的一个或多个区域,3
技术问题,将模拟神经电压转换为数字信号,3
技术问题,降低侵入性,3
技术问题,跨模式神经接口,3
技术问题,自适应深部脑刺激,3
技术问题,估计由刺激引起的神经募集,3
技术问题,促进患者从感觉运动障碍的影响中恢复,3
技术问题,治疗神经病症,3
技术问题,病理性同步和振荡神经活动,3
技术问题,增强记忆,3
技术问题,没有脑电图学领域训练的临床医师无法在床头插入和功能化单元化颅内电极阵列,3
技术问题,长期使用,3
技术问题,生成治疗协议,3
技术问题,长期神经元记录,3
技术问题,降低噪声,3
技术问题,记忆巩固不足,3
技术问题,评估刺激材料的有效性,3
技术问题,可靠地将神经信号与引起该神经信号的用户关注对象相关联,3
技术问题,增强eeg信号和信号分类准确性,3
技术问题,评估测试对象前认知情绪反应,3
技术问题,评估脑活动,3
技术问题,区分仅仅是查看显示对象和有意选择该显示对象,3
技术问题,快速有效地映射每个发射元件的精确物理位置,3
技术问题,检测有缺陷的组件,3
技术问题,对神经生理数据进行功能分析,3
技术问题,控制视频片段播放器,3
技术问题,癫痫发作检测,3
技术问题,确定受试者对感觉刺激的注意力指示,3
技术问题,可靠地将神经信号与引起该神经信号的用户关注的对象相关联,3
技术问题,估计人在刺激后的大脑活动反应,3
技术问题,接触被测者皮肤时受头发干扰,3
技术问题,减少引人注目的布线,3
技术问题,帮助用户体验虚拟环境中对象的属性,3
技术问题,检测eeg信号,3
技术问题,确定人的心理和/或神经状态,3
技术问题,长期使用鼓励不足,3
技术问题,简化数字和物理环境中输入设备的交互,3
技术问题,将神经信号可靠地与对象相关联,3
技术问题,产品定制,3
技术问题,在增强现实环境中使用稳态运动视觉诱发电位刺激,3
技术问题,改善用户的脑功能和运动功能,3
技术问题,识别用户情绪,3
技术问题,早期、即时和客观评估视野缺损,3
技术问题,估计未测量的附加电极设备的脑信号,3
技术问题,提升脑电信号分类模型的精度及收敛速度,3
技术问题,充分利用所有用户的有效信息,3
技术问题,评估与注意损伤相关的eeg不一致,3
技术问题,评估人的心理健康状态,3
技术问题,检测认知缺陷,3
技术问题,无需在准备受试者皮肤和电极本身时进行大量步骤,3
技术问题,神经反馈训练,3
技术问题,测量或估计用户对刺激的响应,3
技术问题,对响应进行分类,3
技术问题,获得高质量的eeg信号,3
技术问题,降低阻抗,3
技术问题,干扰性布线,3
技术问题,确定实体是否是人,3
技术问题,监测受试者大脑神经活动,3
技术问题,可靠地将神经信号与由用户的注意引发该神经信号的对象相关联,3
技术问题,提高神经信号与引起这些信号的对象的关联的确定性,3
技术问题,识别和呈现与用户的当前精神状态和上下文相关的内容,3
技术问题,预测观看者的期望视口,3
技术问题,检测与神经系统相关的电信号,3
技术问题,提高治疗效果,3
技术问题,人与场地、人与器械互动互联的问题,3
技术问题,学员体质监测、运动数据自动获取、汇总、分析的问题,3
技术问题,学员运动处方专业化制定的问题,3
技术问题,康复训练场馆运动安全监控的问题,3
技术问题,确定与fmri数据采集相关联的动作,3
技术问题,自我意识障碍辅助诊断,3
技术问题,测试客观性差,3
技术问题,准确性低,3
技术问题,确定用户当前关注的声源,3
技术问题,估计注意力,3
技术问题,实现患者神经功能改变,2
技术问题,增强或诱导神经活性的持久改变,2
技术问题,治疗脑损伤、脑疾病和脑障碍,2
技术问题,向患者施加神经刺激,2
技术问题,调节电极长度以改变远端接触表面相对于脑表面的接触力,2
技术问题,提供充分的症状缓解,2
技术问题,监测响应于大脑中的刺激的神经活动,2
技术问题,测试药物、药理学试剂和其它神经元功能调节剂,2
技术问题,调节包括整个或部分神经系统或与其接口的任何结构的任何部件或结构的活动,2
技术问题,神经退行性疾病的检测,2
技术问题,确保迷走神经刺激在调节患者的一个或多个目标功能中的有效性,2
技术问题,验证刺激捕获迷走神经,2
技术问题,伪影,2
技术问题,调节神经系统组件的活性,2
技术问题,向患者提供神经刺激,2
技术问题,电刺激对采集的干扰,2
技术问题,减少脑的异常活动,2
技术问题,促进技能学习过程,2
技术问题,测定和基于预测的患者的易感性对神经功能障碍,2
技术问题,测定和预测患者的易感性对神经功能障碍,2
技术问题,诱发和记录神经反应,2
技术问题,期望的治疗结果,2
技术问题,不良刺激副作用的最小化,2
技术问题,治疗或预防慢性炎症,2
技术问题,治疗或预防慢性炎性病症,2
技术问题,改善记忆和学习,2
技术问题,预防癫痫,2
技术问题,不正确的导线放置,2
技术问题,术后脱位,2
技术问题,改善或治疗或预防阿尔茨海默病和相关痴呆,2
技术问题,恢复认知功能,2
技术问题,改善临床症状,2
技术问题,治疗对象的病症,2
技术问题,长期、微创的皮层记录或刺激,2
技术问题,调节神经放电节律,2
技术问题,选择神经刺激治疗模式,2
技术问题,癫痫症状,2
技术问题,神经元活动异常,2
技术问题,自动优化刺激参数和电极结构,2
技术问题,提高电场渗透性,2
技术问题,增加交变电场在目标部位的电场强度,2
技术问题,隔热性好,2
技术问题,热损伤小,2
技术问题,调节患者体内可兴奋组织,2
技术问题,治疗帕金森病和/或其它运动障碍的症状,2
技术问题,将多导体引线电连接到可植入医疗装置,2
技术问题,需要接触预载和/或增强的接触尖端稳健性,2
技术问题,监测神经病症的症状,2
技术问题,增强脑电刺激的聚焦性,2
技术问题,提供两相刺激,2
技术问题,选择刺激电极,2
技术问题,建立用于神经刺激的参数,2
技术问题,无线,2
技术问题,改善跨越患者皮质区域的功能协调,2
技术问题,提高成功治疗脑损伤的概率,2
技术问题,长期监测和/或刺激,2
技术问题,快速识别神经目标的位置,2
技术问题,有效电刺激,2
技术问题,靶向刺激信号施加到对应的靶向区域,2
技术问题,癫痫发作,2
技术问题,治疗耳鸣,2
技术问题,强化刺激效果,2
技术问题,降低电极线在体内断裂、拉扯的风险,2
技术问题,利于在体内固定,2
技术问题,需要长期刺激中间基底神经节,2
技术问题,影响患者的目标神经群体,2
技术问题,检测患者执行辅助治疗任务的特征,2
技术问题,压力过小导致电阻增加以及电场分散,2
技术问题,压力过大会阻塞血流,2
技术问题,平坦阵列施加不均匀压力,2
技术问题,柔性电路聚合物阵列边缘锋利切割神经组织,2
技术问题,将电刺激的幅度编程到大于或等于最小感知阈值和小于或等于最大可耐受感知阈值的期望水平,2
技术问题,对所施加刺激的感知量进行均衡,2
技术问题,脑电信号采集和处理精度不足,2
技术问题,热安全性,2
技术问题,磁安全性,2
技术问题,生物贴合性,2
技术问题,减少植入式微电极可能引起的免疫反应,2
技术问题,减少因呼吸心跳等节律性生理活动造成的微丝电极与组织之间的相对位移,2
技术问题,节省信号处理芯片的版图面积,2
技术问题,将神经信号叠加在脑图像上用于神经外科手术期间显示,2
技术问题,误差风险高,2
技术问题,植入安全性和稳定性不足,2
技术问题,精细电极位点定位,2
技术问题,可调性,2
技术问题,精确激活模式化,2
技术问题,改善传输的功率和带宽问题,2
技术问题,颅内神经刺激和/或感测,2
技术问题,向患者发送信号或流体和/或从患者接收信号或流体,2
技术问题,将信号引导和聚焦到大脑以用于神经调节,2
技术问题,引导和聚焦来自大脑的信号或其他能量以用于测量、热传递和成像,2
技术问题,预防神经症状和体征,2
技术问题,优化电极性能,2
技术问题,维持信号传输的一致性,2
技术问题,制作工艺简单,2
技术问题,成本更低,2
技术问题,对环境更加友好,2
技术问题,维持柔性电极在成品阶段的表面洁净度,2
技术问题,维持或增加电极表面电容值,2
技术问题,提高电极使用寿命,2
技术问题,提高对大脑的刺激效果,2
技术问题,神经状况的自我指导的诊断和治疗,2
技术问题,保持植入用于长期监测和/或刺激,2
技术问题,治疗某些神经疾病,2
技术问题,偏头痛,2
技术问题,"治疗某些神经疾病如癫痫,偏头痛和帕金森病",2
技术问题,改善神经运动障碍受试者行走的一致性,2
技术问题,实时控制硬膜外和/或硬膜下电刺激,2
技术问题,降低手术难度,2
技术问题,减小脑组织创伤,2
技术问题,减小芯片的小型化的压力,2
技术问题,治疗情绪和/或焦虑症,2
技术问题,为ici的一个或多个组件供电,2
技术问题,微创,2
技术问题,闭环脊髓刺激的高带宽需求,2
技术问题,治疗患者的神经障碍,2
技术问题,神经病症或紊乱,2
技术问题,治疗医学病症,2
技术问题,控制神经刺激,2
技术问题,调节神经系统部件活动,2
技术问题,从神经响应中导出治疗参数,2
技术问题,慢性疼痛,2
技术问题,创伤后应激障碍(ptsd),2
技术问题,严重抑郁,2
技术问题,用于患者的神经接口系统,2
技术问题,神经特征不能容易地直接测量,2
技术问题,单片薄膜引线组件的微制造,2
技术问题,血管狭窄位置信号采集不稳定,2
技术问题,电极易受狭窄部位沉积物干扰,2
技术问题,异常通信连接,2
技术问题,脑相关疾病,2
技术问题,帕金森病症状,2
技术问题,其他运动障碍,2
技术问题,药物副作用,2
技术问题,控制电极阵列的弯曲柔性,2
技术问题,平坦的阵列必然会施加不均匀的压力,2
技术问题,柔性电路聚合物阵列的边缘可以是锋利的并且切割脆弱的神经组织,2
技术问题,低阻抗电极阵列,2
技术问题,不同被试之间的差异,2
技术问题,相同被试在不同阶段的差异,2
技术问题,植入患者颅骨上方和皮肤下方,2
技术问题,瘫痪患者及运动功能障碍患者的运动功能重建恢复,2
技术问题,泌尿系统并发症治疗,2
技术问题,患者不适,2
技术问题,外科干扰最小化,2
技术问题,与相同的神经群体稳定接口,2
技术问题,选择用于深部脑刺激的刺激参数,2
技术问题,可定制滴定,2
技术问题,神经刺激信号的滴定,2
技术问题,功耗管理,2
技术问题,降低成本,2
技术问题,评估使用非超声/超声模式的神经调节治疗的可行性,2
技术问题,脑内异常电活动引起的病症中的功能诊断和恢复,2
技术问题,深入组织内部进行脑电信号刺激和采集,2
技术问题,有效治疗所需的最小刺激幅度,2
技术问题,预测脊髓刺激是否可能有效缓解疼痛,2
技术问题,治疗慢性疼痛,2
技术问题,降低信号采集的能耗以及噪声,2
技术问题,在低耗能和低噪声的场景下实现动作电位与局部场电位的信号采集,2
技术问题,脑电个体差异性大,2
技术问题,跨被试场景下的脑电个体差异大的问题,2
技术问题,从神经活动解码语音,2
技术问题,恒河猴眼动决策解码,2
技术问题,计算复杂度低,2
技术问题,模拟失重条件下工作记忆能力评价,2
技术问题,提高脑电信号识别的准确率和泛化性能,2
技术问题,精准匹配用户运动意图与肌电状态,2
技术问题,脑电信号高质量预处理,2
技术问题,意图动态判别,2
技术问题,个体化电刺激参数自适应优化,2
技术问题,记忆巩固,2
技术问题,脑电信号采集,2
技术问题,自然、精准且个性化的运动辅助,2
技术问题,恢复或改善受试者神经系统功能,2
技术问题,控制受试者对癫痫发作的易感性,2
技术问题,预防神经体征和症状,2
技术问题,存储数据并将数据无线传输到外部接收器,2
技术问题,引线数量多导致线路复杂性和成本高,2
技术问题,高空间和时间分辨率,2
技术问题,"测试药物,药理学试剂和其它神经元功能调节剂",2
技术问题,治疗神经障碍和/或疾病,2
技术问题,降低能量需求,2
技术问题,自动调节刺激,2
技术问题,颅内测量,2
技术问题,刺激,2
技术问题,生成脑状态模型,2
技术问题,低采样率和噪声条件下跨脑区振荡的高保真恢复,2
技术问题,多脑区耦合调控的需求,2
技术问题,提升对失眠、焦虑等神经状态的闭环干预效果,2
技术问题,提供双侧迷走神经刺激,2
技术问题,焦虑,2
技术问题,电极发生不可预见位移,2
技术问题,有效刺激域偏离指定区域,2
技术问题,控制难度高,2
技术问题,稳定电极焊盘,2
技术问题,允许在手术期间分割电极焊盘,2
技术问题,将神经刺激导线植入患者体内,2
技术问题,增加或最大化与神经系统部分相交的离子通量线的数目,2
技术问题,识别死亡或非功能神经元,2
技术问题,确定受死亡或非功能神经元影响的直接神经连接,2
技术问题,转发死亡或非功能神经元周围的神经信号,2
技术问题,脊髓损伤导致的运动功能丧失或部分丧失,2
技术问题,不同运动状态下脑电信号和脊髓电信号差异,2
技术问题,运动意图信号的高信噪比精确采集,2
技术问题,脑中神经递质失衡驱动的疾病,2
技术问题,需要非侵入性治疗,2
技术问题,睡眠剥夺对认知状态或认知功能的不利后果,2
技术问题,现有记忆力实验记忆量大,2
技术问题,易受主观状态影响,2
技术问题,现有研究无法从结构层面深层探索记忆增强的特征,2
技术问题,对患有脑部疾病的患者进行分类,2
技术问题,增强工作记忆,2
技术问题,实现对前额叶和顶叶之间内源性相位差的精准控制,2
技术问题,治疗各种疾病,2
技术问题,增强用户情绪健康,2
技术问题,表达复杂体验,2
技术问题,拓宽治疗适用性,2
技术问题,减少由痴呆引起的记忆退化,2
技术问题,辅助学习能力和专注度的提高,2
技术问题,增强学习者的专注度、记忆力和学习能力,2
技术问题,治疗幻肢痛,2
技术问题,记忆改善干预,2
技术问题,脑电样本匮乏,2
技术问题,减少不同受试者的运动想象特征提前或是滞后的影响,2
技术问题,减少各时间片之间的信息冗余影响,2
技术问题,"使测试分类准确率偏差减小,分类准确率提高",2
技术问题,增强感觉运动学习,2
技术问题,脑电慢波实时反馈,2
技术问题,经颅电刺激参数决策,2
技术问题,评估消费者体验描绘效果,2
技术问题,评估和选择用于引入刺激材料的时间和空间位置,2
技术问题,确定刺激材料的有效性,2
技术问题,有效地生成、管理和访问从暴露于刺激材料的受试者获得的中枢神经系统、自主神经系统、效应器数据和行为数据,2
技术问题,不需要导电凝胶,2
技术问题,确定神经响应刺激和刺激属性共振,2
技术问题,获取用户脑电图信号时电极难以穿过头发接触头皮,2
技术问题,干电极接触不良,2
技术问题,评估受试者对与刺激相关的任务的反应,2
技术问题,区分仅仅观看显示对象和有意选择该显示对象,2
技术问题,追踪视觉注意,2
技术问题,收集与患者的状况和脑电活动有关的信息,2
技术问题,提高神经反馈训练的有效性和普适性,2
技术问题,信噪比低,2
技术问题,电磁干扰,2
技术问题,不引入不想要的污染的功能性磁共振成像(mri)数据,2
技术问题,覆盖大范围的头皮面积,2
技术问题,电极制造优化,2
技术问题,高空间采样率,2
技术问题,控制电动轮椅移动,2
技术问题,控制电动轮椅向物体移动或沿路径移动,2
技术问题,允许用户执行免提任务,2
技术问题,提高控制效率,2
技术问题,运动抗干扰能力及稳定性,2
技术问题,广告投放检测,2
技术问题,在存在大量背景噪声和外来脑电图信号的情况下检测稳态诱发电位信号,2
技术问题,确定观察者正在关注几个不同显示器中的哪一个,2
技术问题,托管对密集脑电图数据的移动访问,2
技术问题,减轻生理状况,2
技术问题,检测用户的生理状况,2
技术问题,减少对用户的潜在风险,2
技术问题,生成高亮图像,2
技术问题,识别人类意图,2
技术问题,增强用户的认知能力,2
技术问题,测试和训练计划和执行运动活动的大脑能力,2
技术问题,实时显示脑电图,2
技术问题,在过去的时间点上显示eeg,2
技术问题,显示eeg的参数的随时间变化的趋势,2
技术问题,测量大脑的电活动和身体部位的位置/运动,2
技术问题,确定不同时间和空间位置的各种产品和服务的共振和启动水平,2
技术问题,智能地选择合适的广告内容以插入刺激材料中的不同位置,2
技术问题,确定刺激材料的一部分的有效性,2
技术问题,识别低于自我意识和认知意识水平的生理反应,2
技术问题,与计算机通信,2
技术问题,显示设备控制精度低,2
技术问题,控制电子设备,2
技术问题,个性和能力匹配,2
技术问题,提供受试者对图像视觉识别的客观统计可靠性,2
技术问题,检测实体是否为人,2
技术问题,处理神经信号,2
技术问题,评估与待评估对象相关的脑活动相似性,2
技术问题,使用简单脑电波测量获得的数据,2
技术问题,听觉显示分辨率低,2
技术问题,确定受试者对图像的视觉识别概率,2
技术问题,提高电子装置解锁控制的智能性和安全性,2
技术问题,脑卒中手部康复训练,2
技术问题,人工手动地提取复杂的特征信息,2
技术问题,癫痫识别的准确率低,2
技术问题,检测癫痫事件,2
技术问题,捕获用户的视频数据,2
技术问题,构建精度较高的视觉编码模型,2
技术问题,提高对大脑视觉区体素响应的预测准确性,2
技术问题,从复杂的自然场景中提取视觉语义特征,2
技术问题,准确生成对自然图像的文本描述,2
技术问题,无法完全应对各种复杂头动情况,2
技术问题,图像模态间信息缺失,2
技术问题,特征利用不充分,2
技术问题,评估广告有效性,2
技术问题,无需涂抹导电介质,2
技术问题,长时间监测时可保证信号高质量获取,2
技术问题,降低使用时的不适感,2
技术问题,提高用户体验的舒适度,2
技术问题,防止干电极与头皮接触压力过大而磨损头皮组织,2
技术问题,提高干电极与头皮接触的舒适度,2
技术问题,评估受试者前认知情绪反应,2
技术问题,确定密集触摸板使用对体感诱发电位的影响,2
技术问题,确定对象共振测量,2
技术问题,图像分类中目标检测的准确性不足,2
技术问题,不需要关于刺激的更新模式的先验知识,2
技术问题,评估营销材料在虚拟现实环境中的有效性,2
技术问题,测量用户对观察对象的神经反应,2
技术问题,快速为特定用户定制虚拟对象,2
技术问题,分析和操纵生物反馈数据,2
技术问题,用户通过操纵大脑中的电活动来修改模拟环境,2
技术问题,为用户提供交互式介导现实环境,2
技术问题,虚拟对象操控,2
技术问题,增强eeg信号和信号分类准确度,2
技术问题,适配或调整以适配在人的头皮上,2
技术问题,快速定制特定用户的虚拟对象,2
技术问题,用户情绪无法根据脑电波进行调整,2
技术问题,虚拟现实设备可交互性差,2
技术问题,虚拟现实设备智能化程度低,2
技术问题,测量eeg信号,2
技术问题,追踪视觉注意力,2
技术问题,如何基于脑电信号获取对象的神经反应数据,2
技术问题,追踪电子游戏期间的脑活动,2
技术问题,检测准确率低,2
技术问题,识别潜在诱发癫痫发作的虚拟现实内容,2
技术问题,识别心理行为属性,2
技术问题,人对虚拟环境的控制被局限在肢体运动或者手动指令的范畴内,2
技术问题,虚拟环境只能被动接收人的控制指令进行交互反馈,2
技术问题,改善神经信号与引起这些信号的对象之间的关联的确定性,2
技术问题,产品配方评估,2
技术问题,对受试人体感官状况作出客观评价,2
技术问题,获得长期治疗效果,2
技术问题,提高沉浸度,2
技术问题,使神经反馈系统的效果更加显著,2
技术问题,生成高度个性化图像内容,2
技术问题,将情绪应用于目标场景,2
技术问题,同时评估传入和传出视觉功能,2
技术问题,测试结果不准确,2
技术问题,客观准确地获得直接测量消费者对于酸味的味觉感官体验结果,2
技术问题,长期使用依从性不足,2
技术问题,筛选和评估注意缺陷,2
技术问题,主观因素干扰,2
技术问题,筛选注意缺陷,2
技术问题,省去口头评估,2
技术问题,提供更便捷、适用性更广的评估方法,2
技术问题,预测患者对多种cns疾病干预方式的反应,2
技术问题,理解用户的意图,2
技术问题,ad疾病的治疗效果难以量化,2
技术问题,判断受访者最初是否诚实回答,2
技术问题,客观、科学且准确地评估封闭环境中的投影内容,2
技术问题,不允许用户的主观评估,2
技术问题,客观地评估置信度,2
技术问题,改善注意力状态,2
技术问题,提高时效性、准确性和灵敏度,2
技术问题,评估经颅直流电刺激后大脑皮层兴奋性,2
技术问题,为tdcs对大脑皮层神经元活动的调节效果提供客观评价指标,2
技术问题,为刺激模式、刺激计量等参数的选择与制定提供客观依据,2
技术问题,难以学习细粒度的类条件信息,2
技术问题,适应跨被试的决策边界样本,2
技术问题,脑认知计算领域脑电信号的个体差异性问题,2
技术问题,评估用户的认知状态和治疗的功能结果,2
技术问题,区分仅观看显示对象与有意选择显示对象,2
技术问题,评估认知障碍治疗的功效,2
技术问题,用户偏好数据存储,2
技术问题,降低电极阻抗密度,2
技术问题,检测神经病症,2
技术问题,检测和分析学习者/表演者认知流,2
技术问题,评估学习者的认知状态,2
技术问题,提供对患者的神经刺激和/或神经调节的临床应用,2
技术问题,从受试者注视包含未用于解码器训练的对象的目标图像期间或受试者想象此类目标图像期间测量的脑活动信号中识别对象类别,2
技术问题,提供与脑电图或功能性近红外光谱脑机接口系统相比改进性能,2
技术问题,确定脑活动类型,2
技术问题,同时显示脑电图信息和图像信息,2
技术问题,减轻心理工作者在面临大范围筛查时的巨大工作量,2
技术问题,提高抑郁状态患者识别的效率,2
技术问题,生成脑电图测量嵌入,2
技术问题,mi-eeg分类准确率的提升,2
技术问题,估计脑内网络活动,2
技术问题,估计脑中的网络活动,2
技术问题,提高分类的准确率,2
技术问题,人脑的专注力量化评估方面的空白,2
技术问题,降低大数量级的数据传输,2
技术问题,提高对脑功能网络的评估效率,2
技术问题,拓宽利用头皮脑电信号重建视觉信息的范围,2
技术问题,填补头皮脑电信号重建想象图像领域的空白,2
技术问题,实现对大脑思维重建的深入探索,2
技术问题,人工标注不准确导致神经网络训练结果较差,2
技术问题,提升神经网络的识别精确度,2
技术问题,孤独症谱系障碍亚型分类,2
技术问题,预测观众期望观看端口,2
技术问题,评估身体健康和大脑的功能,2
技术问题,"识别脑健康,疾病和损伤",2
技术问题,提升算法的鲁棒性和准确性,2
技术问题,如何融合脑电和刺激源信息进行视频情感分类,2
技术问题,实现对情绪脑电信号的准确获取、有效辨识和正确分类,2
技术问题,提高对脑影像数据的解码精度,2
技术问题,生理参数测量和运动跟踪,2
技术问题,增强eeg神经反馈过程,2
技术问题,识别指示脑健康、疾病和损伤的数据,2
技术问题,频繁的全身运动,2
技术问题,生理和/或神经参数的变化,2
技术问题,确定短期状态变化,2
技术问题,鲁棒单事件检测,2
技术问题,区分仅观看显示对象和故意选择该显示对象,2
技术问题,评估结构性或神经化学性脑病变,2
技术问题,优化神经刺激,2
技术问题,无需技术帮助精确地定位和施加一次性eeg电极,2
技术问题,控制脑机接口设备,2
技术问题,提供目标信息用于设计广告的表示,2
技术问题,脑区的探测深度较浅,2
技术问题,只能得到相对值,2
技术问题,eeg空间精度低,2
技术问题,快速准确定位头皮脑电图每个电极的安放位置,2
技术问题,提高脑电图操作的效率和精确性,2
技术问题,远程诊断,2
技术问题,定位从受试者头皮表面测量的电信号,2
技术问题,生成大脑皮层内发生的电活动的动态三维信息,2
技术问题,去除测量时无效动作带来的噪声,2
技术问题,模态壁垒,2
技术问题,解码准确性,2
技术问题,适配性,2
技术问题,交互性,2
技术问题,可解释性,2
技术问题,观察海岛皮质活动,2
技术问题,提升mi-eeg信号特征表达,2
技术问题,分类精度,2
技术问题,多模态ai眼镜视觉-脑电协同控制,2
技术问题,从脑电图信号生成视觉类别重建,2
技术问题,无意识引发的脑电图异常波动带来的错误判断,2
技术问题,无意识的眼动停留方向带来的错误判断,2
技术问题,输出文字数据正确率低,2
技术问题,识别和剔除或去污包含各种伪像的历元,2
技术问题,去除心电伪迹,2
技术问题,认知障碍风险识别,2
技术问题,低成本、便捷和有效地进行神经退行性疾病早期识别筛查,2
技术问题,确定刺激材料中引发受控注意力和自动注意力的位置,2
技术问题,更可靠地评价信息,2
技术问题,无需导电胶/膏,2
技术问题,用户操作显示设备不便,2
技术问题,无法根据用户意图准确操作显示设备,2
技术问题,提高佩戴者的舒适性,2
技术问题,确定在测试听觉或视觉刺激下呈现的人类对象的主观心理状态,2
技术问题,评估和/或训练认知适应性,2
技术问题,可靠地将神经信号与引起该神经信号的用户关注对象关联起来,2
技术问题,提取两种信号同时反映的大脑特定活动状态的时空特征,2
技术问题,将多模态信号应用在神经反馈调节中,2
技术问题,监视设备不能连续地检测到表现,2
技术问题,药物成瘾患者的治疗,2
技术问题,提高决策过程的可靠性和速度,2
技术问题,刺激和调节脑活动,2
技术问题,评估用户的认知状态和治疗功能结果,2
技术问题,可解释性弱,2
技术问题,实时性差,2
技术问题,注意力检测的便捷性和准确性不足,2
技术问题,分类算法中无法智能控制动态执行分类算法的问题,2
技术问题,误触发率低,2
技术问题,提高现有频率识别算法的异步分类性能,2
技术问题,脑机接口领域指令单一,2
技术问题,增强脑机接口系统对连续性神经活动的解码范围,2
技术问题,指令误触发,2
技术问题,误操作概率高,2
技术问题,轮椅使用安全性不足,2
技术问题,实时反馈和交互,2
技术问题,神经响应数据收集与刺激材料呈现同步,2
技术问题,确定对用户的风险,2
技术问题,无现有知识围绕该更新模式,2
技术问题,无现有知识约一个单独的使用者的eeg图案,2
技术问题,创建最佳工作、学习和休息环境,2
技术问题,识别用户的认知状态,2
技术问题,确定用户的用户状态,2
技术问题,准确预测成功,2
技术问题,神经活动解释,2
技术问题,增加对传统和新媒体内容的参与度,2
技术问题,识别潜在地引起扣押的虚拟现实内容,2
技术问题,预测虚拟现实内容触发癫痫发作的可能性,2
技术问题,缓解和减轻压力,2
技术问题,测量对用户所观看的对象的神经响应,2
技术问题,"当注意力集中在视觉刺激上时,相关性更强",2
技术问题,确定与虚拟环境中的虚拟对象的交互,2
技术问题,限制应用深度,2
技术问题,在正常应用期间锚定电极或其他设备,2
技术问题,实现脑-计算机接口,2
技术问题,确定与虚拟环境中虚拟对象的交互,2
技术问题,诊断对象的语义处理能力,2
技术问题,使头部的头皮与多个用于接触头皮的针状电极接触,2
技术问题,表面特征或穿透器不会弯曲或断裂,2
技术问题,有效评估受试者渴求状态,2
技术问题,综合主观评估结果与客观生理数据变化数据结果,2
技术问题,认知增强训练效果不佳,2
技术问题,康复训练效果不佳,2
技术问题,增强用户与虚拟现实场景的交互性,2
技术问题,增强在虚拟现实场景中的沉浸感,2
技术问题,单用户、单一功能的局限性,2
技术问题,提高在基于全息设备进行多模态交互时的显示时效性以及显示准确度,2
技术问题,幻肢疼痛,2
技术问题,缓解虚拟现实晕动症,2
技术问题,缺失肢体运动模式选择,2
技术问题,现有技术设计不够合理,2
技术问题,认知障碍筛查,2
技术问题,避免探头元件与生物兼容性好的材料发生化学反应的风险,2
技术问题,避免弹性支撑元件与导电界面层发生化学反应的风险,2
技术问题,避免使用过程中极与极之间发生串联的风险,2
技术问题,不需要关于个体用户eeg模式的先验知识,2
技术问题,方便用户控制耳机,2
技术问题,治疗焦虑和抑郁,2
技术问题,实现对多通道高通量的全脑神经活动磁信号实时提取、预处理和溯源分析,2
技术问题,数据同步检测,2
技术问题,多成像终端与主机平台的信息同步无线传输,2
技术问题,协助感知智障患者重获感知能力,2
技术问题,脑波接口系统不工作时无法启动,2
技术问题,如何判断用户是否注意视觉刺激,2
技术问题,准确评估视觉认知能力,2
技术问题,个性化电生理数据的神经感测,2
技术问题,有效且安全地实现现场护理神经调节,2
技术问题,挖掘针对被试的个性化动作,2
技术问题,提高mi识别准确率,2
技术问题,提升mi-bci系统的效率与稳定性,2
技术问题,不舒适阈值估计,2
技术问题,抑制由清醒度的变化引起的听觉事件相关电位的变动,2
技术问题,高精度地测量听觉事件相关电位,2
技术问题,预测抑郁症,2
技术问题,调节用户的精神状态,2
技术问题,"不考虑被试者的脑工作状态,无法得出反应人脑对刺激的真正事件相关电位",2
技术问题,消除使用外部编程器来调整治疗递送的需要,2
技术问题,使用外部编程器调整治疗递送,2
技术问题,在脑深部电刺激术外挂期同步地采集到头皮脑电信号和脑内脑电信号,2
技术问题,信号采集质量差,2
技术问题,电极阻抗密度高,2
技术问题,接触表面积不足,2
技术问题,改善受试者的认知功能,2
技术问题,如何自动进行有效而精确的睡眠管理,2
技术问题,实现脑电波在睡眠管理中的有效应用,2
技术问题,区分受试者大脑的正在进行的神经电活动和所诱发的神经电活动,2
技术问题,量化正在进行的和诱发的神经电活性之间的差异,2
技术问题,资源分配查询,2
技术问题,认知负荷监测不精准,2
技术问题,安全干预不及时,2
技术问题,背景磁场噪声,2
技术问题,生物磁噪声,2
技术问题,儿童不易接受,2
技术问题,提高视觉刺激的有效性,2
技术问题,增加检测结果的精准性,2
技术问题,提高对于立体定向脑电图的分析效率,2
技术问题,控制epileptiform活性,2
技术问题,需要大型设备,2
技术问题,操作方法复杂,2
技术问题,噪声大,2
技术问题,去除伪迹和噪声,2
技术问题,获取隐性决策行为数据,2
技术问题,确定神经响应的刺激和刺激属性共振,2
技术问题,减少仅依赖传统市场调研方法如访谈、问卷调查等来评估消费者的偏好所带来的有意或无意的偏见,2
技术问题,实现更科学、更客观可量化的描述消费者对消费品的喜好程度,2
技术问题,确定受试者共振测量,2
技术问题,传统构建脑功能网络的时间开销过大,2
技术问题,原始eeg时间序列中存在大量冗余信息,2
技术问题,提高功能键的选择效率,2
技术问题,避免算法陷入局部最优,2
技术问题,实现对eeg信号通道的最优选择,2
技术问题,降低脑机接口的生产成本,2
技术问题,提高脑机接口便利性,2
技术问题,识别指示深层边缘区域激活水平的脑电图特征,2
技术问题,自动识别用户,2
技术问题,识别eeg信号中用于控制设备的心理活动模式,2
技术问题,影响深层边缘区域激活,2
技术问题,自动确定诱发电位或事件相关电位的幅度和等待时间,2
技术问题,癫痫发作预测和检测,2
技术问题,监测患者癫痫发作,2
技术问题,提高分类准确率,2
技术问题,采集数据时的困难度,2
技术问题,提高模型对疲劳驾驶状态的识别性能,2
技术问题,提供至少充分的症状缓解,1
技术问题,响应与神经刺激过程相关联可能出现的侧枝神经活动,1
技术问题,影响在没有刺激过程的连续或基本上连续的基础上存在的神经病症,1
技术问题,增强或以其它方式诱导神经活性的持久改变,1
技术问题,治疗脑损伤、脑疾病和/或脑障碍,1
技术问题,改善植入神经系统中的细胞的功能性,1
技术问题,促进完全分化神经细胞的定向生长和连通性,1
技术问题,神经刺激效率和/或功效,1
技术问题,电源耗尽,1
技术问题,症状缓解,1
技术问题,增强或影响神经刺激的效率和/或效力,1
技术问题,减少功率消耗,1
技术问题,提供至少足够的症状缓解,1
技术问题,确定患者的神经刺激的阈值,1
技术问题,根据治疗参数产生神经调节信号,1
技术问题,从对先前递送的神经调制信号的神经响应中导出治疗参数,1
技术问题,向患者递送电刺激治疗,1
技术问题,如何基于患者感测信号自适应调节电刺激治疗参数,1
技术问题,需要刺激幅度估计用于电极的配置,1
技术问题,影响神经调节,1
技术问题,保持与患者解剖结构的轮廓的连续接触,1
技术问题,向薄膜基板添加柔性,1
技术问题,防止神经体征和症状,1
技术问题,防止癫痫发作的易感性,1
技术问题,治疗震颤,1
技术问题,"与在这些靶区植入单根电极相比,具有更好的临床效果",1
技术问题,运动不同步导致电刺激治疗控制不准确,1
技术问题,神经疾病,1
技术问题,神经疾病状态和/或对治疗的响应的指示,1
技术问题,取得经选择的至少一频段范围内的至少一能量峰值,1
技术问题,决定频率比例关系,1
技术问题,同时实现电刺激和生理信号采集,1
技术问题,促进神经靶和保持位置植入,1
技术问题,诱发电位电生理记录程序,1
技术问题,神经定位,1
技术问题,用于临床使用的具有数百或数千个通道的柔性电极阵列,1
技术问题,灌注通孔贯穿基板设置,1
技术问题,单独的细长引线连接到电极中的每一个,1
技术问题,柔性生物相容性聚合物使各个细长引线连接绝缘并支撑阵列,1
技术问题,具有单独的通道连接的插入器导电地结合到单独的细长引线连接,1
技术问题,减少电刺激对采集的干扰,1
技术问题,自动确定诱发神经反应的阈值,1
技术问题,预测nrt测量值是否包含神经反应,1
技术问题,刺激和/或记录沿神经纤维传播的信号,1
技术问题,提供用于刺激的反电势和/或用于记录脊髓的神经纤维的参考电势,1
技术问题,记录的神经反应信号被破坏,1
技术问题,确定和分类记录的神经反应信号或其部分中的任何一个是否被破坏,1
技术问题,使用系列中的未被破坏的神经响应信号和/或问题神经响应信号的未被破坏的部分来内插用于被破坏的信号的波形特征的值,1
技术问题,单向传入神经刺激治疗,1
技术问题,治疗诸如神经学和精神病学状况之类的指征,1
技术问题,产生长期增强(ltp)或长期抑郁(ltd),1
技术问题,监测由刺激引起的脑中的神经活动,1
技术问题,捕获在目标结构中出现的任何后期反应的测量,1
技术问题,改进任务性能,1
技术问题,从刺激测试模式中选择神经刺激治疗模式,1
技术问题,选择受试者特定的神经刺激设置,1
技术问题,最大限度地减少特定神经活动,1
技术问题,提高非侵入性脑刺激装置的准确性、特异性和有效性,1
技术问题,改进非侵入性脑刺激技术,1
技术问题,将脑刺激的开始时间锁定到自然发生的脑活动节律振荡的相位,1
技术问题,确定用于神经传导测试的可操作刺激强度,1
技术问题,管理电刺激治疗,1
技术问题,感测生理信号,1
技术问题,增强受试者的学习,1
技术问题,降低癫痫发作的可能性,1
技术问题,降低其它不希望的神经病学情况的可能性,1
技术问题,通过颅骨/脑界面递送刺激源,1
技术问题,定位颅骨/脑接口,1
技术问题,识别可与接口一起使用的附件,1
技术问题,控制通过接口递送的刺激,1
技术问题,需要康复治疗的对象进行有效的康复治疗,1
技术问题,精确地测量和监控脑信号,1
技术问题,神经元的病理同步和振荡神经活性抑制,1
技术问题,引发生物电反应,1
技术问题,推导出表征与所施加的刺激脉冲序列对应的传入感觉神经元的非线性动态激发行为的神经兴奋性曲线,1
技术问题,改善所施用的刺激对患者的脑活动的功效,1
技术问题,创建闭环可植入神经接口,1
技术问题,神经探针的感测组件,1
技术问题,双重作用微型电极的感测和刺激,1
技术问题,感测信号的局部放大和多路复用,1
技术问题,刺激信号的选择性递送,1
技术问题,监测大脑中响应于刺激的神经活动,1
技术问题,背景电压影响,1
技术问题,过度刺激神经元,1
技术问题,神经元受到抑制失活,1
技术问题,神经元受到损伤,1
技术问题,响应于预测或检测到的神经生理状况而递送刺激,1
技术问题,估计由刺激引起的神经补充,1
技术问题,慢性自适应脑刺激,1
技术问题,连续和在线调整刺激参数,1
技术问题,适应患者的临床状态,1
技术问题,优化低刺激阈值,1
技术问题,预测受试者中未来的神经活动,1
技术问题,防止预期的病理性神经元活动,1
技术问题,优化来自动确定患者特定的一组刺激参数,1
技术问题,震颤严重程度和/或副作用严重程度,1
技术问题,通知神经刺激治疗方面,1
技术问题,指导导线放置,1
技术问题,刺激的闭环反馈控制,1
技术问题,改善治疗功效,1
技术问题,最小化能量消耗,1
技术问题,最小化不希望的副作用,1
技术问题,最小化由于对刺激的生理耐受而导致的治疗功效损失,1
技术问题,改善回收从创伤性脑损伤,1
技术问题,治疗记忆疾病和慢性记忆障碍,1
技术问题,治疗持续性障碍的意识的调节,1
技术问题,减少载体构件内导线的数量,1
技术问题,治疗痴呆症,1
技术问题,神经学状况,1
技术问题,精神病状况,1
技术问题,诱发脑电波刺激,1
技术问题,延长使用以增强有效性,1
技术问题,降低单独光刺激时的能量,1
技术问题,实现高选择性的安全刺激,1
技术问题,精确刺激目标神经,1
技术问题,不需要的运动反应,1
技术问题,刺激患者的meynert(nbm)基核,1
技术问题,修饰可塑性的改变机制,1
技术问题,调节皮质兴奋性和反应性,1
技术问题,提供用于电刺激的系统、装置和方法,1
技术问题,提供到身体的电接口,1
技术问题,刺激患者组织的区域至少部分地不同于在调节之前刺激的区域,1
技术问题,需要基于生物信号对刺激参数进行调整,1
技术问题,电触发或测量动作电位,1
技术问题,阻断神经组织中的传导,1
技术问题,最小化对神经组织的损伤的风险,1
技术问题,增加电极表面积,1
技术问题,引线和螺旋电极之间的接触点可能发生的损坏,1
技术问题,选择性同步或去同步所诱发的响应的上升或下降截击,1
技术问题,给出对所诱发的响应的方向控制,1
技术问题,优化电极配置,1
技术问题,调节脑神经可塑性,1
技术问题,改善从外伤性脑损伤的恢复,1
技术问题,治疗记忆障碍和慢性记忆障碍,1
技术问题,由网络结构之间的连通性引起的神经自适应和无意/间接调制的出现,1
技术问题,对非目标区域的间接刺激,1
技术问题,脑疾病的治疗,1
技术问题,提供认知治疗,1
技术问题,治疗脑疾病(如癫痫和帕金森病),1
技术问题,恢复或修复脑功能(如感觉、身体活动、听觉、视觉或运动活动),1
技术问题,确定神经刺激疗法的功效,1
技术问题,确定是否继续神经刺激治疗,1
技术问题,确定每个测试模式的一个或多个响应参数,1
技术问题,从刺激测试模式中选择一种类型的刺激波形,1
技术问题,症状缓解不足,1
技术问题,维持和调整治疗,1
技术问题,提供低于患者感知阈值的治疗,1
技术问题,提供用于迷走神经神经调节的电脉冲,1
技术问题,刺激和/或阻断迷走神经以提供对神经和神经精神疾病的治疗,1
技术问题,异常脑活性,1
技术问题,脑疾病如癫痫和帕金森氏病,1
技术问题,神经刺激的递送,1
技术问题,神经反应的检测,1
技术问题,感测信号窗口对诱发神经反应的截断,1
技术问题,避免过度刺激神经元,1
技术问题,消除背景电压影响,1
技术问题,电极头接触前额皮肤不牢靠,1
技术问题,无法满足不同头围大小用户的使用,1
技术问题,检测结果准确性无法保证,1
技术问题,治疗心脏疾病,1
技术问题,调节中枢神经系统,1
技术问题,调节脑振荡活动,1
技术问题,调节大脑中的神经振荡,1
技术问题,检测次优或病理性神经振荡模式,1
技术问题,调整治疗方案以改善刺激的治疗效果,1
技术问题,保证有效性,1
技术问题,电极相对于神经通路的移动,1
技术问题,反馈回路的增益的变化,1
技术问题,根据感测到的响应调整神经刺激设备的刺激参数,1
技术问题,次优或病理性神经振荡模式,1
技术问题,调节大脑振荡活动,1
技术问题,响应性神经刺激器的配置,1
技术问题,神经反馈会话中的参与者传达瞬时电压幅度的变化,1
技术问题,具有功能障碍的患者提供治疗,1
技术问题,刺激区域的轨迹相对于组织电子地移位,1
技术问题,感知和分析认知脑信号,1
技术问题,建立、调整和/或调制神经刺激参数,1
技术问题,基于功能和/或结构测量来建立、调整和/或调制神经刺激参数,1
技术问题,增强至少一个受试者的认知性能,1
技术问题,定位负责预定任务的适当神经回路,1
技术问题,向神经组织施加电脉冲,1
技术问题,通过导引器或针递送到受试者体内,1
技术问题,确定用于迷走神经刺激的刺激电信号的参数,1
技术问题,提供对对象的生理测量中的刺激的可靠响应,1
技术问题,提供神经刺激,1
技术问题,刺激器故障检测,1
技术问题,基于反馈信号检测刺激器的故障,1
技术问题,自动确定患者特异性刺激参数组,1
技术问题,探索和/或编程神经刺激装置,1
技术问题,恢复运动功能,1
技术问题,促进神经复原,1
技术问题,运动障碍皮层可塑性管理,1
技术问题,tdcs刺激方式和参数改进,1
技术问题,自动确定诱发神经反应阈值,1
技术问题,分析目标神经区域内神经活动,1
技术问题,治疗癫痫或其它神经障碍,1
技术问题,提供肥胖和胃肠疾病的治疗,1
技术问题,迷走神经阻断和/或迷走神经刺激,1
技术问题,产生的电刺激的大小被编程以期望的水平大于或等于最小感觉到的阈值和小于或等于最大可耐受感觉到的阈值,1
技术问题,适用于各种引线触点端子,1
技术问题,限制、保护和精确定位可压缩触点,1
技术问题,如何确定刺激脉冲是否诱导期望的生理响应,1
技术问题,可植入电极的柔性需求,1
技术问题,可植入神经接口装置连接器的改进,1
技术问题,载体变形能力不足,1
技术问题,采集信号质量,1
技术问题,脑电信号的微创采集及高分辨率,1
技术问题,从暴露的脉动人皮层非创伤性地获得单细胞神经电记录,1
技术问题,皮层脉动运动导致电极尖端难以连续保持在神经细胞旁边,1
技术问题,套筒和电极的重量作用在皮层表面上的接触力,1
技术问题,电极相对于竖直方向的变化,1
技术问题,调节电极突起时干扰电极的自由上下浮动运动,1
技术问题,刺激神经,1
技术问题,测量和/或记录来自用户的一个或多个生物信号,1
技术问题,控制电极的接触阻抗,1
技术问题,选择性地连接多个电极,1
技术问题,组织阻抗z可以根据患者不同和血管不同而变化,1
技术问题,治疗部位的阻抗发生变化,1
技术问题,不希望的能量传递到处理位置附近的不希望的位置,1
技术问题,治疗自身免疫性疾病,1
技术问题,将神经刺激引线锚固在骨结构上,1
技术问题,测量和/或记录来自用户的生物信号,1
技术问题,制造用于脊髓刺激的医用电引线的方法,1
技术问题,防止元件和引线旋转,1
技术问题,将元件保持在适当位置,1
技术问题,电极系统上的应变,1
技术问题,接触元件在所需位置抵靠神经或神经束表面定位,1
技术问题,电极间距离优化,1
技术问题,引入和固定在患者硬膜外空间中的可植入神经刺激器引线,1
技术问题,经血管刺激神经或神经干,1
技术问题,椎间盘源性下腰痛,1
技术问题,椎间盘源性腰痛,1
技术问题,分布式植入式神经刺激系统的刺激和/或遥测指令和功率引导,1
技术问题,节省电池,1
技术问题,更明确的刺激区域,1
技术问题,植入式多道刺激器的刺激控制,1
技术问题,外部控制单元与植入微刺激器的功率和信息传输,1
技术问题,用于听觉刺激的目标位置对接,1
技术问题,调节和监测组织,1
技术问题,确定电极位于最靠近的靶组织位点,1
技术问题,指示细长引线的取向,1
技术问题,确定位于体内的电极的位置和/或取向,1
技术问题,治疗癫痫,1
技术问题,调节与癫痫症状相关的区域的神经元活性,1
技术问题,促进神经突触的可塑性及神经功能的康复,1
技术问题,达到运动康复的治疗效果,1
技术问题,可定制,1
技术问题,高密度记录和/或刺激,1
技术问题,准确定位目标神经元,1
技术问题,缩短手术时间,1
技术问题,减少副作用,1
技术问题,延长电池寿命,1
技术问题,脑萎缩,1
技术问题,神经炎症,1
技术问题,突触可塑性受损,1
技术问题,神经网络刺激不足,1
技术问题,认知状态或认知功能不良影响,1
技术问题,治疗心血管疾病,1
技术问题,神经刺激引线从基线位置的三维迁移检测,1
技术问题,基于三维迁移自动校正神经刺激,1
技术问题,增加神经刺激系统阴极和阳极之间相对强度,1
技术问题,实时深部脑刺激,1
技术问题,闭环脑深部刺激,1
技术问题,估计不直接计测的神经信号,1
技术问题,更新刺激信号,1
技术问题,安全的实时深部脑刺激,1
技术问题,可植入刺激装置的多路复用多电极组件的配置,1
技术问题,实现混合神经中不同纤维类型的选择性募集,1
技术问题,提供神经靶的高度定位和有效的电刺激,1
技术问题,促进神经学目标的定位并保持植入以用于长期监测和/或刺激,1
技术问题,检测神经退行性疾病,1
技术问题,确定用于治疗癫痫发作的刺激参数,1
技术问题,在植入之前确定最佳电刺激参数,1
技术问题,非侵入性神经刺激校准,1
技术问题,监测组织电活动,1
技术问题,组织电刺激,1
技术问题,向神经学目标提供高度定位的神经记录和/或神经刺激,1
技术问题,神经活性抑制,1
技术问题,周围神经的束内刺激和/或感测,1
技术问题,获取大脑电活动,1
技术问题,减少后续脑刺激疗法递送期间事件的发生,1
技术问题,调整定义自适应刺激疗法的一个或多个参数,1
技术问题,监测由刺激引起的大脑中的神经活动,1
技术问题,捕获在目标结构中出现的任何晚期反应的度量,1
技术问题,中断神经元活动,1
技术问题,长期埋植可靠性,1
技术问题,系统集成度,1
技术问题,调整刺激强度参数值以便将所测量的神经反应强度保持在目标值,1
技术问题,确保迷走神经刺激在调节患者中的一个或多个目标功能中的有效性,1
技术问题,更好地选择用于神经刺激的电极,1
技术问题,确定电极的相对响应性,1
技术问题,不伤害脑组织的情况下进行电信号的获取,1
技术问题,避免产生排异反应,1
技术问题,慢性疼痛治疗,1
技术问题,刺激过程中需要外部器械,1
技术问题,评估目标神经的状况,1
技术问题,减少刺激伪影,1
技术问题,将刺激引线放置到优选引线位置,1
技术问题,监测和引导神经损伤和恢复,1
技术问题,运动不同步,1
技术问题,选择感测信号用于控制电刺激治疗,1
技术问题,检测、预防和/或治疗神经系统疾病,1
技术问题,对脑组织损伤较小,1
技术问题,避免损伤脑组织,1
技术问题,实现单根微细探针上的多电极刺激触点,1
技术问题,脑传导速度慢,1
技术问题,线粒体功能不良,1
技术问题,伤口愈合慢,1
技术问题,激素分泌物或胰岛素释放不足,1
技术问题,检测、预防和/或治疗神经障碍,1
技术问题,检测神经事件类型,1
技术问题,满足有效性标准,1
技术问题,增强或储存痴呆中的优势,1
技术问题,降低储存在痴呆中的优势,1
技术问题,增强海马依赖性存储优势,1
技术问题,需要随时间调整刺激参数,1
技术问题,调整神经刺激信号的至少一个参数以收敛于期望感测神经流量,1
技术问题,接收第一电极刺激信号,1
技术问题,将第一电极刺激信号直接路由到多个电极信号通道中的一个或多个的不同的第一连续组,1
技术问题,无需修改信号,1
技术问题,监测来自除电刺激之外的源的局部场电位对记录的神经反应的时变效应,1
技术问题,需要随时间增加电刺激的持续时间或幅度,1
技术问题,建立神经信号通路,1
技术问题,建立脑区域间通信,1
技术问题,监测心电图信号并提供电刺激,1
技术问题,确定具有脊髓刺激器装置的患者的亚感知刺激,1
技术问题,治疗神经学和神经精神病学疾病,1
技术问题,刺激与刺激响应之间的时间关系无法表征,1
技术问题,调节亚感知刺激,1
技术问题,将刺激参数保持在最优值,1
技术问题,抑制神经系统的器质性疼痛和其它功能紊乱,1
技术问题,没有有害的感觉,1
技术问题,基本上不存在适应现象,1
技术问题,刺激迷走神经治疗,1
技术问题,避免神经的调节或自适应,1
技术问题,避免第一次施加脉冲时对皮肤的电击感,1
技术问题,在组织阻抗变化时保持最佳脉冲波形,1
技术问题,神经刺激干预到神经生理活动的同步延迟,1
技术问题,实时调整神经刺激干预方案,1
技术问题,响应性方面提供惊人的改善,1
技术问题,可能仅需要相对短的脉冲串来实现高效率,1
技术问题,细胞和复杂的网络层有关的缺陷,1
技术问题,精神疾病,1
技术问题,确定疼痛程度,1
技术问题,皮层脑区癫痫灶的精准功能定位,1
技术问题,适配不同的电生理工作站,1
技术问题,检测脑电活动以确定癫痫事件是否已经发生,1
技术问题,监测患者中的脑活动信号,1
技术问题,识别患者的癫痫发作起源脑叶,1
技术问题,实现皮层癫痫电生理信号和双光子钙成像的原位同时记录,1
技术问题,光刺激下脑电的实时记录,1
技术问题,实时监测脑损伤下的脑电活动,1
技术问题,提供治疗或缓解非随意运动障碍症状,1
技术问题,"避免在基板上刻穿小尺寸孔,从而降低加工难度,保证产品的成品率",1
技术问题,"当电极探针和基板组装时,探针部分无需穿过基板上的孔,避免探针受损",1
技术问题,减轻疼痛,1
技术问题,多类型神经信号的同步获取,1
技术问题,多类型神经信号采集,1
技术问题,在体不同类型神经元信号的采集,1
技术问题,保证电极能扎入刺激部位,1
技术问题,有效提供电刺激和记录,1
技术问题,加工简单,1
技术问题,成本低廉,1
技术问题,读取用户的意识,1
技术问题,解码患者的运动意念,1
技术问题,适应用户的实际情况,1
技术问题,提供治疗或缓解神经障碍的症状,1
技术问题,改善中风后的功能恢复,1
技术问题,耐药癫痫发作相关的异常电活动,1
技术问题,癫痫中的脑损伤和突发性意外死亡,1
技术问题,治疗听力障碍,1
技术问题,把不同功能的电极集成到一个芯片上,1
技术问题,实现在电脉冲刺激脑深部组织的同时检测脑部特定区域的脑电信号和电化学信号,1
技术问题,适合长期植入脑内,1
技术问题,改进耳蜗植入物的操作方法,1
技术问题,数模转换部分无法大规模阵列集成,1
技术问题,高功耗,1
技术问题,功耗高,1
技术问题,易发热,1
技术问题,信号损耗大,1
技术问题,人体相容性差,1
技术问题,减少冗余数据生成,1
技术问题,降低高分辨率mea传感器的总功率预算和带宽需求,1
技术问题,对使用者大脑中的意识和控制命令进行模式识别,1
技术问题,完成对控制对象的控制作用,1
技术问题,从头皮采集电生理信号,1
技术问题,向头皮施加电刺激,1
技术问题,实现单细胞电互连,1
技术问题,非物理连接的神经元之间的电互连,1
技术问题,提高电极对目标物质的灵敏度,1
技术问题,提高响应的稳定性,1
技术问题,变浓度药物作用下神经细胞放电性能的检测,1
技术问题,实现一种或多种纤维类型的选择性补充,1
技术问题,实时应用中的灵活性和准确性不足,1
技术问题,空间分辨率不足,1
技术问题,穿戴舒适性差,1
技术问题,低界面阻抗与高信号保真度,1
技术问题,植入神经组织内的电极阵列的生物相容性,1
技术问题,系统在实时应用中的灵活性和准确性不足,1
技术问题,提高脑机接口系统的通信速率,1
技术问题,电极阵列植入过程误差影响因素多,1
技术问题,被动流体递送,1
技术问题,电极阵列植入过程误差影响因素大,1
技术问题,与神经元匹配的组织级模量,1
技术问题,亚微米可调几何尺寸,1
技术问题,富离子含水特征,1
技术问题,开放的三维拓扑结构,1
技术问题,实现单神经元分辨的spike信号长期稳定追踪,1
技术问题,大面积覆盖的3d堆叠封装柔性神经电极阵列,1
技术问题,高密度高空间分辨的神经信号采集,1
技术问题,具有听力障碍的用户与其他用户进行交流沟通的几率低,1
技术问题,减少免疫排斥反应,1
技术问题,现有电极植入的微针导引技术不能实现高密度电极阵列部署,1
技术问题,确定出声源的方位,1
技术问题,"调用相对应的脑电电极输出触感信号,使得用户感知",1
技术问题,最小化磁共振成像中图像失真,1
技术问题,确定听觉脑干植入电极阵列的最佳放置位置,1
技术问题,最小化磁共振图像中图像失真,1
技术问题,调节颅内电极远端接触表面相对于脑表面的接触力,1
技术问题,将电信号传送到患者的大脑、从患者的大脑传送电信号或将电信号两者传送到患者的大脑和从患者的大脑传送电信号,1
技术问题,施加电刺激到病人现场,1
技术问题,施加电刺激到现场,1
技术问题,给病人,1
技术问题,促进受试者脑中神经可塑性以改善和/或恢复神经功能,1
技术问题,"恢复神经功能,例如控制肢体",1
技术问题,促进受试者的脑中的神经可塑性以改善和/或恢复神经功能,1
技术问题,恢复神经功能,1
技术问题,将电流脉冲传送到患者的脑,1
技术问题,从颅骨内部的外部神经调节源传送神经调节形式以调节神经活动,1
技术问题,感测大脑的一个或多个状态的一个或多个特征参数,1
技术问题,向患者递送刺激治疗,1
技术问题,神经病症,1
技术问题,神经精神疾病,1
技术问题,神经心理疾病,1
技术问题,如何定位颅骨/脑界面,1
技术问题,如何控制通过界面传递的刺激特征,1
技术问题,需要神经系统功能支持,1
技术问题,有效控制受试者的神经系统功能,1
技术问题,调节神经系统组件活性,1
技术问题,监测对大脑中的刺激作出反应的神经活动,1
技术问题,大范围细胞和单个细胞刺激治疗需求难以兼顾,1
技术问题,提供刺激的计划和/或控制,1
技术问题,减少侵入性,1
技术问题,将电极相对于目标刺激部位定位在不同的位置和取向,1
技术问题,如何实现至少一个神经的电刺激,1
技术问题,如何建立与神经外表面和神经内部的电连接,1
技术问题,连续调整和优化刺激参数,1
技术问题,使治疗连续适应患者的临床状态,1
技术问题,测量或刺激脑神经活动,1
技术问题,无线发射数字数据,1
技术问题,直接向初级体感皮层施加刺激等方法精度低,1
技术问题,"在人类大脑层面后校正由人类诱导的感觉,以适应用户的意图",1
技术问题,放置在一个或多个皮质和/或其它神经解剖学部位以提供电刺激和/或监测患者体内的神经电活动,1
技术问题,建立预期类型的刺激场分布和/或监测配置,1
技术问题,提供颅骨外部与大脑之间的接口,1
技术问题,实现对目标神经元的直流或近直流刺激,1
技术问题,脑损伤的期望恢复,1
技术问题,影响大脑的相对大和/或相对远的区域,1
技术问题,创建闭环、可植入神经接口,1
技术问题,治疗神经障碍,1
技术问题,提供神经学靶的高度局部化和有效的电刺激,1
技术问题,促进神经靶标的定位,1
技术问题,神经病症的自导向诊断和治疗,1
技术问题,提供对神经靶标的高度定位和有效的电刺激,1
技术问题,促进神经学靶的定位并保持植入以用于长期监测和/或刺激,1
技术问题,反馈环路增益的变化,1
技术问题,电极相对于神经通路的运动,1
技术问题,恢复失去的神经功能,1
技术问题,增强神经功能,1
技术问题,检测患者的神经功能功能障碍,1
技术问题,稳定和/或治疗患者的神经功能,1
技术问题,适应性治疗,1
技术问题,抑制由恒定神经刺激引起的神经组织损伤和降低的治疗效果,1
技术问题,增加电池更换周期,1
技术问题,癫痫,1
技术问题,帕金森病,1
技术问题,为治疗表现出不同症状和对系统产生的响应有不同反应的患者提供适应性,1
技术问题,双侧深部脑刺激器插入脑中的双侧刺激,1
技术问题,产生电场梯度,1
技术问题,确定电场梯度的优选位置和取向,1
技术问题,治疗癫痫、偏头痛、帕金森病等神经系统疾病,1
技术问题,停止神经学事件,1
技术问题,为表现出不同症状并且对系统产生的响应作出不同响应的患者提供适应性,1
技术问题,向神经目标提供高度局部化的神经记录和/或神经刺激,1
技术问题,微创平台系统,1
技术问题,跨模态的神经接口,1
技术问题,向神经病学靶提供高度局部化的神经记录和/或神经刺激,1
技术问题,快速识别神经靶标的位置,1
技术问题,经颅骨聚焦,1
技术问题,脑机接口的开口形成,1
技术问题,运动信号记录和感觉信号刺激的皮层接口,1
技术问题,神经活动的记录,1
技术问题,向神经组织递送电脉冲,1
技术问题,便于插入到患者的颅骨中,1
技术问题,颅骨内植入物不完全穿透内板,1
技术问题,从外部佩戴设备汲取电力并与之通信,1
技术问题,将电力分配给这些设备,1
技术问题,反馈回路增益中的变化,1
技术问题,电极的运动相对于神经通路,1
技术问题,对需要神经系统功能支持的受试者的脊髓进行电神经刺激,1
技术问题,实现对受试者的神经系统功能的有效控制,1
技术问题,选择性同步或去同步所诱发的响应,1
技术问题,刺激受体神经细胞,1
技术问题,调节神经活动,1
技术问题,诱导神经调节,1
技术问题,识别颅骨/脑界面位置,1
技术问题,控制通过界面传递的刺激特征,1
技术问题,电线断裂,1
技术问题,植入后经历弯曲,1
技术问题,诱导神经刺激源的经颅骨聚焦/脑机接口,1
技术问题,引导和会聚来自脑或其它能量感测信号进行测量、热转印和/或成像,1
技术问题,识别定位颅骨/脑接口,1
技术问题,通过接口控制刺激,1
技术问题,支持到大脑和中枢神经系统中的其它相关结构的跨模式神经接口,1
技术问题,用于神经刺激的柔性电极载体,1
技术问题,形成孔形成在颅骨,1
技术问题,天然存在的穿孔在颅骨,1
技术问题,经颅通道,1
技术问题,控制通过该接口传送的刺激,1
技术问题,向患者脑结构递送神经调节/神经刺激和感测脑信号,1
技术问题,从颅骨内部的外部神经调节源传递神经调节以调节神经活性,1
技术问题,感测脑的一个或多个状态的一个或多个特征参数,1
技术问题,将颅骨内部产生的能量传递到颅骨外部以及反之亦然,1
技术问题,神经性疾病,1
技术问题,神经精神障碍,1
技术问题,神经心理障碍,1
技术问题,细间距连接,1
技术问题,高密度和高通道数神经接口,1
技术问题,接收来自神经信号源的神经信号,1
技术问题,向神经刺激目标提供电刺激能量,1
技术问题,桥接电极阵列的精细间隔连接与神经接口的相应电子器件的插入件,1
技术问题,探针错位或移动,1
技术问题,需要额外外科手术改变被刺激的神经组织,1
技术问题,深部脑刺激的刺激模式需要自适应调整,1
技术问题,将细胞移植到脑中,1
技术问题,患者神经功能改变,1
技术问题,深脑刺激,1
技术问题,细电极刺激位点定位,1
技术问题,调谐度,1
技术问题,精确的活化图案化,1
技术问题,提高视皮层刺激电极工作的长效性,1
技术问题,实现对视皮层神经组织刺激的自组织化,1
技术问题,低刺激阈值,1
技术问题,监测神经系统中的靶,1
技术问题,促进或控制细胞治疗,1
技术问题,产生高度可配置的电场,1
技术问题,向身体提供电接口,1
技术问题,电极触点暴露于神经组织,1
技术问题,连接装置电连接电极触点,1
技术问题,在不停止刺激的情况下从提供根据第一神经调节程序的刺激过渡到提供根据第二神经调节程序的刺激,1
技术问题,支持刺激参数的脉冲到脉冲变化,1
技术问题,提供可植入前庭假体,1
技术问题,电激励组织相互作用,1
技术问题,远端位置与多个电极之间传输电信号,1
技术问题,减少无感觉异常刺激所需的功率量,1
技术问题,保持无感觉异常刺激的益处,1
技术问题,大脑功能障碍,1
技术问题,治疗或以其他方式管理患者病症,1
技术问题,提供令人惊奇的改进的响应特性,1
技术问题,"可能只需要较短的脉冲序列,以达到功效高",1
技术问题,患有医疗状况的受试者,1
技术问题,需要神经调节,1
技术问题,脑功能障碍,1
技术问题,功能失调的神经通路,1
技术问题,诱导临时性生理精神状态以对个体的认知-情绪简档实现持久改变,1
技术问题,阻止神经系统对重复刺激的习惯,1
技术问题,减轻对精确调谐到共振频率的需要,1
技术问题,控制病理性振荡神经活动,1
技术问题,提高反馈变量与治疗图的对准,1
技术问题,用于治疗受试者,1
技术问题,同时刺激和接收神经元响应,1
技术问题,精准的神经功能区域定位,1
技术问题,以不同刺激参数进行刺激,1
技术问题,提供神经调节治疗,1
技术问题,调节患者中的可兴奋性组织,1
技术问题,治疗性功能障碍,1
技术问题,减少症状,1
技术问题,解决这些障碍的根本原因,1
技术问题,连续改变刺激参数以治疗病症的多种症状,1
技术问题,"改善刺激或干扰正常脑,感觉,运动和认知过程的风险",1
技术问题,确定脊髓刺激系统中的最佳刺激参数,1
技术问题,帮助从中风或人类功能的其他限制中恢复,1
技术问题,刺激或阻断皮层的一部分的操作,1
技术问题,神经特征不易直接测量时提供闭环反馈,1
技术问题,实现一种或多种纤维类型相对于混合神经的其他纤维类型的选择性募集,1
技术问题,图像失真最小化,1
技术问题,增强电流传递能力,1
技术问题,提高深部脑电刺激和脑电波检测的精度,1
技术问题,递送迷走神经疗法,1
技术问题,指示刺激脉冲是否正在诱发期望的生理反应,1
技术问题,增强体内电流传输能力,1
技术问题,最小化磁共振成像中的图像失真,1
技术问题,实现精确的深部脑电刺激和脑电波检测,1
技术问题,减少对神经组织的损伤,1
技术问题,提高植入部位的组织兼容性,1
技术问题,同时记录局部场电位信息和单细胞动作电位信息,1
技术问题,亚感知治疗时神经特征难以直接测量,1
技术问题,适应所治疗的连续和在线到该患者的临床状态,1
技术问题,将信号引导和聚焦到脑以用于神经调节,1
技术问题,"引导和聚焦来自脑的信号或其它能量以用于测量,传热和成像",1
技术问题,减少神经刺激治疗中的电流扩散,1
技术问题,神经元损伤,1
技术问题,神经信号采集,1
技术问题,使神经元损伤最小化,1
技术问题,管理电刺激疗法和/或感测生理信号,1
技术问题,镇痛,1
技术问题,促进脊髓损伤后运动功能康复,1
技术问题,帕金森等神经系统疾病电刺激疗法,1
技术问题,从外部磨损的设备提取功率并与外部磨损的设备通信,1
技术问题,将功率分配给设备,1
技术问题,治疗神经病症或紊乱,1
技术问题,响应于预测或检测到的状况向对象递送刺激,1
技术问题,神经和神经精神障碍的治疗,1
技术问题,治疗骨盆病症和疼痛状况,1
技术问题,采集和存储神经活动信号记录并施加电刺激,1
技术问题,建立无线连接传输神经活动信号记录,1
技术问题,治疗认知损伤和/或障碍,1
技术问题,增强认知能力,1
技术问题,刺激目标区域的脑中神经元和/或患者的脊髓刺激,1
技术问题,受损组件的识别,1
技术问题,选择目标治疗递送部位,1
技术问题,选择电极组合,1
技术问题,确保刺激器被限制到一定的使用量,1
技术问题,提供神经和/或肌肉刺激,1
技术问题,提供刺激/阻断脉冲,1
技术问题,在植入电源和外部电源之间切换,1
技术问题,如何调整治疗和电极位置,1
技术问题,如何选择脑网络的电极位置以治疗脑疾病,1
技术问题,如何考虑网络动态和耦合效应实现对脑网络的治疗,1
技术问题,增强慢波和纺锤体同步性,1
技术问题,增强睡眠质量,1
技术问题,识别表征无意识的一个或多个标记,1
技术问题,向患者的脑神经提供电信号以治疗疾病,1
技术问题,病理同步和振荡神经活动,1
技术问题,神经元的病理同步和振荡神经活动,1
技术问题,非侵入性治疗神经变性疾病,1
技术问题,治疗脑疾病或病症,1
技术问题,评估脑可塑性,1
技术问题,确定学习的最佳时间,1
技术问题,治疗神经疾病或创伤,1
技术问题,需要提供闭环反馈,1
技术问题,连续地调整和优化刺激参数,1
技术问题,使治疗连续地并符合患者的临床状态,1
技术问题,减轻神经刺激副作用,1
技术问题,监测由刺激引起的脑内神经活动,1
技术问题,捕获迟发性响应,1
技术问题,电极相对于神经通路的运动引起的反馈环路的增益变化,1
技术问题,减少神经刺激系统中的伪影,1
技术问题,补偿电极相对于神经通路的移动引起的反馈回路的增益的变化,1
技术问题,区分由刺激电极处的环境引起的感测到的神经响应的变化和由感测电极处的环境引起的神经响应的变化,1
技术问题,确定诱发神经反应的哪些特征对刺激环境中的变化更敏感而对感测环境中的变化不太敏感,1
技术问题,电极相对于神经通路的移动引起的反馈环路的增益的变化,1
技术问题,测量和/或记录来自用户的一个或更多个生物信号,1
技术问题,物理移动整个电极支撑件耗费能量多,1
技术问题,"测量神经细胞产生的神经电信号,并基于测量结果再次向神经细胞施加电刺激",1
技术问题,增加神经刺激系统阴极和阳极之间的相对强度,1
技术问题,提高刺激和记录的空间定向选择性和精准性,1
技术问题,保证电极在神经上的长时间稳定固定,1
技术问题,电极配合评估,1
技术问题,提供刺激的规划和/或控制,1
技术问题,周围神经损伤后的功能重建,1
技术问题,采集或施加电信号,1
技术问题,将柔性电极固定到周围神经束周围的肌肉,1
技术问题,植入部分能够被植入到周围神经束内,1
技术问题,确定电极的最佳位置,1
技术问题,较少创伤地定位最佳神经刺激区域,1
技术问题,将引线应用于医疗应用,1
技术问题,固定薄膜到载体芯,1
技术问题,实现混合神经的一种或多种纤维类型相对于其他纤维类型的选择性募集,1
技术问题,更有效地制造高密度植入式电极阵列和电缆,1
技术问题,降低电阻抗,1
技术问题,鲁棒的可植入微组件电极,1
技术问题,小的物理轮廓,1
技术问题,超薄尺寸,1
技术问题,高强度,1
技术问题,灵活性,1
技术问题,脑电信号质量对于康复结果的评估标准不统一,1
技术问题,电极植入后难以展平贴附于中枢神经系统生物组织表面,1
技术问题,神经病症提供神经调节治疗,1
技术问题,便于检测脑电活动,1
技术问题,确定癫痫事件是否已经发生,1
技术问题,载体和电极阵列在身体组织移位力作用下需要移动,1
技术问题,可变形载体或连接器的改进,1
技术问题,引线更容易植入,1
技术问题,改善引线电极在脑的特定点的精确定位,1
技术问题,提供从引线插入位置突出的最小长度的多余引线,1
技术问题,反馈结果不够客观,1
技术问题,根据临床需要增加或减少灌注,1
技术问题,执行活体大脑皮层脑活动信息获取等的新技术,1
技术问题,运动障碍的发作,1
技术问题,运动障碍的症状发作的特征性生理病症,1
技术问题,调节脑血流以治疗癫痫和其它神经疾病,1
技术问题,增加或减少灌注,1
技术问题,疼痛,1
技术问题,慢性伤害性疼痛,1
技术问题,神经性疼痛,1
技术问题,心理性疼痛,1
技术问题,疼痛的多种症状和成分,1
技术问题,疼痛的根本原因,1
技术问题,刺激脱色的物体改良剂提供对象的系统和方法,1
技术问题,基于测量相关的信号的脑活动的病人利用多个参数,1
技术问题,"采集病人生理信号,实时调整脉冲刺激参数",1
技术问题,形成闭环控制,1
技术问题,诱导睡眠,1
技术问题,刺激脱色的物体改良剂提供对象,1
技术问题,无线深部脑刺激,1
技术问题,治疗不良医疗状况,1
技术问题,确定深度脑刺激参数,1
技术问题,神经损伤后恢复脑控运动,1
技术问题,神经损伤后恢复感觉,1
技术问题,确定子感知刺激,1
技术问题,最佳亚感知疗法,1
技术问题,控制神经刺激的递送,1
技术问题,为各种神经疾病提供治疗,1
技术问题,基于环境改变治疗递送策略,1
技术问题,确定作为刺激的结果是否已经发生预定的状况,1
技术问题,"如果预定条件尚未发生,则调节一个或多个刺激参数",1
技术问题,定制图案化电刺激的用户界面,1
技术问题,治疗与膀胱活动过度相关的疾病,1
技术问题,平衡患者的副交感神经和交感神经系统活动,1
技术问题,功效显著改善,1
技术问题,实时维持电荷平衡,1
技术问题,提供治疗听觉刺激,1
技术问题,适应和调节大脑中的任何给定区域,1
技术问题,通用且相对便宜的植入物,1
技术问题,提供个性化神经刺激,1
技术问题,在家庭环境中向用户提供增强的治疗,1
技术问题,对神经的改进的靶向刺激,1
技术问题,较少的不良副作用,1
技术问题,创建、维持和远程修改用于神经调节治疗的刺激设置,1
技术问题,如何响应于刺激而修改电生理活动的特征,1
技术问题,如何将脑电波状态修改为更有利于所需反应的状态,1
技术问题,神经异常事件检测,1
技术问题,提供治疗或减轻神经精神障碍和认知障碍症状,1
技术问题,整个系统植入到脑内,1
技术问题,植入到脑和周围组织内,1
技术问题,植入和配置可植入医疗装置,1
技术问题,提高放置期间的导线和电极的植入程序,1
技术问题,选择或调节刺激参数,1
技术问题,神经异常事件的触发条件判断,1
技术问题,抑制或增强神经元和肌纤维之间的神经元-突触传递或肌肉-突触传递,1
技术问题,根据脑区间同步性实时变化调整刺激参数,1
技术问题,提供个性化和精准的神经调控治疗,1
技术问题,提升经颅电刺激的精准性,1
技术问题,降低电力消耗的同时获得治疗效果,1
技术问题,与正在进行的神经状态实时同步,1
技术问题,预测生物标志物的出现,1
技术问题,根据每个刺激测试模式控制神经刺激能量的递送,1
技术问题,简化用户操作,1
技术问题,提高舒适性与便携性,1
技术问题,治疗神经精神疾病,1
技术问题,可选择的脊髓侧向刺激,1
技术问题,认知障碍,1
技术问题,精神药物治疗的有害影响,1
技术问题,测量皮质兴奋性,1
技术问题,检测预定的神经元兴奋状态,1
技术问题,深部或浅部深部脑刺激,1
技术问题,非侵入性脑深部或浅部神经调节,1
技术问题,控制血脑屏障通透性,1
技术问题,增强大脑功能,1
技术问题,改善患有认知障碍如抑郁症的个体的状况,1
技术问题,避免精神药物治疗的有害影响,1
技术问题,治疗或缓解心绞痛,1
技术问题,减轻或预防疼痛,1
技术问题,阻止胸痛发作,1
技术问题,促进和/或控制天然存在的药剂向神经网络的产生和/或释放,1
技术问题,影响神经网络功能,1
技术问题,神经系统疾病提供治疗,1
技术问题,基于生理或其它上下文改变治疗递送策略,1
技术问题,测量颅骨大脑皮层的脑波,1
技术问题,治疗可由神经元激活或抑制介导的医学病症,1
技术问题,微创技术用于脑内电活动的精确空间和时间定位以及脑组织的精确电刺激,1
技术问题,无法记录持久高保真的皮质内eeg,1
技术问题,减轻伪迹的影响,1
技术问题,精确空间和时间定位脑内电活动,1
技术问题,精确电刺激脑组织,1
技术问题,有效刺激表面不足,1
技术问题,电极体固定困难,1
技术问题,电极体与导体连接不便,1
技术问题,减小对脑组织的机械损伤,1
技术问题,提升电极植入后的长期可用性,1
技术问题,提高电学性能与生物学性能,1
技术问题,确定实现无感觉异常的镇痛效果的治疗性刺激参数,1
技术问题,实现无感觉异常镇痛,1
技术问题,实时分类和估计用户对学习信息的认知状态,1
技术问题,电极固定不稳固,1
技术问题,导电介质容纳不便,1
技术问题,监视外科医生的活动,1
技术问题,限制实验动物运动自由度,1
技术问题,诱导动物本体感觉,1
技术问题,治疗慢性高血压,1
技术问题,神经接口电子设备的可定制性不足,1
技术问题,神经接口布置中信号传输与电力供应的集成需求,1
技术问题,运动迟缓治疗,1
技术问题,深部脑刺激参数调整,1
技术问题,增强团队表现,1
技术问题,促进人体上肢相关的神经环路的功能恢复,1
技术问题,"脑机接口系统需要植入受试者颅骨和大脑硬脑膜层下方,实现高空间集成感测和刺激",1
技术问题,定位电极阵列于所需植入位置,1
技术问题,调节动作电位传播,1
技术问题,调节动作电位到达大脑的时间,1
技术问题,阻挡动作电位传播,1
技术问题,支持实时电刺激控制和脑电数据的采集回传,1
技术问题,有效保证研究人员对动物机器人行为的实时调控以及脑电信号研究的同步进行,1
技术问题,优化患者大脑中神经接口放置,1
技术问题,对来自神经活动的语音进行解码,1
技术问题,解码预期语音,1
技术问题,优化患者大脑中神经界面的放置,1
技术问题,优化脑机接口性能,1
技术问题,神经接口放置,1
技术问题,神经纤维的选择性高,1
技术问题,安全的神经刺激,1
技术问题,神经活动测量,1
技术问题,使用限制少,1
技术问题,传输功率和数据,1
技术问题,脑机接口系统的通信路径,1
技术问题,从大脑信号中解码和重建精神图像,1
技术问题,传统神经解码技术产生低分辨率、失真或抽象的重建,1
技术问题,缺乏精细细节和结构一致性,1
技术问题,实时监测和检测驾驶员的困倦状态,1
技术问题,防止事故,1
技术问题,脑机接口系统中电力与数据的传输,1
技术问题,提升注意力广度,1
技术问题,对提升效果进行评估,1
技术问题,电极阵列在期望植入位置相对于神经的定位,1
技术问题,评估患者皮质脊髓通路的兴奋度,1
技术问题,明确患者的训练运动意图,1
技术问题,确定患者的肌间协调性、脑区连通性以及脑肌耦合性,1
技术问题,调整经皮耳迷走神经电刺激的参数以及训练任务进行迭代康复训练,1
技术问题,准确获取、有效辨识和正确分类eeg脑电信号,1
技术问题,识别使用者的动作意图,1
技术问题,协助使用者完成康复训练,1
技术问题,传输通信,1
技术问题,从患者体内的噪声中提取信号,1
技术问题,确定患者神经功能破坏量,1
技术问题,电针刺激参数无法客观化、标准化和智能化调整,1
技术问题,通过导线进行连接所存在的弊端,1
技术问题,并发感染及脑脊液漏,1
技术问题,患者活动受限,1
技术问题,实现对每个电极的个性化和精确控制,1
技术问题,提高经颅电刺激的效果和安全性,1
技术问题,电脉冲容易受到杂波的干扰,1
技术问题,提高脑机接口信号的分辨率,1
技术问题,提高准确度,1
技术问题,治疗的精确度不足,1
技术问题,刺激效率和治疗效果不佳,1
技术问题,副作用的发生,1
技术问题,如何基于用户的脑电信号实时生成神经刺激信号以进行自适应神经调节,1
技术问题,如何通过神经刺激信号对用户进行针对性地睡眠优化,1
技术问题,刺激入眠的方法存在刺激效果差的问题,1
技术问题,精神状态调节,1
技术问题,传统方法单向、间接,1
技术问题,人宠沟通的准确性和实时性不足,1
技术问题,无创神经调控治疗,1
技术问题,实现深脑电信号刺激与浅脑电脉冲刺激互动结合,1
技术问题,现有单一电刺激的局限性,1
技术问题,降低对患者的临床副作用,1
技术问题,降低脑深部电刺激器的功耗,1
技术问题,延长脑深部电刺激器的使用寿命,1
技术问题,癫痫病灶区定位效率低,1
技术问题,癫痫病灶区定位准确率低,1
技术问题,管理电刺激治疗和/或感测生理信号,1
技术问题,提高对迷走神经刺激的有效性,1
技术问题,瘫痪病人辅助神经信道恢复,1
技术问题,截瘫患者凭借自主运动意识驱动下肢步行,1
技术问题,下肢瘫痪但头脑功能正常的截瘫患者有效恢复下肢运动功能,1
技术问题,传统脑电刺激方式易造成视觉疲劳,1
技术问题,"短时间内光线或图形的变化导致佩戴者大脑神经收缩和异常放电,诱发癫痫发作",1
技术问题,截瘫患者无法自主控制下肢运动,1
技术问题,下肢瘫痪但头脑功能正常的截瘫患者恢复下肢运动功能,1
技术问题,截瘫患者无法凭借自主运动意识驱动下肢步行,1
技术问题,下肢瘫痪但头脑功能正常的截瘫患者无法有效恢复下肢运动功能,1
技术问题,中风后的偏瘫患者康复训练需求,1
技术问题,将经颅刺激递送到大脑的指定区域,1
技术问题,重新产生反应,1
技术问题,传统脑电刺激方式导致佩戴者视觉疲劳,1
技术问题,短时间内光线或图形的变化导致大脑神经收缩和异常放电,1
技术问题,诱发癫痫发作,1
技术问题,脑电刺激装置适用人群受限,1
技术问题,脑电信号分析准确性不足,1
技术问题,促进睡眠效果,1
技术问题,脑电波采集和经颅电刺激参数反馈调整,1
技术问题,"诱发神经兴奋性,增强脑电值",1
技术问题,选择感测电极组合用于后续脑信号感测,1
技术问题,双向传导,1
技术问题,电刺激信号输出,1
技术问题,向患者的部位施加电刺激,1
技术问题,"无需反复挪动电电极位置,实现多目标脑区精确tdcs的多种刺激",1
技术问题,向患者的大脑输送电流脉冲,1
技术问题,连接性的问题,1
技术问题,侧支神经活动,1
技术问题,神经功能恢复或增强,1
技术问题,神经状况影响,1
技术问题,实现持久的患者的神经功能变化,1
技术问题,神经重构受损相关的神经功能存在于脑,1
技术问题,检测和治疗认知障碍状况,1
技术问题,可植入装置用于电和/或药物刺激中枢神经系统,1
技术问题,"硬膜外和硬膜下神经元记录,电刺激及药物递送",1
技术问题,测量或刺激大脑神经活动,1
技术问题,无线传输神经信号,1
技术问题,调节神经系统部件的活动,1
技术问题,调节神经系统活动,1
技术问题,控制神经状态或自主状态,1
技术问题,防止神经或代谢体征和症状,1
技术问题,选择性抑制或驱动特定脑区中或来自特定脑区的神经放电或活动,1
技术问题,影响神经功能,1
技术问题,癫痫和其他涉及癫痫发作的脑疾病,1
技术问题,神经元超同步化,1
技术问题,癫痫网络建立的过程,1
技术问题,调节神经系统活性,1
技术问题,导出治疗参数,1
技术问题,将电刺激施加到脊髓,1
技术问题,电流操纵神经刺激信号的系统和方法,1
技术问题,刺激的空间分辨率,1
技术问题,刺激电场轮廓确定,1
技术问题,选择性分配有效电极,1
技术问题,电极的数量大于输出源的数量,1
技术问题,连接性问题,1
技术问题,植入颅骨的外板和内板之间而不完全穿透内板,1
技术问题,控制感测和刺激,1
技术问题,降低习惯性和副作用的风险,1
技术问题,干扰正常的脑、感觉、运动和认知过程,1
技术问题,为植入设备提供电力,1
技术问题,实现皮下设备与外部设备的通信,1
技术问题,提高深部脑刺激(dbs)功效和/或效率,1
技术问题,针对一组独特的一个或多个症状和/或特定患者定制刺激参数,1
技术问题,如何识别在何处定位颅骨/脑接口,1
技术问题,如何控制通过接口递送的刺激的特征,1
技术问题,如何根据生理水平自适应调整迷走神经刺激参数,1
技术问题,以有组织的及时方法确定状态之间的可能转换,1
技术问题,根据测量的生理水平与目标水平确定状态之间的转换规则,1
技术问题,确定所检测的生理活动信号是否属于异常生理活动信号,1
技术问题,成对训练中无法同时提供训练和神经刺激,1
技术问题,维持基本恒定的感觉异常水平,1
技术问题,中风,1
技术问题,外伤性脑损伤,1
技术问题,创伤后应激障碍,1
技术问题,改善神经运动损伤受试者行走的一致性,1
技术问题,脑电信号采集效率低,1
技术问题,异常信号定位精度低,1
技术问题,不想要的运动反应,1
技术问题,脑内电活动异常引起的情况,1
技术问题,诊断和恢复功能,1
技术问题,非侵入性神经刺激,1
技术问题,植入后在病人头皮突出明显凸包,1
技术问题,颅孔环厚度较厚,1
技术问题,手术放置阵列的颅骨切开术可以完全闭合,1
技术问题,控制疼痛,1
技术问题,如何定位颅骨/脑接口位置,1
技术问题,如何控制通过接口传递的刺激特征,1
技术问题,实时可视化脑活动,1
技术问题,获得背柱纤维的治疗性异步激活,1
技术问题,自动优化刺激参数和/或电极配置,1
技术问题,对齐、布线和保持引线装置的内部导线,1
技术问题,神经接口的感测与刺激功能集成,1
技术问题,确定是否存在病理性神经病症,1
技术问题,引线装置的内部导线对准、布线和保持,1
技术问题,确定电信号是否包含感兴趣的神经反应,1
技术问题,通知神经刺激治疗的方面,1
技术问题,接地电极和参比电极定位不准确导致记录信号质量差,1
技术问题,电极与大脑皮质接触状态不佳,1
技术问题,ecog采集不精确,1
技术问题,改进反馈变量与治疗图的对准,1
技术问题,确定用于脑电治疗的刺激频率参数,1
技术问题,控制神经状态并预防神经症状和体征,1
技术问题,控制神经状态并预防神经体征和症状,1
技术问题,颅骨已被移除的颅骨中的位置放置可植入神经刺激器控制模块,1
技术问题,控制模块底面不会对直接位于孔底部的脑组织上方的硬脑膜施加压力,1
技术问题,减少感染和/或炎症的可能性,1
技术问题,避免使用激光焊接,1
技术问题,屏蔽集成控制电路的机械应力,1
技术问题,调节不期望的感觉如疼痛,1
技术问题,免疫或炎症反应或过程,1
技术问题,多路复用多电极神经刺激装置的可寻址性,1
技术问题,电极结构的单独寻址,1
技术问题,可植入电极装置的结构设计,1
技术问题,未直接测量的神经信号估计,1
技术问题,电刺激水平和模式的连续更新,1
技术问题,神经创伤后康复,1
技术问题,中风或创伤性脑损伤后恢复能力,1
技术问题,实现从脑损伤中所需的恢复,1
技术问题,实现脑的相对大的和/或相对远的区域的神经刺激,1
技术问题,优化深部或浅部脑刺激,1
技术问题,治疗临床病症,1
技术问题,获得生理影响,1
技术问题,检测和控制脑状态变化,1
技术问题,提供电刺激信号,1
技术问题,单侧或双侧刺激脊髓,1
技术问题,对所诱发的响应给出方向控制,1
技术问题,检测和控制受试者的脑状态变化,1
技术问题,影响神经功能和/或治疗神经功能障碍,1
技术问题,治疗神经疾病或紊乱,1
技术问题,用于耳蜗植入物和前庭植入物的新型电极阵列,1
技术问题,调节、控制和/或减少患者神经病理性疼痛,1
技术问题,精确空间和时间定位脑和/或体内电活动,1
技术问题,精确电刺激组织以诊断和恢复由异常电活动引起的病症,1
技术问题,恢复患者上肢和/或下肢运动功能,1
技术问题,促进神经康复,1
技术问题,脊髓损伤(sci),1
技术问题,其他神经系统疾病,1
技术问题,治疗精神或情感障碍,1
技术问题,治疗精神或情绪障碍,1
技术问题,治疗足下垂和其它神经障碍,1
技术问题,以最小的电池功率递送刺激脉冲,1
技术问题,靶向作为神经系统疾病基础的大规模神经网络中的特定脑区域,1
技术问题,治疗患者慢性疼痛,1
技术问题,将植入脑内的电极引线连接到可植入装置,1
技术问题,电触点彼此密封并且与外部流体密封,1
技术问题,检测神经活动,1
技术问题,处理神经活动以获得数字神经活动信息,1
技术问题,传输数字神经活动信息到外部信号处理设备,1
技术问题,控制神经状态并防止神经体征和症状,1
技术问题,确定神经调节治疗的对象特异性参数,1
技术问题,同步神经刺激干预与神经生理活动,1
技术问题,监测传入的神经生理信号中存在的等待时间,1
技术问题,滤除刺激伪迹,1
技术问题,治愈神经系统疾病,1
技术问题,管理神经系统疾病,1
技术问题,确定目标频率对应的目标脑状态,1
技术问题,试图达到目标在用户的脑状态,1
技术问题,修改当前频率与大脑相关联的用户向目标频率,1
技术问题,提供深部脑刺激(dbs)治疗,1
技术问题,确定建设性共振状态和/或破坏性共振状态,1
技术问题,长时间稳定地进行刺激/测量,1
技术问题,准确的位置,1
技术问题,微创平台系统需求,1
技术问题,跨模式神经接口需求,1
技术问题,提供组织的电刺激,1
技术问题,治疗癫痫或其他神经系统疾病,1
技术问题,配置局部脑刺激工具,1
技术问题,电极移动引起的增益变化,1
技术问题,刺激的距离相关传递函数,1
技术问题,测量的不同于刺激的距离相关传递函数,1
技术问题,控制自主神经系统,1
技术问题,第一连接器和第二连接器发生位移或转动,1
技术问题,保证脑机接口的安全性和稳定性,1
技术问题,电极片贴合稳定性不足,1
技术问题,信号采集质量受影响,1
技术问题,系统整体可靠性降低,1
技术问题,优化与大脑皮层的接触,1
技术问题,高效、安全地捕获神经电活动,1
技术问题,减少对脑组织的损伤,1
技术问题,最小化对脑组织的侵扰,1
技术问题,减少患者不适,1
技术问题,实现功效的显著改善,1
技术问题,实时保持电荷平衡,1
技术问题,改善任务表现,1
技术问题,产生整流直流分量给予患者,1
技术问题,功效不足,1
技术问题,治疗癫痫和其它神经障碍,1
技术问题,治疗阿片样物质使用障碍和物质使用障碍,1
技术问题,"相对于早期的经颅电刺激方法,实现功效的显著改善和患者不适的减少",1
技术问题,治疗或预防疾病,1
技术问题,神经刺激,1
技术问题,预测和治疗受试者的神经行为,1
技术问题,在患者颅骨中的预定位置处形成多个孔或开口,1
技术问题,鉴定和治疗与慢性疼痛相关的神经通路,1
技术问题,确认神经通路的正确识别,1
技术问题,捕获患者颅骨内的神经信号,1
技术问题,使用神经信号驱动外部功能,1
技术问题,颅骨开口最小化,1
技术问题,预测和预防癫痫发作,1
技术问题,控制癫痫神经元活性,1
技术问题,测量或刺激大脑神经的活性,1
技术问题,调节哺乳动物脑活动,1
技术问题,实现生理状况或临床状况的改善,1
技术问题,刺激大脑和测量光诱导神经元活性,1
技术问题,信号施加位置与测量位置不一致,1
技术问题,自适应闭环dbs刺激控制,1
技术问题,识别患者脑内的目标部位,1
技术问题,对脑进行进一步的电刺激和化学治疗,1
技术问题,集成化,1
技术问题,刺激个体的感觉皮层,1
技术问题,向个体传达本体感受信息,1
技术问题,向个人传达运动信息,1
技术问题,现有技术对于神经调控的精确度较低,1
技术问题,确定哪些电极离目标组织部位最近,1
技术问题,治疗疾病,1
技术问题,实施存在风险的开颅手术,1
技术问题,脑电信号传递过程中受到干扰,1
技术问题,脑电信号信噪比低,1
技术问题,治疗某些神经性疾病如癫痫、偏头痛、头痛和帕金森氏病,1
技术问题,记录患者的生理参数信息,1
技术问题,植入患者颅骨上方和皮肤下方并记录患者生理参数信息,1
技术问题,有效进行脑刺激根据患者的脑血流量变化,1
技术问题,加快患者的大脑可塑性,1
技术问题,控制调节生理和病理脑神经元中的节律活性,1
技术问题,诊断脑中的功能性疾病,1
技术问题,缓解或消除功能性破坏的症状,1
技术问题,治疗和控制患者的病症,1
技术问题,病症响应于患者的选定神经或神经组的电活动的预定调制而易于缓解,1
技术问题,在神经-套囊界面处引起过度的应力/应变,1
技术问题,生成电磁治疗方案,1
技术问题,恢复脊髓损伤(sci)和/或其他神经系统疾病患者上肢和/或下肢运动功能,1
技术问题,促进神经恢复,1
技术问题,获取脑电活动,1
技术问题,判断是否导出对象的多个脑区域中同步的伴随振荡的第一反应,1
技术问题,提供电神经刺激治疗,1
技术问题,导线偏移确定,1
技术问题,电极易脱落,1
技术问题,难以控制电极下插深度,1
技术问题,确定信号源相对于导线的估计位置,1
技术问题,基于来自电极组件的信息来控制刺激单元的操作,1
技术问题,提高感知和认知,1
技术问题,提高学习,1
技术问题,增强探测冲击,1
技术问题,选择用于向特定患者递送电刺激的电极组合,1
技术问题,防止源自癫痫病灶区域的电信号传输到该区域之外的其它区域,1
技术问题,调控神经元活动,1
技术问题,指示刺激脉冲是否正在唤起期望的生理响应,1
技术问题,刺激视觉皮层,1
技术问题,电极阵列插入耳蜗时的形状配置选择,1
技术问题,"电极阵列在插入前保持直链构型,插入后弯曲以施加组织刺激",1
技术问题,确定深部脑刺激参数,1
技术问题,确定用于在预定范围内递送脑刺激的频率范围,1
技术问题,确定高于预定阈值的引起hfo的频率,1
技术问题,诊断和/或治疗神经退行性疾病和神经障碍,1
技术问题,耳鸣,1
技术问题,听觉过敏,1
技术问题,睡眠障碍,1
技术问题,抑郁,1
技术问题,头晕,1
技术问题,耳部窒息,1
技术问题,"缺乏电极的机械强度,难以将探针电极插入到期望的位置",1
技术问题,插入后对生物组织的损伤,1
技术问题,如何将电极体固定在生物组织上,1
技术问题,如何扩大有效刺激表面,1
技术问题,如何实现电极体与电导体的可靠连接,1
技术问题,提高系统集成度,1
技术问题,提高长期埋植可靠性,1
技术问题,未受过脑电图技术训练的临床医生无法在床边插入颅内电极阵列,1
技术问题,接地电极和参考电极难以定位在电安静的位置,1
技术问题,需要记录持久的、高保真的皮质内eeg,1
技术问题,便于周围神经的重建并在重建后与周围神经紧密接触,1
技术问题,电压受限神经刺激,1
技术问题,防止电压增加超过预定极限,1
技术问题,治疗、控制或预防医学、精神或神经疾病,1
技术问题,慢性疼痛综合征,1
技术问题,震颤,1
技术问题,痴呆,1
技术问题,修饰可塑性改变的机制,1
技术问题,调节皮质兴奋性或反应性,1
技术问题,抗弯曲,1
技术问题,制造高密度可植入电极阵列和电缆的效率低,1
技术问题,允许电极桨的所有边缘位于椎体附近以刺激神经结构,1
技术问题,将电极阵列插入耳蜗并施加组织刺激,1
技术问题,在插入前将阵列偏压到第一构造,1
技术问题,可充电电源充电,1
技术问题,刺激神经结构,1
技术问题,缓解被治疗者紧张情绪,1
技术问题,制造柔性电极,1
技术问题,可伸展电极,1
技术问题,外部使用和/或植入体内的互连结构,1
技术问题,可植入电极引线系统的三维布置,1
技术问题,允许电极独立地移动,1
技术问题,电极阵列定位不准确,1
技术问题,电极独立移动,1
技术问题,均匀的柔和接触压力,1
技术问题,减少创伤插入,1
技术问题,阻断疼痛,1
技术问题,治疗误导的运动神经,1
技术问题,修复或治疗神经损伤,1
技术问题,控制或提供来自假体的感觉和/或本体感觉,1
技术问题,插入软组织中的电极阵列的离解,1
技术问题,高密度多通道,1
技术问题,电荷平衡神经刺激,1
技术问题,显著降低的电阻抗,1
技术问题,电极与神经胶质层物理分离,1
技术问题,慢性植入,1
技术问题,植入患者神经上的导线的电极组件,1
技术问题,将带状电极和细长导体与螺旋构造分开,1
技术问题,在细长导体的远端保持两者之间的电连接,1
技术问题,确定所需的植入物位置,1
技术问题,确认刺激引线位于正确的组织位置,1
技术问题,希望的植入物该主体内的位置,1
技术问题,选择性直接刺激和/或遥测指令和功率,1
技术问题,辅助呼吸,1
技术问题,向用户的耳朵提供刺激,1
技术问题,抑制psychophysical侧的作用,1
技术问题,更牢固地将电极层固定就位,1
技术问题,产生人体电触觉,1
技术问题,桥接从电极阵列到神经接口的对应电子器件的精细间隔的连接,1
技术问题,多根柔性探针分别多次植入造成生物神经组织受到多次损伤,1
技术问题,向主体提供电接口,1
技术问题,刺激一个或多个神经,1
技术问题,不使用电池存储能量,1
技术问题,进一步提高脑机接口系统的通信速率,1
技术问题,用于耳蜗植入装置筛选,1
技术问题,通过血管内通路实现肾神经调节,1
技术问题,无引线,1
技术问题,无线刺激,1
技术问题,载体相对侧的电极不电连接在一起,1
技术问题,"信号源连接到载体一侧的电极之一,并且到信号源的返回路径连接到载体另一侧的对应电极",1
技术问题,病理学上同步且振荡的神经活动,1
技术问题,植入患者颅骨上方和皮肤下方并记录生理参数信息,1
技术问题,维持植入患者大脑的脑机接口系统的信息速率,1
技术问题,有效调整通过通信通道从脑机接口设备传递的信息速率,1
技术问题,实时闭环脑-人工神经网络接口,1
技术问题,将大脑与机器接口,1
技术问题,头皮脑电记录信号存在衰减和失真,1
技术问题,电极植入需开颅手术,1
技术问题,无法到达深皮层区域,1
技术问题,容易造成相关组织损伤,1
技术问题,最小化组织损伤或炎症反应,1
技术问题,led芯片作为光源时led芯片发热对脑组织造成的伤害,1
技术问题,植入器件对脑组织的机械顺应性差,1
技术问题,器件植入后长期在体所引发的神经炎症,1
技术问题,个体化提供经颅电刺激的电流强度参数和电极位置分布,1
技术问题,预估受试者电刺激效果的优劣以及电刺激稳定程度,1
技术问题,在实施电刺激之前对受试者进行分类,1
技术问题,电刺激伪影,1
技术问题,神经信号中的伪影去除,1
技术问题,脑功能紊乱,1
技术问题,病理性神经元节律活动,1
技术问题,功能紊乱的症状,1
技术问题,电刺激伪影干扰神经信号测量,1
技术问题,需要基于闭环反应信号进行脑电刺激,1
技术问题,电刺激针对性不足,1
技术问题,自适应性与实验可靠性不足,1
技术问题,减少癫痫发作或其它不希望的神经病学情况的可能性,1
技术问题,验证第一和第二神经刺激信号的参数的有效性,1
技术问题,睡眠片段化,1
技术问题,改善睡眠质量,1
技术问题,减缓认知衰退的进展,1
技术问题,数据传输,1
技术问题,插入脑沟内部,1
技术问题,睡眠碎片化,1
技术问题,认知下降,1
技术问题,实现有效的磁刺激,1
技术问题,识别活体中目标振荡的可激发相位,1
技术问题,当前频率与目标频率之间的差大于预定量,1
技术问题,捕获突触强度随时间的变化,1
技术问题,提高神经可塑性评估的精度,1
技术问题,监测和利用神经可塑性变化,1
技术问题,识别最佳或接近最佳复合刺激波形,1
技术问题,有效增强记忆力,1
技术问题,增强大脑记忆功能,1
技术问题,睡眠时增强大脑记忆力,1
技术问题,克服被试差异带来的干扰,1
技术问题,提高模型的泛化能力,1
技术问题,提升伪标签质量,1
技术问题,高延迟,1
技术问题,有限适应性,1
技术问题,低能效,1
技术问题,神经信号解码精度不足,1
技术问题,增强有限的神经生理数据,1
技术问题,准确预测用户意图、认知负荷和情绪状态,1
技术问题,创建个性化和自适应人机界面,1
技术问题,用最少的校准数据适应个体用户,1
技术问题,可解释的分类决策,1
技术问题,有限的标注预算,1
技术问题,大量无标签样本信息未充分利用,1
技术问题,脑电基础模型的下游任务分类精度低,1
技术问题,有标签脑电数据量少、无标签脑电数据量大的实际场景中泛化能力弱,1
技术问题,减少模型对大量标签数据的依赖,1
技术问题,小样本条件下泛化能力差,1
技术问题,跨任务适应性差,1
技术问题,训练对数据量和场景一致性依赖高,1
技术问题,癫痫检测和治疗,1
技术问题,表征和改善挑战和疾病状态,1
技术问题,不需要传统上使用的任何侵入性方案,1
技术问题,脑疾病诊断,1
技术问题,不需要传统使用的侵入性方案,1
技术问题,解决患者中的无数病症,1
技术问题,阻止癫痫发作进程,1
技术问题,跨个体情绪识别,1
技术问题,情绪识别的准确性,1
技术问题,增强scs对慢性疼痛的治疗,1
技术问题,防止患者对scs的脱敏,1
技术问题,治疗各种医学病症,1
技术问题,治疗癫痫和抑郁症,1
技术问题,改善阿尔茨海默症认知障碍,1
技术问题,手部精细化程序性记忆快速编码困难,1
技术问题,睡眠期间程序性记忆巩固不足,1
技术问题,大脑开发,1
技术问题,控制其他对象的脑神经(或认知)功能,1
技术问题,"治疗各种疾病,包括癫痫和抑郁症",1
技术问题,手部精细化程序性记忆的快速编码,1
技术问题,睡眠期间程序性记忆的有效巩固,1
技术问题,控制另一对象的颅神经(或认知)功能,1
技术问题,识别神经可塑性窗口,1
技术问题,促进脱髓鞘后的髓鞘再生,1
技术问题,增强损伤后少突胶质细胞的发生,1
技术问题,使成熟少突胶质细胞参与再髓鞘形成,1
技术问题,记忆编码尖波涟漪波形信息识别不准确,1
技术问题,电刺激输出时刻不精准,1
技术问题,无法针对不同个体提供定制的闭环脑机接口系统记忆调控策略,1
技术问题,记忆下降,1
技术问题,痴呆引起的记忆下降,1
技术问题,信息稀缺,1
技术问题,多通道配置增加复杂性、成本,1
技术问题,限制实时可用性,1
技术问题,有限的数据可用性,1
技术问题,增强bci系统性能,1
技术问题,提高bci系统准确性和适应性,1
技术问题,处理神经信号的非线性和自适应方面,1
技术问题,运动障碍患者的辅助技术,1
技术问题,准确、实时的意图识别,1
技术问题,最小校准,1
技术问题,低延迟,1
技术问题,便携性,1
技术问题,鲁棒性,1
技术问题,可用性,1
技术问题,部署准备,1
技术问题,传统学习方法依赖于个体清醒时的主动参与,1
技术问题,需要在不干扰自然睡眠过程的情况下支持学习,1
技术问题,个体睡眠和认知周期的差异,1
技术问题,用户注意力下降,1
技术问题,学习效率低,1
技术问题,记忆力不足,1
技术问题,认知功能弱,1
技术问题,记忆改善干预效果不佳,1
技术问题,记忆巩固不佳,1
技术问题,记忆改善干预效果不足,1
技术问题,计算开销高,1
技术问题,能耗高,1
技术问题,数据泄露,1
技术问题,未授权访问,1
技术问题,遗忘项目,1
技术问题,记忆力增强,1
技术问题,解释用户意图、肌肉活动和环境条件,1
技术问题,为肢体缺失者恢复功能能力,1
技术问题,支持日常生活中严重残疾的个体,1
技术问题,减少对他人的依赖以完成日常任务,1
技术问题,记忆病症,1
技术问题,失败的记忆,1
技术问题,不进行从生物信号数据中的特征点提取而进行脑疾病的判定,1
技术问题,去除多类无关干扰,1
技术问题,提高信号空间分辨率,1
技术问题,提高识别精度,1
技术问题,在睡眠期间调节存储器合并,1
技术问题,促进或中断存储器合并,1
技术问题,增强用户在记忆和学习中的认知功能,1
技术问题,增强记忆力,1
技术问题,改善大脑脑电波的状态,1
技术问题,传统康复技术无法实现闭环智能系统,1
技术问题,传统康复技术缺乏用户需求个性化,1
技术问题,传统康复技术无法根据用户进展、安全性和个性化重新定义治疗,1
技术问题,交感神经型颈椎病自主神经调节效率低,1
技术问题,交感神经活性和神经紊乱度难以精准量化评估,1
技术问题,提高脑机接口的学习效率,1
技术问题,改善记忆,1
技术问题,增强对声音模式的学习,1
技术问题,治疗多种胃肠疾病,1
技术问题,增强对运动任务的学习,1
技术问题,中风轻重症患者的同步精准干预与疗效优化,1
技术问题,中风轻症患者自主神经可塑性变化动态监测,1
技术问题,中风重症患者有效诱发运动想象,1
技术问题,增强声音模式或与声音模式相关的学习,1
技术问题,从暴露于多个设置中的刺激材料的受试者收集神经响应数据的分布式机制,1
技术问题,位置感知呈现,1
技术问题,来自头发的干扰最小,1
技术问题,评估和提取实体和关系形成,1
技术问题,移除跨模态干扰,1
技术问题,识别刺激材料,1
技术问题,从暴露于各种环境中的刺激材料的受试者收集神经响应数据,1
技术问题,测量脑波无分离将导电凝胶,1
技术问题,接触电阻小,1
技术问题,紧贴人的头皮具有弹性,1
技术问题,接触被测者的皮肤,1
技术问题,穿透头发阻碍与头皮接触,1
技术问题,采集记录大脑头发区域脑电信号,1
技术问题,既不会因过窄而无法获得良好电接触,1
技术问题,不会因过硬而导致长时间佩戴不适,1
技术问题,分析暴露于媒体的受试者的响应数据,1
技术问题,确定对广告的共鸣,1
技术问题,识别源材料中一个或多个位置的一个或多个启动水平,1
技术问题,选择用于包含广告的一个或多个位置中的第一个位置,1
技术问题,传统体验后打分的方法缺乏实时性、连续性、客观性和针对性,1
技术问题,刺入深度不可控,1
技术问题,头发对电极的干扰,1
技术问题,需要皮肤准备步骤,1
技术问题,无法用于长期脑电信号检测,1
技术问题,注意力集中程度测量,1
技术问题,提高神经信号与引发这些信号的对象关联的确定性,1
技术问题,提供大脑与数据处理器之间接口,1
技术问题,调节接触元件相对于使用者头皮的一部分的倾斜度,1
技术问题,去耦阻抗,1
技术问题,测量用户对观看对象的神经反应,1
技术问题,当注意力集中在视觉刺激上时相关性更强,1
技术问题,促进大脑协调,1
技术问题,使个体能够调节其大脑活动,1
技术问题,传递脑信号协调,1
技术问题,非接触电极与干电极的集成需求,1
技术问题,评估用户对应于刺激的认知负荷,1
技术问题,识别观察者在一个或多个图像中检测到目标,1
技术问题,识别对象的精神行为属性,1
技术问题,图像分类,1
技术问题,防止气体泄漏,1
技术问题,降低预定值,1
技术问题,实现常规干电极视觉生物信号,1
技术问题,可透气,1
技术问题,可制造分泌物皮肤,1
技术问题,辅助喷嘴,1
技术问题,血液循环单元被关闭,1
技术问题,将受试者的当前神经状态修改为期望神经状态,1
技术问题,测量eeg,1
技术问题,患者舒适性,1
技术问题,降低排斥患者的感觉,1
技术问题,排除导电凝胶的使用,1
技术问题,针状或者爪状电极穿过毛发带来的痛感和安全风险,1
技术问题,脑电信号检测的准确性,1
技术问题,改进神经反馈设备,1
技术问题,优化康复程序,1
技术问题,提高康复效率,1
技术问题,检测存在于生物体皮肤表面上的生物电位,1
技术问题,生成准确的脑电图信号,1
技术问题,获取准确的脑电图信号,1
技术问题,预测研究对象对受试者感受和偏好的顺序,1
技术问题,电极固定不牢,1
技术问题,电极定位不准确,1
技术问题,接触阻抗大,1
技术问题,干电极与皮肤接触面积小,1
技术问题,调整头戴设备尺寸和形状,1
技术问题,易受电磁干扰,1
技术问题,用户便利性和eeg准确性,1
技术问题,电极定位调节以适应各种头部形状和大小,1
技术问题,提供可重复的电极-头皮接触,1
技术问题,减少电磁干扰,1
技术问题,用户便利性,1
技术问题,eeg准确性,1
技术问题,电极-头皮接触的可重复性,1
技术问题,测试精神性能的能力,1
技术问题,确定测试是否通过,1
技术问题,判断是否超过正常精神努力的标准,1
技术问题,估计选择视觉提示的心理决策,1
技术问题,纠正眼电图、肌电图和心电图伪迹,1
技术问题,生理脑失衡的分类,1
技术问题,生理脑失衡的诊断,1
技术问题,生理脑失衡的治疗,1
技术问题,记录脑电电极的活性,1
技术问题,电极和皮肤表面之间牢固地附着形成导电接触,1
技术问题,帮助受试者产生与受试者期望意图一致的大脑活动,1
技术问题,"提供一种生物适用于脑电波测量电极,具有良好粘附性的受试者,具有手感柔软,它不容易出现不适的感觉,即使在用与本体紧密接触延伸一段时间,具有稳定的与所述对象能够保持体接触,具有可提高生产率",1
技术问题,增强广告的展示效果,1
技术问题,用户无法与广告中的三维模型进行交互,1
技术问题,高精度脑电信号无创探测,1
技术问题,如何实时分析用户关注的兴趣物,1
技术问题,如何获取用户个性化兴趣数据库特征模型,1
技术问题,如何实现广告的精准智能推送,1
技术问题,用户无法影响媒体文件的进度/结果,1
技术问题,确定商业理解,1
技术问题,产品的值,1
技术问题,目标产品购买的产品和存储器,1
技术问题,无市电时的有效性,1
技术问题,确定用户注视点,1
技术问题,验证注视点,1
技术问题,选择词语或功能,1
技术问题,确定广告的注意力认知,1
技术问题,比较不同广告的有效性,1
技术问题,评估广告理解、产品价值、购买意图和产品记忆,1
技术问题,高精度的脑电信号无创探测,1
技术问题,检测对象或路径,1
技术问题,确定递送内容的定时,1
技术问题,选择递送给用户的内容,1
技术问题,治疗脑疾病位置和部位,1
技术问题,治疗脑疾病位置和患病部分,1
技术问题,广告数据与虚拟环境数据的匹配度计算,1
技术问题,匹配度计算,1
技术问题,媒体呈现的操纵缺乏基于用户认知状态的个性化优化,1
技术问题,控制缩放级别,1
技术问题,文本到语音转换,1
技术问题,使用颜色作为反馈提示的神经反馈技术,1
技术问题,高分辨率脑电数据移动访问,1
技术问题,密集脑电图数据的移动访问托管,1
技术问题,需要一种使用颜色作为反馈提示的神经反馈技术,1
技术问题,使用颜色作为神经反馈提示,1
技术问题,在显示器上查看高分辨率脑电图数据,1
技术问题,如何将神经反馈以更直观的方式呈现给用户,1
技术问题,广告对消费者注意力及吸引力的影响分析,1
技术问题,广告优化设计,1
技术问题,减少潜在风险用户,1
技术问题,恢复最小意识状态患者的康复训练,1
技术问题,最小意识状态患者意识极度低下,1
技术问题,提高注意力,1
技术问题,最大化康复训练效率,1
技术问题,无需特殊动作即可仅通过生物信号和脑电波选择目标,1
技术问题,狭窄空间或难以使用手的情况,1
技术问题,缓解生理状况,1
技术问题,实时验证用户的识别和情绪状态,1
技术问题,控制头戴式显示器的功能,1
技术问题,人机融合智能增强导航,1
技术问题,异常障碍物避障,1
技术问题,步态康复训练中用户脚步准确性不足,1
技术问题,缺乏对用户下肢运动功能的量化评估,1
技术问题,无需移动目光,1
技术问题,获得单极eeg信号,1
技术问题,产生诊断指数,1
技术问题,无视线转移的脑电图信号检测,1
技术问题,根据用户的想象解码原始意图形状,1
技术问题,识别包含伪像的纪元,1
技术问题,实时确定和显示自发eeg信号的频率内容,1
技术问题,提高人机交互对鼠标标识的管控效能,1
技术问题,修改显示器上数字内容呈现,1
技术问题,治疗痴呆患者,1
技术问题,测量施加于受试者头皮的eeg电极的物理位置,1
技术问题,现有统一推送方式不贴合用户需求,1
技术问题,广告推送产生视觉或听觉干扰,1
技术问题,老年认知障碍用户交互困难,1
技术问题,人无法不使用手、腿、嘴、眼睑等与其他人清楚地交流,1
技术问题,托管对高分辨率脑电数据的移动访问,1
技术问题,在显示器上观看密集脑电数据,1
技术问题,确认显示器上的位置,1
技术问题,估算显示器上的位置,1
技术问题,确定被摄体的视野范围,1
技术问题,帮助改善心理健康,1
技术问题,提高用户的便利性,1
技术问题,将各种物理和电磁生物反馈体验整合到日常生活中,1
技术问题,为媒体的体验增加额外的可变维度,1
技术问题,触发产品即将到来的单独命令,1
技术问题,按摩时无法根据被治疗者情绪自动调整按摩设置,1
技术问题,无闪烁显示,1
技术问题,实时地内插数据,1
技术问题,触发即将到来的单独命令,1
技术问题,产品准备接收即将到来的单独命令,1
技术问题,控制自身和/或产品外部的设备,1
技术问题,推导出消费者偏好的产品,1
技术问题,引导消费者到该产品,1
技术问题,用户意图需要被系统处理、分析和映射,1
技术问题,监测居住在农村地区的孕妇和胎儿的生命体征,1
技术问题,缺乏交通设施导致孕妇无法进行强制性的健康检查,1
技术问题,需要为每个生命体征携带单独的设备,1
技术问题,确定个体的心理状态,1
技术问题,现有方法多依靠啮齿类动物行为模型评价酒类产品饮后的醉酒及舒适程度尚不能满足酒类企业酒体设计开发需求,1
技术问题,将运动员保持在最佳功能区域(izof)中,1
技术问题,检测在人的头皮发出的微弱的脑波信号,1
技术问题,分析及处理经检测的脑波信号,1
技术问题,检测集中度,1
技术问题,控制近距离电子设备或通过互联网进行远程监控,1
技术问题,分析个体心理状态,1
技术问题,对眨眼信息进行上下文补偿,1
技术问题,组合多个电-神经信号输入,1
技术问题,将组合信号多路分解成原始电-神经信号的离散数字表示,1
技术问题,感官物质分类,1
技术问题,新产品开发,1
技术问题,基础研究,1
技术问题,配料和工艺的调整,1
技术问题,品质保证,1
技术问题,产品优化,1
技术问题,确定刺激材料中引起受控注意和自动注意的位置,1
技术问题,同步第一神经反应数据、第二神经反应数据和刺激材料,1
技术问题,注意力集中时神经反应与视觉刺激调制的相关性更强,1
技术问题,确定各种市场研究应答者在暴露于刺激的精确时刻的相对大脑状态,1
技术问题,商标相似度判定,1
技术问题,检测视觉刺激认知能力,1
技术问题,如何基于观察图像的用户的脑波信号生成评估信息,1
技术问题,如何获取对呈现给用户的图像的感兴趣程度或感兴趣区域,1
技术问题,用户控制显示设备不方便,1
技术问题,为个人提供神经功能分析和治疗,1
技术问题,将高度专业化的组的特征/响应共性减少为模板,1
技术问题,识别和分析神经心理流模式,1
技术问题,将从个体获取的信号与所创建的知识库进行比较,1
技术问题,提高认知评估结果的准确性,1
技术问题,客观确定图像视觉记忆,1
技术问题,在脑模型的上下文中对eeg模型进行可视化和交互,1
技术问题,检测图像中是否存在目标,1
技术问题,确定患者自主神经系统与中枢神经系统之间的同步性,1
技术问题,基于身体参数数据调节脑神经刺激参数,1
技术问题,促进脑连贯性,1
技术问题,调节脑活动,1
技术问题,将大脑状态连续解码为免持装置中多自由度控制信号,1
技术问题,解码神经信号以控制目标设备,1
技术问题,手部免提设备中多自由度控制信号的连续脑状态解码,1
技术问题,使用检测到的对象的神经相关信号的变化来控制设备,1
技术问题,使用检测到的神经相关信号的变化来控制装置,1
技术问题,控制计算机,1
技术问题,解释思维为控制计算机的功能,1
技术问题,训练对象如何控制注意力、情绪,1
技术问题,增进对现实世界或虚拟世界中各种外部刺激如何影响这些属性的理解,1
技术问题,便于家庭神经监测,1
技术问题,检测与用户特定精神和/或物理状态相关联的脑波模式,1
技术问题,识别用户的特定精神/物理状态,1
技术问题,生成报警信号以通知用户或其他机构,1
技术问题,分析认知信息与视觉信息之间的相关性,1
技术问题,提高用户输入单元操作动作的便利性,1
技术问题,意识障碍患者脑功能评估准确性不足,1
技术问题,确定用户当前精神状态,1
技术问题,确定用户执行的面部表情类型,1
技术问题,提供数据,1
技术问题,分析用户大脑的认知信息与用户获取的视觉信息之间的关联关系,1
技术问题,对脑电图信号进行单次试验分类,1
技术问题,降低人为分析并剔除伪差信号的难度,1
技术问题,提高脑电分析的准确性和效率,1
技术问题,改变视觉图像序列,1
技术问题,功能性发育紊乱,1
技术问题,脑部发育障碍,1
技术问题,脑部发育状态阈值补偿,1
技术问题,缩短使用包含在用户脑电图信号中的事件相关电位输入构成用户想要的文本的单词所需的时间,1
技术问题,自动分析脑电图的高精度分析,1
技术问题,新生儿脑电图判读范围和准确率低,1
技术问题,用户认证安全性不足,1
技术问题,常规通用空间模式(csp)对噪声敏感,1
技术问题,运动图像(mi)期间测量的脑电(eeg)容易受到噪声例如肌肉运动的影响,1
技术问题,csp-l1中具有噪声的性能退化数据,1
技术问题,精确的数据模式分析时常规csp表现出较差的性能,1
技术问题,考虑每个频带的重要性来分析脑电图信号,1
技术问题,中风患者的康复,1
技术问题,认知功能改善,1
技术问题,身体活动、总体状况和健康状态改善,1
技术问题,脑电信号分类,1
技术问题,单次试验的人受试者的脑电信号分类,1
技术问题,任务压力导致的精神疲劳,1
技术问题,注意力波动问题,1
技术问题,v-bci在实际应用场景中的准确性和稳定性,1
技术问题,对eeg信号进行分类,1
技术问题,单次试验的脑电信号分类,1
技术问题,高效准确的分析和诊断脑电图信号,1
技术问题,准确、快速、客观的疾病诊断,1
技术问题,"在不使用光流信息的条件下,仅分析视频图像的空间信息就得到较好的驾驶员的视觉注意力信息预测效果",1
技术问题,从eeg信号中有效提取车辆驾驶员的视觉注意力特征并将其与视频图像特征相结合,1
技术问题,待测对象个体差异大导致预测可靠性差,1
技术问题,运动方向预测的准确性低,1
技术问题,需要人为控制脑电信号产生明显波动,1
技术问题,单试验分类eeg信号响应,1
技术问题,区分目标图像与非目标图像,1
技术问题,目标用户脑电图信号分类准确率低,1
技术问题,如何对脑电图信号进行高效准确的分析和诊断,1
技术问题,实现更加准确、快速、客观的疾病诊断,1
技术问题,认知图像分类,1
技术问题,传统脑电图像重建中语义单一的问题,1
技术问题,提高重建图像的语义丰富性及结构相似性,1
技术问题,提升图像重建质量,1
技术问题,情感识别准确率不足,1
技术问题,传统情感识别方法缺乏科学有效的分类方法,1
技术问题,无法方便地切换对整个图像的感知和对图像中感兴趣细节的感知,1
技术问题,对视觉刺激的脑电图信号进行单次试验分类,1
技术问题,生成图像,1
技术问题,中文连续语言文本重建准确度不足,1
技术问题,脑电信号与文本特征之间的联系未被充分揭示,1
技术问题,确定观察者大脑的脑电图信号,1
技术问题,现有技术忽略脑电频域特异性动态,1
技术问题,跨模态语义对齐较弱,1
技术问题,提供受试者对图像视觉识别的对象统计可靠性,1
技术问题,生成关于服务点的第一图像,1
技术问题,判断生成的第一图像是否与预设的第二图像相似,1
技术问题,提供基于虚拟现实的个性化治疗图像内容,1
技术问题,引导脑电图电极布置,1
技术问题,高分类精度,1
技术问题,学习ai模型的标准化脑电图图像生成,1
技术问题,获取脑机接口中用于语音图像监测的结果数据,1
技术问题,根据患者意愿锻炼腿部和步态,1
技术问题,难以在感知整个图像和感知图像中感兴趣的细节之间切换,1
技术问题,生成更加自然流畅的文本信息,1
技术问题,提升中文连续语言重建的准确度,1
技术问题,生成与服务点相关的图像,1
技术问题,确定生成的第一图像是否与预设的第二图像相似,1
技术问题,运动功能障碍人群,1
技术问题,低成本,1
技术问题,用户友好,1
技术问题,高效,1
技术问题,免手持/免触控,1
技术问题,分类运动图像,1
技术问题,基于耳脑电语音成像的脑机接口数据采集,1
技术问题,确定图像的客观视觉记忆,1
技术问题,提供对象对图像的视觉识别的对象统计可靠性,1
技术问题,临床视频脑电图检查中的现实问题,1
技术问题,提升癫痫发作检测模型的特征学习能力,1
技术问题,训练速度,1
技术问题,癫痫发作实时检测的准确性,1
技术问题,提升陪护人员和医生的体验,1
技术问题,康复锻炼中患者浓度水平无法定量测量,1
技术问题,患者浓度降低时无法及时反馈,1
技术问题,康复治疗所需时间较长,1
技术问题,按照用户的意图进行非接触操作,1
技术问题,运动障碍者与其他人或计算机进行通信的障碍,1
技术问题,通过脑信号进行文本录入的需求,1
技术问题,按照用户的意愿进行非接触操作,1
技术问题,目标事件检测,1
技术问题,视觉注意力分散器数目确定,1
技术问题,视频觉醒度分类准确率低,1
技术问题,保存脑电图信号的空间信息,1
技术问题,减少计算量,1
技术问题,找到潜在的脑电图信号模式,1
技术问题,将高维信息编码到图像中,1
技术问题,取得更好的情感分类结果,1
技术问题,"利用情绪分类模型确定视频质量等级,得到的结果准确性较低",1
技术问题,脑部成像,1
技术问题,"现有技术中利用情绪分类模型确定视频质量等级,得到的结果准确性较低",1
技术问题,实现具有高视觉感知一致性和语义一致性的fmri视频神经解码,1
技术问题,标准化脑电波图像,1
技术问题,多摄像头视频和音频记录与长期动态脑电图同步,1
技术问题,长期动态脑电图监控不再局限于有线医院类型设置,1
技术问题,在显示器上观看信号,1
技术问题,传统聚类方法受人的主观因素影响,1
技术问题,对个人经验的依赖性大,1
技术问题,无法对数据量大的图像进行有效聚类处理,1
技术问题,对最优聚类结果的客观选择问题,1
技术问题,面向复杂自然图像的重构,1
技术问题,癫痫发作事件的检测和记录,1
技术问题,复杂自然图像的重构,1
技术问题,抑制波动在听觉从变化事件相关的潜在来源在唤醒,1
技术问题,测量听觉事件相关的电位与高准确度,1
技术问题,"增加θ-,α-节律脑的eeg活性",1
技术问题,实现三-维感知的扁平stnykh图像,1
技术问题,在fmri环境中控制图像的移动,1
技术问题,进一步浸没360°全景图像,1
技术问题,识别受试者对广告或娱乐内容的共振测量值,1
技术问题,检测图像中疑似被目标占据的候选图像区域,1
技术问题,识别观察者检测到目标,1
技术问题,使用繁琐,1
技术问题,准备工作耗时繁杂,1
技术问题,依赖导电膏,1
技术问题,无法实现长期脑电监测,1
技术问题,环境电磁信号干扰脑电信号,1
技术问题,有效开发脑神经可塑性,1
技术问题,长期准确稳定的脑电信号,1
技术问题,穿戴便捷舒适,1
技术问题,监测用户对一个或多个刺激的反应,1
技术问题,向用户提供与刺激相关的反馈,1
技术问题,收集生物计量信息,1
技术问题,电极间隔过大,1
技术问题,传感器固定困难,1
技术问题,皮肤电连接不稳定,1
技术问题,降低接触阻抗,1
技术问题,干电极与头皮接触情况未知而造成信号不完整,1
技术问题,头皮肌肉运动等引起的伪迹问题,1
技术问题,干电极与头皮接触不良,1
技术问题,湿电极使用过程繁琐,1
技术问题,导电膏大量残留,1
技术问题,电极与头皮接触舒适度不足,1
技术问题,电极前端与头皮接触不充分,1
技术问题,接触阻抗不佳,1
技术问题,皮肤干电极与待测试对象的连接稳定性,1
技术问题,信号采集设备与电极的连接,1
技术问题,减少作电极调整的步骤,1
技术问题,节省时间,1
技术问题,减少电极压强给头皮带来的疼痛感,1
技术问题,检测知识,1
技术问题,准确、高效地安放电极,1
技术问题,电极接触不良,1
技术问题,电极压在头皮血管上,1
技术问题,测量生物测定信号,1
技术问题,判断受试者是关注还是忽略了感觉刺激,1
技术问题,无法在脑模型上下文中可视化和交互eeg模型,1
技术问题,评估对象的神经功能障碍,1
技术问题,获取用户发出的脑电图信号,1
技术问题,检测用户神经活动产生的电信号,1
技术问题,确定控制操作是否与检测到的脑电图信号一致,1
技术问题,无需单独涂抹导电凝胶即可测量脑电波,1
技术问题,以较小的接触电阻检测指定区域的脑电波,1
技术问题,利用弹性紧密贴合人体头皮,1
技术问题,便于接近头盖的内部并易于更换或修理一个或多个电极和相应的引线,1
技术问题,实时处理检测到的信号,1
技术问题,确定实时检测到的信号对应于多个预定信号集之一,1
技术问题,基于非神经生理数据预测个体的一个或多个特定认知状态,1
技术问题,检查测试对象的反应的有效性,1
技术问题,识别脑电波,1
技术问题,识别神经反应数据中的活动,1
技术问题,计算差分事件相关电位测量值,1
技术问题,计算差分事件相关的功率谱扰动,1
技术问题,调整对象共振测量,1
技术问题,将电刺激和/或记录脑电信号配置配合受测者头部,1
技术问题,电极和导线定位,1
技术问题,远程收集和群体处理心理生理反应,1
技术问题,形成群体用户数据阵列,1
技术问题,用户受到外部刺激的负面启动,1
技术问题,负面心理状态,1
技术问题,提供分析脑电图数据以用于提供脑机接口的神经网络,1
技术问题,不需要关于个体用户脑电图模式的先验知识,1
技术问题,"不施加过大的压力对该皮肤,毛发,牢固地在与该皮肤接触之间通过所述测量电极的传导可被固定",1
技术问题,对不同的部位进行脑电采集,1
技术问题,提高整体的脑电采集效率,1
技术问题,降低头皮阻抗,1
技术问题,减少噪声和干扰,1
技术问题,提高脑电信号采集质量,1
技术问题,提高数据分析的准确性和效率,1
技术问题,覆盖小动物头皮或脑表面,1
技术问题,将脑电图信号提取到外部,1
技术问题,低运动强度场景和非屏蔽环境中高精度eeg采集的需求,1
技术问题,促进消费级脑机接口发展,1
技术问题,准确量化ssvep范例在不同工作模式下引起的视觉疲劳,1
技术问题,非侵入式脑机接口的意念控制,1
技术问题,虚实融合反馈,1
技术问题,设备整体的稳定性、适配性与可维护性不足,1
技术问题,头皮阻抗高,1
技术问题,脑电信号采集质量差,1
技术问题,噪声和干扰大,1
技术问题,便携性不足,1
技术问题,数据分析准确性低,1
技术问题,脑电信号与虚实融合场景双向实时交互,1
技术问题,打造实时变化的沉浸式交互环境,1
技术问题,不需要皮肤准备,1
技术问题,不使用电解质凝胶,1
技术问题,多市场计划测量,1
技术问题,商业响应监测,1
技术问题,选择目标刺激材料,1
技术问题,基于思维操控虚拟对象,1
技术问题,增强现实中的虚拟对象操控,1
技术问题,监测用户状态,1
技术问题,实时交互、实时体验、实时监测、治疗反馈、综合评估,1
技术问题,可靠地与头皮接触的通过毛之间的空间,1
技术问题,固定导通无施加过大的压力头皮,1
技术问题,注意力测量,1
技术问题,快速解码大脑活动,1
技术问题,提高柔性电极本体的使用寿命,1
技术问题,控制环境中的电子和机械资源,1
技术问题,提供用户控制环境中资源的最大自由度,1
技术问题,传统脑电检测电极对导电膏的依赖,1
技术问题,环境电磁信号对脑电信号的干扰,1
技术问题,干电极表面清理不便,1
技术问题,电极-皮肤接触阻抗大,1
技术问题,传统干电极采集脑电信号电极-皮肤接触阻抗大,1
技术问题,干电极在高精度及长时间脑电监测领域的应用可靠性,1
技术问题,用户体验虚拟环境中物体的属性,1
技术问题,测量包括α波从枕区产生的脑波,1
技术问题,电极在头上容易连接/拆卸,1
技术问题,不使使用者由于导电糊剂和头发脏,1
技术问题,不弄乱头发,1
技术问题,实时、准确的检测用户体验,1
技术问题,可靠性高,1
技术问题,可靠地与头皮接触,1
技术问题,通过头发之间的空间,1
技术问题,以固定的传导不施加过大的压力对头皮,1
技术问题,保持用户积极状态,1
技术问题,认证,1
技术问题,评估准确性低,1
技术问题,实时处理检测到的神经信号,1
技术问题,确定实时检测的神经信号何时对应于预定神经信号集之一,1
技术问题,追踪脑活动,1
技术问题,收集脑电图数据,1
技术问题,从不同传感器获取的生物信号和行为数据的时间同步,1
技术问题,脑电波诱导效果不佳,1
技术问题,评估受试者对与刺激相关的任务的响应,1
技术问题,用户积极参与不足,1
技术问题,评估用户脑健康和功能,1
技术问题,如何基于意图操纵虚拟对象,1
技术问题,获取脑活动测量值,1
技术问题,评估中枢神经系统功能或cns功能的变化,1
技术问题,检测过程漫长,1
技术问题,检测成本高,1
技术问题,难以有效检测出用户紧张情绪,1
技术问题,控制内容,1
技术问题,识别心理行为、情感、情绪、心理状态、心理健康或基于情绪的属性,1
技术问题,快速定制虚拟对象以适应特定用户,1
技术问题,提高与传统和新媒体内容、虚拟和增强现实产品的互动性,1
技术问题,确定相容性,1
技术问题,执行医学或其它诊断过程,1
技术问题,产生艺术表现,1
技术问题,反馈形式单一,1
技术问题,无法实现交互,1
技术问题,确定推荐游客的技术,1
技术问题,预测目的地,1
技术问题,个性化神经反馈,1
技术问题,双手被占用的情况下控制用户界面,1
技术问题,双手被占用的情况下无法通过视觉注意力控制用户界面,1
技术问题,测定神经功能,1
技术问题,测定与疾病有关的神经功能参数,1
技术问题,促进大脑一致性,1
技术问题,传递脑信号相干性,1
技术问题,神经生理学数据功能分析,1
技术问题,提高诊断效率,1
技术问题,准确检测和分析神经系统疾病,1
技术问题,选择疗法和预测结果,1
技术问题,与extant弱相关性的诊断方案一种精神障碍,1
技术问题,更安全和expeditious治疗一种精神障碍,1
技术问题,与神经系统接口,1
技术问题,评估个人的认知和身体状况,1
技术问题,确定训练方案,1
技术问题,控制环境中电子和机械资源的自由度不足,1
技术问题,用户无法有趣和沉浸地享受虚拟现实内容,1
技术问题,如何通过感测用户脑电波来提供虚拟现实服务,1
技术问题,调整脑电图接口系统中区分方法,1
技术问题,检测影响脑电图信号中事件相关电位变化的刺激特征量变化,1
技术问题,异步脑机接口,1
技术问题,实现目标用户状态,1
技术问题,诱导睡眠和用户状态的其他变化,1
技术问题,训练神经反馈以产生大脑区域的现实,1
技术问题,实时了解受试者脑区的训练状态,1
技术问题,方便受试者与专业人员之间的交流,1
技术问题,调整提示参数权重,1
技术问题,实现对情绪的准确监测,1
技术问题,保证生理信号采集的稳定性,1
技术问题,实体管道实时状态和行为信息获取,1
技术问题,全要素数据模型更新与优化,1
技术问题,训练模拟用户大脑的神经系统,1
技术问题,改善第一人称体验与特定脑激活模式之间对应关系,1
技术问题,最小程度影响体验本身,1
技术问题,治疗受试者疾病或障碍,1
技术问题,评估最小意识状态患者的意识状态,1
技术问题,现有事件相关电位模式评估需要多次耗时试验,1
技术问题,低延迟控制,1
技术问题,运动伪影抑制,1
技术问题,刷新频率干扰,1
技术问题,显示器刷新率客观评估选择,1
技术问题,视知觉实验中的优选显示器刷新率,1
技术问题,认知评估的准确性和效率,1
技术问题,早期识别认知障碍,1
技术问题,恢复受损嗅觉和味觉功能,1
技术问题,提高嗅觉和味觉康复的有效性,1
技术问题,确定对象的个性化共振大脑频率和最小神经元激活阈值,1
技术问题,评估广告的有效性,1
技术问题,定量评估对象对广告特征的应答,1
技术问题,用户参与度不足,1
技术问题,实现fmri和eeg的同步采集脑信号,1
技术问题,探索运动想象对脑信号的调制机制,1
技术问题,识别佩戴有附接脑电图电极的头戴式显示器的用户意图,1
技术问题,通过估计脑信号识别用户意图,1
技术问题,评估与注意损伤相关的eeg不一致性,1
技术问题,识别佩戴附有脑电图电极的头戴式显示器的用户意图,1
技术问题,识别佩戴有附接脑传导电极的头戴式显示器的用户意图,1
技术问题,识别佩戴附有脑传导电极的头戴式显示器的用户意图,1
技术问题,识别用户意图,1
技术问题,可能需要补救行动,1
技术问题,肌肉伪影和其它噪声,1
技术问题,可附接到头戴式显示器设备并从其拆卸,1
技术问题,调整生物信号测量部的位置,1
技术问题,不受佩戴者各种体型的限制而有效地测量生物信号,1
技术问题,利用各种市售的头戴式显示器设备,1
技术问题,增强脑电波,1
技术问题,鼓励长期使用,1
技术问题,需要用户积极参与以增强脑电波,1
技术问题,评估人工耳蜗植入者情感语义辨识能力,1
技术问题,避免刺激材料本身物理属性差异的影响,1
技术问题,排除反复出现的标准刺激可能引起神经适应现象的干扰,1
技术问题,客观、科学和精确评估投影内容,1
技术问题,提供三维水平透视图像显示,1
技术问题,提供逼真的声音模拟,1
技术问题,"emg与eeg分离到这样的程度,使得可以执行eeg的更可靠的特征提取,而不会受到emg的显著干扰",1
技术问题,精确地表示脑部的活性与模型之间的各自的活性成分与精度的相关性,1
技术问题,容易地验证脑活性模型,1
技术问题,评估广告设计质量,1
技术问题,评估广告吸引力,1
技术问题,广告设计质量评估,1
技术问题,广告吸引力评估,1
技术问题,检测人的精神和/或身体状态,1
技术问题,预测躁狂/抑郁发作的发作,1
技术问题,定制显示系统中控制器的动态显示,1
技术问题,评估受试者左右大脑半球的独立认知能力,1
技术问题,评估中风后抑郁状态,1
技术问题,改善用户的大脑功能和运动功能,1
技术问题,提供反馈,1
技术问题,心理唤醒水平调节,1
技术问题,信息利用率低,1
技术问题,客观性和准确性不足,1
技术问题,成本较高,1
技术问题,使视觉诱发电位采样率与视觉刺激同步,1
技术问题,检测所测量的数据是否可靠,1
技术问题,训练受试者学习对特定身体部位进行有意控制,1
技术问题,在短时间内客观地评价意识状态,1
技术问题,传统方法对意识障碍患者行为反应和临床医生主观理解的依赖性,1
技术问题,误诊病例,1
技术问题,自动评估失神脑电图,1
技术问题,确定失神状态的当前阶段,1
技术问题,验证自比评估的诚实性,1
技术问题,学习对特定身体部位的刻意控制,1
技术问题,受试者学习对指定身体部位进行有意识控制,1
技术问题,评估验证,1
技术问题,现有认知功能评估需要额外进行认知功能评估来确认训练效果,1
技术问题,使用客观生理信号评估心理健康,1
技术问题,校准和/或验证远程便携式eeg系统的系统性能,1
技术问题,远程质量控制,1
技术问题,客观、科学和准确地评估封闭环境中投影内容,1
技术问题,客观、科学、准确地评估封闭环境中的投影内容,1
技术问题,同步监测疲劳,1
技术问题,仅使用单一脑电信号就可以客观定量地评估认知功能,1
技术问题,监测和评估认知测试期间诱发的脑电图电活动,1
技术问题,评估心理生理反应并帮助用户监测精神表现、认知功能、压力、焦虑、疲劳、情绪、行为表现以及精神专注和敏锐度,1
技术问题,"高效生成,管理,和访问对中枢神经系统,自主神经系统; 执行器的数据,和从对象行为获得的数据暴露于刺激的材料",1
技术问题,确定营销和娱乐刺激的效果,1
技术问题,确定销售和娱乐刺激的有效性,1
技术问题,刺激靶向,1
技术问题,区分仅仅观察显示对象和有意选择该显示对象,1
技术问题,低于自我意识和认知意识水平的生理反应难以识别,1
技术问题,学习者的教育体验个性化,1
技术问题,注意力评估,1
技术问题,头发被压于电极及头皮之间造成电隔离,1
技术问题,电极与头皮稳定接触,1
技术问题,阻抗调节,1
技术问题,电极与头皮接触稳定性差,1
技术问题,测量电极能够直接紧密地附着在佩戴者的头部上,1
技术问题,"根据佩戴者的头部选择性地扩张和收缩外皮构件的周边,使得测量电极根据佩戴者的头部定位在正确的位置",1
技术问题,检测大脑中的信息,1
技术问题,评估演示的有效性,1
技术问题,提升头部与弹性皮套接触位置的舒适性,1
技术问题,提升头部与本体接触位置的舒适性,1
技术问题,脑电信号调节到受检者的头上,1
技术问题,与头皮保持最小程度的接触,1
技术问题,提高eeg测量的便利性和准确性,1
技术问题,控制指令检测,1
技术问题,改善接触表面积,1
技术问题,建立训练目标,1
技术问题,产生反馈,1
技术问题,测量生物信号,1
技术问题,在没有训练有素的脑电图专家在场的情况下自动获得反应性的客观和可靠的测量,1
技术问题,脑电图测量,1
技术问题,诊断脑网络,1
技术问题,提供脑病诊断信息,1
技术问题,测量电极与患者的接触质量,1
技术问题,增强局部脑电图信号,1
技术问题,头部曲率适应性,1
技术问题,多通道脑电图采集,1
技术问题,监测睡眠阶段,1
技术问题,确定唤醒时间,1
技术问题,认知状态检测,1
技术问题,受损功能,1
技术问题,治疗频率识别,1
技术问题,因采集电极与参考电极的距离较远而导致其他的生理电信号对脑电信号的检测带来干扰,1
技术问题,确定患者的一个或多个神经特征,1
技术问题,识别和实施适当的治疗,1
技术问题,生成数据集,1
技术问题,不需要施加导电凝胶,1
技术问题,长时间信号测量,1
技术问题,信号衰减,1
技术问题,预测作为研究对象的产品的感觉顺序和主体对产品的偏好,1
技术问题,神经障碍或病症的存在,1
技术问题,远程站点和数据收集和分析中心之间传输、分析和报告患者生物电数据,1
技术问题,评估处理效力,1
技术问题,检测特定组织参与,1
技术问题,检测犯罪活性,1
技术问题,评估教育和训练表示,1
技术问题,监测大脑活动,1
技术问题,检测神经疾病,1
技术问题,便携式神经反馈,1
技术问题,测量视觉诱发电位,1
技术问题,量化个人感知能力,1
技术问题,将患者与治疗实体匹配,1
技术问题,精神障碍的更安全和快速的治疗,1
技术问题,发现治疗实体的新应用,1
技术问题,改进对候选治疗实体的测试,1
技术问题,推断对治疗的期望响应的存在或不存在,1
技术问题,推断一个或多个治疗实体的作用模式,1
技术问题,探测大脑中隐藏的信息,1
技术问题,大脑与计算机之间的直接通信,1
技术问题,产生高度特定神经技能分数,1
技术问题,实时可视化大脑电生理活动,1
技术问题,覆盖跨越数千个电极的整个电极阵列,1
技术问题,分析来自暴露于介质的对象的响应数据,1
技术问题,确定对广告的共振,1
技术问题,识别源材料中的一个或多个位置的一个或多个启动水平,1
技术问题,选择广告时段的位置,1
技术问题,脑电波信号频率分布确定,1
技术问题,视频游戏中的奖励确定,1
技术问题,光标控制,1
技术问题,计算机导航,1
技术问题,生成人脸图像,1
技术问题,重新生成人脸图像,1
技术问题,使用更少的脑电图信号特征和更高的处理速度实现更高的识别精度,1
技术问题,提供与脑电图(eeg)或功能性近红外光谱(fnirs)脑机接口(bci)系统相比改进的性能,1
技术问题,减少检测局灶性癫痫样放电所花费的时间,1
技术问题,丰富家庭影院灯光效果,1
技术问题,多模态特征在时间上对齐,1
技术问题,补偿信号漂移,1
技术问题,提升解码鲁棒性,1
技术问题,任务间优化解耦,1
技术问题,个性化训练,1
技术问题,有效性脑网络的准确度低,1
技术问题,有效性脑网络不能准确反映大脑皮层活动,1
技术问题,用户想象的穿着衣服的图像自动通过显示器显示出来,1
技术问题,"如何融合脑电信号与血液动力学信息,综合利用二者在时间与空间维度的互补特性,实现对脑力负荷状态的精准识别与动态评估",1
技术问题,处理eeg测量的表示,1
技术问题,促进使用者头皮与电导电基之间的电通信,1
技术问题,"允许在体内的eeg数据收集,分析,和诊断",1
技术问题,抑郁症诊断准确性低,1
技术问题,需要非侵入性诊断工具,1
技术问题,监测与感测到的大脑信号的电活动相对应的电图信号,1
技术问题,确定低频范围振荡与较高频率范围振荡之间的相位-振幅耦合的测量值,1
技术问题,恢复手部运动轨迹,1
技术问题,便于用户的头皮和导电基底之间的电连通,1
技术问题,"体内eeg数据收集,分析和诊断",1
技术问题,分析用户大脑的认知信息与用户获取的视觉信息之间的相关性,1
技术问题,检测注意力指数,1
技术问题,测量集中指数,1
技术问题,静息态脑功能研究缺乏有效建模方法,1
技术问题,准确的情感识别,1
技术问题,用户心理健康预测,1
技术问题,监测大脑电活动,1
技术问题,获得相位-幅度耦合的度量,1
技术问题,梦境图像重现,1
技术问题,轻度认知障碍康复评估,1
技术问题,评估eeg数据,1
技术问题,识别伪影,1
技术问题,分类能力和一般化能力更具竞争性,1
技术问题,提供有关人类视觉感知系统的有意义的洞察,1
技术问题,根本改变对象分类器的开发方式,1
技术问题,监测与感测到的脑信号的电活动相对应的电描记信号,1
技术问题,确定低频范围内的振荡与较高频率范围内的振荡之间的相位-振幅耦合的量度,1
技术问题,精神分裂症早期检测,1
技术问题,疾病预警,1
技术问题,减轻患者及其家属痛苦和心理负担,1
技术问题,"传统解码方法严重依赖手动特征工程,限制了其适应性",1
技术问题,比仅利用fmri图像的检测方法更完整、全面地检测默认态脑网络中心节点,1
技术问题,非侵入性处理非并发收集的脑电数据和休息站功能磁共振成像数据,1
技术问题,更精确地识别切除神经外科手术的候选者,1
技术问题,帮助创建目标外科手术计划,1
技术问题,提升对doc患者类型的区分能力,1
技术问题,更全面的表示doc患者的意识水平,1
技术问题,精确评估麻醉期间的意识水平,1
技术问题,数据量较少时准确率低,1
技术问题,梯度消失问题,1
技术问题,存储开销大,1
技术问题,计算量大,1
技术问题,提高自然运动的eeg解码精度,1
技术问题,揭示人体的神经机制,1
技术问题,提高分类的准确性,1
技术问题,增强网络对特征细节的捕捉能力,1
技术问题,监测和评估飞行员的注意力水平,1
技术问题,自动产生睡眠阶段分类,1
技术问题,对睡眠者造成的不适可以忽略不计,1
技术问题,自动检测新生儿癫痫发作,1
技术问题,传统方法依赖专家观察或自我报告,1
技术问题,自动化、客观且可能实时的情感识别,1
技术问题,背景信号低,1
技术问题,信噪比高,1
技术问题,时空分辨响应性,1
技术问题,信号稳定,1
技术问题,灵敏度高,1
技术问题,远程控制具有运动的机器设备,1
技术问题,利用脑电波远程控制玩具,1
技术问题,提取不同被试个体之间相同特征,1
技术问题,贴近功能磁共振成像物理和生理特性,1
技术问题,提高分类的准确度,1
技术问题,确定一组脑网络激活序列,1
技术问题,专注力评估,1
技术问题,确定一组脑网络的激活序列,1
技术问题,意识障碍患者交流困难,1
技术问题,用户操作意图识别不准确,1
技术问题,提高对患者tms治疗效果的评估效率和准确性,1
技术问题,揭示大脑发育及老化规律,1
技术问题,测量皮层区域异常,1
技术问题,检测发生异常反应的部位,1
技术问题,理解包括重度抑郁症在内的所有精神疾病的脑机制,1
技术问题,评估对象对刺激的响应,1
技术问题,提供对刺激有效性的更精确的确定,1
技术问题,精确记录观众是否在任何给定时刻实际观看、收听、与媒体递送设备交互或以其他方式感知媒体递送设备,1
技术问题,确定神经-应答的刺激和刺激属性共振,1
技术问题,识别神经学上显著的位置,1
技术问题,获取媒体内容后续部分,1
技术问题,提高人机交互过程中情绪分析的准确性,1
技术问题,不需改变模型结构,1
技术问题,不依赖于某些模态或模态数量,1
技术问题,根据实际情况调整具体模态种类和数量,1
技术问题,测量生物电信号时接触元件与头皮接触的稳定性,1
技术问题,调节接触元件相对于用户头皮的倾斜度,1
技术问题,面部诱发神经动力学的多模态综合分析,1
技术问题,去除梯度和运动伪影,1
技术问题,过滤电力线干扰,1
技术问题,校正基线漂移,1
技术问题,评估健康和功能该脑的作用,1
技术问题,"识别数据表示的多模态脑健康,疾病和损伤",1
技术问题,精准识别用户情感状态,1
技术问题,提升非遗vr体验的情感互动性和个性化程度,1
技术问题,评估脑的健康和功能,1
技术问题,鉴定表明脑健康、疾病和损伤的数据,1
技术问题,评估脑活动相关的评价对象的相似度,1
技术问题,通过使用获得的脑电图数据简单评估相似度,1
技术问题,适应不同个体和情境下的情绪表达,1
技术问题,具备更好的泛化能力,1
技术问题,评估健康和大脑的功能,1
技术问题,"识别数据表示脑健康,疾病和损伤",1
技术问题,提供更为全面和精准的解决方案,1
技术问题,电极位置左右、前后可调,1
技术问题,便携式干电极上下位置可调,1
技术问题,准确地识别和分类用户的情绪状态,1
技术问题,现有视频情感分类方法未充分利用脑电信号与刺激源信息,1
技术问题,实时多模态情绪识别,1
技术问题,无偏差地执行任务,1
技术问题,消除用户的偏差和偏好,1
技术问题,基于情感的视频推荐,1
技术问题,提高情绪识别准确率,1
技术问题,打通五大单模态的情绪识别,1
技术问题,提升检测方法的性能,1
技术问题,精确、实时地检测人类情绪和认知状态,1
技术问题,提高检测准确性和可靠性,1
技术问题,"持续适应个体脑波模式,优化检测准确性",1
技术问题,情绪障碍检测,1
技术问题,直接建立脑电信号和情绪种类之间的对应关系,1
技术问题,有效保留不同神经信号模态之间的关联信息,1
技术问题,降低数据维度和噪声干扰,1
技术问题,提高后续分析的准确性,1
技术问题,直接反映人的情感状态的变化,1
技术问题,指示从几个eeg电极记录的脑电信号的熵并指示在各种时间尺度上的特征,1
技术问题,改善用户的认知功能,1
技术问题,治疗心理或行为障碍,1
技术问题,如何影响人们的情绪反应不同介质的正面图像的刺激,1
技术问题,eeg活动的差异带之间的雄性和雌性受试者组,1
技术问题,隐藏信息或欺骗意图检测,1
技术问题,避免检测到受检者的欺骗或以其它方式分散受检者的注意力的混淆尝试,1
技术问题,认知功能障碍治疗手段有效性不足,1
技术问题,治疗难度高,1
技术问题,治疗成本高,1
技术问题,使用单个跨模态注意力模块对音视频的特征进行精神状态特征值的提取,1
技术问题,有更高的识别精确度,1
技术问题,可以提供更多的分析信息,1
技术问题,检测损坏或不准确的感觉表征,1
技术问题,确定活体受试者潜在认知或生理紊乱的存在、不存在或程度,1
技术问题,多模态信号融合的情绪识别,1
技术问题,实时情感识别,1
技术问题,情绪识别率低,1
技术问题,情绪识别实用性不足,1
技术问题,不需要电解凝胶,1
技术问题,快速放置,1
技术问题,易于去除,1
技术问题,监测和控制受试者精神状态,1
技术问题,治疗受试者的脑部疾病,1
技术问题,跨区域文化的被试的高精度情感识别,1
技术问题,方便快捷,1
技术问题,安全无创,1
技术问题,易于穿戴,1
技术问题,稳定可靠,1
技术问题,采集精度高,1
技术问题,检测观众注意力,1
技术问题,提供智能用户控制选项,1
技术问题,获取社交认知状态,1
技术问题,监测个体活动,1
技术问题,解码脑信号和身体信号,1
技术问题,生成控制信号,1
技术问题,根据用户的状态或活动水平向用户提供刺激反馈,1
技术问题,改善焦虑情绪,1
技术问题,提高神经反馈的空间准确性与症状特异性,1
技术问题,提供非侵入的便捷的神经调控平台,1
技术问题,读取情绪刺激,1
技术问题,客观评估感觉器官状况,1
技术问题,确定神经系统状态,1
技术问题,预测神经扰动或发作的发生,1
技术问题,评估脑健康和功能,1
技术问题,客观测量动机显著刺激的偏好或响应,1
技术问题,不依赖于受试者的参与或随意描述,1
技术问题,检测每个用户的脑波的特异性,1
技术问题,低警觉度,1
技术问题,频繁地远离屏幕或摄像机,1
技术问题,频繁地偏航,1
技术问题,在不使用麦克风的情况下较长时间地发言,1
技术问题,使用其它程序或应用,1
技术问题,在不同方向上的眼睛运动,1
技术问题,较长时间地远离摄像机,1
技术问题,覆盖患者头部至少预定区域,1
技术问题,测量代表患者头部电活动或活动的可用电信号,1
技术问题,检测参与特定组织、行为或犯罪活动,1
技术问题,评估广告、教育和培训演示的有效性,1
技术问题,实时了解受试者的大脑区域训练状态,1
技术问题,便于受试者与专业人员之间的沟通,1
技术问题,检测图像中被目标占据的候选图像区域,1
技术问题,确定目标在图像中的存在,1
技术问题,用户不方便控制显示设备,1
技术问题,控制显示设备的精度水平低,1
技术问题,提供多维、准确且实时的多模态情绪分析,1
技术问题,提供视觉刺激以协助评价对象,1
技术问题,直观提示情绪状态,1
技术问题,实现情绪状态监测的功能,1
技术问题,跨受试者的脑电情绪识别性能提升,1
技术问题,脑电信号数据结构优化,1
技术问题,心理行为属性识别,1
技术问题,提高基于脑电信号的控制系统的准确度、响应速度和交互自然性,1
技术问题,提升情绪识别的精度,1
技术问题,跨被试泛化能力,1
技术问题,对非平稳eeg信号的适配性,1
技术问题,情感状态精准识别,1
技术问题,认知负荷评估,1
技术问题,即时情绪调节,1
技术问题,建立更健康的情绪管理模式,1
技术问题,提高心理韧性,1
技术问题,分类器性能增强,1
技术问题,获取媒体内容的后续部分,1
技术问题,基于用户心理状态修改媒体内容回放,1
技术问题,评估大脑的健康和功能,1
技术问题,操作不及时而影响人体听觉健康,1
技术问题,增加手机耗电量,1
技术问题,生成患者的反应性概况,1
技术问题,神经反馈非应答者的检测精准度不足,1
技术问题,检测认知能力水平,1
技术问题,确保测试的有效性,1
技术问题,刻画受试者不同周期的多动情况,1
技术问题,为持续注意的监测提供更全面详细的信息,1
技术问题,分析患者对不同候选治疗刺激的神经反应,1
技术问题,治疗意识障碍,1
技术问题,提高情绪分析及调节策略的精准度,1
技术问题,预测准确率低,1
技术问题,获得对脑的神经生理评估,1
技术问题,如何根据用户情绪推荐视频,1
技术问题,个体化神经调控,1
技术问题,个体神经活动的动态调节,1
技术问题,计划和/或提供神经调节,1
技术问题,确定良好匹配的触发特定治疗方案,1
技术问题,重新迭代拟合优度确定以进行进一步治疗,1
技术问题,评估对应于刺激的用户的认知负载,1
技术问题,压力状态调节,1
技术问题,个体化音乐反馈,1
技术问题,量化大脑输入输出映射关系,1
技术问题,进行线性状态空间脑模型辨识,1
技术问题,实现对大脑不同区域、不同深度的精准刺激,1
技术问题,提高神经调控的精确性和有效性,1
技术问题,产生相长干涉,1
技术问题,现有脑机智能协同系统缺乏闭环反馈环节,1
技术问题,系统自适应能力差,1
技术问题,数据稀缺,1
技术问题,重力感知功能检查,1
技术问题,基于虚拟/增强现实界面的地球重力感应功能测试,1
技术问题,增强学习者的共情能力,1
技术问题,准确识别学习者的情绪状态,1
技术问题,根据情绪状态动态调整智能体的对话内容,1
技术问题,确定受试者中是否发生神经事件,1
技术问题,记录脑电信号,1
技术问题,情绪检测,1
技术问题,多类别与多标签情绪识别,1
技术问题,使用脑电波数据实现与查询助手软件的引导交互,1
技术问题,准确定位多个eeg电极定位器相对于使用者头皮的位置,1
技术问题,插入电极定位器时制备使用者头皮,1
技术问题,人机识别,1
技术问题,改善心理状态,1
技术问题,影响用户的心理状态,1
技术问题,提取脑电信号有效信息,1
技术问题,提升生成图像细节保真度,1
技术问题,如何基于用户的脑电图数据和脑机接口设备显示的图像数据来控制脑机接口设备,1
技术问题,建立脑电信号与图像之间的映射关系,1
技术问题,实现从脑电到图像的跨模态转换,1
技术问题,脑机接口控制中学习成本高,1
技术问题,交互实时性低,1
技术问题,有效区分运动图像,1
技术问题,噪声鲁棒,1
技术问题,确定个体脑电mu-节律频率范围,1
技术问题,确定对象的注意力水平,1
技术问题,确定视频数据的质量等级,1
技术问题,诊断的结果保证所述的系统中的通用性,1
技术问题,不给观看者造成不适或扭曲嵌入图像,1
技术问题,诱导稳态视觉诱发电位(ssvep),1
技术问题,替代指纹的信息输入手段,1
技术问题,实时捕获脑电图(eeg),1
技术问题,高精度和稳定的识别率,1
技术问题,根据用户的偏好轻松操纵二维平面上的光标,1
技术问题,确定对象对视觉刺激的注意力水平,1
技术问题,可解释性差,1
技术问题,模型泛化能力不足,1
技术问题,托管对高分辨率脑电图数据的移动访问,1
技术问题,密集脑电图数据的移动访问,1
技术问题,从小的脑电图通道子集估计脑电活动源,1
技术问题,使用少量eeg通道获得与完整通道相当的空间分辨率,1
技术问题,癫痫发作预测准确率低,1
技术问题,时-空精度一致性差,1
技术问题,识别准确率低,1
技术问题,判断嫌疑人陈述是否虚假的准确性低,1
技术问题,在磁共振成像期间记录电生理信号并监测位置或运动,1
技术问题,将eeg数据与头部的解剖图像或功能图像相关联,1
技术问题,提高医疗服务水平,1
技术问题,从eeg通道的小子集估计脑电活动源,1
技术问题,反问题的三维、离散、分布、线性解,1
技术问题,立体视频不同视差位置字幕舒适度评价,1
技术问题,医疗服务水平,1
技术问题,时-空精度一致性、准确性不足,1
技术问题,不需进行模型的训练,1
技术问题,提高驾驶者疲劳状态检测方案的可行性,1
技术问题,监视驾驶员的瞬时反射动作,1
技术问题,确定驾驶员的注意力程度,1
技术问题,提高视频电信系统生产率,1
技术问题,驾驶员疲劳评估,1
技术问题,非侵入性评估,1
技术问题,瞌睡检测,1
技术问题,选择性采集脑电图数据,1
技术问题,无法与外界交流但大脑功能正常的卧床患者,1
技术问题,残障人士通信,1
技术问题,缓解创伤后应激障碍症状,1
技术问题,生成大脑皮层内电活动动态三维信息,1
技术问题,提供实用的近实时3d成像系统,1
技术问题,对从受试者的头皮表面测量的电信号进行定位,1
技术问题,生成在大脑皮层内发生的电活动的动态三维信息,1
技术问题,近实时3d成像系统,1
技术问题,脑电测量空间分辨率低,1
技术问题,信号传递困难,1
技术问题,传统脑电图测量装置精度不足,1
技术问题,视觉注意力测量,1
技术问题,观察脑岛皮层活动,1
技术问题,减少与mri磁体的孔内的eeg的记录相关联的磁性金属和射频产生设备的量,1
技术问题,将所有重要的射频产生设备移出mri室,1
技术问题,利用脑电图观察海岛皮质活动,1
技术问题,生成脑电图增强分辨率数据,1
技术问题,近实时定位从受试者头皮表面测量的电信号,1
技术问题,脑区域特征点确定,1
技术问题,现有技术限制,1
技术问题,脑-控制视频游戏几乎相同,1
技术问题,个人eeg被处理为一种新颖的或玩具,1
技术问题,沟通差距,1
技术问题,心理治疗或自我专注评估,1
技术问题,理解梦境和其他精神障碍,1
技术问题,驾驶员认知状态与视觉信息关联性难以分析,1
技术问题,自动驾驶车辆与驾驶员复杂交互不足,1
技术问题,无需用手即可控制hmd头戴设备的内容,1
技术问题,定位电测得的信号从对象者的头皮表面,1
技术问题,产生动态三-维信息的电活性的脑皮层内存在的脑,1
技术问题,"不需要对eeg数据进行人工特征提取和过于复杂的预处理就能够对eeg数据进行异常检测,并达到较好的检测效果",1
技术问题,运动噪声,1
技术问题,eeg信号质量差,1
技术问题,mri图像质量差,1
技术问题,常规电极在高磁场中使用受限,1
技术问题,安全、持续的移动,1
技术问题,控制精度和安全性,1
技术问题,免提控制,1
技术问题,拓展传统的应急救援指挥系统的指令集,1
技术问题,快速、高效、优化调度,1
技术问题,提供用户定制脑电波诱导内容,1
技术问题,运动噪声和其它伪影,1
技术问题,与传统电极相比更高的sar和温度升高,1
技术问题,eeg和fmri数据在空域和时域进行配准,1
技术问题,"融合eeg和fmri的特点,得到同时具有高的时间分辨率和高空间分辨率的图像",1
技术问题,对人的警觉性进行量化,1
技术问题,量化人的警觉性,1
技术问题,量化警觉性,1
技术问题,同步eeg-fmri的在线去伪迹,1
技术问题,去除梯度伪迹,1
技术问题,提高脑电信号信噪比,1
技术问题,避免大脑中的实质极化电流密度,1
技术问题,以非常低的电流产生非常微弱的电场,1
技术问题,抑制头部运动导致的信号漂移,1
技术问题,音素或音节难以听到,1
技术问题,助听器调整,1
技术问题,音素或音节听力困难,1
技术问题,多个音素或音节被确定为难听时识别按时间顺序在前的音素或音节,1
技术问题,确定用于治疗的刺激频率参数,1
技术问题,"采集脑信号的可靠性,准确性",1
技术问题,电极需要刺痛头皮角质层,1
技术问题,"采集脑电信号时,需要导电膏或导电液",1
技术问题,"电极柔软,舒适性差",1
技术问题,增加干电极的导电性,1
技术问题,增大电极与头皮接触的面积小,1
技术问题,实时调节干电极与待检测者的头皮之间的接触电阻,1
技术问题,自动调整脑电信号的强弱,1
技术问题,降低工艺复杂度,1
技术问题,减少电联接件-电极本体接触阻抗,1
技术问题,抑制运动伪迹,1
技术问题,操作简单方便,1
技术问题,阻抗低,1
技术问题,长期稳定可靠,1
技术问题,柔性,1
技术问题,穿戴舒适安全,1
技术问题,成本低,1
技术问题,加工工艺简单,1
技术问题,无创性探测人脑皮层神经电信号,1
技术问题,高灵敏度,1
技术问题,抗干扰能力,1
技术问题,用户无法方便地控制显示设备,1
技术问题,确定受试者是关注还是忽略了感觉刺激,1
技术问题,建立具有神经状况的患者的临床诊断和监测,1
技术问题,诊断受试者的认知功能,1
技术问题,评估对刺激的情感响应,1
技术问题,将情绪响应与脑成像数据相关联,1
技术问题,识别对刺激的情绪响应,1
技术问题,使人能够执行功能,1
技术问题,传达执行功能的愿望,1
技术问题,"脑电极可以穿越头发,降低头发对界面阻抗和界面稳定性的干扰,提高信噪比",1
技术问题,常规脑电干电极接触电阻大,1
技术问题,易受环境干扰,1
技术问题,采集到高质量的脑电信号,1
技术问题,信号采集质量,1
技术问题,电极阻抗密度,1
技术问题,接触表面积,1
技术问题,提高检测的舒适度,1
技术问题,保证脑电图检测结果准确性,1
技术问题,提高使用者的舒适度,1
技术问题,改进处理时间,1
技术问题,适应患者头部弯曲表面,1
技术问题,改变颅外电极相对位置,1
技术问题,朝向和/或远离eeg测量区域移动,1
技术问题,工艺复杂,1
技术问题,成品率低,1
技术问题,电极排列不可改变,1
技术问题,机械强度低,1
技术问题,阻抗大,1
技术问题,柔性衬底图形化质量低,1
技术问题,生物相容性差,1
技术问题,电极固定困难,1
技术问题,屏蔽不佳,1
技术问题,保持干燥的电极,1
技术问题,无需借助导电膏等粘性材料,1
技术问题,无需专业人士,1
技术问题,制作简单、成本低,1
技术问题,有效防止运动导致的接触阻抗变化,1
技术问题,产生感觉刺激,1
技术问题,评估损伤、疾病或化合物效应,1
技术问题,痴呆症的早期检测,1
技术问题,脑损伤状态检测,1
技术问题,验证不同的媒体立面图像刺激如何影响人类的情感反应,1
技术问题,用定量数据验证媒体立面图像刺激对人类情感反应的影响,1
技术问题,增强现实环境中脑机接口的异步交互需求,1
技术问题,传统脑机接口在增强现实环境中的可用性不足,1
技术问题,诊断和治疗神经及心理障碍,1
技术问题,辅助神经疾病诊断,1
技术问题,从干脑电图电极获得信号,1
技术问题,eeg电极与皮肤接触不良,1
技术问题,评估淋巴血流和神经变性,1
技术问题,无创性评估,1
技术问题,监测学习表现,1
技术问题,用户对内容的学习低于定义学习表现水平,1
技术问题,连续携带监测脑电图,1
技术问题,对糖质流动和神经变性进行非侵入性评估,1
技术问题,检测对视觉刺激的认知能力水平,1
技术问题,如何根据用户的生物反馈实时调节感官刺激以优化治疗效果,1
技术问题,运动伪影校正,1
技术问题,在2.0ghz以下操作的能力,1
技术问题,手动和自动rf扫描,1
技术问题,无噪声便携式脑电图系统,1
技术问题,无噪声,1
技术问题,确定希望选择一个项目在该操作菜单,1
技术问题,执行一操作该装置的对应到该项目,1
技术问题,电极数量及密度非常高,1
技术问题,无创地获得清晰的脑电信号,1
技术问题,检测时间长,1
技术问题,应用场景受限,1
技术问题,识别大脑活动,1
技术问题,识别特定的精神状态,1
技术问题,确定最佳的脑刺激以诱导期望的特性,1
技术问题,湿电极使用不便,1
技术问题,干电极稳定性差,1
技术问题,高密度电极导电膏输出不均,1
技术问题,直观实时显示脑电活动能量,1
技术问题,直观实时显示脑电活动功能,1
技术问题,实时警觉水平监测,1
技术问题,减少混乱,1
技术问题,提高用户便利性,1
技术问题,可重复使用,1
技术问题,抗菌性,1
技术问题,无有机溶剂的绿色化学方法,1
技术问题,测量额头系统的安全性,1
技术问题,湿电极使用时间较短,1
技术问题,仅能单方面采集eeg信号,1
技术问题,确定与刺激材料对应的神经反馈显著性,1
技术问题,移除媒体流中低神经反馈显著性的部分,1
技术问题,估计人的刺激之后的大脑活动响应,1
技术问题,提高神经信号与引起这些信号的对象之间关联的确定性,1
技术问题,确定用户是否在设备前面,1
技术问题,确定用户的注意力是否在设备上,1
技术问题,定制显示系统控制器,1
技术问题,调整显示系统中控制器的功能,1
技术问题,解决用户的压力,1
技术问题,改善用户的平静,1
技术问题,联合采集与分析脑电和功能磁共振信号,1
技术问题,刺激相关基本数据与响应数据链接和/或转换的需求,1
技术问题,检测指示特定身体状况或未来行为的信息,1
技术问题,做出关于受试者或其相关组织的决策,1
技术问题,测量用户对所观看对象的神经响应,1
技术问题,控制方法和感官测试方法基于脑电稳定状态响应,1
技术问题,确定是否发生和维持脑同步,1
技术问题,确定脑同步是否发生和持续,1
技术问题,注意力集中在视觉刺激上时相关性变强,1
技术问题,对视觉刺激的神经反应与调制相关,1
技术问题,噪声干扰,1
技术问题,定量评估精神状态,1
技术问题,"确定要呈现给用户的视频内区域的大小,使得该区域的对角视角在大于2度且小于14度的范围内",1
技术问题,评估用户对应刺激的认知负荷,1
技术问题,情绪识别准确性不足,1
技术问题,训练数据更新不及时,1
技术问题,神经认知功能训练,1
技术问题,刺激干预,1
技术问题,向至少一名患者提供神经反馈,1
技术问题,评估和监视对象对任务执行要求的顺应性,1
技术问题,脑机接口的自适应训练,1
技术问题,诊断精神或情绪障碍,1
技术问题,识别导致患者个体损伤的具体结构,1
技术问题,监测自主神经健康,1
技术问题,诊断神经障碍,1
技术问题,检测和提高诊断能力,1
技术问题,确定用户的精神注意力水平,1
技术问题,确定至少一只眼睛所指向的视野内的方向,1
技术问题,生成所捕获图像的子集,1
技术问题,监视、刺激和诱导由人的大脑生成的电活动,1
技术问题,在压力、焦虑、疲劳、情绪、创造力以及精神集中和敏度方面协助用户,1
技术问题,诊断精神病学和神经系统疾病,1
技术问题,促进获得媒体内容的后续部分,1
技术问题,确定使用第一预测的期望视口或第二预测的期望视口以便于获得媒体内容的后续部分,1
技术问题,确定观看者是否观看了广告,1
技术问题,提取用户动作意图,1
技术问题,在连续异步交互环境中提取用户意图,1
技术问题,评估脊髓损伤使用者大脑功能,1
技术问题,如何基于图像观察用户的脑电波信号生成图像评估信息,1
技术问题,如何获取与用户对所呈现图像的关注区域和兴趣程度等相关的分析信息,1
技术问题,处理和管理高容量复杂数据,1
技术问题,验证基于神经生理学的控制系统可操作性,1
技术问题,确定基于神经生理学的控制系统是否正常运行,1
技术问题,脑电波信号处理,1
技术问题,定位脑活动,1
技术问题,低延迟、短决策窗口下的高识别准确率,1
技术问题,检测结果准确率低,1
技术问题,可用性和稳定性差,1
技术问题,多模态数据同步采集精度低,1
技术问题,实验可重复性差,1
技术问题,数据可比性差,1
技术问题,从神经信号中去除伪影,1
技术问题,操作简便,1
技术问题,准确性好,1
技术问题,降低医务工作者的工作难度,1
技术问题,及时的数据传输,1
技术问题,远程检测,1
技术问题,远程判断,1
技术问题,测量不混合振动噪声,1
技术问题,用户处于移动状态,1
技术问题,能够容易地佩戴,1
技术问题,"在用电极记录生物电位的基础上,利用脑电图法分析脑的功能活动",1
技术问题,降低时间和算力成本,1
技术问题,确保注意力检测结果的具有较高的时效性,1
技术问题,在线注意力检测,1
技术问题,注意力检测,1
技术问题,提高模拟前端中的阻抗,1
技术问题,eeg和fnirs无法同步采集脑电和脑血含氧量信息,1
技术问题,脑电和脑血含氧量的采集效率低,1
技术问题,提高用户在虚拟消费场景中的体验感和满意度,1
技术问题,获取用户在虚拟消费场景中的真实意图,1
技术问题,测量和跟踪观众对刺激材料的反应,1
技术问题,干式eeg电极未被按压时探针与保护突起的高度关系,1
技术问题,按压时探针与保护突起齐平,1
技术问题,习惯分析,1
技术问题,磨损轮廓确定,1
技术问题,验证刺激是否引起精神反应,1
技术问题,预测刺激对随后行为的影响,1
技术问题,识别用于包含刺激材料和个性化刺激材料的神经显著位置,1
技术问题,测量和跟踪听众响应,1
技术问题,将eeg信号与物理事件和行为事件同步,1
技术问题,允许任何数字eeg设备转变为可记录诱发电位的设备,1
技术问题,如何基于任务信息和eeg数据确定fmri数据采集的子集时段,1
技术问题,区分脑电图信号,1
技术问题,识别当前刺激信号,1
技术问题,使任何数字设备记录的脑电图与物理事件和行为事件的同步,1
技术问题,实现eeg信号调解使诱发电位或事件相关电位可视化,1
技术问题,评估动机注意力,1
技术问题,评估主动注意力,1
技术问题,使eeg信号调解,1
技术问题,将任何数字eeg设备转换成能够记录诱发电位的设备,1
技术问题,分析用户对刺激的反应,1
技术问题,不提供不良感到一个对象,1
技术问题,"不是需要的劳动,当测量脑波",1
技术问题,"穿越头发,降低头发对界面阻抗和界面稳定性的干扰,提高信噪比",1
技术问题,刺激与eeg数据同步,1
技术问题,与刺激有关的定时误差,1
技术问题,收集购买后神经反应数据,1
技术问题,评估购买后的产品、服务、产品和经验,1
技术问题,监测用户的状态,1
技术问题,操纵生物反馈数据,1
技术问题,修改模拟环境,1
技术问题,人员状态调节训练,1
技术问题,用户状态波动,1
技术问题,早期修改产品或通信,1
技术问题,如何使用户从与虚拟环境的交互中获得感知反馈,1
技术问题,调节人类受试者的认知状态或生理活动,1
技术问题,提供暴露疗法或其它形式的指导心理治疗,1
技术问题,生成或训练生理响应模型,1
技术问题,确保虚拟环境与用户物理环境之间的高一致性,1
技术问题,提升用户的沉浸感与真实性体验,1
技术问题,增强现实中的虚拟对象操纵,1
技术问题,确定用户状态包括大脑状态,1
技术问题,如何通过操纵大脑中的电活动来修改模拟环境,1
技术问题,神经沉浸和神经集中训练,1
技术问题,调整用户兴奋程度,1
技术问题,检测受试者中的脑电响应,1
技术问题,更广泛的功能能力和改进的性能,1
技术问题,作为研究个人或一组个人对所获得的视觉或其它信息的情绪反应的手段,1
技术问题,测试是否以合格分数通过,1
技术问题,受试者是否为了通过测试而基于正常精神努力超过标准,1
技术问题,检测神经障碍,1
技术问题,训练过程需要用户过多干预,1
技术问题,训练方式不够简单、科学,1
技术问题,获取与fmri数据采集相关联的动作,1
技术问题,分析和监测神经认知测试期间诱发的脑电图电活动,1
技术问题,监测心理表现、认知功能、压力、焦虑、疲劳、情绪、行为表现以及精神专注度和敏锐度,1
技术问题,收集eeg数据、ppg数据和imu数据,1
技术问题,隔离每个通道的脑波分量,1
技术问题,脑波诱导准确性低,1
技术问题,测量眼睛和大脑的生物电功能,1
技术问题,更准确地测量用户的当前状态,1
技术问题,提供个性化服务,1
技术问题,提高对内容的专注度,1
技术问题,传输与触觉效果相关联的触觉信号,1
技术问题,快速解码脑活动,1
技术问题,为特定用户定制虚拟对象,1
技术问题,用户体验虚拟环境中对象的属性,1
技术问题,干电极与头骨凸出或凹陷位置接触不良,1
技术问题,输入阻抗大,1
技术问题,脑电信号质量低,1
技术问题,干电极有效长度无法调节,1
技术问题,干电极与头皮的充分接触,1
技术问题,减小输入阻抗,1
技术问题,提高采集到的脑电信号的质量,1
技术问题,使探针贴合不同形状和尺寸的头骨,1
技术问题,确定产品偏好和/或产品推荐,1
技术问题,评估娱乐材料、视觉对象、品牌和广告、商业传播、个人呈现信息时的反应或寻求公职的个人反应的心理影响,1
技术问题,在产品或传播的开发阶段实现早期修改,1
技术问题,表面特征或穿透器尺寸和形状不会弯曲或断裂,1
技术问题,集成和同步多个信号,1
技术问题,记录和/或显示同步信号,1
技术问题,产品配方定制缺乏客观评估,1
技术问题,需要非侵入式评估产品配置,1
技术问题,精确定位和施加一次性eeg电极,1
技术问题,无需技术帮助,1
技术问题,非侵入式产品定制,1
技术问题,生成高度个性化的图像内容,1
技术问题,不需要来自用户的交互来定义情感影响,1
技术问题,评估阿尔茨海默病的进展,1
技术问题,确定呈现测试听觉或视觉刺激的人类受试者主观心理状态,1
技术问题,监测和分析脑波,1
技术问题,识别特定神经活动事件的发生,1
技术问题,erp反应速度比正常人慢,1
技术问题,脑部疾病、痴呆和抑郁症患者的erp反应速度比正常人慢,1
技术问题,提供稳定的生物信号采集,1
技术问题,确保电极与对象接触的可靠性,1
技术问题,可靠地将神经信号关联到用户的出席引起该神经信号的对象,1
技术问题,提高神经信号与诱发那些信号的对象的关联的确定性,1
技术问题,将神经信号与对象可靠地相关联,1
技术问题,提高神经信号和引起它们的对象之间的关联的确定性,1
技术问题,使用非侵入性脑刺激的脑治疗,1
技术问题,诊断和定位脑功能障碍的潜在知觉、概念和情绪的起源,1
技术问题,获取实时脑电图响应,1
技术问题,将脑电图响应转换为当前心理状态的有意义指标,1
技术问题,以能够提高活动表现的形式呈现指标,1
技术问题,改变用于在用户界面上显示内容的模板,1
技术问题,实时确定操作者注意力集中程度,1
技术问题,向用户呈现3-d虚拟环境,1
技术问题,用户与虚拟环境中的虚拟对象进行交互的非视觉感觉反馈,1
技术问题,保持用户具有最佳学习区,1
技术问题,确定直接神经接口信号,1
技术问题,eeg电极与头皮接触不良,1
技术问题,帽的尺寸不适应不同用户头部,1
技术问题,无法精准定位eeg电极位置,1
技术问题,提取用户行为意图,1
技术问题,确定异步交互环境内的动作是否是用户所期望的,1
技术问题,精准自适应干预,1
技术问题,用户在虚拟现实场景中因强光刺激、精神过度紧张而产生光敏性癫痫、心脑血管疾病,1
技术问题,"虚拟现实系统被动接受用户指令,无法根据用户状态及时反馈",1
技术问题,检测用户实时脑电图反应,1
技术问题,高效无线数据传输,1
技术问题,如何适配vr/ar训练以保持用户最佳学习区,1
技术问题,检测与神经系统相关联的电信号,1
技术问题,在简单地查看显示对象和有意地选择该显示对象之间进行确定,1
技术问题,不需要用户交互来定义其情感影响,1
技术问题,脑波活动增强不足,1
技术问题,如何基于产品引发的脑状态测量评估产品配方,1
技术问题,如何非侵入性地定制产品配方,1
技术问题,限制施加深度,1
技术问题,在正常施加期间锚定电极或其他装置,1
技术问题,收集与受试者状况和脑电活动相关的信息,1
技术问题,无需在准备受试者皮肤和电极本身时进行大量步骤即可使用,1
技术问题,最小化接触阻抗,1
技术问题,检查参考电极与信号电极之间的接触状态,1
技术问题,检查未接触的部分,1
技术问题,估计用户的认知状态,1
技术问题,根据用户的认知状态在虚拟环境中生成内容,1
技术问题,改善脑波模式的检测,1
技术问题,简化信号处理和分析,1
技术问题,减少导联数,1
技术问题,降低设备复杂度,1
技术问题,测量脑电波时电极与头皮接触的稳定性,1
技术问题,电解质溶液填充,1
技术问题,离子电流传输,1
技术问题,测量脑电信号,1
技术问题,测量皮肤电极阻抗,1
技术问题,生成eeg信号,1
技术问题,放大eeg信号,1
技术问题,数字化eeg信号,1
技术问题,可检索地存储eeg信号,1
技术问题,解码和重建主观感知或认知体验,1
技术问题,"头部覆盖物配合在头部上并与头部相符,其中头部是任何形状和尺寸",1
技术问题,湿电极和干电极之间的缺陷,1
技术问题,局部皮肤水合作用,1
技术问题,电极体积减小,1
技术问题,确定脑活动,1
技术问题,估计大脑的兴奋与抑制活动之间的比率,1
技术问题,提高神经反馈训练依从性,1
技术问题,入耳式脑电图设备需要采集脑电图数据并生成输出数据,1
技术问题,评估大脑活动,1
技术问题,收集与受试者状况和大脑电活动相关的信息,1
技术问题,刺激慢脑波,1
技术问题,高效的数据无线传输,1
技术问题,实时将eeg信号转换为当前心理状态的有意义指标,1
技术问题,语音想象监测,1
技术问题,刺激干扰,1
技术问题,神经振荡调节,1
技术问题,消除压力,1
技术问题,疲劳,1
技术问题,情绪,1
技术问题,精神集中和敏锐度,1
技术问题,"监测,刺激和夹带由人的大脑产生的电活动",1
技术问题,"帮助使用者产生压力,焦虑,疲劳,情绪,创造性以及精神集中和灵敏性",1
技术问题,实时监测电极/组织界面的状况,1
技术问题,增强对捕获的eeg信号的解释,1
技术问题,助听器需要自装配能力,1
技术问题,测量脑活动,1
技术问题,向用户提供刺激并检测用户对刺激的响应,1
技术问题,控制助听装置的设置或一组设置,1
技术问题,诱导可控的心理和生理应答,1
技术问题,增强特异性或期望正在进行的eeg活性,1
技术问题,控制助听装置设置,1
技术问题,基于生物信号控制助听装置,1
技术问题,测量在定时周期上向对象呈现一系列图像产生的脑电(eeg)信号或erg信号,1
技术问题,改善治疗效果,1
技术问题,使eeg输出的回放与辅助输出同步,1
技术问题,传输延迟,1
技术问题,分析长期生理多导记录,1
技术问题,分类和检测生理功能,1
技术问题,提高识别率,1
技术问题,增加实用性,1
技术问题,脑部评估,1
技术问题,探测和放大脑电波,1
技术问题,评估通过脑干和丘脑的传输,1
技术问题,监测预警受试飞行作业人员执行控制能力状态,1
技术问题,实现疼痛通路的神经调控治疗,1
技术问题,帮助用户进行训练康复,1
技术问题,对人体不适部位的恢复产生积极的影响,1
技术问题,控制虚拟现实图像与运动模拟器的同步,1
技术问题,如何对用户的精神心理进行综合评估,1
技术问题,如何诱发使用者特定的情绪波动,1
技术问题,如何分析使用者观看虚拟现实内容的反馈效果,1
技术问题,如何基于用户的脑电波或语音信号控制虚拟现实图像和运动模拟器同步操作,1
技术问题,诱发使用者特定的情绪波动,1
技术问题,分析得到使用者观看虚拟现实内容的反馈效果,1
技术问题,对使用者的精神心理进行综合评估,1
技术问题,实现脑-机接口信息交互技术与虚拟现实交互环境相结合,1
技术问题,带来一种全新的人机交互方式,1
技术问题,驱动虚拟现实器官,1
技术问题,通过运动想象训练简单地训练器官,1
技术问题,提高器官性能,1
技术问题,社交恐惧症治疗安全性高,1
技术问题,社交恐惧症治疗可控性强,1
技术问题,社交恐惧症治疗时间短,1
技术问题,老年人注意力分散问题,1
技术问题,孤独感和焦虑,1
技术问题,允许第一用户在增强或虚拟现实环境中与第二用户交互,1
技术问题,确定菜单的最佳显示位置、缩放和/或位置,1
技术问题,脑电图测量装置佩戴不便,1
技术问题,脑电图测量装置与虚拟现实设备结合使用时佩戴不稳定,1
技术问题,有效利用可用带宽提供目标图像数据,1
技术问题,缓解抑郁和失眠,1
技术问题,用户观看虚拟现实设备时产生眩晕状态,1
技术问题,降低晕动症的可能性,1
技术问题,实用性不强,1
技术问题,及时且高效地利用可用带宽提供目标图像数据,1
技术问题,用户观看虚拟现实设备显示画面过程中易产生眩晕,1
技术问题,晕动症的可能性,1
技术问题,眩晕状态无法及时调节,1
技术问题,更全面、客观地评估虚拟现实视频效果,1
技术问题,培训人员状态监测,1
技术问题,提升培训效果,1
技术问题,培训交互性差,1
技术问题,培训效果不佳,1
技术问题,现有技术效率不高且检测精度低,1
技术问题,难以有效检测出在虚拟现实环境下用户脑负荷程度,1
技术问题,虚拟现实头盔功能性较为单一,1
技术问题,与佩戴者之间的交互方式较少,1
技术问题,并不能满足用户的体验,1
技术问题,改善用户操作虚拟现实游戏的灵活性和精确度,1
技术问题,提高虚拟现实游戏的用户体验,1
技术问题,扩展bci的应用范围,1
技术问题,情绪识别泛化能力不足,1
技术问题,确定用户的命令,1
技术问题,检查用户的意图,1
技术问题,实时提供反馈,1
技术问题,手功能康复训练效果不佳,1
技术问题,用于虚拟现实交互的界面材料,1
技术问题,制备方法简单且成本效益高,1
技术问题,大规模生产,1
技术问题,将生物电信号采集模块加入到传统的虚拟现实设备中,1
技术问题,在虚拟现实设备上实现多种方式的人机交互功能,1
技术问题,革新传统vr系统输入方式,1
技术问题,改变与虚拟环境互相影响的方式,1
技术问题,足不出户实现虚拟超市购物体验,1
技术问题,学习成本小且高效率,1
技术问题,识别用户的情绪变化,1
技术问题,根据用户生物信息提取待输出的虚拟现实内容,1
技术问题,设置所提取的每个虚拟现实内容的输出顺序、次数和频率,1
技术问题,实现使用者和虚拟场景之间的实时交互,1
技术问题,交互方式具有速度快、易操作的特性,1
技术问题,方便移植到不同的应用场景中,1
技术问题,幻肢功能区域识别,1
技术问题,幻肢运动模式选择,1
技术问题,"现有脑电波测量精度的方法电脑电图发送它,要克服了测量装置不由一个主壳体(2),[e[e]的数量下难以进行正确数量的429侧的虚拟现实仿真信号转导",1
技术问题,"现有技术中仅一种视觉虚拟环境建立的档位显示,在远离用户的兴趣和关注",1
技术问题,缺失肢体的运动模式选择,1
技术问题,虚拟现实交互,1
技术问题,基于运动想象和p300相结合的脑机接口控制虚拟现实的数据采集,1
技术问题,有线脑电采集装置不方便、不快速、浪费时间,1
技术问题,用户压力评测,1
技术问题,减压,1
技术问题,提高虚拟现实游戏的操作性,1
技术问题,拓展脑机接口的应用范围,1
技术问题,确定用户所交互的目标对象,1
技术问题,确定用户对目标对象的控制意图,1
技术问题,注意力训练,1
技术问题,提高用户专注度,1
技术问题,控制虚拟现实内容,1
技术问题,为精神障碍用户提供更真实的虚拟环境进行康复训练,1
技术问题,"根据用户的反应调整情境,提高训练效果",1
技术问题,诊断用户,1
技术问题,调整任务的难度,1
技术问题,控制虚拟现实游戏内容的改变,1
技术问题,提醒专注度较低的用户进行休息,1
技术问题,使得用户可以健康地进行游戏,1
技术问题,诱导分析出的脑波,1
技术问题,虚拟现实晕动症,1
技术问题,用户中断虚拟现实任务,1
技术问题,虚拟现实任务持续时长短,1
技术问题,更准确地测量用户的当前状态并提供相应内容,1
技术问题,提高对内容的沉浸度,1
技术问题,幻肢痛,1
技术问题,认知功能预防训练和康复治疗,1
技术问题,缓解虚拟现实设备用户疲劳,1
技术问题,实现符合正常思维行动控制过程和接近实际交互应用,1
技术问题,提出一种虚拟现实技术方案,1
技术问题,缺失肢体幻肢运动模式选择,1
技术问题,识别幻肢功能性区域,1
技术问题,识别用户的位置,1
技术问题,呈现位置感知刺激材料,1
技术问题,确定营销的有效性和娱乐刺激,1
技术问题,受头发干扰最小,1
技术问题,评估用户的认知负担,1
技术问题,注意力提高的情况检测,1
技术问题,确定营销和娱乐刺激阈值,1
技术问题,分析营销和娱乐效果,1
技术问题,不需要关于刺激更新模式的先验知识,1
技术问题,高效且有效的机制,1
技术问题,允许神经响应数据收集用于原位接合监测和跟踪,1
技术问题,检测/分类感觉诱发电位,1
技术问题,无需先验信息,1
技术问题,无需关于刺激的更新模式的先验信息,1
技术问题,无需关于个别用户的eeg模式的先验知识,1
技术问题,收集和分析消费者和企业情绪,1
技术问题,经济预测和建模,1
技术问题,确定特定事件对情绪的影响,1
技术问题,确定与在至少一个第一子集时间段内获取fmri数据相关联的动作,1
技术问题,训练机器学习模型以执行感知或认知任务,1
技术问题,缺乏新的监督范式,1
技术问题,如何利用eeg数据确定fmri数据采集的子集时间段,1
技术问题,检测慢振荡的存在,1
技术问题,触发刺激脉冲的生成,1
技术问题,确定使用哪个预测期望视口以便于获得媒体内容的后续部分,1
技术问题,解码单个受试者的脑成像数据,1
技术问题,使用来自其他受试者的附加成像数据,1
技术问题,提升脑电检测的效率,1
技术问题,失神癫痫发作的实时精准监测,1
技术问题,无创闭环干预,1
技术问题,如何提高听性脑干反应波形数据的准确性,1
技术问题,情绪识别精确度低,1
技术问题,情绪波动引发运动协调障碍,1
技术问题,将请求的刺激数据转换为修改后的刺激,1
技术问题,对视觉刺激解码,1
技术问题,从多个设备收集心理状态数据,1
技术问题,分析用户的心理状态,1
技术问题,无电解质的凝胶或溶液,1
技术问题,连接导线,1
技术问题,远程电极选择,1
技术问题,无线连接,1
技术问题,用户方便和eeg精确度,1
技术问题,可定制配合,1
技术问题,可重复的电极到头皮的接触,1
技术问题,最小环境eeg活动作为刺激频率,1
技术问题,靶向影响偏倚注意力,1
技术问题,采集功能性磁共振图像数据,1
技术问题,集成eeg功能的磁共振图像数据采集,1
技术问题,产生时间精度极高的刺激声音信号,1
技术问题,诱发高幅度的脑电信号,1
技术问题,提高脑电信号的时间精度和频率响应,1
技术问题,使脑电信号的检测速度更快,1
技术问题,监测eeg数据,1
技术问题,在脑和数据处理器之间提供接口,1
技术问题,测量由向受试者呈现一系列定时循环图像的设备产生的脑电图(eeg)信号或视网膜电图(erg)信号,1
技术问题,提供基于眼睛跟踪和位置信息提供装置服务,1
技术问题,传送关于一种表现出到所述的含义,1
技术问题,保护神经计算机接口系统中的机密信息,1
技术问题,评估和/或诊断受试者的神经行为障碍,1
技术问题,增强目标认知域,1
技术问题,警觉性,1
技术问题,语言流畅性,1
技术问题,嗜睡,1
技术问题,脑-计算机接口,1
技术问题,间歇采集之间的数据缺失,1
技术问题,精神状态数据的零星收集,1
技术问题,脑电波信号与字符的对应判断,1
技术问题,字符信号与事件的匹配,1
技术问题,检测和分析学习者的认知流,1
技术问题,评估认知困难者的状态,1
技术问题,认知障碍预测,1
技术问题,监测工作场所和教育环境中的认知负荷和压力,1
技术问题,提高检测准确性,1
技术问题,确保稳健的压力分类,1
技术问题,封闭孤立环境下多人协作训练效果评估困难,1
技术问题,将神经电测量与诊断内容呈现同步,1
技术问题,定量评估视听、视觉或听觉广告的有效性,1
技术问题,确定对象对视觉刺激的注意水平,1
技术问题,为设计广告呈现提供客观信息,1
技术问题,定量评估视听、视觉或音频广告的有效性,1
技术问题,呈现具有不同纹理的表面以供触摸,1
技术问题,识别刺激并向外部设备发送同步信号,1
技术问题,识别用户的情绪状态,1
技术问题,推荐用户感兴趣的商品,1
技术问题,"定量评估视听,视觉或音频广告的有效性",1
技术问题,建模脑区与局部视觉子特征对应关系,1
技术问题,获取分层细粒度视觉表征,1
技术问题,提升训练稳定性与跨被试泛化能力,1
技术问题,缺乏神经科学可解释性,1
技术问题,为飞行员制定个性化评估,1
技术问题,构建完整的情绪数据,1
技术问题,探索微表情与生理数据间的潜在关联性,1
技术问题,训练刺激对个体认知状态的精准适配,1
技术问题,提升从业者高负荷情境下的操作稳定性,1
技术问题,训练效果向实际高负荷工作场景迁移,1
技术问题,增强训练对核心工作能力的提升价值,1
技术问题,实现工作记忆任务的全脑/前额头皮脑电图与前额功能性近红外光谱同步采集,1
技术问题,控制辅助机器人系统,1
技术问题,确定所关注的目标是否满足预定义的置信度和验证标准,1
技术问题,超声靶向和剂量引导,1
技术问题,超声靶向和剂量指导,1
技术问题,缓解驾驶疲劳,1
技术问题,提高驾驶安全性,1
技术问题,eeg信号解码,1
技术问题,改善伤口愈合卡性能,1
技术问题,接收信息以提取物的特性一致或分类图案,1
技术问题,判断输出语音的烦恼程度,1
技术问题,检测数据信号之间的同步丢失或偏差,1
技术问题,对大脑、心脏或其他疾病发出预警,1
技术问题,确定驾驶员的注意量,1
技术问题,确定驾驶注意力程度,1
技术问题,事件相关电位变异性强,1
技术问题,事件相关电位特征微弱,1
技术问题,提升快速序列视觉呈现脑机接口系统的分类性能,1
技术问题,评估用户是否已经清楚地听懂了所呈现的语音,1
技术问题,确定驾驶注意量,1
技术问题,评估用户是否清晰听觉理解所呈现的语音,1
技术问题,语音清晰度评估,1
技术问题,快速序列视觉呈现脑电图信号分类准确率低,1
技术问题,使用用户的脑波信号启动脑波接口,1
技术问题,预测焦虑症状,1
技术问题,从神经电数据预测焦虑,1
技术问题,图片分类搜索效率低,1
技术问题,助听器顺应性试验未评价语音声音的听觉舒适,1
技术问题,听力艾滋病选择情况下助听器加工具有高语音清楚起见但引起听力疲劳,1
技术问题,使用者负担,1
技术问题,在没有电解质凝胶或溶液和/或连接线的情况下使用eeg系统,1
技术问题,确定患者将经历某种类型的抑郁症的可能性,1
技术问题,用户需要繁琐的回答输入,1
技术问题,无法确定听不清晰的原因,1
技术问题,评估语音可辨别性,1
技术问题,取消呈现的运行内容,1
技术问题,缩短输入构成用户想要的句子的词时输入所需的时间,1
技术问题,判断用户的烦恼度,1
技术问题,调制用户的心理状态,1
技术问题,促进用户的认知状态,1
技术问题,鲁棒性差,1
技术问题,校准要求高,1
技术问题,无法随时间适应个体用户,1
技术问题,诱导脑电波同步,1
技术问题,调整治疗递送需要外部编程器,1
技术问题,患者需要与设备交互,1
技术问题,患者通过大脑内生物信号检测到的意志输入来控制治疗的递送,1
技术问题,意志输入可能不需要与其他设备交互,1
技术问题,检测心理健康和困扰,1
技术问题,自动检测和识别脑电信号,1
技术问题,定期实时监测covid-19大流行期间压力水平和精神障碍,1
技术问题,晕动症预测,1
技术问题,提高乘车舒适性,1
技术问题,降低晕车风险,1
技术问题,减少域间差异,1
技术问题,提升全局模型的泛化能力,1
技术问题,调整治疗递送,1
技术问题,调整治疗递送需要与外部设备交互,1
技术问题,同步指数的前两个差值较大时,1
技术问题,差值较小时,1
技术问题,消除对外部编程器来调整治疗递送的需求,1
技术问题,同步捕获信号的数字化,1
技术问题,需要调整治疗递送,1
技术问题,基于脑电(eeg)数据提供经颅磁刺激(tms)的方法,1
技术问题,患者通过大脑内的生物信号检测到的意志输入来控制治疗的递送,1
技术问题,便携式脑卒中康复训练,1
技术问题,去除核磁伪迹,1
技术问题,提高采集信号的信噪比,1
技术问题,去除伪迹的同时保留有效的脑电信号,1
技术问题,传统共同空间模式分类精确性与鲁棒性不足,1
技术问题,使捕获信号的数字化同步,1
技术问题,去除与运动的非相关数据,1
技术问题,缩小数据规模,1
技术问题,多市场程序和商业响应监控,1
技术问题,"如何构建一个一体化的康复系统,能够直接从神经控制源头出发,为脊柱侧弯患者提供一种兼具生物力学精准性、实时交互性和个体适应性的神经肌肉功能重塑方法",1
技术问题,客观测量激励和情绪脑电路响应,1
技术问题,不依赖受试者参与或随意描述,1
技术问题,改善神经信号与引起这些信号的对象的关联的确定性,1
技术问题,从表面接收电信号,1
技术问题,检测电活动,1
技术问题,显著非稳态脑响应的检测,1
技术问题,电极定位固定困难,1
技术问题,电极与头皮接触不良,1
技术问题,脑电电极与头皮间距离不可调,1
技术问题,佩戴调整时间长,1
技术问题,用户舒适度低,1
技术问题,注意力集中在视觉刺激上时相关性更强,1
技术问题,干式电极用于感测生物信号,1
技术问题,评估用户大脑健康,1
技术问题,改进对具有不同解剖形状的颅穹窿和头皮外表面的动物的脑电图(eeg)进行非侵入性记录的方法,1
技术问题,信号分类准确性低,1
技术问题,激活脑机接口的命令,1
技术问题,向目标情感偏向注意提供神经反馈,1
技术问题,生成图像评估信息,1
技术问题,获取用户对呈现的图像的感兴趣程度或感兴趣区域,1
技术问题,诊断受试者自闭症和/或自闭症谱系障碍(asd),1
技术问题,探索人对外部刺激的响应,1
技术问题,体验质量评价结果真实性可靠性不足,1
技术问题,个性化场景化测评不精准,1
技术问题,"无法基于单个平台同时实现刺激呈现,多设备数据同步以及评价信息收集",1
技术问题,提升模拟精度和实时性,1
技术问题,优化数据处理流程,1
技术问题,提高模拟的效率和可解释性,1
技术问题,不偏离主观评价结果的评价数据获取,1
技术问题,深度个性化,1
技术问题,基于情境的脑电波信息生成,1
技术问题,记录脑电图,1
技术问题,不引入不想要的污染的功能性磁共振成像数据,1
技术问题,需要在头部上的预定解剖位置使用多个电极,1
技术问题,"电极组件被定位在头部上的期望解剖位置,而不管人的头部的大小",1
技术问题,确定用户的认知状态,1
技术问题,基于认知状态执行媒体内容进展的动作,1
技术问题,从干式脑电图电极获取信号,1
技术问题,干式电极接触不良导致信号质量差,1
技术问题,确定精神障碍可能性,1
技术问题,如何从脑电图数据中准确预测受试者想象和/或执行的身体部位运动,1
技术问题,如何自动标记脑电图训练数据以减少人工标注成本,1
技术问题,传统教学方法与新兴技术驱动方法之间日益扩大的差距,1
技术问题,以更具交互性、高效性和成本效益的方式提供高质量的脑电图和功能性近红外光谱信号,1
技术问题,在保持电极总数固定的情况下灵活改变电极位置,1
技术问题,根据10-20电极系统对各种位置的访问,1
技术问题,低警觉性,1
技术问题,频繁远离屏幕或摄像头观看,1
技术问题,频繁偏航,1
技术问题,在不使用麦克风的情况下更持久地说话,1
技术问题,使用其他程序或应用程序,1
技术问题,不同方向的眼睛运动,1
技术问题,更长时间不离开摄像头,1
技术问题,确定刺激序列,1
技术问题,调节神经通路以改善受试者的功能能力,1
技术问题,传统中医治疗依赖经验,1
技术问题,疗效难量化,1
技术问题,用户基线识别,1
技术问题,分层速度/频率容差识别,1
技术问题,中风后患者运动康复,1
技术问题,四肢运动缺陷的中枢神经系统疾病后患者的运动康复,1
技术问题,脑电实验数据可视化管理的需求,1
技术问题,基于生物信号的感官刺激护理,1
技术问题,中风和其它中枢神经系统疾病引起肢体运动缺陷后患者的运动康复,1
技术问题,提高康复的有效性,1
技术问题,刺激瘫痪肢体的移动性的恢复,1
技术问题,脑电图触发的资源分配,1
技术问题,传统诊断方法(如磁共振成像和计算机断层扫描)昂贵、耗时且需要专门设施,1
技术问题,资源有限地区对可访问神经诊断的迫切需求,1
技术问题,从脑电图信号中获取更多有价值的诊断信息,1
技术问题,无法自动识别并量化用户的个性化数据,1
技术问题,无法实现个性化的内容推荐,1
技术问题,对学习者的认知状态进行实时评估,1
技术问题,实现精准实时评估,1
技术问题,为个性化学习提供数据支撑,1
技术问题,模拟药物对受试者大脑影响,1
技术问题,系统故障时禁用脑接口,1
技术问题,提升脑机接口技术在实际应用中的可行性和扩展性,1
技术问题,提高控制指令识别的可靠性,1
技术问题,脑电图信号搜索,1
技术问题,评估长期使用bci对神经功能和可塑性的影响,1
技术问题,数据隐私和用户同意,1
技术问题,评估和调节心理健康中情绪状态,1
技术问题,处理脑电信号,1
技术问题,测定药物对受试者中枢神经系统(cns)的影响,1
技术问题,实时分析数据情况和eeg特征情况,1
技术问题,方便医生或实验人员通过低成本的设备也可以实时了解信息采集状况,1
技术问题,调整采集方案,1
技术问题,对eeg信息进行有效的云端管理,1
技术问题,多模态数据融合不充分,1
技术问题,情感分析精度低,1
技术问题,情感分析维度单一,1
技术问题,高精度、多维度的情感分析,1
技术问题,分析脑电图,1
技术问题,去除eeg信号中的伪迹,1
技术问题,获得校正信号,1
技术问题,非侵入性磁共振成像的图像脑组织获得可视化分析的脑病风险状态,1
技术问题,预测疾病,1
技术问题,个性化脑电模式识别,1
技术问题,最大限度地提高经颅电刺激的效果,1
技术问题,脑机接口穿戴设备的硬件状态数据无法实时同步至软件侧的业务层与算法层,1
技术问题,脑机接口穿戴设备的数据处理效率低,1
技术问题,"数据处理过程不贴近用户需求,灵活性不足",1
技术问题,将用户认证到一个或多个物理或数字位置,1
技术问题,脑卒中患者步态分析,1
技术问题,个性化康复矫正,1
技术问题,控制物体运动,1
技术问题,信息分析有效性排名,1
技术问题,准确搜索结果检索,1
技术问题,eeg信号非线性变化,1
技术问题,测量和分析p300脑电波,1
技术问题,采集过程中会遇到许多生理和非生理伪迹,1
技术问题,连续脑信号监测是远程医疗监测应用中的一个关键挑战,1
技术问题,计算复杂性是实际应用中的关键因素,1
技术问题,用户状态评估不准确,1
技术问题,多模态信号融合分析不足,1
技术问题,环境调控缺乏个性化,1
技术问题,闭环反馈调控效率低,1
技术问题,识别根据eeg测量条件而不同的eeg特征,1
技术问题,撰写脑电波阅读意见纸,1
技术问题,规避反测谎的影响,1
技术问题,提高测谎准确性,1
技术问题,治疗阿尔茨海默型痴呆,1
技术问题,信息的分析有效性排序,1
技术问题,如何采用音乐分析脑电,1
技术问题,如何根据脑电信号的特征量数据与音乐特征量数据的对应关系由midi音乐重建相应的脑电图,1
技术问题,对使用立体定向脑电图进行人脑认知功能的探究带来便利,1
技术问题,对人脑认知功能的探究带来便利,1
技术问题,功能性运动缺陷,1
技术问题,恢复功能和运动范围,1
技术问题,获得使用者脑电波信号,1
技术问题,刺激使用者大脑,1
技术问题,人们因压力而引发的情绪问题,1
技术问题,识别消极情绪状态,1
技术问题,确定癫痫发作的刺激参数,1
技术问题,训练内容与用户状态不匹配,1
技术问题,缺乏个性化训练,1
技术问题,确定电刺激参数是否有效以启动或终止epileptiform活性,1
技术问题,免提操作,1
技术问题,实时脑活动分析,1
技术问题,增强可访问性和用户交互,1
技术问题,评估言语、认知和运动障碍,1
技术问题,管理社会康复的过程,1
技术问题,扩展用于管理患者康复的手段的武器库,1
技术问题,学习功能性状态的脑,1
技术问题,测量subelectrode电阻,1
技术问题,情绪效价影响认知的脑机制不明确,1
技术问题,特定类型的情绪干扰认知的脑机制难以厘清,1
技术问题,如何联合脑电和眼动数据并结合用户相似度进行产品设计方案决策,1
技术问题,计算用户相似度,1
技术问题,客观有效地评估摩尔斯电码训练效果,1
技术问题,睡眠障碍临床有效性不足,1
技术问题,现有视觉刺激低频率区域7-20hz易引起疲劳,1
技术问题,光敏使用者可能被吸引癫痫发作,1
技术问题,减少用户疲劳程度,1
技术问题,降低错误率,1
技术问题,无法准确映射与书写能力个体差异相关联的脑功能连接特征,1
技术问题,真实麻醉状态和计算的指数之间的显著时间延迟,1
技术问题,分析事件相关电位及其各自的p300脑电波响应,1
技术问题,个人知识检测,1
技术问题,"对异常用户的精神状态稳定性与发展趋势进行判定,判定的结果较准确且计算成本较低",1
技术问题,神经外科术后评估与康复的精准化、安全化与个性化,1
技术问题,无创监测睡眠架构,1
技术问题,解析梦境情感特征,1
技术问题,提供个性化声光干预以实现睡眠调理,1
技术问题,记录梦境情感脉络,1
技术问题,基于实时脑波状态进行主动、个性化睡眠调理,1
技术问题,飞行员心理压力评估,1
技术问题,训练强度调整,1
技术问题,训练效果优化,1
技术问题,飞行训练适应性与安全性,1
技术问题,跨模态干扰,1
技术问题,确定刺激材料中引发控制注意和自动注意的位置,1
技术问题,确定神经反应刺激和刺激属性谐振,1
技术问题,电极间距过大,1
技术问题,传感器旋转固定,1
技术问题,电连接传感器到皮肤,1
技术问题,将使用第一模态和第二模态收集的神经响应数据转换为广告或娱乐的有效性的度量,1
技术问题,神经系统疾病患者的临床诊断和监测,1
技术问题,测量受试者对自然感觉刺激的神经反应,1
技术问题,研究不同媒体立面的图像刺激如何影响人们的情绪反应,1
技术问题,确定测试对象对具有随时间变化的视觉内容的刺激的情绪响应程度,1
技术问题,确定是否存在对刺激的显著认知响应,1
技术问题,确定操作者何时固定在刺激物上以及刺激物在操作者视野中的位置,1
技术问题,增强或拒绝提示或细化刺激位置,1
技术问题,媒体文件未被索引,1
技术问题,研究神经功能参数,1
技术问题,允许对脑的神经功能进行研究,1
技术问题,确定用户在电子显示屏上注视的对象,1
技术问题,确定受试者对听觉和视觉刺激的注意程度,1
技术问题,检查产品响应以确保产品的市场潜力,1
技术问题,改善的接触表面积,1
技术问题,降低的电极阻抗密度,1
技术问题,用于睡眠监测,1
技术问题,头部覆盖物配合在头部上并与头部相符,1
技术问题,头部是任何形状和尺寸,1
技术问题,神经反馈训练效果不佳,1
技术问题,预测当前和/或未来神经认知衰退(ncd),1
技术问题,如何基于脑电和功能磁共振成像数据实现神经反馈训练,1
技术问题,如何同步处理脑电数据与功能磁共振成像数据,1
技术问题,情绪调节训练,1
技术问题,确定具有神经系统相关联的值之间的相关性得分表示脑康复活动,1
技术问题,测量对象的脑电波,1
技术问题,确定对象的聚焦水平,1
技术问题,将多个电极定位在与患者的头皮接触的预定区域中,1
技术问题,计算与受试者的脑活动相关联的指示,1
技术问题,评估精神功能变化的有效客观测试方法,1
技术问题,评估基本认知功能是否受到多种因素显著影响,1
技术问题,确定药物对延迟或改善疾病症状是否具有显著积极效果,1
技术问题,识别对计算设备的用户输入,1
技术问题,认知和情感状态信息用于自适应游戏、广告插入输送定时、驱动器或导频辅助、教育、广告选择、产品和/或内容建议、和/或视频聊天应用,1
技术问题,决定何时向人员呈现信息,1
技术问题,鉴定或预测预定在所述基于人的生物事件,1
技术问题,决定何时向人呈现信息,1
技术问题,选择向人提供信息的语音消息,1
技术问题,样本的极端类不平衡问题,1
技术问题,两个相似类间的区分问题,1
技术问题,帮助受训者保持理想的警觉心理状态,1
技术问题,激励受训者学习产生和维持期望的eeg活动,1
技术问题,情绪刺激材料选择单一化,1
技术问题,情绪测量主观化,1
技术问题,识别低血糖发作,1
技术问题,即将发生的低血糖,1
技术问题,限制胰岛素输送,1
技术问题,提升营销卖点的识别处理效率,1
技术问题,传输压缩脑电波生理信号,1
技术问题,分析脑磁图响应数据,1
技术问题,确定广告或娱乐的有效性,1
技术问题,个性化检测脑卒中,1
技术问题,生成个性化基线卒中分数,1
技术问题,从fmri数据和eeg数据生成图像,1
技术问题,分析生物组织复合物中局部生物电流,1
技术问题,自动定位电极位置,1
技术问题,自动贴合电极,1
技术问题,提升电极放置精确度,1
技术问题,待预测个体需经过繁琐的校准程序,1
技术问题,eeg数据维度高,1
技术问题,与疲劳程度无关的信息对模型产生干扰,1
技术问题,确定用户是否喜欢感兴趣区域,1
技术问题,旨在影响深层边缘区域激活,1
技术问题,测量脑电图信号,1
技术问题,确定眼睛位置和/或眼睛姿态,1
技术问题,控制应用系统的功能,1
技术问题,tms伪影干扰eeg信号,1
技术问题,计算松弛指数,1
技术问题,控制可变频带电荷-时间转换器的截止频率,1
技术问题,检测有意眨眼,1
技术问题,对有意眨眼和伪迹进行分类,1
技术问题,障碍物检测,1
技术问题,自适应速度控制,1
技术问题,确定目标动作意图,1
技术问题,确定患者死亡风险增加,1
技术问题,用户自动识别,1
技术问题,具有脑电图依赖声音处理的听力设备的语音分类,1
技术问题,动作意图预测结果不准确,1
技术问题,收集和选择少量脑电图数据,1
技术问题,生成各种脑电图数据,1
技术问题,得出准确的研究结果,1
技术问题,重新训练脑电波模式,1
技术问题,确定眼睛位置和/或眼睛手势,1
技术问题,对关注的语音源进行分类,1
技术问题,根据用户的意图轻松操作目标对象,1
技术问题,重新训练脑波模式,1
技术问题,根据用户的意图轻松操纵目标对象,1
技术问题,控制指令与场所关联,1
技术问题,选择最相关的eeg电极和时间间隔,1
技术问题,消除用户复杂校准的负担,1
技术问题,保持脑电图识别的高精度,1
技术问题,对脑电图信号中的脑状态进行分类,1
技术问题,确定深层边缘区域的激活水平,1
技术问题,高密度数据处理,1
技术问题,时间和空间分辨率的融合,1
技术问题,提高精度,1
技术问题,对脑电图(eeg)信号中的脑状态进行分类,1
技术问题,时间窗的划分问题,1
技术问题,分类准确率低,1
技术问题,忽略不同脑区之间的相关性和空间特征,1
技术问题,丢失部分时间和空间信息,1
技术问题,制约了情绪识别准确率提高,1
技术问题,脑机接口与用户的自动识别,1
技术问题,伪迹干扰,1
技术问题,稳定性、准确性和实用性方面的要求,1
技术问题,对患者执行多种神经学测试,1
技术问题,将传感器定位邻近用户的头部,1
技术问题,将导电凝胶施加到使用者的头部,1
技术问题,自动监测电诱导的治疗性癫痫发作期间产生的骨骼肌、心脏和脑电波活动的持续时间,1
技术问题,运动想象分类,1
技术问题,无干扰地可再现地产生和检测多感觉联觉eeg数据,1
技术问题,以整合的方式分析和存档多感觉联觉eeg数据,1
技术问题,装置应可在几乎任何地点使用,1
技术问题,应不熟练地操作,1
技术问题,应可消毒、节约资源和廉价,1
技术问题,未训练操作者运动活动想象时脑电信号分类,1
技术问题,实时选择非训练操作人员的脑电活动特征模式,1
技术问题,可靠检测与运动活动想象脑电活动模式,1
技术问题,自动监测电诱导的治疗癫痫发作,1
技术问题,判断左右脑对称性,1
技术问题,填补振幅整合脑电图判断左右脑对称性方面的空白,1
技术问题,同时提取eeg信号在不同空间下的特征表达,1
技术问题,自动监测和显示癫痫发作活动的发生和持续时间,1
技术问题,确定用户当前注意的声源,1
技术问题,处理源自用户大脑的信号的更高精度和速度,1
技术问题,使用经处理的记录信号来控制设备的高精度和速度,1
技术问题,简化设备的控制和监测,1
技术问题,病情发作表征,1
技术问题,确保适当的电极放置,1
技术问题,确保与患者头皮的正确接触,1
技术问题,自动验证电极放置,1
技术问题,识别何时在测试会话中编译有足够的干净数据,1
技术问题,消除与肌肉或其它物理伪影相关的电压,1
技术问题,自动分析脑电图波形,1
应用场景,脑机接口,111
应用场景,神经刺激,70
应用场景,癫痫,41
应用场景,深部脑刺激,31
应用场景,神经调节,29
应用场景,图像分类,24
应用场景,虚拟现实,23
应用场景,治疗癫痫,22
应用场景,增强现实,19
应用场景,帕金森病,17
应用场景,抑郁症,17
应用场景,脑-计算机接口,17
应用场景,神经刺激系统,16
应用场景,娱乐,16
应用场景,神经反馈训练,16
应用场景,神经接口,15
应用场景,脑疾病治疗,14
应用场景,虚拟现实环境,14
应用场景,阿尔茨海默病,13
应用场景,脑刺激,13
应用场景,康复,12
应用场景,脊髓刺激,12
应用场景,神经康复,12
应用场景,神经反馈,12
应用场景,广告,12
应用场景,虚拟现实系统,12
应用场景,疼痛控制,11
应用场景,神经疾病治疗,11
应用场景,电刺激,11
应用场景,感测生理信号,11
应用场景,治疗,11
应用场景,中风,11
应用场景,偏头痛,11
应用场景,脑机接口系统,11
应用场景,脑机接口技术领域,11
应用场景,脑电图测量,11
应用场景,脑损伤治疗,10
应用场景,动物神经系统,10
应用场景,中枢神经系统,10
应用场景,营销,10
应用场景,脑障碍治疗,9
应用场景,神经刺激治疗,9
应用场景,皮层刺激,9
应用场景,创伤后应激障碍,9
应用场景,脑电采集,9
应用场景,娱乐选择,9
应用场景,治疗脑疾病,8
应用场景,疼痛,8
应用场景,运动障碍,8
应用场景,电刺激治疗,8
应用场景,脑深部刺激,8
应用场景,外伤性脑损伤,8
应用场景,耳蜗植入物,8
应用场景,情绪识别,8
应用场景,虚拟环境,8
应用场景,颅内电刺激治疗,7
应用场景,治疗疾病,7
应用场景,提高成绩的训练,7
应用场景,脑电图检测,7
应用场景,神经调节治疗,7
应用场景,视觉脑机接口,7
应用场景,虚拟和增强现实产品,7
应用场景,产品定制,7
应用场景,教育,7
应用场景,视频游戏,7
应用场景,药物递送,7
应用场景,患者,6
应用场景,电刺激疗法,6
应用场景,孤独症,6
应用场景,昏迷,6
应用场景,癫痫治疗,6
应用场景,焦虑,6
应用场景,神经接口系统,6
应用场景,神经系统疾病治疗,6
应用场景,大脑,6
应用场景,中风康复,6
应用场景,人机交互,6
应用场景,图像,6
应用场景,认知健康评估,6
应用场景,虚拟现实/增强现实,6
应用场景,医学,6
应用场景,产品配方评估,6
应用场景,生活/工作背景,6
应用场景,颅内电刺激,5
应用场景,可植入医疗装置,5
应用场景,治疗其它神经障碍,5
应用场景,治疗耳鸣,5
应用场景,治疗神经障碍,5
应用场景,阿尔茨海默氏病,5
应用场景,神经障碍,5
应用场景,脑机接口控制,5
应用场景,脑机接口设备,5
应用场景,可穿戴设备,5
应用场景,脑机接口(bmi),5
应用场景,康复训练,5
应用场景,脑-机接口,5
应用场景,脑电信号采集,5
应用场景,记忆增强,5
应用场景,通信,5
应用场景,心理特性评估,5
应用场景,多感官环境,5
应用场景,可穿戴计算设备,5
应用场景,脑机接口(bci),5
应用场景,认知功能评估,5
应用场景,神经反馈系统,5
应用场景,增强现实环境,5
应用场景,脑电图记录,5
应用场景,虚拟现实设备,5
应用场景,功能性磁共振图像数据采集,5
应用场景,感觉提示的递送,5
应用场景,治疗脑损伤,4
应用场景,神经刺激阈值测试,4
应用场景,正常大脑功能增强,4
应用场景,脊髓,4
应用场景,神经活动监测,4
应用场景,患者体内,4
应用场景,学习,4
应用场景,医疗领域,4
应用场景,可植入神经刺激器系统,4
应用场景,帕金森氏病,4
应用场景,神经障碍治疗,4
应用场景,神经刺激器,4
应用场景,治疗脑相关疾病,4
应用场景,向患者提供治疗,4
应用场景,长期监测和/或刺激,4
应用场景,植入式医疗设备,4
应用场景,慢性疼痛治疗,4
应用场景,成对训练,4
应用场景,痴呆,4
应用场景,电刺激系统,4
应用场景,诊断,4
应用场景,经颅电刺激,4
应用场景,视网膜刺激以产生人工视觉,4
应用场景,耳蜗刺激以产生人工听觉,4
应用场景,神经调控,4
应用场景,自闭症,4
应用场景,成像,4
应用场景,脑电图系统,4
应用场景,医疗器械领域,4
应用场景,认知增强,4
应用场景,神经反馈治疗,4
应用场景,脑电信号处理,4
应用场景,商店货架,4
应用场景,概念,4
应用场景,体验,4
应用场景,消息,4
应用场景,音频,4
应用场景,定价,4
应用场景,家庭,4
应用场景,计算机程序操作改变,4
应用场景,移动系统,4
应用场景,外部设备控制,4
应用场景,显示设备控制,4
应用场景,计算机视觉,4
应用场景,脑电图分析,4
应用场景,消费者体验评估,4
应用场景,增强现实技术领域,4
应用场景,电子游戏,4
应用场景,脑机接口交互,4
应用场景,诊断或治疗有注意力或认知障碍的人,4
应用场景,神经认知测试,4
应用场景,认知测试,4
应用场景,神经诊断,4
应用场景,神经治疗,4
应用场景,广告有效性评估,4
应用场景,玩具,4
应用场景,医疗设备技术领域,4
应用场景,认知能力检测,4
应用场景,vr环境,4
应用场景,医疗诊断,4
应用场景,计算机控制的脑电图接口,4
应用场景,虚拟现实交互,4
应用场景,治疗脑障碍,3
应用场景,增强正常健康大脑的神经功能,3
应用场景,脑电描记术,3
应用场景,正常健康大脑功能增强,3
应用场景,神经系统,3
应用场景,神经功能增强,3
应用场景,医疗系统,3
应用场景,神经监测,3
应用场景,身体活动恢复,3
应用场景,听觉活动恢复,3
应用场景,视觉活动恢复,3
应用场景,运动活动恢复,3
应用场景,经颅磁刺激,3
应用场景,迷走神经刺激,3
应用场景,脊髓神经调节,3
应用场景,神经功能障碍检测,3
应用场景,可植入装置,3
应用场景,深脑刺激,3
应用场景,脑刺激治疗,3
应用场景,抑郁症治疗,3
应用场景,神经刺激器系统,3
应用场景,神经刺激疗法,3
应用场景,肥胖症,3
应用场景,人脑的皮层区域,3
应用场景,人脑中的深处,3
应用场景,神经系统内的小体积神经元,3
应用场景,刺激神经元,3
应用场景,精神分裂症,3
应用场景,耳鸣,3
应用场景,脊髓刺激系统,3
应用场景,脑科学,3
应用场景,混合神经的神经刺激,3
应用场景,听觉脑机接口,3
应用场景,周围神经,3
应用场景,肌肉,3
应用场景,颅内神经刺激,3
应用场景,测量,3
应用场景,神经调节系统,3
应用场景,无线硬膜外记录,3
应用场景,经颅刺激,3
应用场景,老年性痴呆,3
应用场景,不省人事,3
应用场景,止痛,3
应用场景,颅骨内脑机接口系统,3
应用场景,治疗抑郁症,3
应用场景,脊髓刺激治疗,3
应用场景,治疗运动障碍,3
应用场景,前庭植入物,3
应用场景,脑-计算机接口(bci),3
应用场景,脑信号感测,3
应用场景,微电极技术领域,3
应用场景,医疗技术领域,3
应用场景,脑功能认知研究,3
应用场景,认知神经科学,3
应用场景,残疾人康复训练,3
应用场景,脑电刺激,3
应用场景,神经系统电磁治疗,3
应用场景,神经假体,3
应用场景,智能脑起搏器,3
应用场景,闭环脑机接口,3
应用场景,癫痫检测,3
应用场景,医疗设备,3
应用场景,辅助技术,3
应用场景,医疗康复,3
应用场景,运动想象脑电信号识别,3
应用场景,娱乐材料,3
应用场景,工作,3
应用场景,脑计算机接口,3
应用场景,市场研究,3
应用场景,脑电检测,3
应用场景,脑波采集系统,3
应用场景,脑电波测量,3
应用场景,电动轮椅,3
应用场景,教学,3
应用场景,科研,3
应用场景,虚拟世界,3
应用场景,脑电图测试,3
应用场景,头戴式显示器,3
应用场景,产品控制,3
应用场景,刺激材料分析,3
应用场景,广告时段的内容选择,3
应用场景,临床应用,3
应用场景,用户认证,3
应用场景,神经病学,3
应用场景,运动图像分类,3
应用场景,情感识别,3
应用场景,mri环境,3
应用场景,神经性疾病诊疗,3
应用场景,肢体康复,3
应用场景,脑机交互,3
应用场景,安全警告,3
应用场景,教育材料,3
应用场景,脑机用户界面,3
应用场景,感觉诱发电位信号检测,3
应用场景,感觉诱发电位信号分类,3
应用场景,多感官呈现,3
应用场景,数字和物理环境,3
应用场景,新媒体内容,3
应用场景,虚拟和增强现实系统,3
应用场景,交互式介导现实环境,3
应用场景,认证,3
应用场景,心理状态评估,3
应用场景,神经状态评估,3
应用场景,脑电图数据收集,3
应用场景,脑波诱导,3
应用场景,感官测试,3
应用场景,基于头戴式显示器的脑机接口装置,3
应用场景,生物信息技术领域,3
应用场景,训练和模拟组件,3
应用场景,封闭环境中的投影内容评估,3
应用场景,心理健康评估,3
应用场景,注意力评估,3
应用场景,神经分析,3
应用场景,心理健康预测,3
应用场景,娱乐材料评估,3
应用场景,全景视频流,3
应用场景,生理脑健康的评估,3
应用场景,电子设备,3
应用场景,诊断、监测和治疗皮层疾病,3
应用场景,测谎,3
应用场景,工业,3
应用场景,数据处理,3
应用场景,实时反馈,3
应用场景,离线分析,3
应用场景,助听器调整,3
应用场景,消费产品,3
应用场景,军事和航空航天,3
应用场景,认知训练,3
应用场景,媒体系统,3
应用场景,设备控制,3
应用场景,运动想象,3
应用场景,虚拟现实场景,3
应用场景,虚拟现实训练,3
应用场景,虚拟现实内容安全检测,3
应用场景,戒毒康复训练,3
应用场景,虚拟现实游戏,3
应用场景,驾驶,3
应用场景,治疗递送,3
应用场景,意识障碍诊断,3
应用场景,产品设计方案决策,3
应用场景,韧性训练,3
应用场景,听力辅助系统,3
应用场景,脑,2
应用场景,外周神经,2
应用场景,神经系统部件调节,2
应用场景,深部脑刺激治疗,2
应用场景,运动障碍治疗,2
应用场景,神经疾病,2
应用场景,深的人的脑内,2
应用场景,感觉功能恢复,2
应用场景,药物测试,2
应用场景,癫痫发作预测,2
应用场景,多位点刺激范例,2
应用场景,治疗或预防人类受试者的慢性炎症,2
应用场景,治疗或预防人类受试者的慢性炎性病症,2
应用场景,耳蜗植入系统,2
应用场景,多通道硬膜外横向脊髓刺激,2
应用场景,深度脑刺激,2
应用场景,皮层记录,2
应用场景,脊髓刺激(scs),2
应用场景,精神分裂症治疗,2
应用场景,痴呆治疗,2
应用场景,治疗病症,2
应用场景,神经反馈会话,2
应用场景,植入式电极装置,2
应用场景,颅骨缺损区域,2
应用场景,可植入电刺激器,2
应用场景,可植入电极装置,2
应用场景,神经病症监测,2
应用场景,外科植入,2
应用场景,提高认知能力,2
应用场景,性能增强,2
应用场景,生物电子植入物,2
应用场景,运动康复,2
应用场景,植入式生物医学设备,2
应用场景,生物反馈治疗,2
应用场景,疾病进展,2
应用场景,疼痛治疗,2
应用场景,植入式视神经脑机接口系统,2
应用场景,植入式脑机接口,2
应用场景,偏头痛或头痛,2
应用场景,脑震荡,2
应用场景,进食障碍,2
应用场景,物质滥用,2
应用场景,亨廷顿氏病,2
应用场景,双相情感障碍,2
应用场景,电疗系统,2
应用场景,外周神经电刺激,2
应用场景,闭环神经刺激,2
应用场景,焦虑症,2
应用场景,神经性疼痛,2
应用场景,强迫进食障碍,2
应用场景,患者交互神经刺激,2
应用场景,化学物质递送,2
应用场景,迷走神经刺激治疗,2
应用场景,神经刺激干预,2
应用场景,微创盔下颅外脑电图监护,2
应用场景,脑活动监测,2
应用场景,脑疾病研究,2
应用场景,神经生物学基础研究,2
应用场景,脑机接口康复训练,2
应用场景,耳蜗植入,2
应用场景,神经信号采集,2
应用场景,视网膜刺激产生人工视觉,2
应用场景,耳蜗刺激产生人工听觉,2
应用场景,柔性脑机接口,2
应用场景,柔性电子设备,2
应用场景,智能防护系统,2
应用场景,可穿戴神经接口平台,2
应用场景,神经外科手术,2
应用场景,植入神经接口,2
应用场景,定位特定皮质区域,2
应用场景,颅内神经感测,2
应用场景,脑损伤恢复,2
应用场景,患者治疗,2
应用场景,诊断和治疗神经障碍和病症,2
应用场景,热传递,2
应用场景,神经疾病的治疗和诊断,2
应用场景,神经系统功能支持,2
应用场景,植入装置,2
应用场景,电刺激器,2
应用场景,神经状况的诊断和治疗,2
应用场景,脑部与外界的光声电等多种信息的智能交互,2
应用场景,物质输运,2
应用场景,信息处理和控制中心,2
应用场景,治疗心境障碍,2
应用场景,治疗情绪障碍,2
应用场景,治疗焦虑症,2
应用场景,脑信号测量,2
应用场景,治疗患者的神经障碍,2
应用场景,硬膜下植入的神经接口,2
应用场景,神经组织刺激,2
应用场景,深部脑刺激(dbs),2
应用场景,皮层电图(ecog),2
应用场景,植入式设备,2
应用场景,亚感知治疗,2
应用场景,神经活动记录,2
应用场景,脑-机接口(bmi),2
应用场景,神经介入,2
应用场景,认知障碍治疗,2
应用场景,神经病症治疗,2
应用场景,非侵入性去同步神经刺激,2
应用场景,神经训练,2
应用场景,神经刺激控制,2
应用场景,皮肤,2
应用场景,医用植入物神经刺激器装置,2
应用场景,神经诊断工具,2
应用场景,脊髓和外周神经刺激,2
应用场景,减少人体疼痛,2
应用场景,可植入设备,2
应用场景,神经系统疾病,2
应用场景,睡眠诱导,2
应用场景,脑部疾病,2
应用场景,脊髓相关疾病,2
应用场景,瘫痪患者运动功能重建,2
应用场景,运动功能障碍患者运动功能重建,2
应用场景,泌尿系统并发症治疗,2
应用场景,脑或神经系统组织的电刺激和记录,2
应用场景,神经病学疾病的治疗,2
应用场景,家庭环境,2
应用场景,可植入神经刺激器,2
应用场景,植入式闭环神经刺激系统,2
应用场景,神经精神疾病治疗,2
应用场景,深部脑刺激(dbs)治疗,2
应用场景,神经调控治疗,2
应用场景,研究神经刺激的效果,2
应用场景,视觉感知产生,2
应用场景,床头,2
应用场景,颅内eeg记录,2
应用场景,外科手术,2
应用场景,芯片技术领域,2
应用场景,情绪分类,2
应用场景,多视图学习场景,2
应用场景,脑卒中康复训练,2
应用场景,康复生物医学领域,2
应用场景,中风后偏瘫患者康复训练,2
应用场景,神经康复工程,2
应用场景,日常生活中,2
应用场景,神经系统功能恢复,2
应用场景,神经系统组件,2
应用场景,脑的心室系统,2
应用场景,微创平台,2
应用场景,指导诊断和治疗行动,2
应用场景,脑电治疗,2
应用场景,神经组织,2
应用场景,脑状态监测,2
应用场景,闭环脑机接口系统,2
应用场景,治疗神经疾病,2
应用场景,医疗器械技术领域,2
应用场景,脑状态刺激,2
应用场景,颅内测量,2
应用场景,脑状态模型生成,2
应用场景,患者脑组织,2
应用场景,电磁治疗,2
应用场景,经颅交流电刺激技术领域,2
应用场景,脑电图仪,2
应用场景,植入体内,2
应用场景,感测,2
应用场景,可植入视网膜假体,2
应用场景,尿控制障碍,2
应用场景,粪便控制障碍,2
应用场景,性功能障碍,2
应用场景,神经系统部分的刺激和记录,2
应用场景,脊髓损伤导致的运动功能丧失或部分丧失的病人,2
应用场景,哮喘,2
应用场景,copd,2
应用场景,抑郁,2
应用场景,纤维肌痛,2
应用场景,mci,2
应用场景,记忆力实验,2
应用场景,神经血管信号管理,2
应用场景,认知任务期间,2
应用场景,经颅直流电刺激领域,2
应用场景,辅助人脑程序性记忆的快速增强,2
应用场景,脑-脑接口,2
应用场景,精神活性疗法,2
应用场景,精神活性治疗之外的应用,2
应用场景,脑刺激装置,2
应用场景,医疗保健,2
应用场景,睡眠状态,2
应用场景,睡眠状态下的记忆改善干预,2
应用场景,脑电目标识别,2
应用场景,感觉运动学习,2
应用场景,睡眠期间,2
应用场景,深度学习交叉技术领域,2
应用场景,个人计算设备,2
应用场景,视频流,2
应用场景,物理位置,2
应用场景,印刷广告,2
应用场景,营销材料,2
应用场景,广告牌,2
应用场景,神经信息储存库系统,2
应用场景,包装,2
应用场景,可穿戴组件,2
应用场景,生物反馈,2
应用场景,神经病学监测,2
应用场景,脑机接口(bci)系统,2
应用场景,脑电信号无创探测,2
应用场景,电视,2
应用场景,车辆感测,2
应用场景,监督驾驶系统,2
应用场景,自适应游戏,2
应用场景,视频聊天应用,2
应用场景,残障人士的家庭生活,2
应用场景,媒体呈现,2
应用场景,客户端设备,2
应用场景,头盔显示器,2
应用场景,可佩戴计算设备,2
应用场景,增强现实系统,2
应用场景,生命体征显示监视器,2
应用场景,数字游戏,2
应用场景,脑电图(eeg)诊断系统,2
应用场景,心电图(ecg)诊断系统,2
应用场景,肌电图(emg)诊断系统,2
应用场景,脑磁图(meg)诊断系统,2
应用场景,用户暴露于刺激材料时,2
应用场景,机器学习,2
应用场景,设计,2
应用场景,神经功能分析,2
应用场景,电子设备控制,2
应用场景,神经活动建模,2
应用场景,控制软件应用,2
应用场景,心理学,2
应用场景,研究,2
应用场景,文本输入,2
应用场景,药物,2
应用场景,医学诊断,2
应用场景,人工智能模型学习,2
应用场景,视频片段播放,2
应用场景,电子装置解锁,2
应用场景,脑卒中手部康复,2
应用场景,头皮脑电图致痫区的识别与定位,2
应用场景,视频数据的质量等级确定,2
应用场景,移动访问高分辨率脑电图数据,2
应用场景,听力评估,2
应用场景,视觉信息处理,2
应用场景,自然图像的人脑认知文本描述生成,2
应用场景,图像处理技术领域,2
应用场景,脑电监测,2
应用场景,脑电图监测,2
应用场景,可视脑机接口,2
应用场景,脑电图检查,2
应用场景,日常使用,2
应用场景,移动监测,2
应用场景,沉浸式交互环境,2
应用场景,市场过道,2
应用场景,陈列室地板,2
应用场景,模拟环境,2
应用场景,数字环境,2
应用场景,物理环境,2
应用场景,定制内容交付,2
应用场景,3d pc或控制台游戏,2
应用场景,模拟或虚拟环境,2
应用场景,驾驶舱,2
应用场景,汽车,2
应用场景,手术室,2
应用场景,虚拟现实场景内容调整,2
应用场景,人的感觉能力评估,2
应用场景,产品定制系统,2
应用场景,神经反应数据监测,2
应用场景,脑健康评估,2
应用场景,心理行为属性识别,2
应用场景,情绪检测,2
应用场景,情绪调控,2
应用场景,物联网技术领域,2
应用场景,精神障碍治疗,2
应用场景,脑电图接口系统,2
应用场景,智能设备,2
应用场景,冥想,2
应用场景,青光眼预测,2
应用场景,产品气味体验过程,2
应用场景,味觉感官评估,2
应用场景,封闭环境中投影内容评估,2
应用场景,广告评估,2
应用场景,注意缺陷的初始筛查和诊断,2
应用场景,治疗和评价治疗效果,2
应用场景,平视显示器(hud),2
应用场景,增强现实(ar),2
应用场景,虚拟现实(vr)显示系统,2
应用场景,脑损伤评估系统,2
应用场景,cns疾病治疗响应预测,2
应用场景,阿尔兹海默症治疗效果评估,2
应用场景,自比评估,2
应用场景,疲劳监测,2
应用场景,信息处理系统,2
应用场景,注意力状态分析与调控领域,2
应用场景,经颅直流电刺激效果评估,2
应用场景,临床诊断,2
应用场景,实际应用,2
应用场景,基于eeg的认知状态识别,2
应用场景,个性化学习,2
应用场景,评估认知功能,2
应用场景,检测认知缺陷,2
应用场景,评估广告、教育和培训演示的有效性,2
应用场景,脑电图控制系统,2
应用场景,脑电图,2
应用场景,睡眠监测系统,2
应用场景,学习者/表演者认知流检测,2
应用场景,患者脑电图测量,2
应用场景,抑郁状态识别,2
应用场景,大范围筛查,2
应用场景,人机识别系统,2
应用场景,mi-eeg特征提取,2
应用场景,脑活动估计,2
应用场景,人机交互(hci),2
应用场景,预定认知任务,2
应用场景,脑功能网络分类,2
应用场景,企业招聘,2
应用场景,核心任务能力评估,2
应用场景,心理测试,2
应用场景,神经性耳聋病人脑功能网络演化评估,2
应用场景,视觉想象图像重建,2
应用场景,人工智能领域,2
应用场景,头皮脑电图致痫区定位,2
应用场景,医学图像技术领域,2
应用场景,营销材料评估,2
应用场景,用户对刺激的响应测量,2
应用场景,情绪分析技术领域,2
应用场景,心理健康分析,2
应用场景,视频情感分类,2
应用场景,情绪状态监测,2
应用场景,脑影像数据解码,2
应用场景,人脑神经活动信号解码,2
应用场景,情绪识别系统,2
应用场景,媒体内容播放,2
应用场景,放松,2
应用场景,脑健康多模态生理评估,2
应用场景,预测个人选择、偏好和计划行为,2
应用场景,解释内部体验,2
应用场景,双向音频-视频通信平台,2
应用场景,eeg神经反馈,2
应用场景,脑模式分析,2
应用场景,脑电图电极定位,2
应用场景,神经科学研究,2
应用场景,医药,2
应用场景,脑功能检测,2
应用场景,eeg识别系统,2
应用场景,脑电图监测领域,2
应用场景,移动终端,2
应用场景,医疗,2
应用场景,脑治疗,2
应用场景,多模态ai眼镜,2
应用场景,意识交互沟通,2
应用场景,神经退行性疾病早期识别筛查,2
应用场景,信息评价,2
应用场景,脑电极,2
应用场景,测试听觉或视觉刺激,2
应用场景,生物反馈或神经反馈,2
应用场景,神经科学的研究与应用,2
应用场景,临床康复,2
应用场景,生理参数测量,2
应用场景,运动跟踪,2
应用场景,交互,2
应用场景,用户与媒体系统的当前会话,2
应用场景,全景视频流式传输,2
应用场景,人检测器装置,2
应用场景,连续异步交互环境,2
应用场景,认知助听器,2
应用场景,远程教育,2
应用场景,稳态视觉诱发脑电动态起始分类,2
应用场景,临床,2
应用场景,行动不便患者辅助,2
应用场景,注意力检测技术领域,2
应用场景,原位接合监测和跟踪,2
应用场景,直接神经接口,2
应用场景,神经科学,2
应用场景,感官-诱发电位检测,2
应用场景,休息,2
应用场景,介导现实环境,2
应用场景,神经活动解释,2
应用场景,提供用户认证工具,2
应用场景,提供更安全的网络安全功能,2
应用场景,穿戴式脑电检测,2
应用场景,触觉启用神经接口,2
应用场景,神经学监测,2
应用场景,增强现实训练,2
应用场景,现实世界(非临床)环境,2
应用场景,脑电图电极帽,2
应用场景,辅助诊断,2
应用场景,耳机,2
应用场景,助听装置,2
应用场景,注意力偏差修正处理,2
应用场景,睡眠分析,2
应用场景,苯丙胺类兴奋剂渴求评估,2
应用场景,虚拟现实图像内容显示,2
应用场景,精神心理评估,2
应用场景,认知增强训练,2
应用场景,认知能力评估,2
应用场景,虚拟现实应用,2
应用场景,全息影像技术领域,2
应用场景,基于全息设备的多模态交互,2
应用场景,虚拟现实仿真,2
应用场景,游戏,2
应用场景,幻肢疼痛治疗,2
应用场景,虚拟现实显示设备,2
应用场景,幻肢康复,2
应用场景,虚拟现实运动训练,2
应用场景,人机交互技术领域,2
应用场景,注意力训练,2
应用场景,虚拟现实情境任务,2
应用场景,认知障碍筛查,2
应用场景,功能磁共振图像数据采集,2
应用场景,焦虑治疗,2
应用场景,抑郁治疗,2
应用场景,工作场所,2
应用场景,超扫描应用,2
应用场景,多个可穿戴式医疗设备的数据同步检测,2
应用场景,神经信号传递,2
应用场景,感知智障患者康复,2
应用场景,脑波接口系统,2
应用场景,辅助机器人控制,2
应用场景,车辆驾驶,2
应用场景,监控阅读,2
应用场景,视觉认知负荷较高的工作人员评估,2
应用场景,训练优化,2
应用场景,家庭保健,2
应用场景,语音清晰度评估,2
应用场景,刺激呈现系统,2
应用场景,生活/工作上下文,2
应用场景,事件相关电位采集,2
应用场景,治疗递送控制,2
应用场景,监测系统,2
应用场景,脑深部电刺激术外挂期,2
应用场景,磁共振成像装置,2
应用场景,睡眠管理,2
应用场景,资源分配系统,2
应用场景,安全帽智能控制,2
应用场景,认知事件分析,2
应用场景,癫痫发作检测系统,2
应用场景,儿童asd诊断,2
应用场景,cff测量技术领域,2
应用场景,人脑认知功能探究,2
应用场景,包装评估,2
应用场景,广告效果分析,2
应用场景,娱乐效果分析,2
应用场景,消费者喜好度评估,2
应用场景,消费品品评,2
应用场景,脑功能网络研究,2
应用场景,精神分裂症病人和正常人的eeg功能脑网络构建,2
应用场景,脑机交互界面,2
应用场景,虚拟系统,2
应用场景,脑机接口信息处理,2
应用场景,听力设备,2
应用场景,任务分类,2
应用场景,活动识别,2
应用场景,自动诱发电位测量,2
应用场景,癫痫发作预测和检测,2
应用场景,电惊厥治疗(ect),2
应用场景,运动想象脑电信号的特征提取,2
应用场景,疲劳驾驶识别,2
应用场景,恢复,1
应用场景,增强一种或多种神经功能,1
应用场景,神经系统区域,1
应用场景,感觉功能控制,1
应用场景,医疗装置,1
应用场景,神经系统刺激,1
应用场景,大脑刺激监测,1
应用场景,感觉(味道或气味),1
应用场景,身体活动,1
应用场景,听觉活动,1
应用场景,视觉活动,1
应用场景,运动活动,1
应用场景,颅内(ic)刺激,1
应用场景,精神状况调节,1
应用场景,向具有脊髓的患者递送神经刺激能量,1
应用场景,医疗电极阵列系统,1
应用场景,植入患者邻近神经组织的电极阵列,1
应用场景,神经系统部件,1
应用场景,深部脑刺激(dbs)手术,1
应用场景,治疗多种脑相关疾病,1
应用场景,运动相关疾病,1
应用场景,精神疾病,1
应用场景,代谢/进食障碍,1
应用场景,记忆障碍,1
应用场景,颅内刺激,1
应用场景,视网膜刺激,1
应用场景,人工视觉,1
应用场景,生理共振刺激,1
应用场景,临床使用,1
应用场景,靶神经区域,1
应用场景,神经刺激设备,1
应用场景,系统,1
应用场景,引线植入/定位,1
应用场景,刺激参数的优化,1
应用场景,维持慢性治疗的闭环反馈,1
应用场景,经颅直流电刺激,1
应用场景,功能刺激,1
应用场景,深部脑刺激的治疗范围评估,1
应用场景,疾病进展监测,1
应用场景,药物疗效评估,1
应用场景,术中变化监测,1
应用场景,脑深部刺激治疗癫痫,1
应用场景,治疗各种神经和精神疾病,1
应用场景,神经功能障碍,1
应用场景,癫痫发作,1
应用场景,神经传导测试,1
应用场景,临床医生,1
应用场景,神经系统疾病的诊断,1
应用场景,神经系统疾病的治疗,1
应用场景,康复治疗,1
应用场景,刺激患者的脑中神经元和/或脊髓,1
应用场景,计算机脑接口设备,1
应用场景,向患者施用多重刺激,1
应用场景,大脑内,1
应用场景,外部处理单元,1
应用场景,大脑神经活动监测,1
应用场景,激发神经活动,1
应用场景,恢复具有生理功能的神经活动,1
应用场景,向受试者递送刺激,1
应用场景,协同复位神经调节,1
应用场景,人类和动物中治疗持续性障碍的意识的调节,1
应用场景,神经学治疗,1
应用场景,神经病学病变,1
应用场景,经颅电磁感应,1
应用场景,认知功能恢复,1
应用场景,临床症状改善,1
应用场景,脑代谢调节,1
应用场景,无创脑电刺激,1
应用场景,植入式无线神经装置,1
应用场景,患者身体上或身体内,1
应用场景,特定患者活动,1
应用场景,外科植入期间,1
应用场景,可植入电极,1
应用场景,感测位置,1
应用场景,调节脑神经可塑性,1
应用场景,改善记忆和学习,1
应用场景,改善从外伤性脑损伤的恢复,1
应用场景,预防癫痫,1
应用场景,治疗记忆障碍和慢性记忆障碍,1
应用场景,治疗人和动物的意识的持续性障碍,1
应用场景,中枢神经系统疾病的治疗,1
应用场景,脑障碍的治疗,1
应用场景,感觉恢复,1
应用场景,神经刺激疗法试验,1
应用场景,刺激测试模式,1
应用场景,医疗装置系统,1
应用场景,帕金森氏病治疗,1
应用场景,焦虑症治疗,1
应用场景,神经源性/精神源性疼痛治疗,1
应用场景,强迫进食障碍治疗,1
应用场景,肥胖症治疗,1
应用场景,强迫障碍治疗,1
应用场景,阿尔茨海默氏病治疗,1
应用场景,睡眠障碍治疗,1
应用场景,学习困难治疗,1
应用场景,偏头痛治疗,1
应用场景,心脏病治疗,1
应用场景,心房纤颤治疗,1
应用场景,充血性心力衰竭(chf)治疗,1
应用场景,激发和恢复某些具有生理功能的神经活动,1
应用场景,脑电检测终端,1
应用场景,心脏疾病治疗,1
应用场景,脑网络,1
应用场景,神经刺激设备编程,1
应用场景,调节中枢神经系统,1
应用场景,组织内,1
应用场景,电磁刺激,1
应用场景,认知性能增强,1
应用场景,预定任务执行,1
应用场景,可植入神经刺激设备,1
应用场景,可植入刺激装置,1
应用场景,深脑刺激(dbs),1
应用场景,脊髓损伤,1
应用场景,神经病症,1
应用场景,运动障碍康复,1
应用场景,上肢运动功能康复,1
应用场景,神经活动分析,1
应用场景,神经反应遥测,1
应用场景,胃肠疾病,1
应用场景,fgid,1
应用场景,胃轻瘫,1
应用场景,胃食管反射疾病(gerd),1
应用场景,胰腺炎,1
应用场景,肠梗阻,1
应用场景,自主神经刺激治疗,1
应用场景,可植入神经接口装置,1
应用场景,介入式脑机接口,1
应用场景,脑区刺激治疗相关疾病,1
应用场景,神经电记录,1
应用场景,大脑皮层,1
应用场景,血管内,1
应用场景,神经感测,1
应用场景,电和/或热诱导的神经调节,1
应用场景,导管治疗,1
应用场景,自身免疫性疾病治疗,1
应用场景,可植入电刺激系统,1
应用场景,患者的硬膜外空间,1
应用场景,神经或神经束,1
应用场景,患者硬膜外空间,1
应用场景,刺激患者的脊髓,1
应用场景,可植入系统,1
应用场景,诊断和治疗椎间盘源性腰痛,1
应用场景,体内植入物位置,1
应用场景,组织刺激,1
应用场景,耳蜗假体,1
应用场景,植入式多道刺激系统,1
应用场景,听觉植入,1
应用场景,脑监测和调节,1
应用场景,患者脑部电极植入,1
应用场景,电刺激体内靶位点,1
应用场景,减缓脑萎缩,1
应用场景,改善认知功能,1
应用场景,心血管疾病治疗,1
应用场景,自我调节,1
应用场景,人脑的皮层,1
应用场景,癫痫电刺激治疗装置植入前评估,1
应用场景,切除手术前识别癫痫区域,1
应用场景,绘制局部脑功能图,1
应用场景,脑深部,1
应用场景,刺激病人的脑中神经元和/或与电刺激的脊髓,1
应用场景,周围神经的束内刺激和/或感测,1
应用场景,脑电活动检测,1
应用场景,自适应深部脑刺激,1
应用场景,脑刺激疗法,1
应用场景,深部脑刺激的治疗范围,1
应用场景,药物疗效,1
应用场景,术中变化,1
应用场景,闭环神经刺激治疗,1
应用场景,神经损伤监测,1
应用场景,神经恢复监测,1
应用场景,植入与神经组织接触的电极,1
应用场景,神经刺激设备操作,1
应用场景,可植入刺激引线连接,1
应用场景,植入式治疗性神经刺激,1
应用场景,向患者递送电刺激疗法,1
应用场景,亨廷顿病,1
应用场景,双相障碍,1
应用场景,恐惧症,1
应用场景,多重人格障碍,1
应用场景,注意力缺陷多动障碍,1
应用场景,生物神经调控,1
应用场景,脑组织探测,1
应用场景,脑组织刺激,1
应用场景,小脑功能障碍,1
应用场景,谷蛋白性共济失调,1
应用场景,脊髓小脑性共济失调,1
应用场景,伤口愈合,1
应用场景,恐惧心理,1
应用场景,多个性障碍,1
应用场景,注意力缺陷多动症,1
应用场景,癫痫发作分级,1
应用场景,刺激治疗,1
应用场景,癫痫发作识别,1
应用场景,便携式装置,1
应用场景,性能评估方法刺激大脑,1
应用场景,监测脑神经活动,1
应用场景,刺激患者的meynert基底核,1
应用场景,认知治疗,1
应用场景,机器人辅助肢体运动,1
应用场景,抑制器质性疼痛,1
应用场景,医疗用电气设备,1
应用场景,电神经刺激器,1
应用场景,治疗性脑刺激,1
应用场景,分子筛选,1
应用场景,药物筛选,1
应用场景,疼痛分析,1
应用场景,皮层癫痫脑功能定位,1
应用场景,手臂,1
应用场景,躯干,1
应用场景,腿部,1
应用场景,功能康复训练,1
应用场景,肌电信号采集,1
应用场景,癫痫发作咨询,1
应用场景,神经光电界面,1
应用场景,神经系统机械活性系统电光界面,1
应用场景,皮层癫痫监测,1
应用场景,脑损伤监测,1
应用场景,测量人体脑部的生物电信号,1
应用场景,人体中经皮电神经刺激,1
应用场景,神经电刺激和记录,1
应用场景,脑可植入装置,1
应用场景,听神经植入物,1
应用场景,神经刺激和/或感测,1
应用场景,神经性疾病的治疗和研究,1
应用场景,侵入式/半侵入式脑机接口,1
应用场景,微电极阵列,1
应用场景,高分辨率mea传感器,1
应用场景,网络化配置,1
应用场景,脑机接口控制系统,1
应用场景,神经元行为研究,1
应用场景,神经网络建模,1
应用场景,计算神经元学习,1
应用场景,电化学检测,1
应用场景,药物作用下神经细胞放电性能检测,1
应用场景,高性能脑机接口,1
应用场景,神经活动解析,1
应用场景,神经组织植入,1
应用场景,刺激或记录神经活动,1
应用场景,生物医学工程技术领域,1
应用场景,脑机接口电极植入设备,1
应用场景,脑机接口电极植入设备技术领域,1
应用场景,生物相容型脑机接口,1
应用场景,听力障碍用户交流,1
应用场景,脑机接口电极植入,1
应用场景,交互系统,1
应用场景,深部脑电刺激,1
应用场景,光刺激的神经细胞刺激及神经细胞光学成像的融合研究,1
应用场景,听觉脑干植入,1
应用场景,深部脑的电刺激,1
应用场景,脑电波检测,1
应用场景,神经细胞刺激的融合研究,1
应用场景,颅内感测,1
应用场景,患者电刺激,1
应用场景,患者电刺激器施加装置和系统,1
应用场景,脑损伤,1
应用场景,治疗患者的医学疾病,1
应用场景,颅骨/大脑接口系统,1
应用场景,靶向神经刺激治疗,1
应用场景,脊髓的电神经刺激,1
应用场景,脑神经活动监测,1
应用场景,脊髓刺激以减轻慢性疼痛,1
应用场景,胃肠刺激以减轻胃轻瘫或肥胖,1
应用场景,盆底刺激以减轻失禁或性功能障碍,1
应用场景,深部脑刺激以减轻神经障碍,1
应用场景,电刺激至少一个神经,1
应用场景,通过脑刺激调节感觉,1
应用场景,皮质和/或其它神经解剖学部位,1
应用场景,患者体内神经电活动监测,1
应用场景,颅骨/大脑接口,1
应用场景,植入式神经刺激,1
应用场景,治疗神经病症,1
应用场景,人脑内部深处,1
应用场景,神经病症的诊断和治疗,1
应用场景,人类患者,1
应用场景,健全个体,1
应用场景,神经调节和/或神经刺激系统,1
应用场景,治疗患者的方法,1
应用场景,神经运动障碍后的运动恢复,1
应用场景,促进和恢复运动,1
应用场景,脑深部区域,1
应用场景,深脑区域,1
应用场景,神经运动障碍后促进和恢复运动,1
应用场景,与人工视觉系统、可穿戴设备或其它外部设备进行通讯,1
应用场景,人工视觉系统,1
应用场景,外部设备通讯,1
应用场景,运动假体控制,1
应用场景,运动假体感觉反馈,1
应用场景,颅骨,1
应用场景,控制神经刺激,1
应用场景,颅内系统,1
应用场景,放置脑电极,1
应用场景,颅骨/脑机接口,1
应用场景,热转印,1
应用场景,诊断和治疗癫痫、运动障碍、抑郁症、阿尔茨海默氏病、孤独症、不省人事、止痛,1
应用场景,颅内神经接口系统,1
应用场景,诊断和治疗神经疾病和条件,1
应用场景,运动失调,1
应用场景,阿尔茨海默氏疾病,1
应用场景,皮层或皮层下神经接口,1
应用场景,闭环解码与神经调控/神经刺激系统,1
应用场景,颅骨/脑界面,1
应用场景,硬膜下植入,1
应用场景,脑外伤,1
应用场景,脊柱脐带,1
应用场景,任何其它合适的解剖位置,1
应用场景,视皮层神经组织的刺激,1
应用场景,选择性神经刺激,1
应用场景,神经系统监测,1
应用场景,细胞治疗,1
应用场景,可植入的无线神经装置,1
应用场景,前庭神经刺激,1
应用场景,活组织刺激,1
应用场景,记录技术,1
应用场景,神经刺激递送,1
应用场景,患者缓解状态诱导,1
应用场景,治疗大脑功能障碍,1
应用场景,将电刺激疗法递送至患者的大脑,1
应用场景,治疗或诊断系统,1
应用场景,无创脑刺激,1
应用场景,大脑神经通路重构,1
应用场景,精神状态治疗,1
应用场景,非治疗干预,1
应用场景,神经系统电场操纵,1
应用场景,震颤治疗,1
应用场景,癫痫发作控制,1
应用场景,精神状况治疗,1
应用场景,治疗中枢神经系统疾病,1
应用场景,颅内介入手术,1
应用场景,局部场电位(lfp),1
应用场景,骨盆区域,1
应用场景,强迫性障碍,1
应用场景,成瘾,1
应用场景,其它发育障碍,1
应用场景,各种医学病症的刺激治疗,1
应用场景,经颅磁刺激器,1
应用场景,中风受试者的运动皮层,1
应用场景,磁共振成像中电刺激深脑部分并检测脑电波,1
应用场景,自主神经刺激(ans)疗法,1
应用场景,神经信号检测,1
应用场景,传热,1
应用场景,神经病症的治疗和诊断,1
应用场景,神经探针阵列,1
应用场景,动物实验研究,1
应用场景,脊髓神经电刺激,1
应用场景,骨盆病症,1
应用场景,疼痛状况,1
应用场景,康复设备,1
应用场景,感觉运动障碍康复,1
应用场景,植入患者体内刺激神经元,1
应用场景,治疗患者状况,1
应用场景,中风患者治疗,1
应用场景,脊髓刺激治疗顽固性疼痛和顽固性心绞痛,1
应用场景,枕神经痛和转化性偏头痛的治疗,1
应用场景,传入迷走神经调节治疗癫痫、抑郁症、帕金森氏病等,1
应用场景,传出迷走神经刺激治疗心房纤颤和充血性心力衰竭,1
应用场景,胃神经或胃壁刺激治疗肥胖症,1
应用场景,骶神经刺激治疗尿失禁,1
应用场景,深部脑刺激治疗帕金森病,1
应用场景,海绵状神经刺激治疗勃起功能障碍,1
应用场景,脑网络神经调节,1
应用场景,脑刺激和监测,1
应用场景,睡眠和觉醒增强,1
应用场景,记忆巩固,1
应用场景,刺激具有病理同步和振荡神经活动的神经元,1
应用场景,神经退行性疾病,1
应用场景,多发性硬化症,1
应用场景,术后认知功能障碍,1
应用场景,术后谵妄,1
应用场景,治疗神经疾病或创伤,1
应用场景,刺激患者脑和/或脊髓中的神经元,1
应用场景,治疗情绪和/或焦虑症,1
应用场景,子感知疗法,1
应用场景,药物功效,1
应用场景,术中改变的治疗范围,1
应用场景,心脏,1
应用场景,内部器官,1
应用场景,dbs,1
应用场景,心脏起搏器,1
应用场景,ten,1
应用场景,神经活性调节,1
应用场景,神经可塑性研究,1
应用场景,外周神经定向空间刺激记录,1
应用场景,脑神经刺激器,1
应用场景,周围神经修复,1
应用场景,神经残端,1
应用场景,周围神经信号采集,1
应用场景,周围神经电刺激,1
应用场景,中枢神经系统疾病治疗,1
应用场景,外周神经系统疾病治疗,1
应用场景,精神病学疾病,1
应用场景,顽固性疼痛,1
应用场景,生物电信号的感测,1
应用场景,神经刺激线路,1
应用场景,神经探针,1
应用场景,监测或刺激生物体大脑、脊柱、神经或器官中的神经活动,1
应用场景,局部场电位(lfp)信号,1
应用场景,植入式神经接口装置,1
应用场景,直接植入患者颅内的神经刺激器装置,1
应用场景,其它神经障碍,1
应用场景,活体大脑皮层脑活动信息获取,1
应用场景,治疗疼痛,1
应用场景,诱导睡眠,1
应用场景,神经系统疾病的闭环电刺激治疗,1
应用场景,闭环刺激方法的临床研究,1
应用场景,动物研究,1
应用场景,帕金森病治疗,1
应用场景,颅内植入,1
应用场景,运动和感觉恢复,1
应用场景,脊髓刺激器装置,1
应用场景,神经电刺激治疗,1
应用场景,外周神经调节,1
应用场景,治疗与膀胱活动过度相关的疾病,1
应用场景,焦虑抑郁失眠治疗,1
应用场景,治疗性神经调节,1
应用场景,植入人体内以与脑组织相互作用,1
应用场景,减轻疼痛,1
应用场景,脑外部监测,1
应用场景,植入程序,1
应用场景,向有需要的患者施用可变脉冲电或磁刺激,1
应用场景,脑刺激设备向受试者的大脑提供神经刺激,1
应用场景,神经调节参数选择,1
应用场景,脊髓神经刺激,1
应用场景,家庭环境下的个性化神经调控,1
应用场景,改善患有认知障碍的个体的状况,1
应用场景,浅部神经调节,1
应用场景,心绞痛治疗,1
应用场景,帕金森氏症,1
应用场景,阿尔茨海默氏症,1
应用场景,基于运动或情绪的病症,1
应用场景,微创脑机接口,1
应用场景,诊断和恢复脑内异常电活动引起的病症,1
应用场景,电刺激生物组织,1
应用场景,头骨和头皮之间的点,1
应用场景,神经工程,1
应用场景,治疗慢性疼痛,1
应用场景,个性化认知状态估计,1
应用场景,面神经监测,1
应用场景,动物本体感觉实验,1
应用场景,肾动脉,1
应用场景,血管壁,1
应用场景,神经接口电子设备,1
应用场景,神经接口布置,1
应用场景,深部脑刺激治疗运动迟缓,1
应用场景,团队执行行为任务,1
应用场景,上肢功能恢复,1
应用场景,神经外科,1
应用场景,动物机器人行为调控,1
应用场景,脑电信号研究,1
应用场景,语音解码,1
应用场景,最佳脑机接口性能,1
应用场景,皮层映射,1
应用场景,神经细胞信号输出,1
应用场景,神经细胞信号记录,1
应用场景,神经细胞信号输入输出,1
应用场景,神经细胞电刺激,1
应用场景,侵入式脑机接口中的多视图解码,1
应用场景,侵入式脑机接口,1
应用场景,视力恢复技术,1
应用场景,非侵入性脑机通信,1
应用场景,视觉假肢,1
应用场景,驾驶员疲劳检测,1
应用场景,事故预防,1
应用场景,脑-计算机接口系统,1
应用场景,注意力广度实验,1
应用场景,上肢动态康复,1
应用场景,手部运动机能康复,1
应用场景,可穿戴脑机接口设备,1
应用场景,电信网络传输通信,1
应用场景,监测神经活动,1
应用场景,通过血管的内腔壁提供与患者自主神经的接口,1
应用场景,电针治疗,1
应用场景,神经外科疾病如癫痫的监测与治疗,1
应用场景,经颅电刺激设备,1
应用场景,迷走神经刺激治疗管理,1
应用场景,睡眠优化,1
应用场景,智能康复控制技术领域,1
应用场景,智能康复控制,1
应用场景,人体脑电信号处理与脑调控技术领域,1
应用场景,失眠用户,1
应用场景,头盔,1
应用场景,人与宠物双向语义交流,1
应用场景,宠物狗,1
应用场景,脑深部电刺激器控制,1
应用场景,癫痫病灶区定位,1
应用场景,临床医生辅助,1
应用场景,精神状态调节,1
应用场景,中风后的偏瘫患者康复训练,1
应用场景,截瘫患者康复,1
应用场景,截瘫患者下肢运动功能恢复,1
应用场景,睡眠过程中的记忆巩固,1
应用场景,管理电刺激治疗,1
应用场景,脑电采集设备技术领域,1
应用场景,生物技术领域,1
应用场景,向患者部位施加电刺激,1
应用场景,多目标脑区精确电刺激,1
应用场景,治疗患者的医疗疾病,1
应用场景,神经功能持久改变,1
应用场景,神经刺激程序,1
应用场景,神经功能中实行变化的患者,1
应用场景,轻度认知障碍,1
应用场景,硬膜外空间,1
应用场景,硬膜下空间,1
应用场景,代谢疾病,1
应用场景,治疗神经功能障碍,1
应用场景,神经控制,1
应用场景,治疗涉及癫痫发作的脑疾病,1
应用场景,患者安全监测,1
应用场景,脊髓电刺激,1
应用场景,身体区域电刺激,1
应用场景,神经系统功能改善,1
应用场景,与患者的电可激组织相互作用,1
应用场景,实际生活设置,1
应用场景,神经病症的刺激治疗,1
应用场景,医疗中用于组织刺激,1
应用场景,神经系统疾病和病症的诊断和治疗,1
应用场景,迷走神经的刺激治疗,1
应用场景,对患者进行神经刺激,1
应用场景,提高成绩,1
应用场景,神经运动损伤后促进和恢复运动,1
应用场景,异常信号定位,1
应用场景,脑部电极固定,1
应用场景,神经紊乱和病症的诊断,1
应用场景,神经紊乱和病症的治疗,1
应用场景,运动紊乱,1
应用场景,可植入引线装置,1
应用场景,协调重置神经调节,1
应用场景,床头颅内eeg记录,1
应用场景,颅内皮质脑电采集,1
应用场景,大脑电刺激,1
应用场景,神经控制系统,1
应用场景,颅内放置神经刺激器,1
应用场景,神经或精神状况的监测与治疗,1
应用场景,外周神经结构,1
应用场景,神经创伤康复治疗,1
应用场景,脑外伤恢复,1
应用场景,患者脑,1
应用场景,治疗帕金森病,1
应用场景,恢复感觉功能,1
应用场景,恢复身体活动,1
应用场景,恢复听觉活动,1
应用场景,恢复视觉活动,1
应用场景,恢复运动活动,1
应用场景,深部或浅部脑刺激,1
应用场景,整个头部的神经调节,1
应用场景,多种病症的治疗,1
应用场景,脑状态控制,1
应用场景,特定脑区,1
应用场景,周围神经刺激,1
应用场景,神经束膜植入,1
应用场景,脑部血管,1
应用场景,其他体腔,1
应用场景,运动功能恢复,1
应用场景,响应性脑刺激,1
应用场景,足下垂,1
应用场景,配置立体脑电图程序,1
应用场景,可植入器件,1
应用场景,植入脑内,1
应用场景,通过电刺激治疗神经疾病,1
应用场景,脑接口,1
应用场景,映射神经元结构,1
应用场景,操纵细胞结构,1
应用场景,认知和脑增强,1
应用场景,神经信号分析,1
应用场景,电疗,1
应用场景,肌肉刺激,1
应用场景,交变电场治疗,1
应用场景,情感控制,1
应用场景,医疗器械,1
应用场景,技能学习,1
应用场景,任务表现,1
应用场景,体感刺激,1
应用场景,中枢神经系统电刺激,1
应用场景,治疗oud和sud,1
应用场景,治疗或预防疾病,1
应用场景,植入电极阵列,1
应用场景,监测脑活动信号,1
应用场景,递送神经调节治疗,1
应用场景,慢性疼痛来源识别,1
应用场景,刺激,1
应用场景,控制应用,1
应用场景,癫痫发作的预测和预防,1
应用场景,治疗ptsd,1
应用场景,自闭症谱系障碍,1
应用场景,成瘾(sud),1
应用场景,大脑刺激,1
应用场景,光诱导神经元活动测量,1
应用场景,康复装置,1
应用场景,运动指示,1
应用场景,本体感受信息传达,1
应用场景,运动信息传达,1
应用场景,电子信息技术领域,1
应用场景,患者脑部,1
应用场景,向患者的脑神经提供电信号以治疗疾病,1
应用场景,神经疾病的治疗,1
应用场景,头痛,1
应用场景,脑刺激康复,1
应用场景,脑刺激治疗领域,1
应用场景,脑神经元活性调节,1
应用场景,功能性疾病的诊断与治疗,1
应用场景,植入式医疗器械,1
应用场景,记录指示神经活动的信号,1
应用场景,失眠干预,1
应用场景,焦虑干预,1
应用场景,脊髓损伤(sci),1
应用场景,其他神经系统疾病,1
应用场景,基于实时脑电信号监测通过夹带同步振荡刺激脑电波的定制tacs装置,1
应用场景,向患者提供电神经刺激治疗,1
应用场景,大鼠颅脑电刺激,1
应用场景,失眠,1
应用场景,经皮电神经刺激,1
应用场景,感知增强,1
应用场景,脑神经起搏,1
应用场景,刺激脑组织,1
应用场景,递送迷走神经治疗,1
应用场景,患者左颈内静脉,1
应用场景,患者右侧颈内静脉,1
应用场景,皮质视觉假体,1
应用场景,植入式电极阵列,1
应用场景,诊断和/或治疗神经退行性疾病和神经障碍,1
应用场景,插入到脑中测量来自脑的电信号或向脑施加电刺激,1
应用场景,电刺激生物的组织,1
应用场景,床边颅内脑电图记录,1
应用场景,向患者递送电压受限神经刺激,1
应用场景,经皮神经电刺激,1
应用场景,电麻醉,1
应用场景,阿尔茨海默病和相关痴呆的治疗,1
应用场景,深部颅内电极,1
应用场景,体内植入可植入系统,1
应用场景,植入体例如耳蜗,1
应用场景,体内植入,1
应用场景,无创脑刺激医疗保健,1
应用场景,外部使用,1
应用场景,可植入电极引线系统,1
应用场景,手术植入电极阵列,1
应用场景,假体,1
应用场景,插入软组织,1
应用场景,盆腔疼痛,1
应用场景,周围神经电极组件,1
应用场景,骨盆疼痛,1
应用场景,可植入神经刺激系统,1
应用场景,经血管神经刺激,1
应用场景,耳廓迷走神经刺激,1
应用场景,触觉再现,1
应用场景,生物医学工程,1
应用场景,中枢神经系统刺激,1
应用场景,肾神经调节,1
应用场景,心脏组织,1
应用场景,脑组织,1
应用场景,膀胱组织,1
应用场景,隔膜,1
应用场景,脊柱,1
应用场景,消化道组织,1
应用场景,肌肉组织,1
应用场景,非侵入性机械触觉和/或热神经刺激,1
应用场景,患者神经接口,1
应用场景,患者控制的大脑修复系统,1
应用场景,脑神经刺激接口,1
应用场景,经颈动脉颅内脑电信号探测,1
应用场景,颅内刺激记录,1
应用场景,经颅电刺激个体化优化,1
应用场景,基于磁共振影像的医学影像处理,1
应用场景,关闭环脑电刺激,1
应用场景,诊断性脑功能紊乱查明,1
应用场景,减轻或消除功能紊乱症状,1
应用场景,脑电刺激装置,1
应用场景,类脑类器官电刺激,1
应用场景,生物电信号调控,1
应用场景,大脑与数据处理设备之间数据传输,1
应用场景,重复经颅磁刺激,1
应用场景,认知能力提高,1
应用场景,个性化脑机接口(bci)治疗,1
应用场景,运动学习应用,1
应用场景,睡眠时,1
应用场景,睡眠脑电信号处理,1
应用场景,假肢控制,1
应用场景,脑控智能环境,1
应用场景,辅助移动设备,1
应用场景,个性化人机界面,1
应用场景,界面自适应,1
应用场景,心理健康监测,1
应用场景,脑电情绪识别,1
应用场景,跨任务迁移领域,1
应用场景,脑电信号分类,1
应用场景,脑电信号预测,1
应用场景,癫痫检测和治疗,1
应用场景,脑疾病诊断辅助系统,1
应用场景,脑障碍患者分类,1
应用场景,成瘾治疗,1
应用场景,脑部疾病诊断,1
应用场景,工作记忆增强,1
应用场景,住院治疗,1
应用场景,家用治疗,1
应用场景,健康帽,1
应用场景,脱髓鞘疾病,1
应用场景,病症,1
应用场景,大脑发育系统,1
应用场景,学习能力提升,1
应用场景,便携式设备,1
应用场景,脑发育系统,1
应用场景,学习者脑电波测量,1
应用场景,极简脑机接口系统,1
应用场景,实时精神状态监测,1
应用场景,幻肢痛治疗,1
应用场景,控制神经假体,1
应用场景,控制通信工具,1
应用场景,控制电动轮椅,1
应用场景,假肢设备,1
应用场景,智能家居系统,1
应用场景,增强通信工具,1
应用场景,语言学习,1
应用场景,专业培训,1
应用场景,认知康复,1
应用场景,改进教育方法学,1
应用场景,外语训练,1
应用场景,人机交互训练,1
应用场景,医疗监测,1
应用场景,认知通信系统,1
应用场景,智能物联网生态系统,1
应用场景,下一代无线网络,1
应用场景,记忆改善干预系统,1
应用场景,治疗幻肢痛,1
应用场景,脑电信号分类识别,1
应用场景,再学习过程,1
应用场景,检索期间,1
应用场景,假肢领域,1
应用场景,智能假肢手,1
应用场景,智能假肢,1
应用场景,手臂截肢者和瘫痪患者,1
应用场景,认知能力增强,1
应用场景,获得性脑损伤,1
应用场景,神经变性疾病,1
应用场景,脑疾病判定,1
应用场景,脑电信号特征增强,1
应用场景,记忆和学习,1
应用场景,协助学习记忆的电子产品技术领域,1
应用场景,神经康复治疗,1
应用场景,神经调节修复技术领域,1
应用场景,交感神经型颈椎病治疗,1
应用场景,脑机接口学习,1
应用场景,胃肠疾病治疗,1
应用场景,运动任务学习,1
应用场景,中风康复训练,1
应用场景,神经功能康复治疗,1
应用场景,学习增强,1
应用场景,消费者体验刻画效果评估,1
应用场景,实验室环境,1
应用场景,公司环境,1
应用场景,无线设备,1
应用场景,商店监视器,1
应用场景,显示器,1
应用场景,脑电图(eeg)系统,1
应用场景,营销和娱乐材料分析,1
应用场景,观众反应分析,1
应用场景,娱乐设置,1
应用场景,无线脑电极模块对计算机接口,1
应用场景,脑电图信号获取,1
应用场景,脑电图信号采集,1
应用场景,脑电信号记录,1
应用场景,人头部有毛发区域,1
应用场景,记录eeg信号,1
应用场景,提供神经刺激,1
应用场景,基于内容的广告插播选择,1
应用场景,广告元标记,1
应用场景,产品体验评估,1
应用场景,测量生物电信号,1
应用场景,脑电图采集,1
应用场景,识别和追踪棒球投球轨迹,1
应用场景,精神行为属性识别,1
应用场景,活体,1
应用场景,血液循环单元,1
应用场景,调节生理状态,1
应用场景,生物电测量,1
应用场景,改进神经病学状态的分类和治疗,1
应用场景,康复程序,1
应用场景,生物体皮肤表面,1
应用场景,心理健康咨询,1
应用场景,军事,1
应用场景,学校,1
应用场景,医院,1
应用场景,脑电图(eeg)头戴设备,1
应用场景,neurocognitive测试,1
应用场景,仅通过眼睛注视点来控制来自视频显示器的计算机化机械,1
应用场景,临床试验中的样本选择,1
应用场景,远程评估和治疗,1
应用场景,患者的皮肤表面头装置,1
应用场景,功能性磁共振成像(mri),1
应用场景,广告展示领域,1
应用场景,可穿戴智能设备技术应用领域,1
应用场景,ar智能眼镜进行产品兴趣分析和广告的精准智能推送,1
应用场景,视频播放,1
应用场景,视频广告,1
应用场景,电影文件,1
应用场景,个人计算机,1
应用场景,数字视频光盘,1
应用场景,电影院屏幕,1
应用场景,手持设备,1
应用场景,视频控制台,1
应用场景,广告期间,1
应用场景,商业评估,1
应用场景,商业序列,1
应用场景,广告商,1
应用场景,便携式通信设备,1
应用场景,商业广告评价,1
应用场景,产品广告比较,1
应用场景,娱乐材料生理评价,1
应用场景,广告插入递送定时,1
应用场景,驾驶员或飞行员辅助,1
应用场景,alzzimer型痴呆治疗,1
应用场景,光学头戴式显示器设备,1
应用场景,自动视觉测试,1
应用场景,视觉系统故障诊断,1
应用场景,处方校正,1
应用场景,监测视觉、全刺激或躯体稳态刺激产生的诱发电位,1
应用场景,移动访问,1
应用场景,客户端计算设备显示器观看,1
应用场景,移动访问脑电图数据,1
应用场景,自动视觉测试系统,1
应用场景,监测视觉、听觉或躯体稳态刺激产生的诱发电位,1
应用场景,平面广告评测,1
应用场景,使用头戴式显示器,1
应用场景,使用可穿戴式显示器,1
应用场景,最小意识状态患者的康复训练,1
应用场景,狭窄空间,1
应用场景,难以使用手的情况,1
应用场景,可佩戴显示器,1
应用场景,多媒体内容,1
应用场景,虚拟现实图像检查,1
应用场景,多媒体内容处理,1
应用场景,智能导航,1
应用场景,下肢康复系统,1
应用场景,步态康复训练,1
应用场景,麻醉控制,1
应用场景,显示器上数字内容的呈现,1
应用场景,脑电图(eeg)信号分析,1
应用场景,大脑能力测试训练,1
应用场景,显示器上数字内容呈现,1
应用场景,痴呆患者治疗,1
应用场景,脑电空间定位,1
应用场景,脑电增强,1
应用场景,门禁广告推送,1
应用场景,门禁交互开启,1
应用场景,脑电波动画,1
应用场景,人机交流,1
应用场景,脑电测试,1
应用场景,移动访问高分辨率脑电数据,1
应用场景,个性化建筑物环境,1
应用场景,日常生活,1
应用场景,媒体体验,1
应用场景,按摩机,1
应用场景,多通道eeg数据地形显示,1
应用场景,购物诱导,1
应用场景,ar头戴式设备,1
应用场景,农村地区孕妇和胎儿的生命体征监测,1
应用场景,疫情期间交通受限时的远程健康监测,1
应用场景,乡村卫生护士(vhn)访问村庄时快速收集生命体征,1
应用场景,评价酒类产品人体饮后舒适程度,1
应用场景,评价消费者对酒类产品的接受度,1
应用场景,对不同酒类产品的品质进行生理感官评价,1
应用场景,指导酒类产品设计改进,1
应用场景,头戴设备,1
应用场景,棒球帽,1
应用场景,碰撞头盔,1
应用场景,游泳帽,1
应用场景,运动头盔,1
应用场景,个性化音乐推送,1
应用场景,便携式脑波检测,1
应用场景,控制与脑波相关的设备的方向及速度,1
应用场景,连接于电脑或控制与脑波相关的近/远距离外部设置,1
应用场景,驾驶车辆,1
应用场景,车辆中的乘客,1
应用场景,消费媒体呈现,1
应用场景,车辆控制,1
应用场景,脑电图诊断系统,1
应用场景,心电图诊断系统,1
应用场景,肌电图诊断系统,1
应用场景,脑磁图诊断系统,1
应用场景,移动式神经信号数据采集,1
应用场景,物质的感官评价,1
应用场景,广告间隙插入,1
应用场景,仿体,1
应用场景,个性化教育系统,1
应用场景,商标相似度判定系统,1
应用场景,内容评估,1
应用场景,图像呈现,1
应用场景,神经功能治疗,1
应用场景,心理生理对刺激的反应进行个性和能力匹配,1
应用场景,神经心理分析,1
应用场景,认知评估,1
应用场景,屏幕对象,1
应用场景,图形用户界面gui,1
应用场景,人体检测,1
应用场景,脑神经刺激治疗癫痫性障碍,1
应用场景,免持装置,1
应用场景,手部免提设备,1
应用场景,控制设备,1
应用场景,控制装置,1
应用场景,精神病学,1
应用场景,动物应用,1
应用场景,现实世界,1
应用场景,家庭神经监测,1
应用场景,统计分析,1
应用场景,工作或过程调度,1
应用场景,管理决策,1
应用场景,评估与多个感觉刺激相关的脑信息相似性,1
应用场景,观看图像的用户,1
应用场景,显示设备,1
应用场景,车辆,1
应用场景,意识障碍患者脑功能评估,1
应用场景,基于用户佩戴的耳机,1
应用场景,计算设备执行动作,1
应用场景,医学图像分析,1
应用场景,观看图像的用户认知分析,1
应用场景,人类受试者响应于包含目标图像和非目标图像的一系列图像,1
应用场景,视频和电影游戏,1
应用场景,神经反馈训练系统,1
应用场景,视频内容训练,1
应用场景,健脑发育障碍改善,1
应用场景,新生儿临床视频脑电图自动分析,1
应用场景,基于脑电的运动图像脑机接口(bci),1
应用场景,中风患者的康复,1
应用场景,目标图像识别,1
应用场景,非目标图像识别,1
应用场景,脑机感知增强,1
应用场景,v-bci实际应用场景,1
应用场景,人体受试者脑电信号分类,1
应用场景,含目标图像和非目标图像的一系列图像,1
应用场景,阿尔茨海默和额颞叶痴呆诊断,1
应用场景,驾驶员视觉显著性区域预测,1
应用场景,运动方向预测,1
应用场景,视觉刺激响应分类,1
应用场景,阿尔茨海默诊断,1
应用场景,额颞叶痴呆诊断,1
应用场景,认知图像分类,1
应用场景,图像重建,1
应用场景,情感脑机接口,1
应用场景,脑电信号情感识别,1
应用场景,盲导,1
应用场景,需要盲导的不同场合,1
应用场景,视觉刺激下的脑电图信号分类,1
应用场景,移动性,1
应用场景,自然语言处理,1
应用场景,语言康复,1
应用场景,视频片段播放器控制,1
应用场景,图像视觉记忆的客观确定,1
应用场景,移动载具内,1
应用场景,心理护理,1
应用场景,脑电图电极放置,1
应用场景,语音图像监测,1
应用场景,腿功能康复,1
应用场景,步态功能康复,1
应用场景,盲人引导,1
应用场景,自然语言处理技术领域,1
应用场景,移动性中至少一名乘客,1
应用场景,文本输入系统,1
应用场景,脑控文本输入,1
应用场景,癫痫视频脑电图检查,1
应用场景,虚拟现实运动康复,1
应用场景,视频游戏运动康复,1
应用场景,非接触操作,1
应用场景,运动障碍者通信,1
应用场景,文本录入,1
应用场景,脑电图快速连续视觉呈现,1
应用场景,视频觉醒度分类,1
应用场景,脑部成像,1
应用场景,癫痫监测,1
应用场景,视频神经解码,1
应用场景,学习人工智能模型,1
应用场景,家庭设置监控,1
应用场景,医院视频监控,1
应用场景,生物信息技术,1
应用场景,功能性磁共振图像处理,1
应用场景,癫痫发作记录,1
应用场景,fmri视觉重构,1
应用场景,视觉系统训练,1
应用场景,三-维感知能力训练,1
应用场景,fmri拍摄,1
应用场景,多模态mri融合,1
应用场景,图像处理,1
应用场景,医学影像,1
应用场景,广告或娱乐内容,1
应用场景,视频广告插入,1
应用场景,图像广告插入,1
应用场景,网页广告插入,1
应用场景,文本广告插入,1
应用场景,广告交换,1
应用场景,脑功能信息库系统,1
应用场景,健康监护,1
应用场景,移动式神经辅助个人助理,1
应用场景,服装集成,1
应用场景,脑电波测试存储及处理领域,1
应用场景,头皮接触面复杂的情况,1
应用场景,皮肤信号采集,1
应用场景,视觉注意跟踪,1
应用场景,脑电图脑机接口,1
应用场景,神经功能测量,1
应用场景,便携式脑电图设备,1
应用场景,基于脑电图控制系统的训练,1
应用场景,场所相关服务的可控设备控制,1
应用场景,场所区域提供场所相关服务,1
应用场景,智能手机使用,1
应用场景,密集触摸板使用,1
应用场景,验证人的反应的有效性,1
应用场景,增强现实内容创作,1
应用场景,记录脑电信号,1
应用场景,特殊应用的数据处理,1
应用场景,检测和调节用户心理状态,1
应用场景,脑电图测量装置,1
应用场景,脑电采集技术领域,1
应用场景,不同场景下采集脑电信号,1
应用场景,小动物脑电图测量,1
应用场景,低运动强度场景,1
应用场景,非屏蔽环境,1
应用场景,消费级脑机接口,1
应用场景,稳态视觉诱发电位视觉疲劳量化,1
应用场景,电子监控技术领域,1
应用场景,不同场景下的脑电信号采集,1
应用场景,意念控制虚实融合反馈,1
应用场景,产品评估,1
应用场景,服务评估,1
应用场景,附着到人体皮肤上,1
应用场景,多市场计划,1
应用场景,广告响应监测,1
应用场景,干电极,1
应用场景,营销和娱乐材料,1
应用场景,脑到设备接口,1
应用场景,高精度脑电监测,1
应用场景,长时间脑电监测,1
应用场景,头设置式脑电图,1
应用场景,用户观看虚拟现实图像,1
应用场景,用户使用虚拟现实设备,1
应用场景,脑波测量,1
应用场景,营销信息设计质量评估,1
应用场景,区域内提供场所相关服务,1
应用场景,密集触摸板使用(智能手机)对体感诱发电位的影响,1
应用场景,虚拟现实(vr)环境,1
应用场景,脑电波诱导,1
应用场景,棒球投球轨迹识别与跟踪,1
应用场景,可穿戴扩展现实神经科学分析,1
应用场景,神经学评估,1
应用场景,神经退行性疾病的诊断或治疗,1
应用场景,心理疏导,1
应用场景,虚拟现实内容安全评估,1
应用场景,癫痫患者vr使用防护,1
应用场景,数字和物理环境中的输入设备交互,1
应用场景,网络安全,1
应用场景,定制内容提供,1
应用场景,艺术表现,1
应用场景,广播演示,1
应用场景,旅行,1
应用场景,广告或其他内容,1
应用场景,产品配方定制,1
应用场景,神经功能研究,1
应用场景,生物医学应用,1
应用场景,医疗应用,1
应用场景,生物医学研究,1
应用场景,虚拟现实体验中心,1
应用场景,虚拟现实服务,1
应用场景,用户应用,1
应用场景,用户状态调节,1
应用场景,大脑区域训练,1
应用场景,用户沉浸体验,1
应用场景,图像生成,1
应用场景,智能情绪评估,1
应用场景,管网系统,1
应用场景,管道数据处理,1
应用场景,模拟用户大脑,1
应用场景,化身脑状态模拟,1
应用场景,疾病或障碍治疗,1
应用场景,视觉功能评估,1
应用场景,可穿戴系统,1
应用场景,最小意识状态患者意识状态评估,1
应用场景,视知觉实验,1
应用场景,青光眼检测,1
应用场景,医疗保健管理,1
应用场景,嗅觉感官评估,1
应用场景,临床诊断和干预,1
应用场景,老年群体的痴呆预防,1
应用场景,嗅觉感官体验评估,1
应用场景,医学领域,1
应用场景,嗅觉和味觉康复系统,1
应用场景,产品特定味觉体验过程,1
应用场景,经颅磁刺激治疗,1
应用场景,视听广告评估,1
应用场景,可视或音频广告有效性评价,1
应用场景,生物医学领域,1
应用场景,运动想象区脑电采集,1
应用场景,初始筛查和诊断与注意力受损相关的疾病,1
应用场景,adhd,1
应用场景,治疗和评估治疗效果,1
应用场景,基于头戴式显示器的脑机接口,1
应用场景,心内直视手术,1
应用场景,虚拟现实体验,1
应用场景,脑电波夹带训练,1
应用场景,游戏化脑电波增强,1
应用场景,人工耳蜗植入者情感语义辨识能力评估,1
应用场景,用户输入和输出的模拟器,1
应用场景,评估全麻期间的意识水平,1
应用场景,需要高质量eeg的其他设备,1
应用场景,脑活性分析,1
应用场景,自动行为分析,1
应用场景,评估人类受访者的精神状态,1
应用场景,注意力受损(例如adhd)相关的疾病的初始筛查和诊断,1
应用场景,治疗和评价治疗(例如药物治疗或附加治疗)的效果,1
应用场景,评估中风后抑郁状态,1
应用场景,评估脑卒中后抑郁症患者的病情,1
应用场景,脑卒中后抑郁症患者的病情评估,1
应用场景,无人机操作员的注意力状态评估,1
应用场景,视觉检查,1
应用场景,最小意识状态患者的脑反应检测,1
应用场景,意识障碍患者的视觉定位能力评估,1
应用场景,临床医生确诊,1
应用场景,失神脑电图评估,1
应用场景,受试者学习对特定身体部位的刻意控制,1
应用场景,认知功能训练,1
应用场景,脑健康,1
应用场景,脑电图系统远程质量控制,1
应用场景,信息处理装置,1
应用场景,大脑皮层兴奋性检测,1
应用场景,精神表现监测,1
应用场景,压力监测,1
应用场景,焦虑监测,1
应用场景,情绪监测,1
应用场景,行为表现监测,1
应用场景,神经-信息学储存库系统,1
应用场景,营销分析,1
应用场景,娱乐刺激分析,1
应用场景,个性化数据教育,1
应用场景,脑电图学,1
应用场景,评估认知障碍治疗的功效,1
应用场景,检测参与特定组织、行为或犯罪活动,1
应用场景,脑电测量,1
应用场景,全脑eeg神经反馈训练,1
应用场景,头带,1
应用场景,评估昏迷受试者的反应性,1
应用场景,癫痫症状信息提供,1
应用场景,放置在患者的头皮上以检测eeg系统中的脑电波,1
应用场景,入耳式脑活动传感器,1
应用场景,头部穿戴设备,1
应用场景,治疗系统,1
应用场景,认知健康评估程序,1
应用场景,生物医学信号测量,1
应用场景,远程医疗,1
应用场景,脑功能评价,1
应用场景,认知疾病评估,1
应用场景,教育训练评估,1
应用场景,便携式神经反馈,1
应用场景,用户头部区域,1
应用场景,任务执行过程中的认知状态分析,1
应用场景,远程用户访问,1
应用场景,指挥计算机和机械设备,1
应用场景,咨询,1
应用场景,商业,1
应用场景,大脑活动分析,1
应用场景,广告投放,1
应用场景,媒体内容分析,1
应用场景,计算机导航,1
应用场景,面部图像生成,1
应用场景,人脑与计算机之间的通信领域(脑机接口),1
应用场景,基于脑电图信号识别对人所观察的视觉对象进行分类,1
应用场景,延长的eeg记录,1
应用场景,家庭影院,1
应用场景,脑机接口信号处理,1
应用场景,脑网络分析,1
应用场景,大脑皮层活动监测,1
应用场景,增强现实智能镜系统,1
应用场景,脑机接口分类系统领域,1
应用场景,抑郁症辅助诊断,1
应用场景,手部运动轨迹恢复,1
应用场景,脑电图数据采集诊断,1
应用场景,神经信号处理研究领域,1
应用场景,静息态脑功能研究,1
应用场景,情感分类,1
应用场景,图像检测,1
应用场景,轻度认知障碍患者的康复训练,1
应用场景,大脑认知功能综合性评估,1
应用场景,医疗目的,1
应用场景,视觉分类任务,1
应用场景,精神分裂症早期检测评估,1
应用场景,精神分裂症患者护理,1
应用场景,默认态脑网络中心节点检测,1
应用场景,运动想象脑功能网络,1
应用场景,映射癫痫网络,1
应用场景,外科规划,1
应用场景,切除神经外科手术,1
应用场景,运动想象脑功能网络构建,1
应用场景,意识水平识别,1
应用场景,doc患者类型区分,1
应用场景,清醒、镇静和麻醉患者的意识水平评估,1
应用场景,大脑疲劳检测,1
应用场景,自然运动脑电图识别,1
应用场景,脑信息解码技术领域,1
应用场景,飞行员注意力水平监测,1
应用场景,飞行员注意力监测,1
应用场景,睡眠简档确定,1
应用场景,新生儿癫痫检测,1
应用场景,脑网络活动估计,1
应用场景,心理健康护理,1
应用场景,驾驶员安全应用,1
应用场景,神经细胞网络监测,1
应用场景,成像测量,1
应用场景,高通量分析,1
应用场景,rc汽车模型,1
应用场景,玩偶,1
应用场景,脑功能磁共振成像,1
应用场景,机器学习领域,1
应用场景,意识障碍辅助交流,1
应用场景,运动意图识别,1
应用场景,tms治疗评估,1
应用场景,医疗设备展示,1
应用场景,定量刻画脑功能网络,1
应用场景,脑部障碍部位测量,1
应用场景,重度抑郁症严重程度分类,1
应用场景,营销刺激,1
应用场景,娱乐刺激,1
应用场景,检测观众对媒体递送设备的关注,1
应用场景,计算机监视器,1
应用场景,媒体递送设备,1
应用场景,评价刺激材料,1
应用场景,脑-计算机交互作用,1
应用场景,生物电信号测量,1
应用场景,面部表情诱发的大脑反应分析,1
应用场景,情绪表达相关神经机制研究,1
应用场景,脑电生理健康评估,1
应用场景,非遗vr体验,1
应用场景,脑疾病诊断,1
应用场景,脑损伤检测,1
应用场景,用户校准,1
应用场景,认知感观刺激相关的处理,1
应用场景,评价对象的分布在二维平面或三维可视化,1
应用场景,智能识别领域,1
应用场景,诊断目的测量领域,1
应用场景,神经计算,1
应用场景,计算机视觉应用技术领域,1
应用场景,任务执行,1
应用场景,视频推荐,1
应用场景,一般问询互动类应用场景,1
应用场景,心理监测,1
应用场景,定制认知训练,1
应用场景,人机交互/脑机交互,1
应用场景,情绪障碍类型识别,1
应用场景,神经信息分析,1
应用场景,情感分析,1
应用场景,注意力训练治疗,1
应用场景,分析eeg响应视频媒体立面的刺激,1
应用场景,个体筛选,1
应用场景,询问,1
应用场景,识别,1
应用场景,检测欺骗,1
应用场景,个性化数据教育系统,1
应用场景,认知功能障碍治疗,1
应用场景,抑郁检测,1
应用场景,焦虑检测,1
应用场景,疲劳状态检测,1
应用场景,监测活体受试者神经活动,1
应用场景,情绪识别技术领域,1
应用场景,病人头部,1
应用场景,监测和改善认知灵活性,1
应用场景,情感脑机接口技术领域,1
应用场景,人体头部脑电信号采集,1
应用场景,视频图像播放,1
应用场景,社交认知相关数据采集和分析领域,1
应用场景,评估与多种感觉刺激相关的脑信息相似性,1
应用场景,可视化相似性,1
应用场景,监测个体活动,1
应用场景,控制执行设备或辅助设备,1
应用场景,提供生物反馈,1
应用场景,改善正念,1
应用场景,集中,1
应用场景,静心,1
应用场景,焦虑情绪调控和改善,1
应用场景,个体化、多疗程的神经调控训练,1
应用场景,神经系统状态监测,1
应用场景,评估认知障碍治疗功效,1
应用场景,检测大脑中的信息,1
应用场景,脑区网络活动训练,1
应用场景,同感度评估,1
应用场景,生物信号处理技术领域,1
应用场景,情绪评估,1
应用场景,心理干预,1
应用场景,生物学计算技术领域,1
应用场景,智能音乐调控,1
应用场景,任务相关刺激,1
应用场景,脑-计算机交互,1
应用场景,媒体内容回放,1
应用场景,终端媒体播放控制,1
应用场景,引导的eeg刺激,1
应用场景,多人同时监测,1
应用场景,昏迷治疗优化,1
应用场景,意识障碍治疗,1
应用场景,情绪分析,1
应用场景,情绪调节,1
应用场景,对象预测,1
应用场景,视频推荐系统,1
应用场景,个体化神经调控,1
应用场景,神经刺激的临床应用,1
应用场景,神经调节的临床应用,1
应用场景,压力调节,1
应用场景,脑响应辨识,1
应用场景,听觉刺激,1
应用场景,视觉刺激,1
应用场景,人机智能协同技术领域,1
应用场景,特征识别领域中的脑电信号情绪及情绪障碍识别领域,1
应用场景,虚拟/增强现实,1
应用场景,重力感知功能检查,1
应用场景,生物信号测量,1
应用场景,智能体共情响应,1
应用场景,学习者情绪引导下的脑机耦合,1
应用场景,eeg电极定位头戴式装置,1
应用场景,脑节律分析,1
应用场景,脑电图信号记录,1
应用场景,情感计算,1
应用场景,神经营销,1
应用场景,医疗保健分析,1
应用场景,脑机接口应用,1
应用场景,查询助手软件,1
应用场景,脑电电极定位,1
应用场景,改进神经病学状态,1
应用场景,认知或注意力训练,1
应用场景,视觉感知,1
应用场景,脑机接口设备控制,1
应用场景,脑电信号处理技术领域,1
应用场景,精神生理学,1
应用场景,视觉刺激如电视商业显示的屏幕,1
应用场景,广告设计,1
应用场景,数据处理技术领域,1
应用场景,视频数据质量评估,1
应用场景,远程诊断,1
应用场景,人类观看者视觉刺激,1
应用场景,监测和评估用户的临床状态,1
应用场景,计算机上光标运动,1
应用场景,电视商业广告显示,1
应用场景,视觉刺激评估,1
应用场景,脑机接口领域,1
应用场景,零样本神经解码,1
应用场景,脑活动成像,1
应用场景,智能医疗领域,1
应用场景,法医学,1
应用场景,嫌疑人陈述真实性判断,1
应用场景,磁共振成像期间的电生理信号记录,1
应用场景,位置或运动监测,1
应用场景,脑活动eeg成像,1
应用场景,立体视频字幕舒适度评价,1
应用场景,疲劳驾驶检测,1
应用场景,驾驶员注意力检测,1
应用场景,视频电信系统,1
应用场景,模拟驾驶实验,1
应用场景,驾驶员睡意的非侵入性长期评估,1
应用场景,残障人士通信系统,1
应用场景,als患者,1
应用场景,创伤后应激障碍治疗,1
应用场景,理解人脑,1
应用场景,物联网设备控制,1
应用场景,无线游戏机,1
应用场景,文教学习,1
应用场景,动作识别,1
应用场景,视觉注意力测量技术领域,1
应用场景,脑电图观察脑岛皮层活动,1
应用场景,磁共振成像期间记录脑电图,1
应用场景,脑岛皮质活动的采样,1
应用场景,脑信号处理,1
应用场景,脑岛皮质活动的取样,1
应用场景,有意识和无意识受试者的健康和患病皮层事件和状态,1
应用场景,预先存在的数据,1
应用场景,eeg分析,1
应用场景,脑活性监测,1
应用场景,精神状态的发展和训练,1
应用场景,神经多样性人群的智能替代和增强通信,1
应用场景,帮助患有自闭症和失明的残疾人表达自己,1
应用场景,心理治疗,1
应用场景,自我专注评估,1
应用场景,运动想象脑电信号分类,1
应用场景,视觉身份和类别重建,1
应用场景,自动驾驶,1
应用场景,定制化自动驾驶,1
应用场景,hmd头戴设备,1
应用场景,皮质成像模式,1
应用场景,动态electrocortical成像(deci),1
应用场景,测量健康和患病皮质事件,1
应用场景,清醒状态和无意识的对象的测量,1
应用场景,脑电波图异常检测,1
应用场景,同时eeg/mri检查,1
应用场景,轮椅运动控制,1
应用场景,应急救援,1
应用场景,用户终端,1
应用场景,并发eeg/mri检查,1
应用场景,脑成像,1
应用场景,同步eeg-fmri扫描,1
应用场景,fmri图像采集同时采集脑电信号,1
应用场景,人工智能及生物医学传感技术领域,1
应用场景,睡眠,1
应用场景,唤醒,1
应用场景,控制或治疗震颤和癫痫发作,1
应用场景,治疗自主神经系统的紊乱如惊恐发作,1
应用场景,认知障碍风险识别,1
应用场景,注意力分析,1
应用场景,电阻测量装置,1
应用场景,无毛发或少毛发区域的脑电(前额区域),1
应用场景,肌肉电信号,1
应用场景,心电,1
应用场景,采集脑电信号,1
应用场景,无创性人脑计算机接口,1
应用场景,识别和跟踪棒球投球轨迹,1
应用场景,控制显示设备,1
应用场景,人才评估,1
应用场景,能力测试,1
应用场景,认知脑功能的评估,1
应用场景,临床诊断和监测,1
应用场景,营销通信,1
应用场景,营销传播研究,1
应用场景,人事管理研究,1
应用场景,评估购买选项,1
应用场景,测量员工满意度或员工士气,1
应用场景,无动力系统,1
应用场景,医学材料领域,1
应用场景,脑电波感测处理,1
应用场景,检测eeg信号,1
应用场景,皮肤干电极,1
应用场景,神经系统健康生理评估,1
应用场景,痴呆症早期检测,1
应用场景,脑损伤状态评估,1
应用场景,人检测,1
应用场景,媒体立面,1
应用场景,神经疾病诊断,1
应用场景,学习体验,1
应用场景,睡眠期间监测,1
应用场景,神经变性疾病的非侵入性评估,1
应用场景,正念治疗,1
应用场景,虚拟现实治疗,1
应用场景,研究和临床工作,1
应用场景,临床和研究睡眠研究,1
应用场景,警觉性研究,1
应用场景,紧急大脑监测,1
应用场景,监测受试者大脑活动,1
应用场景,认知能力训练,1
应用场景,图像视觉记忆评估,1
应用场景,脑接口系统,1
应用场景,装置操作菜单,1
应用场景,头皮电极阵列,1
应用场景,脑波情绪状态检测,1
应用场景,轻量级脑电图监测设备,1
应用场景,人机交互干电极制备,1
应用场景,传感器,1
应用场景,扩展现实,1
应用场景,媒体流处理,1
应用场景,刺激材料压缩,1
应用场景,感觉能力评估,1
应用场景,确定大量触摸板使用对体感诱发电位的影响,1
应用场景,配置助听器,1
应用场景,扩展现实(xr)系统,1
应用场景,个性化环境呈现,1
应用场景,神经调节的计划和/或提供,1
应用场景,心理和行为相关性分析,1
应用场景,有义器官的测试,1
应用场景,控制装置执行预定操作,1
应用场景,对象的有义估计客观条件,1
应用场景,测量脑同步,1
应用场景,体内和经颅刺激对象的脑组织,1
应用场景,不同复杂程度的任务执行,1
应用场景,听觉事件相关电位测量,1
应用场景,脑活动分析,1
应用场景,大脑能力测试,1
应用场景,大脑能力训练,1
应用场景,药物成瘾患者,1
应用场景,动作程序,1
应用场景,精神或情绪障碍诊断,1
应用场景,精神病学深部脑刺激系统,1
应用场景,自主神经健康监测,1
应用场景,功能磁共振成像,1
应用场景,诊断神经障碍,1
应用场景,注意力监控,1
应用场景,视线记录,1
应用场景,头戴式耳机形式的脑电图记录和光生物调节设备,1
应用场景,认知和生理状态监视与刺激,1
应用场景,adhd诊断,1
应用场景,媒体提供商,1
应用场景,媒体内容观看,1
应用场景,广告监测,1
应用场景,脑功能检测评估,1
应用场景,图像内容评估,1
应用场景,用户关注区域分析,1
应用场景,用户兴趣程度分析,1
应用场景,神经信号数据处理,1
应用场景,个人设备使用监测,1
应用场景,智能手机使用影响评估,1
应用场景,基于神经生理学的控制系统,1
应用场景,异步控制指令,1
应用场景,异步控制,1
应用场景,脑控轮椅,1
应用场景,医疗和研究实践中,1
应用场景,脑控轮椅系统,1
应用场景,安全生产监控,1
应用场景,游戏界面,1
应用场景,脑电图信号放大,1
应用场景,脑信息采集技术领域,1
应用场景,虚拟消费场景,1
应用场景,商品推荐,1
应用场景,脑电(eeg)电极,1
应用场景,刺激材料习惯化分析,1
应用场景,产品,1
应用场景,购买,1
应用场景,消费,1
应用场景,销售和娱乐材料,1
应用场景,神经科学临床研究,1
应用场景,神经和精神病理学临床研究,1
应用场景,精神病理学临床研究,1
应用场景,精神病学病理临床研究,1
应用场景,视觉-诱发电位检测,1
应用场景,测量脑波,1
应用场景,消费应用,1
应用场景,购买后评估,1
应用场景,产品包装改进,1
应用场景,服务组件修改,1
应用场景,持续体验改善,1
应用场景,消费者行为改变,1
应用场景,多感官呈现设备,1
应用场景,虚拟现实(vr)设备,1
应用场景,视觉显示设备,1
应用场景,声音设备,1
应用场景,触觉设备,1
应用场景,视觉显示,1
应用场景,声音呈现,1
应用场景,触觉呈现,1
应用场景,人因工程技术领域,1
应用场景,视觉对象,1
应用场景,品牌和广告,1
应用场景,商业传播,1
应用场景,个人传达信息,1
应用场景,寻求公职的个人反应,1
应用场景,扩展现实环境,1
应用场景,暴露疗法,1
应用场景,指导心理治疗,1
应用场景,媒体内容分类或识别认知响应状态,1
应用场景,元宇宙,1
应用场景,沉浸式空间,1
应用场景,虚拟现实交互系统,1
应用场景,视觉脑-计算机接口,1
应用场景,便携式无线记录脑电活动,1
应用场景,研究个人或一组个人对所获得的视觉或其它信息的情绪反应,1
应用场景,无创性人体神经认知性能测试,1
应用场景,大脑训练,1
应用场景,心理生理学反应评估,1
应用场景,用户心理表现监测,1
应用场景,头戴式设备,1
应用场景,人机接口,1
应用场景,视觉刺激实验,1
应用场景,虚拟现实治愈,1
应用场景,增加与传统和新媒体内容的互动,1
应用场景,简化数字和物理环境中与输入设备的交互,1
应用场景,向用户提供定制内容,1
应用场景,产品推荐,1
应用场景,产品偏好确定,1
应用场景,视觉对象评估,1
应用场景,品牌和广告评估,1
应用场景,商业传播评估,1
应用场景,个人呈现信息评估,1
应用场景,寻求公职的个人反应评估,1
应用场景,基于手机的无线和移动脑-机器接口,1
应用场景,测量对音视频显示器的eeg响应,1
应用场景,用户沉浸在体验中,1
应用场景,语义处理能力诊断,1
应用场景,阿尔茨海默病进展评估,1
应用场景,主观显著性评估,1
应用场景,脑波诊断,1
应用场景,游戏、视频、3d图像或3d vr/ar内容,1
应用场景,脑部疾病、痴呆和抑郁症治疗,1
应用场景,辅助诊断脑波功能障碍,1
应用场景,真实世界(非临床)环境中执行活动,1
应用场景,用户界面内容呈现,1
应用场景,诊断生物医学设备,1
应用场景,虚拟环境交互,1
应用场景,精准精神科,1
应用场景,精准精神病学,1
应用场景,虚拟现实认知训练,1
应用场景,增强与传统及新媒体内容,1
应用场景,虚拟与增强现实产品互动,1
应用场景,简化数字与物理环境中输入设备交互,1
应用场景,虚拟对象提供,1
应用场景,定制内容,1
应用场景,用户执行活动或暴露于外部刺激时,1
应用场景,触觉启用的神经接口,1
应用场景,用户沉浸在其体验中,1
应用场景,游戏化脑波诱导,1
应用场景,脑电图(eeg)记录,1
应用场景,云平台,1
应用场景,虚拟游戏世界,1
应用场景,eeg,1
应用场景,电话终端,1
应用场景,人检测器设备,1
应用场景,脑活动解码,1
应用场景,脑电图(eeg)帽,1
应用场景,药物中的用途,1
应用场景,生物信号记录,1
应用场景,处理从身体获得的生物医学数据,1
应用场景,人睡眠期间,1
应用场景,用户执行活动,1
应用场景,暴露于外部刺激,1
应用场景,非侵入式交流脑刺激,1
应用场景,头戴式耳机形式的脑电(eeg)和光生物调节(pbm)装置,1
应用场景,监测和刺激人的认知和生理状态,1
应用场景,癫痫无线监测,1
应用场景,个人助听器,1
应用场景,头戴式vr装置,1
应用场景,施加音乐反馈信号到人的脑或任何其它脑,1
应用场景,测量和显示眼睛和大脑的生物电功能,1
应用场景,注意力偏差修改处理,1
应用场景,监测患者的eeg输出,1
应用场景,急诊,1
应用场景,医生办公室,1
应用场景,民用飞行员执行控制力的监测,1
应用场景,虚拟现实疼痛治疗,1
应用场景,增强现实疼痛治疗,1
应用场景,训练康复,1
应用场景,运动模拟器,1
应用场景,运动模拟器同步操作,1
应用场景,虚拟现实脑-机接口设计场合,1
应用场景,虚拟现实登山运动,1
应用场景,运动想象训练,1
应用场景,社交恐惧症虚拟现实治疗,1
应用场景,老年人认知健康监测,1
应用场景,虚拟健康监测,1
应用场景,使用虚拟现实设备的脑电图测量,1
应用场景,虚拟现实视频流式传输,1
应用场景,向虚拟现实渲染设备流式传输虚拟现实视频,1
应用场景,虚拟现实设备观看过程,1
应用场景,虚拟现实视频效果评估,1
应用场景,风电场电力设备培训,1
应用场景,汉语学习培训,1
应用场景,医疗服务,1
应用场景,手功能康复训练,1
应用场景,生物电信号检测,1
应用场景,智能穿戴设备,1
应用场景,虚拟现实超市购物,1
应用场景,虚拟现实游戏开发,1
应用场景,元宇宙概念下的购物形式,1
应用场景,虚拟现实体验场所,1
应用场景,幻肢的磁共振引导的虚拟现实运动模式选择,1
应用场景,保健,1
应用场景,电影安全体验,1
应用场景,咖啡厅,1
应用场景,电影院,1
应用场景,办公室,1
应用场景,虚拟现实康复训练,1
应用场景,脑机接口控制虚拟现实,1
应用场景,压力评测减压,1
应用场景,人工智能技术领域,1
应用场景,影视,1
应用场景,精神障碍康复训练,1
应用场景,治疗注意力缺陷多动障碍,1
应用场景,感觉统合失调测训,1
应用场景,元界,1
应用场景,虚拟现实任务,1
应用场景,个性化愈合,1
应用场景,压力缓解,1
应用场景,虚拟现实认知康复训练,1
应用场景,增强现实设备,1
应用场景,脑-机接口场合,1
应用场景,磁共振引导下的虚拟现实运动模式选择,1
应用场景,折扣、促销和广告传递,1
应用场景,商店监视器、广告牌和显示器上的刺激材料修改,1
应用场景,原位接合监测,1
应用场景,跟踪,1
应用场景,感觉诱发电位检测,1
应用场景,视觉诱发电位检测,1
应用场景,感觉诱发电位信号检测/分类,1
应用场景,消费者情绪分析,1
应用场景,企业情绪分析,1
应用场景,经济预测,1
应用场景,经济建模,1
应用场景,感知任务,1
应用场景,认知任务,1
应用场景,脑成像数据解码,1
应用场景,神经工程技术领域,1
应用场景,失神癫痫发作监测,1
应用场景,听性脑干反应检测,1
应用场景,认知功能提升,1
应用场景,语言表达能力提升,1
应用场景,用户应用程序,1
应用场景,用户与各种技术进行交互,1
应用场景,多个移动设备,1
应用场景,eeg系统,1
应用场景,eeg监测,1
应用场景,脑-计算机接口(bci)系统,1
应用场景,总诱发脑活动测量,1
应用场景,幻听检测,1
应用场景,耳塞,1
应用场景,测量眼睛及大脑生物电功能,1
应用场景,评估大脑对口语反应,1
应用场景,智能耳机,1
应用场景,患者音频刺激,1
应用场景,患者视频刺激,1
应用场景,信息提供装置,1
应用场景,基于眼睛跟踪和本地业务,1
应用场景,神经计算机接口系统,1
应用场景,人类疾病筛查,1
应用场景,神经行为障碍诊断,1
应用场景,睡眠会话期间,1
应用场景,监测设备,1
应用场景,面部数据采集,1
应用场景,音乐终端实时交互,1
应用场景,学习者的认知流检测分析,1
应用场景,神经成像信号处理,1
应用场景,认知障碍预测,1
应用场景,教育环境,1
应用场景,军事封闭孤立操作环境,1
应用场景,虚拟现实多人协作训练,1
应用场景,诊断内容呈现,1
应用场景,电视广告显示,1
应用场景,屏幕(4)上显示的视觉刺激,1
应用场景,触觉刺激呈现,1
应用场景,vr购物,1
应用场景,vr游戏,1
应用场景,多模态学习,1
应用场景,飞行员评估,1
应用场景,人类微表情的研究,1
应用场景,后续科学研究,1
应用场景,脑机交互技术领域,1
应用场景,高负荷工作场景,1
应用场景,工作记忆任务,1
应用场景,脑波接口,1
应用场景,现场护理神经调节,1
应用场景,治疗各种神经障碍和精神障碍,1
应用场景,现场护理,1
应用场景,驾驶疲劳检测缓解,1
应用场景,eeg信号解码技术领域,1
应用场景,适应岗位支撑,1
应用场景,eeg分析系统,1
应用场景,现场,1
应用场景,工厂,1
应用场景,军事行动区,1
应用场景,私人医生办公室,1
应用场景,军事和海军基地,1
应用场景,民用医院,1
应用场景,快速序列视觉呈现脑-机接口系统,1
应用场景,基于脑电信号的目标检测技术,1
应用场景,听觉评价,1
应用场景,助听器调节,1
应用场景,评价听觉,1
应用场景,快速序列视觉呈现实验,1
应用场景,用户计算设备显示,1
应用场景,图片语义分类搜索,1
应用场景,助听器顺应性试验,1
应用场景,助听器选择,1
应用场景,时间缩放演示,1
应用场景,用户计算设备,1
应用场景,语音清晰度评价,1
应用场景,机器,1
应用场景,电器控制,1
应用场景,句子输入装置,1
应用场景,生活/工作情境,1
应用场景,生活/工作内容呈现,1
应用场景,娱乐选择呈现,1
应用场景,假肢,1
应用场景,与现有播放器结合,1
应用场景,人机界面(hmi),1
应用场景,新冠疫情期间医务人员、一线工作人员和普通人群的精神症状监测,1
应用场景,药物成瘾患者的康复治疗,1
应用场景,车辆舒适性控制,1
应用场景,车载晕动预警系统,1
应用场景,感觉线索递送,1
应用场景,目标分类,1
应用场景,感觉线索的递送,1
应用场景,神经-脑电同步治疗(nest)系统,1
应用场景,同步eeg-fmri数据采集,1
应用场景,单试次eeg信号分类实验,1
应用场景,握力输出过程,1
应用场景,多通道脑电图,1
应用场景,多市场程序和商业响应监控,1
应用场景,医疗康复工程,1
应用场景,生物医学工程技术,1
应用场景,脊柱侧弯神经肌肉康复,1
应用场景,改变计算机程序的操作,1
应用场景,任务相关刺激的脑响应检测,1
应用场景,大脑健康评估,1
应用场景,医疗仪器,1
应用场景,生理学,1
应用场景,兽医学,1
应用场景,图像内容递送,1
应用场景,内容评估分析,1
应用场景,自闭症诊断,1
应用场景,自闭症谱系障碍评估,1
应用场景,视频质量评价,1
应用场景,生物电信号采集测试,1
应用场景,神经刺激模拟,1
应用场景,脑深部区域刺激效果模拟,1
应用场景,图像质量评价,1
应用场景,eeg测量,1
应用场景,内容传送系统,1
应用场景,精神疾病诊断,1
应用场景,脑卒中康复,1
应用场景,双向音视频通信平台,1
应用场景,感觉刺激诱发电位分析,1
应用场景,针灸治疗,1
应用场景,中医诊疗,1
应用场景,诊断应用,1
应用场景,中风后患者各个阶段运动康复期间,1
应用场景,患有其他中枢神经系统疾病和障碍的患者康复期间,1
应用场景,分析eeg和ep数据,1
应用场景,脑电实验数据管理,1
应用场景,护理,1
应用场景,脑卒中后各期患者运动康复期间,1
应用场景,中枢神经系统其他疾病和障碍患者康复期间,1
应用场景,中风和中枢神经系统的其它疾病和障碍的早期和晚期康复期间,1
应用场景,临床环境,1
应用场景,远程医疗场景,1
应用场景,步态障碍调查,1
应用场景,在线脑图谱,1
应用场景,临床电生理诊断,1
应用场景,个性化内容推荐,1
应用场景,智慧教育,1
应用场景,刺激协议实施,1
应用场景,药物效果模拟,1
应用场景,信息交互技术领域,1
应用场景,机器人技术,1
应用场景,脑电图信号搜索,1
应用场景,脑机接口长期使用监测,1
应用场景,健康监测系统集成,1
应用场景,心理健康领域,1
应用场景,中枢神经系统药物研究,1
应用场景,web可视化平台,1
应用场景,实验研究,1
应用场景,个体用户情感分析,1
应用场景,个体用户的特定情感分析,1
应用场景,患者进展评估,1
应用场景,医用图像处理系统,1
应用场景,个性化脑部疾病的诊断和状态确定,1
应用场景,认知功能改善,1
应用场景,脑机接口穿戴设备,1
应用场景,用户场景需求,1
应用场景,物理位置认证,1
应用场景,数字位置认证,1
应用场景,用户认知事件查询,1
应用场景,波束形成,1
应用场景,癫痫诊断,1
应用场景,远程医疗监测,1
应用场景,vr类自然环境状态调控,1
应用场景,沉浸式虚拟环境构建,1
应用场景,多感官环境联动调控,1
应用场景,脑电波阅读意见纸撰写,1
应用场景,测谎分析,1
应用场景,3d vr脑疾病治疗,1
应用场景,数据库检索,1
应用场景,音乐脑电分析,1
应用场景,整形外科,1
应用场景,脊柱外科,1
应用场景,肌肉骨骼外科手术后,1
应用场景,可连接或佩戴到使用者的头部,1
应用场景,个人生活,1
应用场景,残疾人居家康复,1
应用场景,癫痫发作处理,1
应用场景,智能家居控制,1
应用场景,辅助技术应用,1
应用场景,沉浸式娱乐,1
应用场景,物联网环境,1
应用场景,通信辅助,1
应用场景,诊断学,1
应用场景,神经内科,1
应用场景,医学工程,1
应用场景,情绪认知研究,1
应用场景,脑机制研究,1
应用场景,意图传达,1
应用场景,控制外部设备,1
应用场景,向他人传递意图,1
应用场景,脑电分析技术领域,1
应用场景,摩尔斯电码训练效果评估,1
应用场景,睡眠障碍疾病的干预和治疗,1
应用场景,脑电波分析系统,1
应用场景,书写能力评估,1
应用场景,脑指纹构建,1
应用场景,监测和控制经历全身麻醉的患者的麻醉状态,1
应用场景,个人知识检测,1
应用场景,人体精神状态管理,1
应用场景,神经外科术后评估,1
应用场景,康复技术领域,1
应用场景,睡眠监测,1
应用场景,梦境可视化,1
应用场景,睡眠调理,1
应用场景,飞行训练,1
应用场景,虚拟训练,1
应用场景,刺激材料引入,1
应用场景,评估刺激材料和刺激材料属性,1
应用场景,eeg传感,1
应用场景,神经系统疾病诊断,1
应用场景,媒体立面图像刺激分析,1
应用场景,广告呈现,1
应用场景,操作者视野中的刺激响应协调系统,1
应用场景,媒体设备,1
应用场景,神经功能检测,1
应用场景,疾病相关的神经功能研究,1
应用场景,虚拟现实(vr),1
应用场景,电视广告,1
应用场景,无线电广告,1
应用场景,产品设计阶段,1
应用场景,产品或服务的宣传或价格响应,1
应用场景,睡眠阶段监测和测量,1
应用场景,脑电图帽,1
应用场景,神经认知衰退检测,1
应用场景,神经认知衰退预测,1
应用场景,神经反馈装置,1
应用场景,情绪调节训练,1
应用场景,记录脑电图信号,1
应用场景,药物批准和随后销售的临床试验,1
应用场景,神经疾病或病症的诊断,1
应用场景,正在进行的治疗,1
应用场景,训练和教育程序,1
应用场景,计算机设备,1
应用场景,广告插入输送定时,1
应用场景,驱动器或导频辅助,1
应用场景,连续通过的被监测者,1
应用场景,eeg监测设备,1
应用场景,行人重识别,1
应用场景,视频流复杂目标检测,1
应用场景,计算机游戏类或娱乐训练活动,1
应用场景,生活活动中需要积极心理参与的场景,1
应用场景,调节人体血糖水平,1
应用场景,用户耳朵区域,1
应用场景,农产品营销,1
应用场景,远程云系统,1
应用场景,脑卒中的个性化检测,1
应用场景,生物组织复合物分析,1
应用场景,脑电图电极安放,1
应用场景,疲劳检测技术领域,1
应用场景,医院采集的精神疾病工作记忆的eeg数据集,1
应用场景,偏好确定,1
应用场景,精神疾病工作记忆的eeg数据集分析,1
应用场景,脑电图接口,1
应用场景,应用系统,1
应用场景,轮椅导航,1
应用场景,免提人机交互,1
应用场景,患者风险监测,1
应用场景,脑电图信号处理,1
应用场景,深度学习脑电图数据增强,1
应用场景,控制应用系统功能,1
应用场景,目标对象控制,1
应用场景,利用脑波控制目标对象,1
应用场景,场所可控设备控制,1
应用场景,目标选择识别,1
应用场景,情商处理,1
应用场景,智能bci系统,1
应用场景,脑电信号识别,1
应用场景,脑电信号情绪识别,1
应用场景,神经生理学测试,1
应用场景,神经生理学监测,1
应用场景,运动想象分类技术领域,1
应用场景,建筑,1
应用场景,艺术,1
应用场景,媒体信息学,1
应用场景,社会学,1
应用场景,经济学,1
应用场景,数据数字处理和分析领域,1
应用场景,多通道脑电图处理,1
应用场景,实时模式,1
应用场景,电痉挛治疗(ect),1
应用场景,临床脑功能评估,1
应用场景,eeg运动想象领域,1
应用场景,助听系统,1
应用场景,远程设备监测,1
应用场景,采集病人脑电图数据,1
应用场景,脑波信号分析,1
技术方法,特征提取,103
技术方法,预处理,100
技术方法,信号处理,46
技术方法,神经响应测量,46
技术方法,数据收集,38
技术方法,测量脑电图信号,36
技术方法,滤波,33
技术方法,分析,32
技术方法,施加电刺激,28
技术方法,电刺激,28
技术方法,识别神经生理事件,28
技术方法,基于神经信号确定用户的焦点,28
技术方法,检测电生理信号,26
技术方法,数据分析,26
技术方法,分类,25
技术方法,采集脑电信号,23
技术方法,特征融合,23
技术方法,获取脑电信号,22
技术方法,接收脑活动数据,22
技术方法,同时记录多个数据流,22
技术方法,脑电信号采集,21
技术方法,多模态生理刺激,21
技术方法,分析电生理信号,20
技术方法,机器学习,20
技术方法,自适应校准方法,20
技术方法,测量神经反应,20
技术方法,处理神经生理信号,20
技术方法,训练机器学习模型,20
技术方法,获取脑电图信号,20
技术方法,神经响应数据收集,20
技术方法,多通道记录,19
技术方法,记录神经活动,19
技术方法,心理生理信号处理,19
技术方法,信号调节,18
技术方法,脑机接口,18
技术方法,脑电信号预处理,18
技术方法,数据采集,18
技术方法,跨模态响应合成,18
技术方法,实时连续分类,18
技术方法,检测脑活动,18
技术方法,处理生物信号数据,18
技术方法,测量用户的生理数据,18
技术方法,显示脑信号信息,17
技术方法,导出反馈变量,17
技术方法,神经事件检测,17
技术方法,传输,17
技术方法,训练图像分类神经网络,17
技术方法,数据预处理,17
技术方法,感测生理信号,16
技术方法,频谱分析,16
技术方法,深度学习,16
技术方法,分析神经响应数据,16
技术方法,模态内响应合成,16
技术方法,应用权重,16
技术方法,提供覆盖一个或多个对象的视觉刺激,16
技术方法,相关性分析,16
技术方法,测量神经响应,16
技术方法,训练好的神经网络,15
技术方法,信号采集,15
技术方法,颅内电刺激,14
技术方法,确定波形特征,14
技术方法,施加刺激,14
技术方法,提供视觉刺激,14
技术方法,接收脑电图数据,14
技术方法,接收用户的神经信号,14
技术方法,获取生物信号,14
技术方法,采集,14
技术方法,训练神经网络,14
技术方法,分析收集的神经生理和神经行为数据,14
技术方法,神经刺激,13
技术方法,施加神经刺激,13
技术方法,测量生物信号,13
技术方法,模式识别,13
技术方法,迁移学习,13
技术方法,数据清理,13
技术方法,提取脑电图特征,13
技术方法,生成具有特征调制的视觉刺激,13
技术方法,分析神经响应测量,13
技术方法,分析信号特征以确定模式,13
技术方法,捕获参考标识符,13
技术方法,分类识别,13
技术方法,检测神经信号,12
技术方法,接收神经信号,12
技术方法,提取特征,12
技术方法,测量神经复合动作电位响应,12
技术方法,实时采集脑电信号,12
技术方法,测量脑信号,12
技术方法,模数转换,12
技术方法,过滤,12
技术方法,训练多个第一识别模型,12
技术方法,将神经反应与调制相关,12
技术方法,放大,12
技术方法,测量用户对观察对象的神经反应,12
技术方法,接收eeg数据,12
技术方法,获取脑电图数据,12
技术方法,快速傅里叶变换,12
技术方法,同步采集,12
技术方法,检测精神状态,12
技术方法,检测大脑活动,12
技术方法,使用用户简档确定用户状态,12
技术方法,施加第一刺激,11
技术方法,闭环反馈驱动,11
技术方法,识别电极组合,11
技术方法,施加刺激序列,11
技术方法,闭环控制,11
技术方法,机器学习算法,11
技术方法,记录,11
技术方法,处理,11
技术方法,通过图形用户界面显示视觉刺激,11
技术方法,形成多个信号特征,11
技术方法,呈现刺激,11
技术方法,分析生物信号,11
技术方法,带通滤波,11
技术方法,同时记录多个数据流生物信号测量,11
技术方法,同时记录和后续分析生物信号测量值的多个数据流,11
技术方法,构建从多个生物传感器数据流中提取并与多模态特征相关的候选特征,11
技术方法,诱导神经可塑性,10
技术方法,施加定向电场,10
技术方法,治疗参数导出,10
技术方法,传送非响应性电刺激信号,10
技术方法,数据处理,10
技术方法,组装,10
技术方法,信号处理算法,10
技术方法,神经记录,10
技术方法,测量,10
技术方法,呈现视觉刺激,10
技术方法,确定相关性,10
技术方法,使用脑机接口表征与虚拟对象的交互,10
技术方法,游戏化,10
技术方法,信号预处理,10
技术方法,构建候选特征提取的数据流和相关签名,10
技术方法,多模态生理评估,10
技术方法,后续分析生物信号测量,10
技术方法,构建候选特征提取的数据流,10
技术方法,相关的多模态签名来识别数据,10
技术方法,接收传感器信号,10
技术方法,多模态特征融合,10
技术方法,监测脑电图信号,10
技术方法,检测意志输入,10
技术方法,识别神经可塑性存在的位置,9
技术方法,从神经响应中导出治疗参数,9
技术方法,递送电刺激,9
技术方法,处理神经信号,9
技术方法,定时控制,9
技术方法,微电极阵列装置制造,9
技术方法,使用,9
技术方法,实时自动控制算法,9
技术方法,递送第二刺激,9
技术方法,无线传输,9
技术方法,神经网络,9
技术方法,运动想象,9
技术方法,降维,9
技术方法,接收虚拟对象数据,9
技术方法,显示虚拟图像,9
技术方法,修改虚拟图像,9
技术方法,改变虚拟对象状态,9
技术方法,修改产品配方,9
技术方法,嵌入电极,9
技术方法,收集eeg信号和fnirs信号,9
技术方法,深度学习模型,9
技术方法,神经反馈,9
技术方法,生理数据实时监测,9
技术方法,电脉冲刺激,8
技术方法,评估响应信号,8
技术方法,测量脑电波信号,8
技术方法,成对训练,8
技术方法,磁刺激,8
技术方法,处理信号,8
技术方法,光刺激,8
技术方法,可编程性,8
技术方法,化学传感,8
技术方法,选择性同步或去同步所诱发的响应的上升或下降截击,8
技术方法,经颅直流电刺激,8
技术方法,接收,8
技术方法,感测复合动作电位,8
技术方法,脑电采集,8
技术方法,中枢-外周融合解码,8
技术方法,显示,8
技术方法,分析接收到的信息,8
技术方法,获得频谱,8
技术方法,生成神经活动的空间图,8
技术方法,比较空间图,8
技术方法,阈值比较,8
技术方法,收集神经响应数据,8
技术方法,接收脑电信号,8
技术方法,特征调制,8
技术方法,眼动追踪,8
技术方法,检测稳态视觉诱发电位,8
技术方法,显示视觉刺激,8
技术方法,将eeg信号的一个或多个通道的一个方面转换为颜色,8
技术方法,生成静态图像,8
技术方法,时间戳标记,8
技术方法,接收脑电图信号,8
技术方法,输入脑电图数据和环境数据到机器学习模型,8
技术方法,分解神经生理数据和eeg信号,8
技术方法,脑电图测量,8
技术方法,图像处理,8
技术方法,小波包变换,8
技术方法,处理eeg信号,8
技术方法,特征选择,8
技术方法,计算差分事件相关电位测量值,8
技术方法,评估计算推理模型,8
技术方法,获得脑电波信号,8
技术方法,确定数学模型,8
技术方法,虚拟对象,8
技术方法,计算情绪体验指标值,8
技术方法,标准化测试协议,8
技术方法,顺序随机模型过程,8
技术方法,智能数据解释组件,8
技术方法,计算投影内容评估值,8
技术方法,生物反馈装置,8
技术方法,诱发心率、hrv和脉搏容积响应分析,8
技术方法,数据清洁,8
技术方法,提供具有特征调制的视觉刺激,8
技术方法,神经-响应数据收集,8
技术方法,同时记录并随后分析多个生物信号测量数据流,8
技术方法,构建从多个生物传感器数据流中提取的候选特征,8
技术方法,与多模态特征相关联,8
技术方法,采集多模态脑信号,8
技术方法,提取特征向量,8
技术方法,多模态时空注意力融合模型,8
技术方法,测量对由用户观看的对象的神经响应,8
技术方法,无线数据传输,8
技术方法,利用基于任务的信息和eeg数据确定子集时间段,8
技术方法,确定与fmri数据采集相关联的动作,8
技术方法,神经反馈监测,8
技术方法,评估刺激材料和刺激材料属性,8
技术方法,自动修改娱乐选择列表,8
技术方法,检测用户的大脑活动,8
技术方法,分析脑电图信号,8
技术方法,实时处理脑电图信号,8
技术方法,化学刺激,7
技术方法,经颅磁刺激,7
技术方法,递送电脉冲,7
技术方法,生成控制信号,7
技术方法,刺激体内目标,7
技术方法,无线通信,7
技术方法,递送神经调节信号,7
技术方法,前馈组件,7
技术方法,细胞递送,7
技术方法,化学取样,7
技术方法,训练深度学习模型,7
技术方法,数据增强,7
技术方法,机器学习模型,7
技术方法,分析来自暴露于不同时间和空间位置的刺激材料的受试者的神经反应测量,7
技术方法,提供反馈,7
技术方法,visumotor存储器任务,7
技术方法,接收视图参数,7
技术方法,发射元件组输出电信号,7
技术方法,传感器组检测电信号,7
技术方法,评估刺激材料,7
技术方法,跟踪个体大脑电活动,7
技术方法,基于脑电图信号控制显示设备,7
技术方法,综合评估,7
技术方法,深度学习算法,7
技术方法,获取eeg信号,7
技术方法,眼睛跟踪,7
技术方法,提供计算推理模型,7
技术方法,刺激靶向,7
技术方法,基于与交互相关的改进分类器调节虚拟对象特征,7
技术方法,实时、连续分类,7
技术方法,监测用户的状态,7
技术方法,时间同步,7
技术方法,分析脑电信号,7
技术方法,获取脑电数据,7
技术方法,数据融合,7
技术方法,降采样,7
技术方法,解码,7
技术方法,定量评估,7
技术方法,放大和分析,7
技术方法,测量和分析,7
技术方法,神经活动检测,7
技术方法,数据同步,7
技术方法,将刺激部位神经元的静止膜电位增加到亚阈值水平,6
技术方法,植入颅内电极,6
技术方法,调节电极长度,6
技术方法,突发模式刺激,6
技术方法,检测高频振荡,6
技术方法,测量神经元活性,6
技术方法,原位施加亚阈值和定向电场,6
技术方法,传送响应的电刺激信号,6
技术方法,测量神经系统的神经元活性,6
技术方法,测量神经复合动作电位反应,6
技术方法,信号解码,6
技术方法,记录生理参数值,6
技术方法,检测共振响应,6
技术方法,多路复用,6
技术方法,记录测试信号,6
技术方法,降噪,6
技术方法,控制刺激参数值,6
技术方法,化学递送,6
技术方法,遗传物质递送,6
技术方法,传输神经活动信号记录,6
技术方法,神经特征预测模型,6
技术方法,机器学习技术,6
技术方法,训练用于生成神经数据估计,6
技术方法,训练用于估计神经刺激信号,6
技术方法,闭环神经调控,6
技术方法,短时傅里叶变换,6
技术方法,将接地电极和参比电极定位在电安静位置,6
技术方法,解码神经活动,6
技术方法,多视图学习,6
技术方法,特征节点提取网络,6
技术方法,增强节点提取网络,6
技术方法,预测网络,6
技术方法,采集脑电信号数据,6
技术方法,分析所接收信号的波形和传播延迟,6
技术方法,记录信号并传输记录的信号,6
技术方法,多传感融合的光电组合刺激方式,6
技术方法,信号融合与预处理,6
技术方法,功率谱分析,6
技术方法,生成行为表现预测,6
技术方法,可视化,6
技术方法,调整神经信号模型权重和显示对象显示调制,6
技术方法,监测脑信号,6
技术方法,计算神经判别器,6
技术方法,确定主导情绪特征,6
技术方法,训练第二识别模型,6
技术方法,生成数据集,6
技术方法,封装为数据结构,6
技术方法,电极定位系统,6
技术方法,情绪检测处理,6
技术方法,接收原始分辨率信号,6
技术方法,eeg信号采集,6
技术方法,测量大脑的电活动,6
技术方法,呈现虚拟表示,6
技术方法,加盖时间戳,6
技术方法,关节处理,6
技术方法,接收眼动追踪信号,6
技术方法,分析6种脑波信号,6
技术方法,光信号调制,6
技术方法,分析神经反应测量,6
技术方法,响应数据分析,6
技术方法,多模态数据获取,6
技术方法,多模态数据评估,6
技术方法,空间加权表示,6
技术方法,eeg信号预处理,6
技术方法,采集脑电图数据,6
技术方法,记录和处理eeg信号,6
技术方法,采集脑电波信号,6
技术方法,测量脑电图,6
技术方法,标准化处理,6
技术方法,采集脑电图信号,6
技术方法,跨模态特征融合模型,6
技术方法,双分支特征提取,6
技术方法,跨模态特征交互融合,6
技术方法,多尺度特征重构,6
技术方法,动态时空注意力校正,6
技术方法,响应数据采集,6
技术方法,干电极传感,6
技术方法,神经生理信号处理,6
技术方法,神经生理事件识别,6
技术方法,获取训练数据,6
技术方法,信号分析处理,6
技术方法,使用用户配置文件确定用户状态,6
技术方法,将特征调制应用于视觉刺激的高空间频率分量,6
技术方法,测量用户大脑的电活动,6
技术方法,操纵大脑中的电活动,6
技术方法,电极电连接到至少一个电发射器,6
技术方法,将感官信息转换为电信号,6
技术方法,计算脑电图能量值,6
技术方法,融合脑电信号与注视跟踪特征,6
技术方法,联邦学习,6
技术方法,测量脑活动,6
技术方法,提取脑电特征,6
技术方法,图论分析,6
技术方法,测量脑电波,6
技术方法,多模态诊断,6
技术方法,报告,6
技术方法,监测大脑活动,6
技术方法,统计分析,6
技术方法,确定频率分布,6
技术方法,确定奖励,6
技术方法,提供反馈信号,6
技术方法,基于eeg信号和fnirs信号提取融合特征,6
技术方法,感测大脑的电活动,6
技术方法,人工神经网络学习,6
技术方法,提取图像特征,6
技术方法,k均值聚类,6
技术方法,功能磁共振成像,6
技术方法,多模态生理评价,6
技术方法,构建候选特征提取,6
技术方法,多模态签名识别,6
技术方法,图嵌入,6
技术方法,图神经网络模型训练,6
技术方法,处理神经生理信号以识别神经生理事件,6
技术方法,人类神经响应与计算机模式分析相结合,6
技术方法,eeg和瞳孔分类器,6
技术方法,生成信号绘成图像,6
技术方法,创建正向模型,6
技术方法,将脑电数据与感兴趣区域的脑活动相关联,6
技术方法,收集和变换eeg信号数据,6
技术方法,识别和剔除或去污包含各种伪像的历元,6
技术方法,分类各个eeg模式,6
技术方法,分析脑电波及生物体信号,6
技术方法,检测变化,6
技术方法,去噪,6
技术方法,检测事件相关电位,6
技术方法,将权重应用于所得的用户的神经响应的模型,6
技术方法,统计建模分析,6
技术方法,分析心理状态数据,6
技术方法,获得基于大脑活动的信号,6
技术方法,预测第一预测期望视口,6
技术方法,进一步处理,6
技术方法,构建双自由度速度想象动作指令集,6
技术方法,构建基于脑电和近红外光谱的双模态同步采集系统,6
技术方法,构建基于多自由度的自发性速度想象多模态信号同步采集范式,6
技术方法,分析神经反应测量结果,6
技术方法,基于第一向量和第一神经响应数据生成预测,6
技术方法,将光转换为电流,6
技术方法,基于传感器信号确定交互,6
技术方法,表面特征或穿透器设计,6
技术方法,基于生物统计数据的反馈适配,6
技术方法,基于脑电波脑血流数据实时监测的用户生理数据分析,6
技术方法,人工智能机器学习分析技术,6
技术方法,生理数据采集,6
技术方法,接收与第一用户相关的信号,6
技术方法,数据分析处理,6
技术方法,计算ssvep振幅和/或相位差,6
技术方法,确定用户的精神状态,6
技术方法,分析eeg信号的一个或多个频率分量,6
技术方法,生成偏转时间周期的直方图,6
技术方法,统计分析和评估,6
技术方法,复合视频分析,6
技术方法,组合嵌套方式全脑采集,6
技术方法,信号处理去除噪声,6
技术方法,数据分析提取病理特征,6
技术方法,时频分析,6
技术方法,降噪处理,6
技术方法,视觉刺激测试,6
技术方法,分析神经反应数据,6
技术方法,记录脑电图信号,6
技术方法,选择性算法,6
技术方法,分割脑电图数据,6
技术方法,马氏距离计算,6
技术方法,施加第二刺激,5
技术方法,刺激强度调节,5
技术方法,布置在细长且不导电的基底材料上的一个或多个第一电极布置,5
技术方法,显示脑信号信息及刺激参数值,5
技术方法,分析从传感器接收的信号,5
技术方法,确定反馈变量,5
技术方法,记录电信号,5
技术方法,施加电流,5
技术方法,输出控制,5
技术方法,实时反馈,5
技术方法,反馈控制,5
技术方法,调整刺激参数,5
技术方法,接收信号,5
技术方法,微制造,5
技术方法,状态转换模型,5
技术方法,分割,5
技术方法,多电极闭环响应,5
技术方法,经颅骨聚焦,5
技术方法,感测,5
技术方法,神经调制信号递送,5
技术方法,根据残余神经反应估计神经募集,5
技术方法,调节脑血流,5
技术方法,可变脉冲电刺激,5
技术方法,可变脉冲磁刺激,5
技术方法,信号放大,5
技术方法,存储,5
技术方法,实时监测,5
技术方法,提取差分熵特征,5
技术方法,多种数据模型存储,5
技术方法,评估受试者表现,5
技术方法,线性判别分析,5
技术方法,将神经响应与调制相关,5
技术方法,电子生物信号处理,5
技术方法,处理eeg数据,5
技术方法,多路复用电路组合信号,5
技术方法,软件算法多路分解,5
技术方法,使用多种数据模型来存储,5
技术方法,接收设备评估电信号,5
技术方法,电信号检测与评估,5
技术方法,基于同步数据确定有效性,5
技术方法,人工智能,5
技术方法,训练,5
技术方法,线性判别分类器,5
技术方法,无线连接,5
技术方法,神经响应数据采集,5
技术方法,显示虚拟对象,5
技术方法,稳态视觉诱发电位(ssvep)信号分类,5
技术方法,聚类分析,5
技术方法,传送参考标识符,5
技术方法,使用多模式数据采集,5
技术方法,基于贝叶斯网络的框架,5
技术方法,校准,5
技术方法,收集,5
技术方法,典型相关分析,5
技术方法,支持向量机,5
技术方法,提取θ、α、β和γ节律,5
技术方法,多模态情绪分析算法,5
技术方法,融合脑电波、图像和音频三种模态的数据,5
技术方法,捕获数据,5
技术方法,异步时间序列跨模态对齐,5
技术方法,低秩矩阵分解,5
技术方法,异构图卷积通路路径编码,5
技术方法,轻量化跨模态融合,5
技术方法,机器学习分析,5
技术方法,构建个体的神经系统表征模型,5
技术方法,获取控制指令,5
技术方法,分析eeg信号,5
技术方法,溯源,5
技术方法,生成通知,5
技术方法,处理测量数据,5
技术方法,生成多参数函数,5
技术方法,监测神经活动,5
技术方法,脑波信号处理,5
技术方法,调整神经信号模型加权和显示的对象显示调制,5
技术方法,联合采集与分析,5
技术方法,个性化游戏训练,5
技术方法,脑功能动态监控,5
技术方法,预测分析,5
技术方法,监督范式,5
技术方法,采集原始脑电信号,5
技术方法,确定精神状态,5
技术方法,多模态融合深度学习模型,5
技术方法,多模态信号同步采集,5
技术方法,提取事件相关电位erps,5
技术方法,监测神经生理反应,5
技术方法,自动平均历元,5
技术方法,自动识别峰值,5
技术方法,将检测到的电压转换为数字数据,5
技术方法,确定第一神经刺激阈值,4
技术方法,计算第二神经刺激阈值,4
技术方法,根据第一组刺激参数在第一时域上和根据第二组刺激参数在第二时域上施加电磁刺激,4
技术方法,施加突发模式,4
技术方法,识别神经可塑性位置,4
技术方法,将第一刺激施加到植入所述大脑中的至少一个电极中的一个或多个,4
技术方法,在施加所述第一刺激期间至少部分地检测由植入所述大脑中的所述至少一个电极中的一个或多个处的神经元活动引起的在约200hz与约500hz之间的高频振荡(hfo),4
技术方法,将所述第二刺激施加到植入所述大脑中的所述至少一个电极中的一个或多个,4
技术方法,检测诱发响应,4
技术方法,从对先前递送的神经调制信号的神经响应中导出治疗参数,4
技术方法,感觉反馈,4
技术方法,控制感测组件被供电以获取信号的时间与刺激组件被供电以刺激对象的时间显著不同,4
技术方法,根据开关控制信号建立多路选通通道,4
技术方法,利用机器学习专家系统,4
技术方法,刺激神经组织,4
技术方法,管理电刺激治疗,4
技术方法,选择刺激触点,4
技术方法,施加具有短脉冲宽度的探针刺激,4
技术方法,测量诱发的神经复合动作电位响应,4
技术方法,机器学习疼痛解码器模型,4
技术方法,使用诱发配置递送神经刺激,4
技术方法,使用记录配置感测信号,4
技术方法,抑制动作电位传播,4
技术方法,发送和接收遥测数据,4
技术方法,刺激激活和抑制脑中神经元,4
技术方法,迷走神经刺激,4
技术方法,将第二子信号转换为布尔信号,4
技术方法,反馈回路,4
技术方法,传递电脉冲,4
技术方法,测量神经信号,4
技术方法,微电极元件尺寸和形状设计,4
技术方法,验证刺激抑制效果,4
技术方法,导丝驱动,4
技术方法,外部机械力引导,4
技术方法,深层刺入电极记录,4
技术方法,表层平面电极记录,4
技术方法,对第一电信号进行调制,4
技术方法,外周神经阻抗拓扑分布测量算法,4
技术方法,闭环电刺激,4
技术方法,检测,4
技术方法,分析检测到的脑电活动,4
技术方法,无线发送癫痫事件数据,4
技术方法,利用碳纳米管电极阵列在较宽的波长区间内拥有高透光率,4
技术方法,在拉伸状态下保持优良电化学性质和光学性质,4
技术方法,模拟信号转换为数字信号,4
技术方法,在柔性电路阵列中提供折叠或扭转,4
技术方法,获得电生理响应的记录,4
技术方法,评估记录的一个或多个选择的特性,4
技术方法,多模式融合,4
技术方法,加权融合,4
技术方法,噪声抑制,4
技术方法,自校准反馈,4
技术方法,采用柔性微丝电极,4
技术方法,将电容呈阵列集中包裹在绝缘介质内,4
技术方法,配准微电极阵列相对于脑表面的位置,4
技术方法,生成将接收到的神经信号叠加在脑图像上的可视化图像,4
技术方法,电极阵列布置,4
技术方法,多样化配置,4
技术方法,分析来自邻近刺激电极本身的组织的生物电信号,4
技术方法,sar adc转换,4
技术方法,获取第一频率和第二频率,4
技术方法,确定刺激信号序列,4
技术方法,动态闭环反馈,4
技术方法,植入,4
技术方法,单输入单输出模型,4
技术方法,控制刺激,4
技术方法,测量诱发响应,4
技术方法,成像,4
技术方法,接收感测信号,4
技术方法,确定目标刺激模式,4
技术方法,递送刺激信号,4
技术方法,获取和存储神经活动信号记录,4
技术方法,建立第一无线连接,4
技术方法,建立第二无线连接,4
技术方法,闭环反馈回路,4
技术方法,测量残余神经反应,4
技术方法,应用补偿传递函数,4
技术方法,在周围神经束内部和表面采集或施加电信号,4
技术方法,将脑电信号解码为训练指令,4
技术方法,根据训练指令获取信号有效性指标,4
技术方法,施加低频刺激(lfs),4
技术方法,测量诱发化合物活性(eca),4
技术方法,测量高频振荡(hfo),4
技术方法,临时附着到低轮廓微丝植入,4
技术方法,仿生多通道神经植入物设计,4
技术方法,滤波处理,4
技术方法,使用共形电极阵列产生视觉感知,4
技术方法,插入和功能化单元化颅内电极阵列,4
技术方法,机器学习计算模型,4
技术方法,脊髓刺激编程,4
技术方法,固定增益放大模块对神经电信号进行放大,4
技术方法,动作电位增益放大模块过滤出动作电位信号,4
技术方法,局部场电位增益放大模块过滤出局部场电位信号,4
技术方法,采集诱发态下的32导联脑电信号,4
技术方法,计算锁相值矩阵,4
技术方法,构建多尺度残差网络,4
技术方法,局部升阶全局学习策略,4
技术方法,局部特征提取模块提取通道间特征相关的成对关系,4
技术方法,k阶有向动态升阶学习模块进行特征融合,4
技术方法,图学习模块计算全局脑区各通道间的互相关性,4
技术方法,无线发送,4
技术方法,采集用户的脑电信号,4
技术方法,选择感测电极组合,4
技术方法,谱分析,4
技术方法,管理电刺激疗法,4
技术方法,有源电极无线传输,4
技术方法,操作性条件反射方案,4
技术方法,神经刺激-肌电图记录,4
技术方法,施加调节刺激,4
技术方法,根据测量的生理水平与目标水平确定状态之间的转换规则,4
技术方法,刺激神经,4
技术方法,实时获取,4
技术方法,感测一个或多个生物电信号,4
技术方法,三维多位点记录,4
技术方法,三维多位点刺激,4
技术方法,处理神经数据,4
技术方法,检测神经活动,4
技术方法,压缩感知采集与重构,4
技术方法,多通道脑电信号重构,4
技术方法,提取目标脑波特征参数,4
技术方法,接收传感器数据,4
技术方法,初始电刺激,4
技术方法,电刺激参数控制,4
技术方法,基线校正,4
技术方法,信号滤波和去噪算法,4
技术方法,基于snn的自适应算法,4
技术方法,感测癫痫样活动,4
技术方法,基于深度学习的筛查模型,4
技术方法,采集并预处理多通道内源性脑电信号,4
技术方法,获取相位同步性最高的通道对,4
技术方法,提取频段特征生成刺激参数,4
技术方法,与ecg的qrs波部分同步,4
技术方法,向迷走神经传递外源性电信号,4
技术方法,每个微脉冲串包括2至20个脉冲,4
技术方法,微脉冲串与ecg的qrs波部分同步,4
技术方法,采集个体非睡眠状态时的小脑脑电信号,4
技术方法,采集个体睡眠状态的脑电数据,4
技术方法,植入的电信号发生器向患者的迷走神经传递新的外源性电信号,4
技术方法,外源性电信号模拟和/或增强源自患者心脏和/或肺的内源性传入活动,4
技术方法,每个微脉冲串与ecg的qrs波部分同步,4
技术方法,多模态深度学习方法,4
技术方法,"根据脑电波信号中包括的慢振荡的产生,向脑施加纺锤状刺激",4
技术方法,归一化,4
技术方法,对抗生成网络,4
技术方法,幅度放缩,4
技术方法,混合真实脑电信号,4
技术方法,分类器训练学习,4
技术方法,采集大脑皮层上对应电极通道的运动想象脑电信号数据并预处理,4
技术方法,构建cnn模型,4
技术方法,脑电图解码,4
技术方法,深度学习模型分析,4
技术方法,数据清除,4
技术方法,梳梳和推开头发,4
技术方法,导电材料覆盖第二端,4
技术方法,测量用户对观看对象的神经反应,4
技术方法,基于阈值的神经反馈协议,4
技术方法,选择任务条件进行判别,4
技术方法,分割脑电图数据为多个时隙,4
技术方法,基于神经生理事件的识别,4
技术方法,深度神经网络,4
技术方法,计算机视觉程序,4
技术方法,确定推断,4
技术方法,应用计算机视觉程序,4
技术方法,模型训练,4
技术方法,脑状态解码,4
技术方法,电磁屏蔽集成,4
技术方法,呈现候选图像区域作为视觉刺激,4
技术方法,电极区的拆分和组合使用,4
技术方法,使用改性后的丝蛋白水凝胶作为电极的外部衬底,4
技术方法,记录脑电图数据,4
技术方法,捕获数字视频或图像,4
技术方法,处理脑电图数据,4
技术方法,记录eeg数据,4
技术方法,神经刺激治疗,4
技术方法,ssvep刺激范式,4
技术方法,errp检测,4
技术方法,动态重复地将eeg信号转换成颜色,4
技术方法,计算每像素列原始信号点数量,4
技术方法,计算值集,4
技术方法,计算警觉性指数,4
技术方法,从身体运动方向信号、眼电信号及脑电信号三个维度定义完成鼠标标识的点击动作,4
技术方法,实时显示,4
技术方法,计算每个像素列的原始信号点数量,4
技术方法,产生静态图像,4
技术方法,接收眼睛跟踪信号,4
技术方法,脑电波分析,4
技术方法,利用手套中的传感器读取,4
技术方法,同步数据,4
技术方法,捕获电神经信号,4
技术方法,测量和分析信号,4
技术方法,生成评估信息,4
技术方法,搜索匹配存储的脑活动模式,4
技术方法,脑波同步,4
技术方法,双任务刺激,4
技术方法,测量神经活动水平,4
技术方法,心理生理刺激测试,4
技术方法,呈现一系列视觉刺激,4
技术方法,将eeg数据转换成图形eeg模型,4
技术方法,将脑电信号与训练好的脑电信号分布图部分进行比较,4
技术方法,收集神经生理信号,4
技术方法,特征-事件合并,4
技术方法,基于模型的推断,4
技术方法,近似器变换,4
技术方法,检测神经相关信号的第一变化,4
技术方法,检测神经相关信号的第二变化,4
技术方法,维度压缩,4
技术方法,线性判别分类器独立分类时间点,4
技术方法,计算时空判别权重,4
技术方法,主成分分析降维,4
技术方法,分析事件相关电位,4
技术方法,主成分分析(pca),4
技术方法,使用mne库将脑电图数据转换为csd图像和psd图像,4
技术方法,采集eeg信号,4
技术方法,预处理eeg信号,4
技术方法,预处理脑电图信号,4
技术方法,滤波预处理,4
技术方法,感测eeg信号,4
技术方法,传输eeg信号,4
技术方法,从多个通道收集eeg信号,4
技术方法,时标驱动的字级-eeg同步方法,4
技术方法,时空频融合eeg-文本自监督学习编码模型,4
技术方法,预训练模型引导的集束搜索中文连续语言动态解码模型,4
技术方法,呈现一系列视觉刺激以诱发eeg信号,4
技术方法,生成与移位存在对应的vep,4
技术方法,识别情绪,4
技术方法,生成脑电图,4
技术方法,处理脑电图信号,4
技术方法,检测脑电图,4
技术方法,数字滤波,4
技术方法,检测ssvep,4
技术方法,"提取eeg频谱中的θ,α,β频带",4
技术方法,将40导联电极的位置从3维空间投影到2维平面,4
技术方法,将频谱功率值归一化并与电极位置匹配获得离散图像,4
技术方法,将二维灰度脑电信号图像转化为二维彩色脑电信号图像,4
技术方法,输入至训练完成的运动信号卷积神经网络模型,4
技术方法,p300检测,4
技术方法,接触头皮检测大脑电活动,4
技术方法,生成eeg数据,4
技术方法,图像捕获,4
技术方法,深度卷积神经网络模型提取cnn特征,4
技术方法,构造动态损失函数训练全连接层响应模型,4
技术方法,构建fmri-image映射模型,4
技术方法,识别第一神经反应数据中的第一活动,4
技术方法,识别第二神经反应数据中的第二活动,4
技术方法,弹性支撑元件传输脑电信号,4
技术方法,电极位移限定元件倾斜固定干电极单元,4
技术方法,产生具有特征调制的至少一个视觉刺激,4
技术方法,将特征调制应用于视觉刺激的高空间频率hsf分量,4
技术方法,经由显示器的图形用户界面gui显示视觉刺激,4
技术方法,从神经信号捕获设备接收用户的神经信号,4
技术方法,计算神经反应与信号特征之间的统计关系,4
技术方法,提取感觉诱发反应的幅度值,4
技术方法,提供使用数据集,4
技术方法,导出,4
技术方法,视觉刺激,4
技术方法,判别函数,4
技术方法,自动分类运动参考数据,4
技术方法,自动标记脑电图数据,4
技术方法,将脑电图与重复呈现的感觉刺激在时域中同步,4
技术方法,降低头皮阻抗,4
技术方法,优化电极设计,4
技术方法,干电极技术,4
技术方法,无线传输技术,4
技术方法,放大处理,4
技术方法,传送参考标识符和脑活动数据到远程服务器,4
技术方法,选择虚拟对象,4
技术方法,监测脑活动数据,4
技术方法,生成与电活动相对应的电信号,4
技术方法,运动想象(mi)脑信号分类,4
技术方法,数学处理,4
技术方法,对用户的脑电波进行监测,4
技术方法,根据差别对输出的虚拟现实场景内容进行调整,4
技术方法,控制致动器施加力,4
技术方法,确定与神经活动相关的推断,4
技术方法,确定信息传递度,4
技术方法,获得刺激数据,4
技术方法,刺激响应幅度权重加权,4
技术方法,呈现产品制剂,4
技术方法,脑活动数据获取,4
技术方法,基于脑活动数据修改电子游戏属性,4
技术方法,均值处理,4
技术方法,波峰时延数据获取,4
技术方法,检测脑电波信号,4
技术方法,获取脑电波信号,4
技术方法,解析脑电波信号,4
技术方法,获取脑信号,4
技术方法,第一机器学习技术,4
技术方法,第二机器学习技术,4
技术方法,比较神经生理信息相对到的参考公开的设定,4
技术方法,检测脑电信号,4
技术方法,提取特征物理量,4
技术方法,识别用户情绪变化,4
技术方法,对接收到的生物信号进行分类,4
技术方法,识别用户意图,4
技术方法,根据实时采集的脑电信号和神经反馈指标的定义来获取神经反馈指标的实时值,4
技术方法,情绪识别,4
技术方法,测量电活动,4
技术方法,接收脑电设备采集的脑电信号,4
技术方法,计算唤醒度值,4
技术方法,基于情绪体验指标值和唤醒度值进行评估,4
技术方法,基于脑电信号得到情绪相关脑电数据,4
技术方法,计算特定味觉强度体验指标值,4
技术方法,获取用于学习的脑信号,4
技术方法,估计未测量的脑信号,4
技术方法,获取学习脑信号,4
技术方法,检测用户意图,4
技术方法,将服务器端的脑电信号分类模型发送给k个用户端,4
技术方法,接收每个用户端发送的本地模型梯度,4
技术方法,获取用户端的重要性评估值,4
技术方法,根据重要性评估值确定多个目标用户端,4
技术方法,更新服务器端的脑电信号分类模型的网络参数,4
技术方法,处理测量的脑活动,4
技术方法,提取第一组特征和第二组特征,4
技术方法,分析脑电图测量数据以检测心理活动的存在,4
技术方法,确定一致性值,4
技术方法,基于特征评估心理健康状态,4
技术方法,实时采集eeg信号并进行预处理,4
技术方法,提取注意力相关特征,4
技术方法,建立基线数据,4
技术方法,训练注意力状态评估模型,4
技术方法,生成神经调控策略并执行,4
技术方法,计算全脑脑电激活指数,4
技术方法,基于标签对齐的多源域自适应,4
技术方法,局部和全局表示的域间分布对齐,4
技术方法,脑电图数据采集,4
技术方法,脑电数据处理,4
技术方法,事件相关电位(erp)测量,4
技术方法,诱发和诱导的eeg振荡(ero)测量,4
技术方法,eeg监测和评估,4
技术方法,增强,4
技术方法,帧内模态响应增强,4
技术方法,跨形态应答合成,4
技术方法,测量中枢神经系统、自主神经系统和效应器数据,4
技术方法,数据清理器机制过滤响应数据,4
技术方法,神经网络学习,4
技术方法,分类分析,4
技术方法,提取视觉特征向量,4
技术方法,基于相关度识别对象类别,4
技术方法,接收脑电波信号,4
技术方法,从eeg信号提取eeg特征,4
技术方法,从fnirs信号提取fnirs特征,4
技术方法,基于eeg特征和融合特征输出确定脑活动类型的结果,4
技术方法,分析脑电图以产生脑电图信息,4
技术方法,多模态深度神经网络特征提取,4
技术方法,时间对齐,4
技术方法,监测电图信号,4
技术方法,处理大脑信号,4
技术方法,提取本体感觉数据,4
技术方法,倒谱运算,4
技术方法,检测第一特征和第二特征,4
技术方法,采集脑电数据,4
技术方法,脑电图特征提取,4
技术方法,共平均参考,4
技术方法,导联优选,4
技术方法,ddtf算法,4
技术方法,傅里叶变换,4
技术方法,构造特征估计模型,4
技术方法,计算每个模块的特征值,4
技术方法,构造用于估计大脑的模型,4
技术方法,计算每个模块的特征量,4
技术方法,评估特征之间的相关性,4
技术方法,深度神经网络(dnn),4
技术方法,获取脑电图活动数据,4
技术方法,根据相似性参数对连接网络进行分组,4
技术方法,双回归分析,4
技术方法,深度变分自编码器,4
技术方法,多层感知器网络,4
技术方法,实验设计与eeg数据记录,4
技术方法,建立eeg相关性网络,4
技术方法,计算不同状态下网络的拓扑特征,4
技术方法,绘制网络状态弹性图,4
技术方法,量化计算专注力,4
技术方法,实时采集脑电eeg信号数据,4
技术方法,构建实时脑功能网络,4
技术方法,构建脑功能网络演化数据链,4
技术方法,脑电信号处理,4
技术方法,采集历史脑电图波形图像进行压缩,4
技术方法,获取稀疏编码图像,4
技术方法,利用神经网络进行训练,4
技术方法,计算loss函数历史值均值,4
技术方法,基于联合递归量化的分类方法,4
技术方法,相位变换,4
技术方法,获取功能连接矩阵序列,4
技术方法,构建状态空间轨迹,4
技术方法,计算联合递归图jrp,4
技术方法,计算递归特征,4
技术方法,获得信号,4
技术方法,预测第一预测期望观看端口,4
技术方法,密集交互神经网络,4
技术方法,识别情绪神经网络,4
技术方法,dcca网络,4
技术方法,输入eeg数据和环境数据到机器学习模型,4
技术方法,自适应校准,4
技术方法,多模态传感器融合,4
技术方法,建立情绪eeg脑电信号与情绪之间的关系模型,4
技术方法,实时分析,4
技术方法,动态调制,4
技术方法,监视输入数据并分析数据以表征用户的状态或活动水平,4
技术方法,询问激励和情绪电路,4
技术方法,重复视觉刺激,4
技术方法,频域特征提取,4
技术方法,预训练情绪识别模型,4
技术方法,转换,4
技术方法,修改视觉模式的相位,4
技术方法,修改视觉模式的起始幅度,4
技术方法,柱塞组件分离头皮毛发,4
技术方法,提取多模态特征,4
技术方法,获取模糊集,4
技术方法,训练分类器,4
技术方法,记录脑电图,4
技术方法,topomap图像识别,4
技术方法,同步播放,4
技术方法,多种模式显示,4
技术方法,标记,4
技术方法,应用于预先存在的数据,4
技术方法,生成动态三维信息,4
技术方法,记录脑电,4
技术方法,基线消除预处理,4
技术方法,快速傅里叶逆变换,4
技术方法,时域功率特征提取,4
技术方法,插值成像,4
技术方法,深度卷积神经网络,4
技术方法,构建多模态数据采集框架,4
技术方法,生成对齐数据流,4
技术方法,提取时序特征,4
技术方法,构建特征矩阵,4
技术方法,模态对齐,4
技术方法,时序分割,4
技术方法,提取关联特征,4
技术方法,构建状态序列,4
技术方法,标记转换节点,4
技术方法,生成动态模式,4
技术方法,信息分析,4
技术方法,确定模态权重,4
技术方法,分类映射,4
技术方法,生成控制序列,4
技术方法,生成交互指令,4
技术方法,采集眼球方向,4
技术方法,判断脑电图的波形是否与预存的第一脑电波匹配,4
技术方法,多级分类系统,4
技术方法,上采样,4
技术方法,运行动态滤波算法,4
技术方法,测量生物体信号,4
技术方法,柔性复合导电材料,4
技术方法,一体成型工艺一体浇注,4
技术方法,比较脑电信号与训练好的脑电信号分布图,4
技术方法,放大脑电图信号,4
技术方法,比较阻抗信号与阻抗阈值,4
技术方法,将记录的eeg信号转换成3-d图,4
技术方法,识别和观察神经活动,4
技术方法,从神经信号捕获设备接收神经信号,4
技术方法,间歇收集,4
技术方法,接收和分析脑电图信号,4
技术方法,使用光学传感器捕获,4
技术方法,模式分析,4
技术方法,匹配强度确定,4
技术方法,脑电波生物反馈,4
技术方法,模态分析,4
技术方法,触发函数构建,4
技术方法,检测分类,4
技术方法,注意力检测算法,4
技术方法,频率识别算法,4
技术方法,注意力检测,4
技术方法,单独隔离和放大,4
技术方法,同步,4
技术方法,模拟同步,4
技术方法,提取事件相关电位峰值,4
技术方法,刺激-锁定的eeg,4
技术方法,基于关于用户身体的数据识别用户的认知状态,4
技术方法,适配视觉和/或音频场景,4
技术方法,响应于用户状态修改内容参数,4
技术方法,ssvep相位增加测量,4
技术方法,ssver相位增加测量,4
技术方法,基于用户身体数据识别认知状态,4
技术方法,自适应校正方法,4
技术方法,检索eeg信号状态,4
技术方法,传输触觉信号,4
技术方法,包装系统保持电解液涂层,4
技术方法,确定触觉效果,4
技术方法,计算统计比较,4
技术方法,刺激控制信号传输,4
技术方法,实时转换,4
技术方法,通过至少一个弹性接头安装在电极保持装置上,4
技术方法,第一评估,4
技术方法,第二评估,4
技术方法,放大eeg信号,4
技术方法,数字化eeg信号,4
技术方法,释放水化剂,4
技术方法,电极/头皮耦合压力触发,4
技术方法,生成输出数据,4
技术方法,极限学习机(elm)模型映射,4
技术方法,神经脑反应监测,4
技术方法,虚拟现实场景暴露,4
技术方法,信效度分析,4
技术方法,基于虚拟现实交互技术的用户特定情绪诱发,4
技术方法,认知相关信号处理,4
技术方法,分类识别算法,4
技术方法,联合编码,4
技术方法,采集用户的脑电信号、眼电信号和肌电信号,4
技术方法,对这三种特征信号的分析计算,4
技术方法,收集生物信息,4
技术方法,识别情绪变化,4
技术方法,数值分数分配,4
技术方法,电波纹路分析,4
技术方法,实时测量脑电波,4
技术方法,脑电多参数测训,4
技术方法,自主调节脑电波,4
技术方法,眼动数据采集,4
技术方法,功能性磁共振成像,4
技术方法,数据测量和分析,4
技术方法,数据清洗,4
技术方法,帧内增强模态响应合成,4
技术方法,交叉模态响应合成,4
技术方法,设置隔离层,4
技术方法,设置保护层,4
技术方法,设置第一导电介质,4
技术方法,设置第二导电介质,4
技术方法,设置导电界面层,4
技术方法,反应合成,4
技术方法,生成刺激锁定的eeg,4
技术方法,生成刺激锁定eeg,4
技术方法,采集脑电波生成感应电信号,4
技术方法,对感应电信号进行预处理后输出感应数据,4
技术方法,根据感应数据生成控制信号,4
技术方法,时序依赖性分析,4
技术方法,观察和记录,4
技术方法,显示叠加图像,4
技术方法,生理感测,4
技术方法,实时预处理,4
技术方法,基于参考信号加权-累加策略实现在线软件锁相解调,4
技术方法,基于dma的时分复用-双线程策略,4
技术方法,提取工作记忆平均标准时频图,4
技术方法,移动窗口提取beta频段窗口能量,4
技术方法,取平均得到去同步能量值dev,4
技术方法,差异动作的多阶段任务,4
技术方法,矩阵同步器系统,4
技术方法,信号处理器计算幅度和比率的变化,4
技术方法,提取事件相关电位的特征量,4
技术方法,测量脑波信号,4
技术方法,自动呈现生活/工作背景,4
技术方法,自动跟踪健康状况,4
技术方法,判断脑电信号是否符合刺激接收预期,4
技术方法,标记刺激对应的脑电信号,4
技术方法,"截取标记后的脑电信号,累加平均",4
技术方法,分析脑电图信号的频率分量,4
技术方法,控制压控振荡器的频率,4
技术方法,控制模数转换器的操作,4
技术方法,设置开窗仅暴露特定导联区域,4
技术方法,使用遮蔽部件开放或遮蔽开窗,4
技术方法,低通滤波,4
技术方法,神经-响应测量,4
技术方法,多模态信号融合处理,4
技术方法,运动意图解码,4
技术方法,基于神经信号确定用户的关注点,4
技术方法,量化与精神图像相关的视觉工作记忆的神经信号,4
技术方法,跟随用户的生理响应,4
技术方法,娱乐反馈控制,4
技术方法,频率分析,4
技术方法,记录正在进行的神经电活动,4
技术方法,记录响应于刺激而诱发的神经电活动,4
技术方法,分段分析,4
技术方法,分层速度/频率容差识别,4
技术方法,测量身心健康状态,4
技术方法,再次测量根据处方执行的改善效果,4
技术方法,独立成分分析,4
技术方法,功率谱密度分析,4
技术方法,多模态融合分析方法,4
技术方法,特征提取与融合,4
技术方法,lstm模型识别,4
技术方法,频谱分解,4
技术方法,扫描脑电控制空间,4
技术方法,谐振分析,4
技术方法,反相位调制,4
技术方法,集成多模态数据,4
技术方法,初步分析,4
技术方法,二次分析,4
技术方法,磁屏蔽,4
技术方法,滤波和去噪,4
技术方法,连接性分析,4
技术方法,收集和分析eeg信号,4
技术方法,判别分析函数,4
技术方法,提取eeg波段,4
技术方法,采集眼动行为数据,4
技术方法,递归神经网络时间依赖分析,4
技术方法,深度学习模型评估,4
技术方法,获得特征向量空间,4
技术方法,代入综合情绪体验指数模型,4
技术方法,检测eeg信号,4
技术方法,接收脑电数据和原功能代谢的磁共振成像数据,4
技术方法,识别或预测预定生物事件,4
技术方法,微状态重构时间序列,4
技术方法,通过eog信号完成行选择,4
技术方法,行内虚拟键选择交给手指emg信号,4
技术方法,改进蝙蝠算法,4
技术方法,二进制自适应差分进化蝙蝠算法,4
技术方法,共空间模式,4
技术方法,稀疏模型,4
技术方法,处理时间窗口,4
技术方法,分段,4
技术方法,自相关分析,4
技术方法,预测动作意图,4
技术方法,最小距离确定,4
技术方法,创建数字域表示,4
技术方法,微分信号,4
技术方法,最小化成本函数,4
技术方法,构建分类器模型,4
技术方法,移除时间维度,4
技术方法,计算基础特征,4
技术方法,接收多个脑电信号,4
技术方法,分割成多个时间数据段,4
技术方法,提取多个特征,4
技术方法,应用机器学习算法,4
技术方法,占用二进制分类,4
技术方法,加权复合多尺度模糊熵,4
技术方法,复合多尺度模糊熵,4
技术方法,将一维eeg序列转换为二维eeg网格,4
技术方法,创建包含空间信息和时间信息的3d数据架构,4
技术方法,提取每个数据网格的空间特征,4
技术方法,完全连接层接收rnn层的最后一个时间步的输出,4
技术方法,馈送到softmax层进行处理,4
技术方法,对脑进行电刺激,3
技术方法,监测患者对测试刺激信号的响应,3
技术方法,施加电磁刺激,3
技术方法,施加测试刺激信号,3
技术方法,可植入脉冲发生器,3
技术方法,确定所述hfo的一个或多个波形特性,3
技术方法,生成第二刺激,3
技术方法,神经控制系统,3
技术方法,确定第一感测信号对电刺激治疗的第一响应以及第二感测信号对电刺激治疗的第二响应,3
技术方法,"基于第一响应和第二响应,选择第一感测信号和第二感测信号之一",3
技术方法,基于所选择的信号调整电刺激治疗的至少一个参数的电平,3
技术方法,基于第一响应和第二响应选择感测信号,3
技术方法,基于所选择的感测信号调节电刺激治疗参数,3
技术方法,捕获验证,3
技术方法,产生神经调节信号,3
技术方法,选择第一感测信号和第二感测信号中的一个用于控制电刺激治疗,3
技术方法,调整电刺激治疗的至少一个参数的电平,3
技术方法,提供电刺激,3
技术方法,使递送电刺激的刺激触点和同时采集生理信号的采集触点相隔离,3
技术方法,微电极阵列装置,3
技术方法,自动优化,3
技术方法,确定期望配置,3
技术方法,使用脉冲信号对手臂肌肉进行功能性电刺激,3
技术方法,使异常同步的脑电活动不同步,3
技术方法,传送响应性电刺激信号,3
技术方法,调节和监测组织,3
技术方法,通电流到组织,3
技术方法,测量局部组织的电位,3
技术方法,柔性元件在第一收缩配置和第二膨胀配置之间移动,3
技术方法,触点与皮层表面接合,3
技术方法,经颅交流电刺激,3
技术方法,确定所需构型,3
技术方法,量化第一群数据与第二群数据之间的关系,3
技术方法,分析定量关系以指示刺激脉冲是否诱导期望的生理响应,3
技术方法,第一收缩配置和第二膨胀配置之间移动,3
技术方法,感应耦合,3
技术方法,基于生物信号检测,3
技术方法,深部脑刺激,3
技术方法,压电效应,3
技术方法,整流电路转换,3
技术方法,细化刺激参数,3
技术方法,跟踪柔性导丝展开,3
技术方法,输出电刺激,3
技术方法,按照电极矩阵的空间布局规律进行映射,3
技术方法,基于第一变化和第二变化选择感测信号,3
技术方法,反馈过程控制,3
技术方法,实时调整神经刺激干预方案,3
技术方法,微机电系统加工工艺,3
技术方法,刺激体内靶点,3
技术方法,集成不同功能的电极到芯片上,3
技术方法,对称分布电极,3
技术方法,施加电脉冲,3
技术方法,在多个模具中重复加热柔性电路,3
技术方法,动态调节,3
技术方法,检测受试者肢体中的残余运动和/或肌肉活动,3
技术方法,检测残余运动和/或肌肉活动,3
技术方法,生成刺激模式,3
技术方法,形成穿过或部分穿过颅骨的一个或多个孔,3
技术方法,控制刺激特征,3
技术方法,识别目标神经结构,3
技术方法,植入电极装置,3
技术方法,施加电信号刺激,3
技术方法,低频时变电刺激,3
技术方法,直接电刺激,3
技术方法,磁场感应电流,3
技术方法,人工智能指导的治疗策略,3
技术方法,分析神经信号中的神经触发信号的形态,3
技术方法,多电极闭环响应系统,3
技术方法,多人输入单输出模型,3
技术方法,微电极阵列器件的制造,3
技术方法,脑神经刺激,3
技术方法,处理感测到的电信号,3
技术方法,存储数据,3
技术方法,将模拟神经电压转换为数字信号,3
技术方法,产生突发模式刺激,3
技术方法,采集和处理生物电和/或eeg数据,3
技术方法,记录生理参数信息,3
技术方法,量化第一群体数据和第二群体数据之间的关系,3
技术方法,特征信号分析,3
技术方法,提供感觉反馈,3
技术方法,基于测量的功率密度或光谱的变化识别标记,3
技术方法,基于同步模式生成大脑状态参数,3
技术方法,弯曲控制元件沿电极阵列长度分布,3
技术方法,通过导线传输采集到的电信号,3
技术方法,根据康复指标信号获取训练有效性指标,3
技术方法,增加灌注,3
技术方法,减少灌注,3
技术方法,施加刺激频率,3
技术方法,传送具有第一组参数的第一神经刺激信号,3
技术方法,以第一速率在第一时间段内增加第一神经刺激信号的第一值,3
技术方法,停止第一神经刺激信号的递送,3
技术方法,递送具有第二组参数的第二神经刺激信号,3
技术方法,以第二速率增加第二神经刺激信号达第二时间段,3
技术方法,施加干预刺激脉冲,3
技术方法,接收数据,3
技术方法,直接电连接,3
技术方法,植入目标组织,3
技术方法,神经活动模式分类,3
技术方法,诱发复合动作电位,3
技术方法,电总线提供电力、模拟信号和数字信号传输路径,3
技术方法,音素解码器,3
技术方法,循环神经网络(rnn),3
技术方法,植入电极阵列,3
技术方法,机器学习模型分类,3
技术方法,注意力机制自更新,3
技术方法,构建脑电意图判别模型,3
技术方法,动态识别运动意图类别,3
技术方法,输出意图信号和置信度,3
技术方法,神经肌肉电刺激参数优化模型,3
技术方法,精神状态评估模型,3
技术方法,接收传感器传输的信号,3
技术方法,特征提取和融合,3
技术方法,多模态电生理信号结合电刺激结构连接信号分类,3
技术方法,轨迹闭环校正,3
技术方法,构建融合型教师信号,3
技术方法,骨内定位,3
技术方法,皮下线缆连接,3
技术方法,识别大脑对电刺激的生物电共振响应,3
技术方法,闭环神经活动触发,3
技术方法,意向性控制,3
技术方法,使用基本代码单元对接收到的电信号和光信号进行编码,3
技术方法,自动生成至少一个机器学习模型,3
技术方法,生成要传输到脑组织的至少一个光信号或电信号,3
技术方法,自动模式,3
技术方法,脑电波监测,3
技术方法,生成治疗协议,3
技术方法,焊接,3
技术方法,发送刺激指令,3
技术方法,组装阵列的方法,3
技术方法,确定目标频率,3
技术方法,弱增强,3
技术方法,强增强,3
技术方法,生成对抗网络(gan),3
技术方法,预测,3
技术方法,记忆增强干预,3
技术方法,自适应学习系统,3
技术方法,混合大脑信号采集,3
技术方法,时频域联合分析,3
技术方法,lempel-ziv复杂度评估,3
技术方法,处理神经样本数据,3
技术方法,多模态数据采集,3
技术方法,分布式神经响应数据采集,3
技术方法,数据分析器处理,3
技术方法,修改刺激材料,3
技术方法,评估神经响应有效性,3
技术方法,使用带子、弹性帽、弹簧型材料、胶带等附接到头皮,3
技术方法,眼跟踪,3
技术方法,面部情绪编码,3
技术方法,结合评估,3
技术方法,电极腿弹性弯曲,3
技术方法,铰接和滑动连接,3
技术方法,利用神经反馈,3
技术方法,运动想象脑信号分类,3
技术方法,稳态视觉诱发电位信号分类,3
技术方法,存储用户反应,3
技术方法,估计依赖或关系数据,3
技术方法,脑电活动跟踪,3
技术方法,多任务学习,3
技术方法,计算相关性分数,3
技术方法,特征调制应用于视觉刺激的高空间频率分量,3
技术方法,计算每像素列的原始信号点数量,3
技术方法,事件相关电位技术,3
技术方法,分析传感器数据,3
技术方法,检测用户注意到的至少一个部分内容,3
技术方法,推断用户情绪状态,3
技术方法,检测和分析脑电波或注视运动的特异性,3
技术方法,使用用户的注视位置信息和脑电波信息控制头戴式显示器的功能,3
技术方法,检测用户注意到的部分内容,3
技术方法,预测用户情绪状态,3
技术方法,脑电数据采集,3
技术方法,测量身体部位的位置/运动,3
技术方法,基于眼动追踪信号和脑电图信号确认估算的位置,3
技术方法,基于眼睛跟踪信号和eeg信号确认估计的位置,3
技术方法,基于眼跟踪信号和eeg信号确定估计位置,3
技术方法,集成传感器,3
技术方法,ant(注意网络测试)任务,3
技术方法,eeg(脑电图)/erp(事件相关电位)分析,3
技术方法,获取个体的视频,3
技术方法,分析视频确定眨眼信息,3
技术方法,对个人所属的一组人眨眼进行评估,3
技术方法,基于眨眼事件、眨眼持续时间、眨眼差异和补偿的眨眼速率信息推断心理状态,3
技术方法,控制器管理光信号调制,3
技术方法,同步第一神经响应数据、第二神经响应数据和刺激材料,3
技术方法,将眼动信息与时间编码生物传感器信息相结合,3
技术方法,将记录数据表示为索引序列,3
技术方法,以感官形式提供记录数据,3
技术方法,将信号与记录数据部分配对,3
技术方法,确定关系,3
技术方法,建立控制输入或减少的可能动作集,3
技术方法,自适应调整,3
技术方法,计算第一延迟时间、第二延迟时间和反馈延迟时间,3
技术方法,显示视觉、听觉和/或触觉刺激,3
技术方法,基于眼动追踪数据和脑电图数据设置医学图像分析模型,3
技术方法,获取眼动追踪数据和脑电图数据,3
技术方法,基于医学图像分析模型获取医学图像分析数据,3
技术方法,学习分类器,3
技术方法,脑电信号与眼动数据的采集与预处理,3
技术方法,发送控制信号,3
技术方法,匹配脑电图模板,3
技术方法,分解为脑电图频带,3
技术方法,提取耳脑电图特征矩阵和头皮脑电图特征矩阵,3
技术方法,使用极限学习机模型映射,3
技术方法,语音图像测量,3
技术方法,elm模型分解,3
技术方法,特征矩阵映射,3
技术方法,自动提取时间特征信息和空间特征信息,3
技术方法,利用迁移学习算法对第一子数据集和第二子数据集进行处理,3
技术方法,获取事件相关电位,3
技术方法,神经响应分析,3
技术方法,干电极和电极帽分离,3
技术方法,在干电极上设置可伸缩结构,3
技术方法,实时且同时采集双通道信号,3
技术方法,导电织物贴覆在弹性支撑体上,3
技术方法,经由图形用户界面gui显示视觉刺激,3
技术方法,产生具有特征调制的视觉刺激,3
技术方法,编码器-解码器,3
技术方法,相关统计差异标准计算,3
技术方法,因子分析,3
技术方法,可视化映射,3
技术方法,修改内容参数,3
技术方法,识别第二虚拟对象,3
技术方法,调整一个或多个视觉和/或音频场景,3
技术方法,基于与交互相关的改进分类器调制虚拟对象特征,3
技术方法,获取相对位置信息,3
技术方法,确定感官信息,3
技术方法,基于用户生理数据调整视觉和/或音频场景,3
技术方法,提交属性数据,3
技术方法,分析vr环境中的生理和行为数据,3
技术方法,内容修改,3
技术方法,应用训练好的多个第一识别模型,3
技术方法,实时收集和分析,3
技术方法,检测相关性,3
技术方法,生成刺激信号,3
技术方法,接收传感器数据和其他上下文数据,3
技术方法,将请求的刺激数据转换为修改后的刺激,3
技术方法,混合修改后的刺激和环境刺激,3
技术方法,将神经反馈指标映射到虚拟对象的行为参数上,3
技术方法,提供视觉刺激以引起眼睛运动,3
技术方法,跟踪眼睛运动,3
技术方法,脑机接口技术,3
技术方法,mfssvep视觉刺激渲染,3
技术方法,无线神经监测,3
技术方法,预处理和特征提取,3
技术方法,共注意力多模态特征降噪融合模型,3
技术方法,通过将所选信号与数据库匹配进行解释,3
技术方法,显示引起脑信号的训练图像,3
技术方法,学习第一关系模型,3
技术方法,脑电信号的处理,3
技术方法,表面eeg/emg信号采集,3
技术方法,分类器将子参数组合成索引,3
技术方法,使用脑电和眼动两种认知仪器,3
技术方法,融合使用两种信号对广告效果进行评估,3
技术方法,基于脑机接口原理,3
技术方法,实时提供反馈,3
技术方法,设计实验范式,3
技术方法,采集eeg和眼动数据,3
技术方法,连接脑电图仪,3
技术方法,生成评估输出,3
技术方法,测量与用户脑电图的事件相关电位相关的信号,3
技术方法,确定控制指令,3
技术方法,传送控制数据信号,3
技术方法,有源干电极电路放大,3
技术方法,接收振幅整合脑电图和范围脑电图测量,3
技术方法,统计比较,3
技术方法,多模式诊断,3
技术方法,接收和获取患者数据,3
技术方法,处理与一个或多个已知数据集相关的数据,3
技术方法,递送神经调节和生物反馈,3
技术方法,重新迭代拟合优度确定,3
技术方法,练习会话,3
技术方法,利用合成分支在脑电信号和fnirs信号的基础上提取合成特征,3
技术方法,使用脑电图信号和功能性近红外光谱信号从学习的神经网络模型输出确定大脑活动类型的结果,3
技术方法,使用包括多个顺序连接的卷积层和功能性近红外光谱引导注意力层的合成分支基于脑电图信号和功能性近红外光谱信号提取合成特征,3
技术方法,构建训练数据集,3
技术方法,构建eeg-fnirs多模态分类网络,3
技术方法,主成分分析,3
技术方法,nirs-eeg双模态脑功能检测,3
技术方法,非侵入性处理,3
技术方法,自动映射,3
技术方法,合并非并发eeg数据和rsfmri数据,3
技术方法,双域深监督特征融合网络,3
技术方法,评估特征值之间的相关性,3
技术方法,评估相关性,3
技术方法,构建多模态高阶脑网络,3
技术方法,演化整体特征和演化关键特征的函数量化,3
技术方法,多模态目标识别网络,3
技术方法,双流特征提取,3
技术方法,多尺度卷积神经网络,3
技术方法,构建皮质-肌肉-皮质网络图,3
技术方法,训练预测模型,3
技术方法,特征拼接,3
技术方法,训练系统,3
技术方法,导出情感特征,3
技术方法,创建训练数据集,3
技术方法,提取脑电信号特征,3
技术方法,机器学习分类,3
技术方法,精神状态分析,3
技术方法,收集面部和生理信息,3
技术方法,刺激响应振幅权重加权,3
技术方法,联合降维映射,3
技术方法,多模态特征提取,3
技术方法,跨模态注意力机制,3
技术方法,测量神经数据与传感器数据之间的对应性,3
技术方法,下采样,3
技术方法,提取功率谱密度特征,3
技术方法,多任务学习框架,3
技术方法,估计依赖性或关系数据,3
技术方法,采集多模态情感刺激数据,3
技术方法,多模态处理,3
技术方法,响应于输入信号向用户提供刺激输出,3
技术方法,生理通道跟踪,3
技术方法,脑机接口转换,3
技术方法,应用训练的多个第一识别模型,3
技术方法,发送推荐列表,3
技术方法,挖掘个体神经系统中关键特征,3
技术方法,混合脑电波数据和瞳孔图像数据,3
技术方法,分类器,3
技术方法,定位,3
技术方法,双头lstm模型,3
技术方法,累加生成,3
技术方法,"gm(1,1)模型提取特征",3
技术方法,特征参数融合,3
技术方法,反投影回观测域,3
技术方法,声学处理,3
技术方法,插入额外刺激材料,3
技术方法,功能脑成像,3
技术方法,通过外接接口连接信号采集设备,3
技术方法,功能映射,3
技术方法,目标预测模型,3
技术方法,访问神经生理学和神经血管数据,3
技术方法,函数映射,3
技术方法,输出目标预测模型,3
技术方法,接收新的神经生理学和神经血管数据并输出预测标志物,3
技术方法,识别受试者相关特征,3
技术方法,制备pedot/pss分散溶液,3
技术方法,平衡pedot/pss和mpbcd质量比例,3
技术方法,一步组装导电干电极薄膜,3
技术方法,视觉刺激的至少一部分具有特性调制,3
技术方法,时空特征提取,3
技术方法,生理感知,3
技术方法,计算诱发反应度量,3
技术方法,获得头部移动数据,3
技术方法,预测第二预测期望视口,3
技术方法,比较第一预测期望视口与第二预测期望视口,3
技术方法,联合同步采集,3
技术方法,显示图像序列,3
技术方法,深度学习分析,3
技术方法,跟踪个体大脑对特定刺激序列的响应电活动,3
技术方法,测量脑电(eeg)信号或erg信号,3
技术方法,转换视觉刺激引起的eeg或erg信号以提供数据,3
技术方法,调整图像属性,3
技术方法,评估统计比较,3
技术方法,语音想象,3
技术方法,eeg频带分解,3
技术方法,呈现与两个或更多选项相关的信息,3
技术方法,监测,3
技术方法,确定用户的心理状态,3
技术方法,基于eeg信号提取eog信号,3
技术方法,改变用于声音处理的当前程序,3
技术方法,使能或结束音乐处理程序,3
技术方法,控制助听装置的传声器波束形成器的方向性模式,3
技术方法,转换从视觉刺激引起的eeg或erg信号以提供数据,3
技术方法,基于脑波或语音信号检索角色的运动数据,3
技术方法,接收用户的脑电波或语音信号,3
技术方法,从数据库中检索角色的运动数据,3
技术方法,人工智能机器学习的分析技术,3
技术方法,基于脑电图数据预测头部运动,3
技术方法,多类型特征数据提取,3
技术方法,运动参数选择,3
技术方法,特征提取处理,3
技术方法,基于脑电波和眼球运动诊断用户,3
技术方法,与生物信号传感器联动驱动,3
技术方法,控制头戴式显示器输出另一内容,3
技术方法,输入eeg或ecog信号,3
技术方法,追踪大脑电活动,3
技术方法,转换由视觉刺激诱发的eeg或erg信号以提供数据,3
技术方法,脑波检测,3
技术方法,结构-功能模型,3
技术方法,认知障碍模型,3
技术方法,合并输出信号,3
技术方法,同步获取生理数据,3
技术方法,编码阶段,3
技术方法,检索阶段,3
技术方法,强化阶段,3
技术方法,矩阵计算,3
技术方法,设定确定阈值,3
技术方法,自动跟踪用户的健康状况,3
技术方法,同步筛选算法,3
技术方法,符号传递熵计算,3
技术方法,个性化反馈指令生成与执行,3
技术方法,基于实时脑电图或功能磁共振成像数据收集大脑活动信号,3
技术方法,转换为数值信息,3
技术方法,映射神经元与神经连接到图的节点与边,3
技术方法,生成神经回路动态模型,3
技术方法,数据降维和特征提取技术,3
技术方法,计算机视觉分析,3
技术方法,跟随经由便携式eeg设备获得的神经相关数据,3
技术方法,多模态生理-脑功能信号同步采集,3
技术方法,多模态信号处理与状态指标计算,3
技术方法,融合分析评估用户状态,3
技术方法,累积判别分数与成功率的乘积超过阈值,3
技术方法,计算推荐次序,3
技术方法,振幅调制视觉刺激,3
技术方法,脑指纹预测模型建立,3
技术方法,结合,3
技术方法,分解神经生理数据和脑电图信号,3
技术方法,训练的神经网络,3
技术方法,相关性得分计算,3
技术方法,在时间上同步脑电数据和原功能磁共振成像数据,3
技术方法,在线检测同步采集,3
技术方法,标记同步起始点,3
技术方法,分别进行预处理,3
技术方法,选择语音消息,3
技术方法,相关分析,3
技术方法,阈值定义,3
技术方法,时间平均,3
技术方法,接收脑电数据和注视数据,3
技术方法,暴露于压力诱发扰动,3
技术方法,用户变化检测,3
技术方法,知识库切换,3
技术方法,组合ecg数据和eeg数据的特征,3
技术方法,确定关联统计度量,3
技术方法,k均值分类器,3
技术方法,时频域自动过滤,3
技术方法,自动测量幅度和等待时间,3
技术方法,控制策略,3
技术方法,传感器与患者头部接触,3
技术方法,计算离均差,3
技术方法,多级雪崩式卷积递归网络,3
技术方法,在刺激部位对预期的神经活性产生持久的影响,2
技术方法,以第一信号极性偏置,2
技术方法,以第二信号极性偏置,2
技术方法,根据第一组刺激参数在第一时域上施加刺激,2
技术方法,根据第二组刺激参数在第二时域上施加刺激,2
技术方法,调节占空比、振幅、脉冲重复频率、脉冲宽度、时空和/或极性,2
技术方法,确定是否存在侧枝神经活动的证据,2
技术方法,减弱侧枝神经活动,2
技术方法,将未分化或部分未分化细胞分化为神经元或其它具有动作电位的细胞,2
技术方法,阳极和阴极的电刺激,2
技术方法,刺激单元,2
技术方法,电极组件,2
技术方法,第一组触点,2
技术方法,第二组触点,2
技术方法,采用具有interburst频率的爆发图案,2
技术方法,产生包括第二多个刺激突发的第二刺激,2
技术方法,测试程序,2
技术方法,将一种测试刺激信号至该患者,2
技术方法,监测该患者用于一种响应对该测试刺激信号,2
技术方法,"产生包括第二多个刺激突发的第二刺激,其中所述第二刺激的一个或多个波形特性取决于所述hfo的一个或多个波形特性",2
技术方法,电信号从植入的医疗装置被递送至长期植入血管中靠近神经干的电极,2
技术方法,原位施加亚阈值电场,2
技术方法,神经响应导出,2
技术方法,确定第一感测信号对电刺激治疗的第一响应,2
技术方法,确定第二感测信号对电刺激治疗的第二响应,2
技术方法,预测神经反应,2
技术方法,导出度量值,2
技术方法,比较度量值到参考阈值,2
技术方法,施加内部和/或外部诱发和/或治疗信号,2
技术方法,接收与生理响应有关的数据,2
技术方法,确定神经传递特性,2
技术方法,控制电疗信号的参数,2
技术方法,使用多个电极递送神经刺激能量,2
技术方法,从神经信号检测神经反应的一个或多个属性,2
技术方法,针对神经退行性疾病的一个或多个指示分析神经反应的检测到的一个或多个属性,2
技术方法,根据多个神经刺激测试模式控制神经刺激能量的递送,2
技术方法,使用所接收的esg信号确定多个神经刺激测试模式中的每个测试模式的响应参数,2
技术方法,通过基于响应参数从多个神经刺激测试模式中选择测试模式来确定神经刺激治疗模式,2
技术方法,根据刺激测试模式控制神经刺激能量的递送,2
技术方法,使用电刺图信号确定响应参数,2
技术方法,确定第一感测信号相对于运动的第一变化,2
技术方法,确定第二感测信号相对于运动的第二变化,2
技术方法,神经调制,2
技术方法,根据治疗参数产生神经调制信号,2
技术方法,以感觉反馈形式的神经响应确定治疗参数,2
技术方法,监测神经电活动,2
技术方法,建立预期类型的刺激场分布,2
技术方法,频域分析处理,2
技术方法,取得脑电讯号,2
技术方法,接收脉冲发生器的选通指令并生成开关控制信号,2
技术方法,制造和使用相同的方法,2
技术方法,提供用于刺激的反电势和/或用于记录脊髓的神经纤维的参考电势,2
技术方法,刺激电极组件,2
技术方法,记录神经活动的nrt测量值,2
技术方法,基于神经活动的一个或多个特征预测,2
技术方法,细长的第一中心参考电极沿着细长基底材料的纵向方向延伸,2
技术方法,多个第一电极布置在细长的第一中心参考电极的两侧,2
技术方法,记录一系列诱发神经反应信号,2
技术方法,从信号中的每一个提取一个或多个波形特征,2
技术方法,"检查,以确定和分类记录的神经反应信号或其部分中的任何一个是否被破坏",2
技术方法,使用系列中的未被破坏的神经响应信号和/或问题神经响应信号的未被破坏的部分来内插用于被破坏的信号的波形特征的值,2
技术方法,经由多个第一电极提供用于刺激的反电势和/或用于记录脊髓的神经纤维的参考电势,2
技术方法,响应于所测量的神经元活性改变电场大小和极性,2
技术方法,测试神经刺激,2
技术方法,调整神经刺激参数,2
技术方法,确定治疗参数,2
技术方法,递送单向传入神经刺激,2
技术方法,向脑的目标结构施加刺激,2
技术方法,从与目标结构接触地植入的至少一个电极获得神经测量,2
技术方法,捕获在刺激开始后1.5-10ms的时间段内出现的神经反应,2
技术方法,用至少一个自动处理器处理所确定的脑电波模式,2
技术方法,根据每个刺激测试模式控制神经刺激能量的递送,2
技术方法,使用所接收的esg信号为每个测试模式确定一个或多个响应参数,2
技术方法,测试神经刺激设置,2
技术方法,测量神经刺激对神经活动的影响,2
技术方法,利用神经记录帮助确定神经刺激设置,2
技术方法,使脑刺激脉冲与自然发生的脑节律同步定时发生,2
技术方法,执行实时信号分析,2
技术方法,提取频域相位信息,2
技术方法,估计期望的脑电图节律相位的下一次出现,2
技术方法,触发脑刺激脉冲,2
技术方法,刺激患者的神经组织,2
技术方法,确定兴奋性和难治性(或抑制周期)的参数,2
技术方法,植入深度电极,2
技术方法,以增加的刺激强度重复刺激邻近神经的身体部分,2
技术方法,检测响应电位,2
技术方法,确定多个平均响应,2
技术方法,确定每个平均响应的至少两个参数,2
技术方法,确定最大刺激强度,2
技术方法,定义刺激参数值,2
技术方法,测定电生理参数,2
技术方法,确定兴奋性和难治性参数,2
技术方法,基于实时脑信号向需要康复治疗的对象诱导电刺激和触觉刺激,2
技术方法,将测量的脑活动信号与预设的参考脑活动信号进行比较,2
技术方法,检测需要进行康复治疗的脑活动感兴趣区域,2
技术方法,相-复位刺激,2
技术方法,时间-延迟刺激,2
技术方法,基于推导出的兴奋性曲线调整当前刺激参数组中的至少一个刺激参数,2
技术方法,将磁刺激与感官刺激组合,2
技术方法,双重作用微型电极,2
技术方法,感测组件,2
技术方法,检测高频振荡(hfo),2
技术方法,确定神经生理信号之间的相位同步性,2
技术方法,将所选择的相位同步计算与神经学或神经生理学状况的预测或检测相关联,2
技术方法,从相应的感测电极获得由刺激引起的神经响应的第一和第二记录,2
技术方法,比较第一记录和第二记录以确定诱发神经响应的传播特性,2
技术方法,测量由探针刺激引起的剩余神经反应,2
技术方法,连续和在线调整刺激参数,2
技术方法,采集表征信号,2
技术方法,确定反馈刺激参数,2
技术方法,识别运动障碍的发作,2
技术方法,与治疗图进行比较,2
技术方法,提供刺激,2
技术方法,从剩余神经响应估计由所选择的神经刺激引起的神经补充,2
技术方法,预测未来的神经活动,2
技术方法,施用校正的电刺激信号,2
技术方法,使用感测到的诱发神经反应来通知神经刺激治疗,2
技术方法,使用一个或多个分类准则来处理和分析电信号,2
技术方法,从信号中提取一个或多个特征,2
技术方法,提供治疗有效的电刺激,2
技术方法,预先植入电极,2
技术方法,迷走神经的电刺激,2
技术方法,认知训练,2
技术方法,改变自然刺激信号,2
技术方法,调整改变,2
技术方法,将电刺激调整为亚阈值刺激状态,2
技术方法,利用光刺激的高度选择性,2
技术方法,多通道脉冲发生器驱动多个电极,2
技术方法,使用个体患者的数据来识别最佳治疗目标,2
技术方法,确定刺激强度、频率或波形,2
技术方法,经颅电磁感应,2
技术方法,单向神经刺激,2
技术方法,处理从电极阵列接收的电信号,2
技术方法,基于生物信号生成对刺激参数的调整,2
技术方法,可植入螺旋电极组件,2
技术方法,多导体柔性电缆,2
技术方法,传递电流到组织中,2
技术方法,测量局部组织电位,2
技术方法,使用电极阵列和刺激的适当相对定时,2
技术方法,接收所获得的信号,2
技术方法,加工所获得的信号,2
技术方法,确定空间分布刺激的幅度,2
技术方法,施加第一的一个或多个的至少一个刺激电极植入脑中,2
技术方法,检测高频振荡大约200hz和大约500hz之间由于神经元活动在一个或多个所述至少一个电极植入脑中的至少部分的过程中,2
技术方法,确定这些hfo的一个或多个波形特性,2
技术方法,生成包括多个突发脉冲串第二的第二刺激的刺激,2
技术方法,刺激施加第二到一个或多个所述至少一个电极植入脑中,2
技术方法,将定向电场施加到所述神经系统,2
技术方法,将亚阈值和定向电场原位施加到患者的脑,2
技术方法,响应于所测量的神经元活性改变施加电场的大小和极性,2
技术方法,使用接收的esg信号确定每个测试模式的一个或多个响应参数,2
技术方法,从刺激测试模式中的多种类型的刺激波形中选择一种类型的刺激波形,2
技术方法,脑深部刺激,2
技术方法,测量对刺激的神经反应,2
技术方法,使用所述神经反应作为生物标志物,2
技术方法,自动调整亚感知治疗,2
技术方法,检测神经活性,2
技术方法,传送电脉冲刺激,2
技术方法,分析神经活动,2
技术方法,确定是否已经检测到事件,2
技术方法,根据刺激参数控制刺激源提供神经刺激,2
技术方法,使用检测器估计诱发神经反应在感测的信号窗口内的位置,2
技术方法,"基于诱发神经反应在感测信号窗口内的位置,确定感测信号窗口对诱发神经反应的截断是否正在发生",2
技术方法,基于确定来减轻诱发神经反应的截断,2
技术方法,将探针信号施加到植入脑的目标神经结构中或其附近的电极,2
技术方法,检测由探针信号引起的来自目标神经结构的第一响应,2
技术方法,脉冲刺激,2
技术方法,电压检测,2
技术方法,电压比较,2
技术方法,对脑电波信号进行分解,2
技术方法,分析第一子信号以获得固有频率序列,2
技术方法,采集静息态的脑电数据,2
技术方法,采集任务态的脑电数据,2
技术方法,观察脑电活动变化,2
技术方法,调整可植入脉冲发生器参数,2
技术方法,接收局部场电位神经信号,2
技术方法,将信号编码和滤波到对数域,2
技术方法,基于处理后的神经信号确定用于深部脑刺激的最佳刺激参数,2
技术方法,无线传输数据,2
技术方法,使用一种或多种非侵入性刺激,2
技术方法,通过一个或多个感觉通路引入非侵入性刺激,2
技术方法,调整刺激强度,2
技术方法,产生刺激反馈信号,2
技术方法,将反馈发送至偶极子天线,2
技术方法,检测来自待刺激目标的反馈信号,2
技术方法,分析所检测的反馈信号的波形,2
技术方法,基于所分析的所检测的反馈信号的波形来确定参数,2
技术方法,基于所确定的参数来生成对应于所检测的反馈信号的激励信号,2
技术方法,持续感测,2
技术方法,评估感测信号,2
技术方法,感测脑电波信号,2
技术方法,确定感测到的响应,2
技术方法,采集脑电活动的特征信号,2
技术方法,确定其在至少一个频带内的功率,2
技术方法,无创刺激,2
技术方法,感觉通路引入无创刺激,2
技术方法,提取具有不对称分布峰/谷振幅的偏置振荡活动的瞬时电压幅度,2
技术方法,检测预定神经元兴奋状态,2
技术方法,电能在电极之间传送以在邻近电极的组织中产生刺激区域,2
技术方法,感知和分析认知脑信号,2
技术方法,测量患者的中枢神经系统中在电磁刺激影响患者的目标神经群体之前和之后的功能活性神经组织的体积,2
技术方法,至少部分地基于所测量的功能活性神经组织体积的差异来控制至少一个信号传递参数,2
技术方法,功能磁共振成像图扫描,2
技术方法,选择信号的初始参数,2
技术方法,改变信号的电参数,2
技术方法,监测生理参数和指数值的变化,2
技术方法,检测神经反应的一个或多个属性,2
技术方法,分析检测到的神经反应的一个或多个属性,2
技术方法,自动优化参数,2
技术方法,配置电极,2
技术方法,输送刺激,2
技术方法,评估应答信号,2
技术方法,状态信号指示故障,2
技术方法,将神经刺激器植入患者体内,2
技术方法,利用控制器模块产生输入信号,2
技术方法,通过电辐射耦合将输入信号传输到神经刺激器,2
技术方法,将输入信号转换为电脉冲,2
技术方法,确定第一组神经刺激参数,2
技术方法,确定第二组神经刺激参数,2
技术方法,施加神经刺激治疗,2
技术方法,以连续或通常连续的方式施加第一神经刺激治疗,2
技术方法,以非连续或间断的方式施加第二神经刺激治疗,2
技术方法,脑功能网络建模方法,2
技术方法,基于动态回归模型因果测度的多层次神经肌肉耦合分析,2
技术方法,记录神经反应遥测测量值,2
技术方法,决策树预测,2
技术方法,封闭-环反馈,2
技术方法,直接组装到装置的气密馈通中,2
技术方法,利用馈通壳体作为支撑结构,2
技术方法,制造方法,2
技术方法,针刺型支架电极植入,2
技术方法,流体轴承无摩擦安装,2
技术方法,经血管刺激,2
技术方法,电刺激信号传递,2
技术方法,植入电极,2
技术方法,产生诊断诱发电位,2
技术方法,自动分析数据,2
技术方法,提供具有至少一个电极的第一多个电极,2
技术方法,提供具有至少两个电极的第二多个电极,2
技术方法,将第一多个电极和第二多个电极定位在受检者的颅骨上,2
技术方法,向第一多个电极和第二多个电极提供极性相反的电流,2
技术方法,控制多个开关以将电容器的第一板电耦合到电极,2
技术方法,将电容器的第二板电耦合到电极,2
技术方法,利用生物信号放大器模拟肌电积分包络信号,2
技术方法,经过处理产生肌电活动包络信号,2
技术方法,微电极检测信号,2
技术方法,闭环控制软件自动定位目标神经元位点,2
技术方法,脑网络模型估计信号,2
技术方法,比较估计信号与实际信号,2
技术方法,获得电生理反应记录,2
技术方法,评估记录的一个或多个所选特征,2
技术方法,检测体内产生的运动,2
技术方法,控制电刺激的施加,2
技术方法,检测神经响应的属性,2
技术方法,分析神经响应的属性,2
技术方法,柔性印刷电路制造,2
技术方法,蚀刻印刷电路,2
技术方法,施加相-复位刺激,2
技术方法,柔性电极阵列植入,2
技术方法,电极穿过阻挡元件的进入点和出口点,2
技术方法,电极与周围环境电隔离,2
技术方法,输入电活动,2
技术方法,接收感测数据,2
技术方法,基于事件数据识别感测数据的子集,2
技术方法,基于感测数据的子集和事件数据确定值范围,2
技术方法,对大脑的目标结构施加刺激,2
技术方法,从与目标结构接触植入的至少一个电极获得神经测量值,2
技术方法,采集第一区域的预设采样区域对应位置上的第一电信号,2
技术方法,接收第一电信号的调制信号,2
技术方法,刺激施加,2
技术方法,诱发反应检测,2
技术方法,提供不同刺激水平的一系列刺激,2
技术方法,使用植入电极测量对每个刺激的神经响应,2
技术方法,计算与激励电平和响应相关的值,2
技术方法,将柔性电极的检测部与生物大脑皮层相接触,2
技术方法,通过检测部获取生物脑部的电信号,2
技术方法,通过电极的传输部和第一接口将电信号传输至转接装置,2
技术方法,通过转接装置的第二接口传输至外部设备,2
技术方法,递送刺激能量,2
技术方法,周期性获取复合动作电位,2
技术方法,从肌肉收缩或运动导出神经数据,2
技术方法,基于神经数据导出神经状态评估,2
技术方法,基于神经状态评估导出神经刺激参数,2
技术方法,基于神经刺激参数递送神经刺激,2
技术方法,使用从刺激探针本身获得的各种信号,2
技术方法,控制施加到电极的电流脉冲的参数,2
技术方法,递送电神经刺激,2
技术方法,感测诱发电位信号,2
技术方法,检测诱发电位信号的变化,2
技术方法,周期性地获取复合动作电位,2
技术方法,确定第一感测信号对运动的第一改变,2
技术方法,确定第二感测信号对运动的第二改变,2
技术方法,无线控制,2
技术方法,开关控制,2
技术方法,监测脑电模式以识别神经事件的开始,2
技术方法,识别指示神经学事件的脑电模式的位置,2
技术方法,监测脑电模式,2
技术方法,识别神经事件的发作,2
技术方法,识别表示神经事件的脑电模式的位置,2
技术方法,施加经皮或经颅电刺激,2
技术方法,感测电记录信号,2
技术方法,刺激神经组织以确定兴奋性和难治性参数,2
技术方法,使用兴奋性和难治性参数识别易感性,2
技术方法,同时提供训练和神经刺激,2
技术方法,缓慢地施加脑电波信号,2
技术方法,缓慢振荡,2
技术方法,心轴到心轴的刺激,2
技术方法,根据用户请求在初始刺激时段期间随时间将电刺激的持续时间或幅度从初始值增加到最终值,2
技术方法,神经刺激控制信号调整,2
技术方法,反馈控制信号接收与处理,2
技术方法,路由,2
技术方法,电互连,2
技术方法,重复施加电刺激,2
技术方法,记录神经反应,2
技术方法,评估记录的神经反应随时间变化的特征,2
技术方法,监测心电图信号,2
技术方法,将ekg电极放置在刺激引线上,2
技术方法,连接单独的第二引线,2
技术方法,脉冲电刺激,2
技术方法,植入式刺激接收器,2
技术方法,外部刺激器,2
技术方法,组合可植入装置,2
技术方法,提供电磁信号,2
技术方法,提供化学物质,2
技术方法,检测患者特征,2
技术方法,控制参数,2
技术方法,参考触发器输入模块配置,2
技术方法,拆解脑波信号,2
技术方法,分析第一子信号获得本质频率序列,2
技术方法,转换第二子信号为布尔信号,2
技术方法,"根据响应于当前状态的刺激参数的实现而获得的生理水平的规则,以有组织的及时方法确定状态之间的可能转换",2
技术方法,测量延迟,2
技术方法,基于多个生物信号确定疼痛程度,2
技术方法,阵列设计,2
技术方法,接口通过转接线连接,2
技术方法,植入盔下颅外位置,2
技术方法,识别脑叶,2
技术方法,选择电极阵列,2
技术方法,植入颅内,2
技术方法,耦合到咨询系统,2
技术方法,通过颅骨单开口植入并展开,2
技术方法,三维有源组装,2
技术方法,拉普拉斯电极和单点电极复合采集,2
技术方法,植入脑机接口电极阵列,2
技术方法,拉普拉斯电极和单点电极复合,2
技术方法,采集大脑神经元电讯号,2
技术方法,读取用户的意识,2
技术方法,解码运动意念,2
技术方法,皮层扩散抑制(sd)的慢波介导,2
技术方法,eeg信号管理,2
技术方法,个性化sd介导的抗癫痫发作响应,2
技术方法,高密度微加工,2
技术方法,反转波形约为零电平,2
技术方法,时间反转波形,2
技术方法,提取,2
技术方法,电极阵列采集模拟信号,2
技术方法,主控装置接收和处理数字信号,2
技术方法,活动传感器检测电极信号事件,2
技术方法,控制逻辑激活采样电路和采样缓冲器,2
技术方法,调度和控制电极信号存储表示在数据总线上传输,2
技术方法,采集发声神经电位信号,2
技术方法,64通道双向电极阵列采集,2
技术方法,采集与刺激单元控制,2
技术方法,双向通讯检测记录与刺激调控,2
技术方法,沉积金属迹线,2
技术方法,向完成的阵列施加适当量的热量产生曲线,2
技术方法,沿着边缘添加材料,2
技术方法,在折叠内和折叠外添加附加材料,2
技术方法,通过多电极接触电极阵列的单个电极接触的选定分组施加电刺激,2
技术方法,产生由一组预定的激励参数定义的激励电流脉冲,2
技术方法,将激励电流脉冲施加到所选择的电极触点,2
技术方法,快速、自动和/或交互式地编程刺激参数的值,2
技术方法,定向冷冻诱导相分离技术,2
技术方法,介电柔性基底,2
技术方法,垂直碳纳米管阵列与碳层层叠设置,2
技术方法,金属纳米线分布于阵列单元间隙,2
技术方法,水凝胶层覆盖,2
技术方法,将柔性基底电极阵列植入替代神经组织中,2
技术方法,被动释放抗炎药物,2
技术方法,电控释技术主动释放神经营养因子,2
技术方法,三维封装集成,2
技术方法,堆叠设置,2
技术方法,根据微型麦克风阵列输出的基于声源的音频信号确定声源方位,2
技术方法,确定脑电电极阵列中与声源方向相对应的脑电电极,2
技术方法,调用与声源方向相对应的脑电电极输出触感信号,2
技术方法,"根据微型麦克风阵列输出的基于声源的音频信号,确定出声源的方位",2
技术方法,确定出脑电电极阵列中与声源的方位相对应的脑电电极,2
技术方法,调用相对应的脑电电极输出触感信号,2
技术方法,深部脑刺激透明电极阵列,2
技术方法,感测传出神经信号,2
技术方法,序贯性释放多种药物,2
技术方法,神经细胞的光学成像,2
技术方法,电信号传递,2
技术方法,颅内信号传输,2
技术方法,可植入电极组件,2
技术方法,第一多个电极连接到第一引线,2
技术方法,第二多个电极连接到第二引线,2
技术方法,通过颅骨中的孔传送电信号,2
技术方法,检测脑信号和递送偶然刺激,2
技术方法,检测脑信号并递送偶然刺激,2
技术方法,通道被配置成用于电信号的离子传导,2
技术方法,感测生物电信号,2
技术方法,生成刺激治疗脉冲的多个突发,2
技术方法,递送刺激治疗脉冲,2
技术方法,微装置定位,2
技术方法,柔性支撑构件附接,2
技术方法,接口引导信号或流体,2
技术方法,植入刺激电极,2
技术方法,将刺激源聚焦通过颅骨/脑界面,2
技术方法,时空选择性刺激,2
技术方法,多极时空刺激,2
技术方法,在电极触点和焊点的暴露面设置不同材料,2
技术方法,图形呈现,2
技术方法,选择,2
技术方法,计算,2
技术方法,电镀模式启动指令,2
技术方法,获取电镀脉冲配置参数,2
技术方法,控制脉冲发生模块产生电镀脉冲信号,2
技术方法,刺激模式启动指令,2
技术方法,获取电刺激脉冲配置参数,2
技术方法,控制脉冲发生模块产生电刺激脉冲信号,2
技术方法,特征信号用于确定刺激参数的反馈,2
技术方法,皮肤内通信,2
技术方法,无线发射,2
技术方法,确定脑反应变化程度最明显的位置作为目标区域,2
技术方法,向人类大脑的初级体感皮层施加诱导刺激,2
技术方法,生成调节人类对诱导刺激感觉的脑刺激信号,2
技术方法,将生成的脑刺激信号施加到目标区域,2
技术方法,植入关节电极组件,2
技术方法,多个部分、段、桨叶和/或板彼此空间发散放置,2
技术方法,以不同方式定位于神经解剖学位点,2
技术方法,基于运动诱发电位(mep)的神经调节,2
技术方法,输出刺激信号,2
技术方法,本地放大和复用,2
技术方法,分解脑电波信号,2
技术方法,分析第一子信号以获得本征频率序列,2
技术方法,微电极阵列器件制造,2
技术方法,基于刺激信号序列向待刺激脑区输出相应的刺激信号,2
技术方法,接收神经信号和/或来自外部传感器或信息源的信号,2
技术方法,输出刺激模式到神经系统,2
技术方法,基于传感器信号检测功能障碍,2
技术方法,完成反馈环路,2
技术方法,神经学事件检测,2
技术方法,多模联运,2
技术方法,集成,2
技术方法,通过接口控制刺激,2
技术方法,经颅通道,2
技术方法,处理数据,2
技术方法,控制感测和刺激,2
技术方法,无线传输到外部接收器,2
技术方法,能量收集,2
技术方法,通过串行电缆连接到皮下中继器,2
技术方法,协助临床医生识别电极组合,2
技术方法,引导和会聚信号,2
技术方法,记录信号,2
技术方法,确定电生理状态,2
技术方法,聚焦的源的刺激诱导的神经调节,2
技术方法,引导和聚焦信号或其它能量,2
技术方法,电极阵列包含多个由还原氧化石墨烯制成的电极,2
技术方法,通过界面感测脑的状态特征参数,2
技术方法,通道配置为电信号的离子传导,2
技术方法,dc或近dc刺激,2
技术方法,混合聚类,2
技术方法,递送预设目标刺激模式库,2
技术方法,触发神经信号,2
技术方法,检测大脑中响应神经活动,2
技术方法,基于检测到的对所施加刺激的生理反应滴定刺激,2
技术方法,递送输入和记录输出响应,2
技术方法,比较基线和治疗i/o特性,2
技术方法,递送电刺激输入并记录输出响应,2
技术方法,通过电刺激促进干细胞分化,2
技术方法,可植入电极阵列提供多个通信信道,2
技术方法,放大器电路处理电信号,2
技术方法,无线收发器发送和接收遥测数据,2
技术方法,传输电力,2
技术方法,设置刺激参数,2
技术方法,接收神经活动信号记录,2
技术方法,经颅光生物调节疗法,2
技术方法,经颅刺激,2
技术方法,产生电刺激,2
技术方法,将第一频率的电刺激递送到患者的脑,2
技术方法,将递送的电刺激从第一频率调节到第三频率,2
技术方法,经颅光生物调节疗法(pbmt),2
技术方法,施加脉冲外电场,2
技术方法,引入脉冲可变性,2
技术方法,募集纤维群的一部分,2
技术方法,募集纤维群的另一部分,2
技术方法,神经或神经节的电刺激,2
技术方法,结合生物反馈,2
技术方法,调制刺激参数,2
技术方法,施加选定的刺激,2
技术方法,施加具有短脉冲宽度的探测刺激,2
技术方法,预定的治疗能力,2
技术方法,响应的治疗能力,2
技术方法,检测脑电波,2
技术方法,透明电极阵列设计,2
技术方法,金属材料电极位点,2
技术方法,碳材料互连器,2
技术方法,连续地通过该分析水平是调整和优化,2
技术方法,编程刺激参数,2
技术方法,记录神经生理信号,2
技术方法,确定相位同步,2
技术方法,压缩状态输送,2
技术方法,自动膨胀,2
技术方法,获得在患者皮层中出现的神经活性的表示,2
技术方法,将神经活性区域与患病身体部分相关联,2
技术方法,响应于检测到的神经信号刺激至少一个身体部位,2
技术方法,采集和存储神经活动信号记录,2
技术方法,施加低频波形,2
技术方法,多电极刺激,2
技术方法,递送电刺激信号,2
技术方法,确定脑活动的变化,2
技术方法,考虑网络动态和耦合效应,2
技术方法,使用感测数据和目标植入标准调整治疗,2
技术方法,使用脑网络模型相关的感测数据,2
技术方法,确定运动障碍影响患者的步态、口腔功能和/或其他功能,2
技术方法,确定中介程序以调整慢波振荡强度,2
技术方法,使用至少第一电极将电信号施加到脑神经,2
技术方法,选择使相位复位的第一刺激,2
技术方法,以时间延迟施加刺激,2
技术方法,验证刺激是否抑制病理同步和振荡神经活动,2
技术方法,测量脑电生物标记物,2
技术方法,近实时分析,2
技术方法,施加相位重置刺激,2
技术方法,验证时间延迟刺激是否抑制,2
技术方法,获得神经测量值,2
技术方法,监测迟发性响应,2
技术方法,测量由探测刺激诱发的残余神经反应,2
技术方法,闭环反馈控制,2
技术方法,确定神经反应的形态学的变化,2
技术方法,分配和跟踪潜在的电极-组织变化的可能性,2
技术方法,更新反馈控制模态,2
技术方法,测量神经电信号,2
技术方法,生成新的刺激波形,2
技术方法,选择性地提供刺激波形,2
技术方法,记录神经响应,2
技术方法,植入到截断的周围神经或神经残端,2
技术方法,向周围神经施加通过导线接收到的电信号,2
技术方法,线性式柔性电极植入,2
技术方法,电极位点电耦合导线层,2
技术方法,导线传输电信号,2
技术方法,微电极记录,2
技术方法,薄膜固定到载体芯,2
技术方法,远端延伸部分缠绕载体芯,2
技术方法,施加适当的热量产生曲线,2
技术方法,沿边缘添加材料,2
技术方法,在折叠部的内部和外部添加额外的材料,2
技术方法,获得由电刺激诱发的电生理反应的记录,2
技术方法,评估记录的一个或多个选定特征,2
技术方法,表面改性,2
技术方法,纳米级表面改性,2
技术方法,设计高深宽比纳米柱特征,2
技术方法,采集第一电信号,2
技术方法,重新定向,2
技术方法,涂覆导电材料,2
技术方法,涂覆非导电生物相容性聚合物涂层,2
技术方法,控制训练外设执行训练方案,2
技术方法,传输基于生理参数信息的患者数据,2
技术方法,接收患者数据,2
技术方法,发送和接收数据或信号,2
技术方法,生成癫痫事件数据,2
技术方法,可变形基板上布置多个电极,2
技术方法,沿第一方向延伸,2
技术方法,沿第二方向延伸,2
技术方法,利用多个参数,2
技术方法,调节听觉刺激刺激,2
技术方法,嵌入式算法处理数据,2
技术方法,上位机算法处理,2
技术方法,基于测量相关的信号的脑活动利用多个参数,2
技术方法,多个强度刺激基于所述参数调节,2
技术方法,听觉刺激刺激,2
技术方法,提取相位空间,2
技术方法,确定高于预定阈值的诱发hfo频率,2
技术方法,获取皮层脑电图信号,2
技术方法,直接控制瘫痪肌肉、肢体或末端,2
技术方法,接收外部传感器信号,2
技术方法,转换为电刺激模式,2
技术方法,模块化应用,2
技术方法,选择性使用,2
技术方法,测定兴奋性和难治性参数,2
技术方法,接收与自主神经系统活动相关的输入,2
技术方法,修改与膀胱功能相关的脑或脊髓自主反馈回路,2
技术方法,刺激电流包络,2
技术方法,计算eeg谱密度,2
技术方法,计算心率谱密度,2
技术方法,产生刺激波形,2
技术方法,简单递送方法,2
技术方法,接收用户输入,2
技术方法,对脑电波状态进行采样,2
技术方法,施加修改脉冲,2
技术方法,施加响应刺激,2
技术方法,记录脑电波活动,2
技术方法,确定特征参数,2
技术方法,切换工作模式,2
技术方法,开环或闭合回路系统,2
技术方法,电逻辑刺激,2
技术方法,量化脑信号功效,2
技术方法,确定多个特征参数的第一值,2
技术方法,自适应调整干预刺激脉冲参数,2
技术方法,插值处理,2
技术方法,筛选,2
技术方法,计算功率谱密度,2
技术方法,计算相干性系数,2
技术方法,判断脑电信号是否达到预期脑电状态,2
技术方法,确定目标经颅电刺激方案,2
技术方法,提取γ频带的信号成分,2
技术方法,求出波形的发生率,2
技术方法,生成具有与发生率对应的频率和振幅的驱动信号,2
技术方法,分析大脑记录,2
技术方法,训练预测算法,2
技术方法,实时分析个体大脑状态,2
技术方法,预测生物标志物的出现,2
技术方法,跨区锁相刺激,2
技术方法,实时相位检测,2
技术方法,迷走神经刺激(vns),2
技术方法,监测大脑生理反应,2
技术方法,提取具有不对称分布峰值/谷值幅度的偏置振荡活动的瞬时电压幅度,2
技术方法,传达瞬时电压幅度的变化、增加、减少或维持,2
技术方法,交叉超声波束,2
技术方法,产生刺激信号,2
技术方法,插入颅骨,2
技术方法,传输到外部,2
技术方法,产生时变电场刺激大脑的视觉通路,2
技术方法,减轻伪迹的影响,2
技术方法,确定患者的神经状态,2
技术方法,使用这些阵列产生时变电场,2
技术方法,固定相对位置,2
技术方法,闭环治疗,2
技术方法,感测用户大脑各区域的脑电波,2
技术方法,从检测到的脑电波中检测活动模式,2
技术方法,无线传感,2
技术方法,信号接收,2
技术方法,信号分析,2
技术方法,生成评估,2
技术方法,实时神经影像感测,2
技术方法,信号放大与滤波,2
技术方法,上行链路传输数据,2
技术方法,恒流刺激模块生成神经刺激信号,2
技术方法,多路选择模块选择信号输出,2
技术方法,数字控制模块输出数字采样信号,2
技术方法,临时定位探针电极,2
技术方法,滑动窗口切分,2
技术方法,元迁移学习框架训练,2
技术方法,按时间分箱,2
技术方法,循环神经网络,2
技术方法,加权有限状态转换器语言模型,2
技术方法,传送电脉冲波形,2
技术方法,传递电能,2
技术方法,调节动作电位传播,2
技术方法,信号采集处理,2
技术方法,动作电位信号检测处理,2
技术方法,对脑电信号进行预处理,2
技术方法,以滑动窗口的方式进行切分,2
技术方法,利用元迁移学习的框架训练多尺度残差网络,2
技术方法,按时间对动作电位尖峰进行分箱,2
技术方法,确定置信水平,2
技术方法,按时间对动作电位尖峰进行分格,2
技术方法,将分格提供给递归神经网络(rnn),2
技术方法,使用音素解码器生成估计的预期语音,2
技术方法,将神经活动信号转换为电信号,2
技术方法,电刺激神经,2
技术方法,独热编码,2
技术方法,工作记忆任务,2
技术方法,模拟失重训练,2
技术方法,神经活动数据统计,2
技术方法,分类器聚合,2
技术方法,梯度性评价,2
技术方法,采集神经活动数据,2
技术方法,统计神经活动数据,2
技术方法,卷积神经网络(cnns),2
技术方法,基于深度学习的神经解码,2
技术方法,训练基于cnn的模型,2
技术方法,降噪算法,2
技术方法,确定电极阵列位置,2
技术方法,运动诱发电位测定,2
技术方法,获取和存储神经元活动信号,2
技术方法,脑电信号辨识,2
技术方法,机器学习模型提取模式,2
技术方法,编码,2
技术方法,从内腔壁内部接收电信号,2
技术方法,从患者体内的噪声中提取信号,2
技术方法,提供刺激并在患者体内引发动作电位,2
技术方法,将神经破坏对动作电位传播的影响用作反馈机制,2
技术方法,脑机接口信号采集,2
技术方法,深度学习模型构建,2
技术方法,微弱生物信号的采集,2
技术方法,获取多个电极采集的脑电信号,2
技术方法,将电脉冲转换为数字电脉冲,2
技术方法,电平比较器转换,2
技术方法,甄别模块识别匹配,2
技术方法,提取脑电信号时域信息和频域信息,2
技术方法,计算脑电信号指数特征,2
技术方法,确定患者状态类型,2
技术方法,确定参数配置信息,2
技术方法,调整迷走神经电刺激设备参数,2
技术方法,基于脑电信号所处的睡眠分期确定第一神经刺激参数,2
技术方法,基于脑电信号的相位特征确定第二神经刺激参数,2
技术方法,确定用户的睡眠状态,2
技术方法,实时获取脑电信号,2
技术方法,深度学习模型解码,2
技术方法,声学刺激信号通过人体耳蜗转化为电信号,2
技术方法,电脉冲刺激模块发出的电脉冲通过贴在体表的电极刺激浅脑神经,2
技术方法,采集脑电信号及其脑电活动模式,2
技术方法,提取脑电信号中多种特征进行筛选,2
技术方法,实时采集脑信号,2
技术方法,输入训练好的脑电信号分类模型,2
技术方法,获得脑信号信息,2
技术方法,确定相应频率,2
技术方法,采集和处理脑电信号,2
技术方法,谱分析和模式识别,2
技术方法,采集用户注视视频时产生的脑电信号,2
技术方法,脑电信号处理和数字化,2
技术方法,功能电刺激开关控制信号产生,2
技术方法,脑电信号采集和处理,2
技术方法,经颅感测局部磁场,2
技术方法,输入脑电匹配模型,2
技术方法,脑电信号实时处理,2
技术方法,滤波放大,2
技术方法,经颅电刺激参数反馈调整,2
技术方法,获取脑信号信息,2
技术方法,确定电极组合的相应频率,2
技术方法,采集颅内脑电信号,2
技术方法,处理和评估脑电信号,2
技术方法,采集t1加权mri头部影像数据,2
技术方法,使用fsl软件进行组织分割,2
技术方法,计算轨迹误差,2
技术方法,经皮植入,2
技术方法,头皮下植入,2
技术方法,接收神经活动信号,2
技术方法,感测侧支神经活动证据,2
技术方法,减弱侧支神经活动,2
技术方法,使用电脉冲神经元的静息膜的电位增加在刺激点到亚阈值水平,2
技术方法,测量对刺激的神经活动响应,2
技术方法,嵌入柔性电极和导电引线于可贴合基板,2
技术方法,使用导电pdms制作导线,2
技术方法,根据治疗参数产生神经调节信号,2
技术方法,感测神经响应,2
技术方法,条件刺激被有意地计时,2
技术方法,在抑制性时域或易化性时域内施加条件刺激,2
技术方法,相对于附加参考刺激或信号临时施加条件刺激,2
技术方法,发作间期癫痫模式检测,2
技术方法,高风险状况模式检测,2
技术方法,神经调节信号递送,2
技术方法,植入颅骨的外板和内板之间而不完全穿透内板,2
技术方法,感测电信号,2
技术方法,处理感测到的电信号以获得数据,2
技术方法,模拟神经电压转换为数字信号,2
技术方法,数字信号转换为模拟神经电压,2
技术方法,记录相关神经活动,2
技术方法,处理技术,2
技术方法,刺激参数优化,2
技术方法,计算模型以再现观察到的神经活动,2
技术方法,基于物理或生理水平的自适应状态转换模型,2
技术方法,"状态转换控制单元根据响应于当前状态的刺激参数的实现而获得的生理水平的规则,以有组织的及时方法确定状态之间的可能转换",2
技术方法,根据响应于当前状态的刺激参数的实现而获得的生理水平的规则,2
技术方法,状态转换控制单元根据生理水平规则确定状态转换,2
技术方法,检测生理活动信号,2
技术方法,将生理活动信号与预设检测条件进行比较,2
技术方法,电反馈控制,2
技术方法,调节治疗神经刺激,2
技术方法,聚偏氟乙烯滤膜的预处理,2
技术方法,过滤纳米线图案,2
技术方法,聚二甲基硅氧烷层的预处理,2
技术方法,键合,2
技术方法,激光打孔,2
技术方法,基于行列寻址的高密度柔性神经电极阵列制造方法,2
技术方法,精确空间和时间定位,2
技术方法,精确电刺激,2
技术方法,无线传输皮层电图记录,2
技术方法,获得患者的生物信号信息,2
技术方法,确定生物信号的功率谱,2
技术方法,确定两个生物信号之间的相干性、相关性或关联曲线,2
技术方法,测量神经元活动信号,2
技术方法,确定定量关系,2
技术方法,获得平衡关系,2
技术方法,比较定量关系与平衡关系,2
技术方法,处理和分析电信号,2
技术方法,在床头插入和功能化单元化颅内电极阵列,2
技术方法,实时检测电极与大脑皮质的接触状态,2
技术方法,递送神经调节剂,2
技术方法,以多个不同刺激频率向大脑递送电刺激,2
技术方法,基于生物电信号的振荡参数识别共振响应,2
技术方法,导出治疗参数,2
技术方法,响应于检测到的神经信号刺激,2
技术方法,检测响应,2
技术方法,自动触发电磁刺激,2
技术方法,电连接,2
技术方法,脑网络模型估计,2
技术方法,连续比较,2
技术方法,收集信号的时间序列,2
技术方法,分析信号以识别参与训练方案的证据,2
技术方法,获取患者大脑的图像数据,2
技术方法,基于运动诱发电位的神经调节,2
技术方法,施加被配置为产生治疗效果同时抑制心理物理副作用的刺激序列,2
技术方法,在第一刺激物之后的不应期内递送第二刺激物,2
技术方法,选择性同步或不同步所诱发的响应的上升或下降卷,2
技术方法,定时神经刺激,2
技术方法,改变神经元活动,2
技术方法,发射辐射到患者脑中,2
技术方法,电极线嵌入阵列芯内,2
技术方法,电极刺激接触通过阵列芯暴露,2
技术方法,接收记录的信号,2
技术方法,确定大脑的电生理状态,2
技术方法,折叠成适于通过狭窄的圆柱形通道展开的轴向构型,2
技术方法,电极阵列置于脑的心室系统、脑部血管或其它体腔,2
技术方法,收集和解码ecog信号,2
技术方法,转换解码的运动意图为刺激命令,2
技术方法,递送神经调节疗法,2
技术方法,硬膜外电刺激(ees),2
技术方法,用电极阵列测量脑电信号,2
技术方法,基于测量的eeg信号向脑内发射辐射,2
技术方法,传递刺激,2
技术方法,事件触发的闭环控制,2
技术方法,检测生理事件,2
技术方法,递送刺激脉冲,2
技术方法,模拟感测到的患者神经活动,2
技术方法,处理神经活动以获得数字神经活动信息,2
技术方法,传输数字神经活动信息,2
技术方法,连续监测传入的神经生理信号,2
技术方法,测量等待时间,2
技术方法,放大电位差,2
技术方法,滤除刺激伪迹,2
技术方法,离散时间信号处理,2
技术方法,比较诱发动作电位的特性,2
技术方法,测量用户的脑电输出,2
技术方法,确定当前用户的与大脑相关联的频率,2
技术方法,确定电流频率之间的差值和目标频率,2
技术方法,发送信号至脑的用户通过一个或多个通路,2
技术方法,脑电波信号分解,2
技术方法,固有频率系列分析,2
技术方法,布尔信号转换,2
技术方法,获取参考脑网络活动模式,2
技术方法,获取描述受试者神经生理状态的脑网络活动模式,2
技术方法,比较脑网络活动模式,2
技术方法,基于比较结果选择频率,2
技术方法,固定互连,2
技术方法,精准连接,2
技术方法,双形态设计,2
技术方法,金属层与第一涂层的组合,2
技术方法,弹性聚合层与第二涂层的配置,2
技术方法,经颅交流动态频率刺激,2
技术方法,产生高电流水平、电荷平衡的交流电信号,2
技术方法,利用不同频率的多个系列脉冲,2
技术方法,结合反馈信号动态调整刺激波形,2
技术方法,确定脑波模式,2
技术方法,处理脑波模式,2
技术方法,脑波夹带,2
技术方法,检测运动,2
技术方法,响应性电刺激,2
技术方法,感测脑中的电信号,2
技术方法,接收并记录电活动信号,2
技术方法,生成神经行为的开始时间的预测,2
技术方法,发送刺激信号,2
技术方法,使用模板在颅骨预定位置形成孔或开口,2
技术方法,诱发电位活动监测,2
技术方法,生成大脑状态参数,2
技术方法,生成大脑模型,2
技术方法,发送到远程接收器,2
技术方法,使用信号控制应用,2
技术方法,检查信号的电压电平和持续时间,2
技术方法,实时提取神经元放电特征,2
技术方法,评估电生理信息,2
技术方法,分析刺激干预效果,2
技术方法,saradc转换,2
技术方法,施加信号刺激神经细胞,2
技术方法,选择引起相位重置的第一刺激,2
技术方法,以时间延迟施加所选的第一刺激,2
技术方法,验证刺激是否抑制病理性同步和振荡神经活动,2
技术方法,刺激电信号,2
技术方法,获得神经元起搏信号,2
技术方法,传送神经刺激信号,2
技术方法,确定神经刺激信号,2
技术方法,发送神经刺激信号,2
技术方法,提供第一神经刺激信号,2
技术方法,提供第二神经刺激信号,2
技术方法,电刺激+脑电采集+滤波器处理同步工作模式,2
技术方法,脑电采集/电刺激+滤波器处理异步工作模式,2
技术方法,自适应监测与刺激调节,2
技术方法,基于感测的生物电信号选择刺激电极,2
技术方法,产生电信号,2
技术方法,施加电信号到脑神经,2
技术方法,颅骨嵌入物穿透颅骨并位于皮肤和硬脑膜之间,2
技术方法,测量电极置于皮肤表面,2
技术方法,脑电信号经由硬脑膜、颅骨嵌入物、皮肤、测量电极的路线传递,2
技术方法,信号调理,2
技术方法,比较诱发动作电位特性,2
技术方法,实时脑血流反应,2
技术方法,利用患者的刺激脑电信号,2
技术方法,感觉刺激,2
技术方法,检测脑活性,2
技术方法,产生可编程电波形,2
技术方法,向波形提供所选择的参数值,2
技术方法,响应患者启动的信号,2
技术方法,检测运动障碍的发作,2
技术方法,电极系统,2
技术方法,柔性导体互连,2
技术方法,弹簧状结构的导体,2
技术方法,识别治疗频率,2
技术方法,分层筛选与动态微调,2
技术方法,双阶段经颅交流电信号输出,2
技术方法,解码ecog信号为运动意图,2
技术方法,将运动意图转换为刺激命令,2
技术方法,输入核团的电活动,2
技术方法,经颅交流电刺激(tacs),2
技术方法,生成由多个参数定义的电偏置信号,2
技术方法,将电偏置信号施加到神经结构以偏置结构上的固有神经信号,2
技术方法,距离平方分析模型,2
技术方法,测量诱发的复合动作电位的潜伏期,2
技术方法,接收表示多个信号的信息,2
技术方法,确定一个或多个特征,2
技术方法,将特征与多个模板进行比较,2
技术方法,实时触发刺激,2
技术方法,检测脑状态发作,2
技术方法,基于感测电信号表示选择电极组合,2
技术方法,将多个脑表面电极电连接在一起,2
技术方法,将多个深部脑电极电连接在一起,2
技术方法,使用电流幕包围脑的特定区域,2
技术方法,结合预设频率和生物电反馈,2
技术方法,提取神经电信号主频序列,2
技术方法,记录第一群体数据,2
技术方法,记录第二群体数据,2
技术方法,基于相空间确定频率范围,2
技术方法,电沉积方法,2
技术方法,插入组合的颅内电极阵列,2
技术方法,功能化组合的颅内电极阵列,2
技术方法,特定设计定位接地电极和参考电极,2
技术方法,解耦控制,2
技术方法,产生神经刺激信号,2
技术方法,控制神经刺激器,2
技术方法,分析传感器数据以确定活动量度,2
技术方法,体微机械加工,2
技术方法,表面微机械加工,2
技术方法,电镀金属,2
技术方法,电镀金属氧化物,2
技术方法,基底电极引线从植入物外壳通向耳蜗造口,2
技术方法,顶端电极阵列穿过耳蜗造口开口装配到患者耳蜗中,2
技术方法,弹性阵列突起从电极阵列的外表面径向向外延伸,2
技术方法,刺激阵列产生细胞外刺激电流,2
技术方法,记录阵列检测细胞外信号,2
技术方法,微通道诱导神经元再生,2
技术方法,电极安装在微通道中,2
技术方法,电刺激脉冲输出,2
技术方法,"通过辅助针带动多根柔性探针同时运动,植入神经组织内的目标位置",2
技术方法,传送电信号,2
技术方法,处理电信号,2
技术方法,在芯片或板的两侧使用微电极以双极模式或单极模式刺激,2
技术方法,微电极刺激,2
技术方法,生长功能测量,2
技术方法,恢复测量,2
技术方法,激励扩散测量,2
技术方法,rf信号传输能量,2
技术方法,感测组织信息发送,2
技术方法,周期性施加刺激,2
技术方法,分析测量信号,2
技术方法,测量通过通信通道从脑机接口设备的信息传递速率,2
技术方法,刺激患者大脑中参与觉醒调节的区域,2
技术方法,信号获取,2
技术方法,分析神经信号电位,2
技术方法,生成触发,2
技术方法,基于人工神经网络模型生成突触刺激,2
技术方法,传递突触刺激,2
技术方法,经颈动脉导管探测,2
技术方法,亚阈值电刺激和光刺激,2
技术方法,脑部三维建模,2
技术方法,脑部靶区域的提取,2
技术方法,正交电流方向的矩阵提取,2
技术方法,有限元计算,2
技术方法,二次矩阵优化计算,2
技术方法,设计效果预估,2
技术方法,伪影检测,2
技术方法,局部去除伪影,2
技术方法,神经信号定量分析,2
技术方法,生成多个脉冲,2
技术方法,测量神经元节律活动,2
技术方法,确定激励频率,2
技术方法,生成夹带周期性脉冲序列,2
技术方法,生成去同步化脉冲,2
技术方法,局部去除伪影检测,2
技术方法,单段和局部神经信号定量分析,2
技术方法,随机脑产生,2
技术方法,实时采集感受电极信号,2
技术方法,非侵入性传输磁能,2
技术方法,非侵入性传输电能,2
技术方法,阻断神经信号,2
技术方法,调节神经信号,2
技术方法,递送一个或多个电刺激信号,2
技术方法,音频和视觉刺激的神经刺激,2
技术方法,调整、控制或管理神经振荡的频率,2
技术方法,电极与神经元电磁相互作用,2
技术方法,检测神经元活动,2
技术方法,图像辨别,2
技术方法,相位-幅度耦合,2
技术方法,识别可激发相位,2
技术方法,计算重复磁脉冲,2
技术方法,测量脑的电输出,2
技术方法,确定当前频率,2
技术方法,发送信号,2
技术方法,提取θ波,2
技术方法,确定记忆能力,2
技术方法,eeg信号解码和预处理,2
技术方法,机器学习算法判断睡眠阶段,2
技术方法,停止发送刺激指令,2
技术方法,半监督深度学习,2
技术方法,骨干网络,2
技术方法,自适应数据增强,2
技术方法,基于强化学习的增强,2
技术方法,多域特征提取,2
技术方法,集成分类,2
技术方法,基于特征空间的主动学习方法,2
技术方法,数据增强操作,2
技术方法,半监督学习的伪标签训练策略,2
技术方法,混合增强,2
技术方法,时序对比学习,2
技术方法,跨视图预测任务,2
技术方法,图驱动的脑电信号非欧编码,2
技术方法,基于先验生成的小样本脑电特征增强,2
技术方法,跨任务迁移学习的脑电表征学习,2
技术方法,gcn与bilstm结合,2
技术方法,深层脑知识和结构数据产生新的增强的颅内信号,2
技术方法,获取学习数据项,2
技术方法,分类为多个簇,2
技术方法,生成分类器,2
技术方法,指定簇,2
技术方法,确定脑疾病,2
技术方法,血管内脑电,2
技术方法,深脑知识和结构数据产生新的增强的颅内信号,2
技术方法,采集脑电样本,2
技术方法,数据增强处理,2
技术方法,特征连接,2
技术方法,对比学习分析,2
技术方法,损失计算,2
技术方法,训练情绪识别模型,2
技术方法,训练模型,2
技术方法,将待分析脑电信号与行为表现标签对齐,2
技术方法,实时采集刺激期间的内源性脑电信号并动态调整刺激参数,2
技术方法,将外源性电信号传送到迷走神经,2
技术方法,模拟和/或增强内源性传入活动,2
技术方法,将脑电信号与行为表现标签对齐,2
技术方法,实时采集刺激期间脑电信号并动态调整刺激参数,2
技术方法,模拟和/或增强源自心脏和肺的内源性传入活动,2
技术方法,模拟和/或增强源自患者心脏和/或肺的内源性传入活动,2
技术方法,在记忆练习过程中对小脑进行电刺激,2
技术方法,在睡眠期间释放刺激信号,2
技术方法,植入的电信号发生器向迷走神经传递外源性电信号,2
技术方法,一系列被组织或图案化为一系列微脉冲串的电脉冲,2
技术方法,脑波融合反馈,2
技术方法,神经可塑性反馈,2
技术方法,检测超声刺激参数组合,2
技术方法,闭环反馈系统,2
技术方法,符号语言输入,2
技术方法,基于大数据的人工智能分析,2
技术方法,基于脑地图的eeg测量,2
技术方法,采集目标对象脑部与记忆认知相关的多个脑区域的场电位波形,2
技术方法,脑波测量,2
技术方法,轴状刺激施加,2
技术方法,基于大数据和ai分析脑电波,2
技术方法,基于脑地图的eeg测量值,2
技术方法,噪声滤波,2
技术方法,信号分割,2
技术方法,集成卷积神经网络和递归神经网络的混合深度学习架构,2
技术方法,智能数据增强,2
技术方法,合成信号生成,2
技术方法,虚拟现实或增强现实,2
技术方法,模拟记忆回放,2
技术方法,神经动力学信息(ndi)机器学习算法,2
技术方法,长短期记忆(lstm)网络,2
技术方法,强化学习(rl)算法,2
技术方法,ica,2
技术方法,小波去噪,2
技术方法,cnn提取深层时空模式,2
技术方法,梯度提升,2
技术方法,csp,2
技术方法,psd,2
技术方法,lstm-注意力模块,2
技术方法,边缘计算,2
技术方法,非侵入式传感器阵列检测,2
技术方法,高度复杂的算法确定信息传递最佳时机,2
技术方法,自适应学习实时调整信息传递方式,2
技术方法,脑电波反馈学习优化,2
技术方法,基于实时脑电图数据和神经模型模拟重放特定记忆,2
技术方法,实时脑电图数据模拟回放,2
技术方法,神经模型生成行为表现预测,2
技术方法,神经形态计算,2
技术方法,量子学习算法,2
技术方法,脉冲神经网络,2
技术方法,量子启发优化技术,2
技术方法,量子密码方法,2
技术方法,基于实时脑电图数据和神经模型模拟记忆回放,2
技术方法,时序切片,2
技术方法,stft时频分析,2
技术方法,改进的adaboost算法,2
技术方法,将预处理信号进行时序切片,2
技术方法,采用stft对信号进行时频分析,2
技术方法,加入改进的adaboost算法,2
技术方法,识别遗忘项目,2
技术方法,提供重复学习,2
技术方法,将脑电波数据输入到学习模型中,2
技术方法,基于多智能体强化学习的干扰去除决策,2
技术方法,时空注意力建模,2
技术方法,时空间关系建模,2
技术方法,神经调控刺激信号,2
技术方法,递送与学习材料配对的感觉刺激,2
技术方法,在睡眠周期的特定阶段期间递送刺激,2
技术方法,重放环境感觉刺激,2
技术方法,测量大脑脑电波,2
技术方法,同频电压刺激,2
技术方法,认知意图解码,2
技术方法,生成神经刺激信号,2
技术方法,自预测表征,2
技术方法,无监督目标条件强化学习,2
技术方法,逆动力学建模,2
技术方法,根据监测的脑电图信号调整学习时间表,2
技术方法,施加神经调控刺激信号,2
技术方法,采集脑神经信号,2
技术方法,读取控制意图,2
技术方法,生成脑刺激信号,2
技术方法,刺激脑区,2
技术方法,输出电刺激信号,2
技术方法,接收脑反应信号,2
技术方法,测量脑反应信号变化,2
技术方法,检测脑反应信号,2
技术方法,控制声音输出和神经刺激的传递定时,2
技术方法,电刺激患者的迷走神经,2
技术方法,施加刺激信号,2
技术方法,施加近端电阻断信号,2
技术方法,多模态协同定位,2
技术方法,同步采集分析脑电信号,2
技术方法,基于位置和路径信息传递,2
技术方法,报告生成,2
技术方法,干电极设计,2
技术方法,非侵入式有源干电极,2
技术方法,腿穿过头发,2
技术方法,爪式结构穿透头发,2
技术方法,制备方法,2
技术方法,滑动导电突起穿过毛发,2
技术方法,从暴露于广告的受试者的大脑收集脑电图数据,2
技术方法,从脑电图数据确定神经响应数据,2
技术方法,基于源材料的属性识别启动水平,2
技术方法,接收眼动信号,2
技术方法,计算视觉关注信息,2
技术方法,计算视觉相关体验情绪指标值,2
技术方法,异平面微针电极阵列,2
技术方法,控制装置控制电极在框架内做上下运动,2
技术方法,框架上的小圆柱插入头发,2
技术方法,视觉刺激特征调制,2
技术方法,神经反应与调制相关性分析,2
技术方法,调整神经信号模型权重,2
技术方法,检测指示大脑活动的信号,2
技术方法,视觉刺激的至少一部分具有特征调制,2
技术方法,获取神经反馈,2
技术方法,分析神经反馈,2
技术方法,双电极组件设计,2
技术方法,壳体包围与暴露接触销的切换,2
技术方法,无监督学习技术分组为聚类,2
技术方法,暴露于视觉刺激,2
技术方法,识别对象的精神行为属性,2
技术方法,涂覆导电薄膜,2
技术方法,接触活体,2
技术方法,采集生物统计信号,2
技术方法,输入脑电图数据和环境数据,2
技术方法,监测生物信号,2
技术方法,处理生物信号,2
技术方法,活性干式传感器,2
技术方法,弹簧接触传导,2
技术方法,放大器电路处理,2
技术方法,收拢目标脑电信号采集区域的毛发,2
技术方法,暴露采集脑电信号区域的头皮,2
技术方法,同步处理,2
技术方法,测量用户对所观察对象的神经反应,2
技术方法,将特征调制应用于视觉刺激的高空间频率成分,2
技术方法,干电极系统,2
技术方法,放大电路,2
技术方法,电压驱动屏蔽,2
技术方法,多级放大,2
技术方法,多级滤波,2
技术方法,多次呈现视觉刺激,2
技术方法,测量用户所观察对象的神经响应,2
技术方法,弹性带固定,2
技术方法,弹性口袋固定,2
技术方法,加入导电纳米材料混合分散均匀,2
技术方法,加热加压固化,2
技术方法,两段硫化,2
技术方法,光学晶体调制,2
技术方法,柔性干电极阵列采集,2
技术方法,电极定位易于调节,2
技术方法,集成电磁屏蔽,2
技术方法,电极定位调节,2
技术方法,人工神经网络,2
技术方法,诊断,2
技术方法,治疗,2
技术方法,指导样本选择,2
技术方法,远程评估,2
技术方法,电极测量方法,2
技术方法,导电记录电极,2
技术方法,导电铅导线,2
技术方法,记录大脑活动,2
技术方法,生成听觉反馈,2
技术方法,生成触觉反馈,2
技术方法,生成神经反馈图形用户界面,2
技术方法,"导电橡胶包括液体硅橡胶室温固化,团聚银粉和片状银粉",2
技术方法,多个电极构件提供这样一种方式为刷状突出从支撑件,2
技术方法,获取用户的输入信号,2
技术方法,"根据大脑皮层的各功能区在头皮表面的位置映射以及各功能区在大脑颅骨上对应区域的弧度,确定电极区的数量和形状",2
技术方法,脑电波感应,2
技术方法,基于脑电波读数的算法,2
技术方法,将脑波数据传送到媒体播放器,2
技术方法,根据精神状态使用预定义的替代结果,2
技术方法,分析eeg信号处理计算机,2
技术方法,频率振幅,2
技术方法,过滤的峰值振幅和延迟测量,2
技术方法,记录脑电图活动,2
技术方法,记录事件相关电位,2
技术方法,分析eeg的α和β频率振幅内容,2
技术方法,过滤erp并测量峰值幅度和潜伏期,2
技术方法,根据大脑皮层的各功能区在头皮表面的位置映射,2
技术方法,根据各功能区在大脑颅骨上对应区域的弧度,2
技术方法,确定电极区的数量和形状,2
技术方法,划分和设计头皮脑电极,2
技术方法,执行算法以检测对象或路径,2
技术方法,执行算法以检测物体或路径,2
技术方法,基于脑电图信号生成控制信号,2
技术方法,线性信号处理,2
技术方法,接收刺激控制信号,2
技术方法,提供右手/右手足和左手/左手足运动,2
技术方法,eeg+fnirs联合,2
技术方法,广告投放检测,2
技术方法,计算匹配度,2
技术方法,确定投放广告,2
技术方法,面部图像数据分析,2
技术方法,认知状态内容提取,2
技术方法,情感强度度量生成,2
技术方法,面部表情度量生成,2
技术方法,认知状态度量生成,2
技术方法,缩小,2
技术方法,文本到语音转换,2
技术方法,冻结,2
技术方法,修改刺激图像的光学系统,2
技术方法,交替稳态视觉刺激,2
技术方法,模数转换器监控,2
技术方法,计算值集合,2
技术方法,计算离散连续序列值集合,2
技术方法,动态重复转换,2
技术方法,在显示器上向人显示颜色,2
技术方法,重复地将eeg信号转换成颜色,2
技术方法,使用刺激源频率检测响应,2
技术方法,确定响应幅度,2
技术方法,眼动追踪技术,2
技术方法,应用缓解策略,2
技术方法,降低显示速率,2
技术方法,检测眨眼,2
技术方法,峰值识别,2
技术方法,接收并分析第一感测数据,2
技术方法,接收并分析第二感测数据,2
技术方法,生成高亮图像,2
技术方法,闪烁视觉刺激,2
技术方法,频率检测,2
技术方法,形状分析,2
技术方法,双谱分析,2
技术方法,高阶谱分析,2
技术方法,诊断指数计算,2
技术方法,接收原始脑电图信号,2
技术方法,生成认知评分,2
技术方法,生成生理评分,2
技术方法,从测量的脑电图信号中检测一个或多个(其谐波或组合)频率分量,2
技术方法,"基于检测到的一个或多个频率分量和设定频率,根据用户的想象解码原始意图形状",2
技术方法,采样,2
技术方法,时域到频域变换,2
技术方法,数字数据筛选,2
技术方法,平均频谱,2
技术方法,频带振幅求和,2
技术方法,基线比较,2
技术方法,接收和分析脑电信号,2
技术方法,计算浓度指标,2
技术方法,计算马达控制指标,2
技术方法,迭代提供反馈模式,2
技术方法,接收原始eeg信号,2
技术方法,训练好的神经网络生成认知分数,2
技术方法,训练好的多层感知器(mlp)网络生成生理分数,2
技术方法,第二显示处理器显示过去时间点的eeg,2
技术方法,第三显示处理器显示趋势,2
技术方法,大数据分析,2
技术方法,在过去的时间点上显示,2
技术方法,显示趋势,2
技术方法,指定过去的时间点,2
技术方法,检测频率,2
技术方法,模式识别处理,2
技术方法,测量eeg电极的物理位置,2
技术方法,获得标准交叉方向线,2
技术方法,根据预定头部形状类别自动定义头部形状,2
技术方法,将受试者头部的测量缩放到相同头部形状类别的头部模型,2
技术方法,采集脑波信号,2
技术方法,将广告信息编码为目标脑波信号,2
技术方法,推送至用户大脑,2
技术方法,检测刺激开始后300至600毫秒之间的脑电波中是否产生正电位(p300),2
技术方法,非侵入式基于eeg的大脑-计算机-接口,2
技术方法,联合处理,2
技术方法,计算表征信号中原始信号点数量的离散连续序列的值集,2
技术方法,确认估计的位置,2
技术方法,基于眼动追踪信号和eeg信号确认估计的位置,2
技术方法,眼动追踪信号估计位置,2
技术方法,基于眼动追踪信号和脑电图信号确认估计的位置,2
技术方法,接收眼睛追踪信号,2
技术方法,使用眼睛追踪信号来估计位置,2
技术方法,接收脑电图仪(eeg)信号,2
技术方法,基于眼睛追踪信号和eeg信号来确认所估计的位置,2
技术方法,利用眼动追踪信号估算位置,2
技术方法,根据闪烁频率和脑电波频率分量确定视野范围,2
技术方法,确定有助于改善心理健康的空间,2
技术方法,确定部件的特性,2
技术方法,使用眼睛跟踪信号来估计位置,2
技术方法,测量脑波,2
技术方法,估计情绪,2
技术方法,从存储器寻址所选输入,2
技术方法,乘以预定系数并求和,2
技术方法,内插,2
技术方法,将单独的值显示为不同的颜色,2
技术方法,脑电波接收,2
技术方法,分析视频,2
技术方法,推断个体的心理状态,2
技术方法,生物反馈,2
技术方法,无线发送到远程设备进行分析,2
技术方法,非浸湿方法检测脑波信号,2
技术方法,眨眼速率信息针对上下文进行补偿,2
技术方法,脑电图谱信息获取,2
技术方法,非线性特性分析,2
技术方法,基于遗传算法的支持向量机,2
技术方法,标记共振和启动水平信息,2
技术方法,功能性磁共振成像扫描,2
技术方法,基于触发开始点的视频的视觉刺激生成定时,2
技术方法,检测来自事件相关电位的脑信号,2
技术方法,获取分析信息,2
技术方法,结合脑波信号与图像再现控制信息生成评估信息,2
技术方法,分析内容评估信息,2
技术方法,检索与匹配存储的脑活动模式相关联的标记,2
技术方法,生成环境模型和跟踪模型,2
技术方法,获取特定行为过程的信号,2
技术方法,更新现有知识库,2
技术方法,记录并处理eeg信号,2
技术方法,生成对应于偏移存在的vep,2
技术方法,生成图形化脑模型,2
技术方法,将eeg模型与脑模型集成,2
技术方法,基于神经信号确定关注点,2
技术方法,根据匹配强度确定实体是否是人,2
技术方法,基于身体参数数据确定同步性测量,2
技术方法,基于测量调节脑神经刺激参数,2
技术方法,将神经信号变换到共同表示空间,2
技术方法,利用actor递归神经网络策略,2
技术方法,利用生成性序列解码器的深度递归神经网络生成和评估控制信号的预测序列,2
技术方法,基于目标装置的输出的期望从共同表示空间确定基于内在生物特征的奖励信号,2
技术方法,将神经信号转换为公共表示空间,2
技术方法,利用actor循环神经网络策略,2
技术方法,利用具有生成序列解码器的深度循环神经网络生成和评估控制信号的预测序列,2
技术方法,基于内在生物特征奖励信号提供给critic模型,2
技术方法,在检测到第二变化时或之后发送输入命令,2
技术方法,磁源成像(msi),2
技术方法,身体刺激,2
技术方法,利用测量的差异导出注意力指示信号,2
技术方法,放置电极记录信号,2
技术方法,放大信号,2
技术方法,执行分析,2
技术方法,检测脑波模式,2
技术方法,对脑波模式进行分类,2
技术方法,记录脑波模式数据,2
技术方法,二维平面或三维空间显示,2
技术方法,使用神经网络提取eeg特征,2
技术方法,根据预定频率将视觉刺激信号插入基本视觉信息中,2
技术方法,显示视觉刺激信号和基本视觉信息,2
技术方法,预处理数据,2
技术方法,输入机器学习模型,2
技术方法,利用神经网络从eeg数据提取eeg特征,2
技术方法,将eeg特征与图像特征进行映射,2
技术方法,获取时空表示,2
技术方法,放大时空表示,2
技术方法,投影到主成分,2
技术方法,分类时间近似的空间加权表示,2
技术方法,通过电极采集脑电信号,2
技术方法,对脑电信号进行分析处理,2
技术方法,分析eeg信号以确定其幅度,2
技术方法,训练重复加工,2
技术方法,记录eeg,2
技术方法,连续进行小波变换,2
技术方法,普通小波分析,2
技术方法,合成小波分析,2
技术方法,获取原始脑电图信号,2
技术方法,输入到预先训练的第一预测模型、第二预测模型、第三预测模型和受孕龄预测模型中进行分析,2
技术方法,认证信息生成,2
技术方法,基于lp范数的csp-lp,2
技术方法,公共空间模式构造方法,2
技术方法,收集用户的多个脑电图信号,2
技术方法,处理收集的多个脑电图信号,2
技术方法,使用处理后的多个脑电图信号生成脑电图图像,2
技术方法,时间近似,2
技术方法,节律性视觉刺激图像生成,2
技术方法,特征提取及分析,2
技术方法,动态加权融合策略,2
技术方法,特征解码处理,2
技术方法,获取eeg信号的时空表示,2
技术方法,双线性插值方法扩充图像,2
技术方法,合并图像形成三维张量,2
技术方法,输入诊断模型进行预测,2
技术方法,搭建eeg注意力特征初始化框架,2
技术方法,提取二维eeg注意力特征,2
技术方法,融合二维eeg注意力特征和视频图像低层特征,2
技术方法,根据脑电数据以及脑电分布位置确定脑电图像,2
技术方法,将脑电图像输入方向预测模型,2
技术方法,方向预测模型分析,2
技术方法,空间-时间eeg信号表示,2
技术方法,空间-时间鉴别配重,2
技术方法,pca投影,2
技术方法,二进制决定系列,2
技术方法,次要用户选择,2
技术方法,共同特征提取,2
技术方法,类别估计,2
技术方法,采用双线性插值的方法将csd图像和psd图像扩充,2
技术方法,将扩充后的csd图像和psd图像合并形成三维张量,2
技术方法,将三维张量输入诊断模型进行预测,2
技术方法,提取两个脑电图信号的相关系数作为特征,2
技术方法,基于3d-ctnet模型的场景级语义特征提取,2
技术方法,基于yolov9模型的目标级语义特征提取及视觉注意权重分配,2
技术方法,微分熵特征提取,2
技术方法,卷积神经网络分类,2
技术方法,通过脑电图信号实现对感兴趣区域的控制,2
技术方法,通过脑电图设置当前视频中的感兴趣区域,2
技术方法,视频输入,2
技术方法,听觉显示,2
技术方法,时空表示获取,2
技术方法,时空判别权重放大,2
技术方法,主成分投影,2
技术方法,二元决策序列生成,2
技术方法,使用人工智能模型生成第一图像,2
技术方法,感测脑电图信号,2
技术方法,传输脑电图信号,2
技术方法,处理接收到的脑电图信号,2
技术方法,频率导向的mamba架构,2
技术方法,从多个通道收集脑电图信号,2
技术方法,利用人工智能模型生成图像,2
技术方法,采集人脸图像,2
技术方法,获取脑电图模板,2
技术方法,匹配人脸图像模板,2
技术方法,基于脑图像信息转换为三维坐标系,2
技术方法,生成三维头部模型,2
技术方法,测量标记探针位置,2
技术方法,获取电极支架位置信息,2
技术方法,映射到三维头部模型,2
技术方法,区域设置,2
技术方法,部分脑电图信号生成,2
技术方法,共同空间模式(csp)技术,2
技术方法,收集脑电图信号,2
技术方法,生成脑电图图像,2
技术方法,测量耳脑电图数据,2
技术方法,测量头皮脑电图数据,2
技术方法,按频率区间检测脑电波,2
技术方法,计算功率谱,2
技术方法,脑电图信号控制感兴趣区域,2
技术方法,使用人工智能模型生成图像,2
技术方法,运动想象eeg信号分类,2
技术方法,公共空间模式,2
技术方法,局部信道区域分析,2
技术方法,癫痫发作检测,2
技术方法,通过eeg测量p300波形,2
技术方法,基于p300检测次数测量浓度,2
技术方法,发射周期性闪烁的光,2
技术方法,测量视觉皮层的脑电波,2
技术方法,处理eeg信号以生成控制命令,2
技术方法,测定视觉皮层的脑电图,2
技术方法,插入视觉注意力分散器,2
技术方法,eeg信号解码,2
技术方法,sbmlr算法,2
技术方法,多尺度成像,2
技术方法,时间序列成像算法,2
技术方法,将脑电图信号转换为图像,2
技术方法,2dcnn模型提取图像的高维特征,2
技术方法,多模态特征融合方法,2
技术方法,深度学习中的lrcn网络,2
技术方法,lrcn网络,2
技术方法,迁移学习算法,2
技术方法,激活图像捕获装置,2
技术方法,发送警告信号,2
技术方法,存储eeg和/或视频数据,2
技术方法,生成脑电图时域波形,2
技术方法,提取脑电图频域特征,2
技术方法,比较脑电图频域特征与频域预设阈值,2
技术方法,获取多个初始eeg数据,2
技术方法,基于多个初始eeg数据确定初始eeg数据集,2
技术方法,eeg数据检测,2
技术方法,双阶段训练的双塔掩码自编码器,2
技术方法,多条件引导,2
技术方法,收集eeg信号,2
技术方法,生成eeg图像,2
技术方法,多摄像头视频和音频记录同步,2
技术方法,长期动态脑电图监控,2
技术方法,计算表征原始信号点数量的离散连续序列的值集,2
技术方法,分区仿射聚类,2
技术方法,分级聚类,2
技术方法,自适应仿射聚类,2
技术方法,确定最优聚类结果,2
技术方法,构建fmri脑信号到图像离散表征的条件自回归模型,2
技术方法,得到视觉重构结果,2
技术方法,基于eeg馈送或视频记录或ir坐标或其组合促进癫痫发作事件的检测和记录,2
技术方法,离散表征模型,2
技术方法,条件自回归模型,2
技术方法,图像重构模型,2
技术方法,登记eeg在交叉stnom和三-维感知的图像,2
技术方法,比较eeg活性在扁平stnom和三-维感知下的差异,2
技术方法,动态改变深度的第一光栅图像观察,2
技术方法,第二光栅图像观察,2
技术方法,依据视觉响应模式为每个体素选取最佳视觉编码模型,2
技术方法,预处理fmri信号,2
技术方法,输入预训练的语言映射模型,2
技术方法,生成图像文本描述,2
技术方法,输入到预训练的语言映射模型,2
技术方法,依据视觉响应模式选取最佳视觉编码模型,2
技术方法,三级损失函数体系,2
技术方法,多任务联合优化,2
技术方法,计算差分事件相关功率谱扰动,2
技术方法,基于差分事件相关电位测量值确定共振测量值,2
技术方法,基于差分事件相关功率谱扰动调整共振测量值,2
技术方法,确定第一事件相关电位,2
技术方法,确定第二事件相关电位,2
技术方法,计算微分测量,2
技术方法,选择长电极或短电极,2
技术方法,检测整个脑波,2
技术方法,实时测量脑波,2
技术方法,干电极式,2
技术方法,模块化多导联,2
技术方法,将脑活动信息与刺激信息进行比较,2
技术方法,生成反馈信息,2
技术方法,计算统计关系,2
技术方法,提取幅度值,2
技术方法,紧密间隔干电极,2
技术方法,齿状表面钩住皮肤,2
技术方法,旋转固定传感器,2
技术方法,旋转连接单元相对安装单元转动使干电极触点穿过头发接触头皮,2
技术方法,设置弹性件保证干电极与头皮充分接触,2
技术方法,使用干电极,2
技术方法,使用弹性膜结构,2
技术方法,使用多根电极柱,2
技术方法,电极前端排列根据接触面形状自动调整,2
技术方法,伸缩式设计,2
技术方法,检测脑波响应,2
技术方法,跟踪个体大脑对特定刺激序列的电活动,2
技术方法,跟踪特定响应类型,2
技术方法,基于神经信号来确定用户的焦点,2
技术方法,伸缩电极独立运动,2
技术方法,搓开头发,2
技术方法,气泵通过多通道分流器使电极伸缩与头皮良好接触,2
技术方法,同步输液泵注入微量电解液,2
技术方法,选择引起更大注意力指示的刺激,2
技术方法,触发计算机的进一步处理,2
技术方法,气味刺激,2
技术方法,听觉刺激,2
技术方法,体感刺激,2
技术方法,基于用户的可信输入确定控制数据信号的控制操作是否与检测到的脑电图信号一致,2
技术方法,存储将检测到的脑电图信号表征为与控制指令关联的预定信号集的识别数据,2
技术方法,将受试者暴露于视觉刺激,2
技术方法,接收来自受试者的输入,2
技术方法,对神经反应的结果模型应用权重,2
技术方法,调整神经信号模型加权和显示对象显示调制,2
技术方法,非侵入式有源干电极测量,2
技术方法,微可调接触接合,2
技术方法,可独立定位的接合突片,2
技术方法,多面板结构,2
技术方法,冠状折片折叠,2
技术方法,使用存储的数据分析实时检测到的信号,2
技术方法,基于控制指令生成控制数据信号,2
技术方法,基于生理数据的神经网络,2
技术方法,基于神经数据的神经网络,2
技术方法,设置刺激物输出频率和输出顺序,2
技术方法,计算差分事件相关的功率谱扰动,2
技术方法,基于差分事件相关潜在测量确定对象共振测量,2
技术方法,基于差分事件相关功率谱扰动调整对象共振测量,2
技术方法,将电极插入柔性材料基层的孔中,2
技术方法,通过电极插孔接收导线,2
技术方法,设置电屏蔽层,2
技术方法,视觉刺激呈现,2
技术方法,预测身体部位运动,2
技术方法,接收多个脑电图信号样本,2
技术方法,生成刺激锁定脑电图,2
技术方法,确定多个脑电图信号样本是否响应于刺激模式而被诱发,2
技术方法,通过弹性构件激励凸起在垂直于接触表面的方向,2
技术方法,通过干电极采集人脑脑电数据,2
技术方法,通过脑电波传感器探测并自动分析观察到的脑电波,2
技术方法,电极插入通孔,2
技术方法,绝缘管设置,2
技术方法,电极部分以导线形式形成,2
技术方法,糊剂填充,2
技术方法,高输入阻抗采集,2
技术方法,角度姿态融合算法,2
技术方法,固定步长能量参数优化,2
技术方法,欠阻尼二阶随机共振模型,2
技术方法,单通道脑电信号检测和定量分析评估模型,2
技术方法,意念控制数据计算,2
技术方法,双向实时交互,2
技术方法,非侵入式采集,2
技术方法,特征提取与分类,2
技术方法,便携式干电极脑电采集,2
技术方法,呈现刺激材料,2
技术方法,输出感官体验,2
技术方法,修改营销材料和虚拟现实环境,2
技术方法,成分分析,2
技术方法,脑电图(eeg)测量,2
技术方法,皮肤电反应(gsr)测量,2
技术方法,心电图(ekg)测量,2
技术方法,眼电描记术(eog)测量,2
技术方法,采集静息态或舒缓场景下患者的脑电信号,2
技术方法,分析得到脑电基线,2
技术方法,结合vr脚本和剧情采集分析脑电信号状态,2
技术方法,得到脑电信号的瞬时能量值,2
技术方法,对比瞬时能量值与脑电基线调整虚拟现实场景参数,2
技术方法,芯片部抵在测量对象物接收电力信号,2
技术方法,信号发送部分接收电信号并发送至信号处理器,2
技术方法,快速定制特定用户的虚拟对象,2
技术方法,处理生物信号数据以使用用户配置文件确定用户状态,2
技术方法,响应于用户状态修改vr环境中内容的参数,2
技术方法,设置保护外壳保护柔性电极本体,2
技术方法,获取大脑信号,2
技术方法,转换为数字流,2
技术方法,弹簧结构,2
技术方法,向用户输出虚拟现实场景内容,2
技术方法,将监测得到的用户的脑电波图像与虚拟现实场景内容关联的脑电波图像进行对比,2
技术方法,获取用户相对于虚拟环境中目标对象的相对位置信息,2
技术方法,表面涂覆工艺,2
技术方法,在2d柔性基底材料的表面涂覆预设厚度的导电涂料,2
技术方法,形成连续导电层,2
技术方法,通过脑机接口设备刺激用户,2
技术方法,电极包括基板和多个反向-u-形金属件,2
技术方法,框架可拆卸地连接到头部分,2
技术方法,基于相对位置信息和目标对象的属性信息确定与目标对象对应的感官信息,2
技术方法,采集用户脑电信号,2
技术方法,提取脑电波数据中的多个向量数据,2
技术方法,芯片部分抵接测量对象,2
技术方法,改变计算机程序的操作,2
技术方法,确定情绪激发度,2
技术方法,使用存储的数据分析实时检测的神经信号,2
技术方法,卷积,2
技术方法,捕获脑活动模式,2
技术方法,检索标记,2
技术方法,伸缩布置,2
技术方法,弹簧偏压,2
技术方法,用户积极参与,2
技术方法,测量神经数据,2
技术方法,游戏元素组合应用,2
技术方法,将图像作为视觉刺激呈现,2
技术方法,监测患者响应于刺激的脑活动,2
技术方法,分析来自监测设备的数据以确定患者cns状况的度量,2
技术方法,将患者数据与不同时间获得的类似数据进行比较,2
技术方法,神经学数据收集,2
技术方法,预测生成,2
技术方法,获取脑电波信息,2
技术方法,基于脑电波信息和受试者识别信息控制内容,2
技术方法,基于脑电波信息估计状态,2
技术方法,基于状态和受试者识别信息控制内容,2
技术方法,应用训练好的第二识别模型,2
技术方法,选择刺激方案,2
技术方法,分析脑电波模式,2
技术方法,响应共同的一组刺激,2
技术方法,标记状态,2
技术方法,分割数据,2
技术方法,计算分类器模型,2
技术方法,产生反馈命令,2
技术方法,得到情感认知信息,2
技术方法,根据情感认知信息执行内容交互,2
技术方法,记录脑电波,2
技术方法,记录传感器数据,2
技术方法,识别脑电波模式,2
技术方法,适配神经信号模型加权,2
技术方法,获取图像帧,2
技术方法,识别对象信息,2
技术方法,确定用户界面,2
技术方法,重叠显示,2
技术方法,控制用户界面响应,2
技术方法,利用脑电图记录脑组合产生的电位,2
技术方法,认知活化工序或任务,2
技术方法,分析脑信号,2
技术方法,分解神经生理学数据,2
技术方法,噪声去除,2
技术方法,智能分类,2
技术方法,训练用于生成神经数据估计值的第一机器学习技术,2
技术方法,训练用于估计神经刺激信号的第二机器学习技术,2
技术方法,控制受控装置,2
技术方法,将大脑信号转换为数字流,2
技术方法,动态映射认知特征到功能,2
技术方法,接收脑部活动数据,2
技术方法,传送参考标识符和脑部活动数据到远程服务器,2
技术方法,感测用户脑电波,2
技术方法,分析感测到的脑电波,2
技术方法,生成脑电波数据,2
技术方法,测量和分析视觉和/或听觉刺激相对应的物理量,2
技术方法,检测刺激变化,2
技术方法,提取用户特征量,2
技术方法,接收请求的刺激数据,2
技术方法,呈现修改后的刺激和环境刺激,2
技术方法,计算用户状态与目标用户状态之间的差异,2
技术方法,基于差异修改内容元素,2
技术方法,控制虚拟形象,2
技术方法,模式判定,2
技术方法,提供神经生理反馈参数,2
技术方法,执行脑区域的组织活动,2
技术方法,脑电波数据采集,2
技术方法,非侵入性脑接口检测,2
技术方法,基于神经活动确定脑状态,2
技术方法,实时神经反馈,2
技术方法,fmri测量脑活动,2
技术方法,呈现所测量脑活动的表示,2
技术方法,指示受试者通过改变冥想状态减少脑活动,2
技术方法,将主观体验与神经激活直接关联,2
技术方法,测量大脑电活动,2
技术方法,获得眼睛跟踪测量值,2
技术方法,稳态视觉诱发电位技术,2
技术方法,脑反应检测内容刺激,2
技术方法,自适应连续小波变换,2
技术方法,50 hz陷波滤波,2
技术方法,自适应陷波滤波,2
技术方法,自适应噪声消除,2
技术方法,呈现稳态视觉刺激图像,2
技术方法,采集脑电诱发信号,2
技术方法,计算脑电诱发信号强度,2
技术方法,脑电校准,2
技术方法,分离诱发电位信号和嗅觉皮层信号,2
技术方法,将记录信号传输到计算机,2
技术方法,基于同一时间轴的情绪体验结果和特定味觉强度体验结果进行评估,2
技术方法,确定个性化共振大脑频率,2
技术方法,确定最小神经元激活阈值,2
技术方法,计算ssvep振幅和相位差异,2
技术方法,脑波诱导,2
技术方法,利用fmri高空间分辨率和eeg高时间分辨率相结合,2
技术方法,估计未测量的附加电极设备的脑信号,2
技术方法,学习关系模型,2
技术方法,获取在头戴式显示器中测量的脑信号,2
技术方法,基于关系模型估计未测量的脑信号,2
技术方法,获取测量脑信号,2
技术方法,估计脑信号,2
技术方法,放大脑电波信号并转换成数字数据,2
技术方法,移动窗口类型的显示器显示强度调制的时间段,2
技术方法,统计比较当前时间段与紧邻的先前时间段的组,2
技术方法,彩色编码光显示,2
技术方法,通过结合部附接到头戴式显示器设备,2
技术方法,通过位置调整部调整生物信号测量部的位置,2
技术方法,脑电波夹带,2
技术方法,使用游戏元素的某种组合来应用脑电波夹带,2
技术方法,通过用户的积极参与来增强脑电波,2
技术方法,脑电信号的采集,2
技术方法,hubert变换,2
技术方法,频谱比,2
技术方法,重建电流元件的尺寸分布,2
技术方法,提取电流元件,2
技术方法,估计模型的因果关系,2
技术方法,模型梯度聚合,2
技术方法,重要性评估,2
技术方法,目标用户端选择,2
技术方法,网络参数更新,2
技术方法,输入到第一治疗专用机器学习模型和第二治疗专用机器学习模型,2
技术方法,生成数据结构,2
技术方法,获取生物电信号,2
技术方法,眼动信号预处理,2
技术方法,融合静息态下eeg多种脑生理电活动成分的量化评估与任务态下eeg整体的变化的数据评估,2
技术方法,检测视觉诱发电位,2
技术方法,将电信号转换成数字化数据,2
技术方法,记录和测量诱发电位数据,2
技术方法,评估所测量的诱发电位数据并与预定值比较,2
技术方法,产生中断请求信号给计算机以启动采样,2
技术方法,测量电极上的电压,2
技术方法,确定对应值,2
技术方法,基于ssvep的刺激,2
技术方法,分析脑电波,2
技术方法,分析不同健康测试者视觉定位eeg信号之间的相似度,2
技术方法,得到视觉定位eeg信号的相似阈值,2
技术方法,根据相似阈值评估意识障碍患者的视觉定位能力,2
技术方法,检测患者eeg信号,2
技术方法,阶段划分,2
技术方法,选择阶段划分方案,2
技术方法,自动执行阶段划分,2
技术方法,测量前额叶皮层伽马波反应,2
技术方法,比较eeg与评估问题,2
技术方法,静息态下eeg中多种因神经性退行出现变化的脑生理电活动成分的量化评估,2
技术方法,任务态下eeg整体的变化评估,2
技术方法,测量电极处的相应电压,2
技术方法,分析脑电图测量数据以确定是否存在心理活动,2
技术方法,测量电极处的电压,2
技术方法,测量额叶在伽马波方面的反应,2
技术方法,读取反应,2
技术方法,提取脑电能量值,2
技术方法,根据相关性确定脑电能量值,2
技术方法,提取脑电图数据特征,2
技术方法,确定与指标相关的脑电图能量值,2
技术方法,脑电图生物反馈训练,2
技术方法,计算脑电图信号在频带中的功率,2
技术方法,确定计算功率的特征,2
技术方法,提供参考信号来校准,2
技术方法,质量控制数据采集,2
技术方法,测量从认知或感觉任务中提取的候选特征,2
技术方法,测量eeg特征和任务组合随时间、跨多个状态或与规范数据库相比的变化,2
技术方法,根据相关性确定脑电图能量值,2
技术方法,疲劳评估,2
技术方法,测量与用户脑电图事件相关电位相关的信号,2
技术方法,基于在接收到输入后的预定时间段内事件相关电位的负向偏移量确定置信度,2
技术方法,基于在接收到输入后的预定时间段内事件相关电位的负向偏移量来确定置信度,2
技术方法,测量事件相关电位信号,2
技术方法,计算锁相值,2
技术方法,共享公共特征提取器,2
技术方法,非共享子特征提取器,2
技术方法,提取δ波信号、θ波信号和α波信号,2
技术方法,基于所提取的δ波信号、θ波信号和α波信号评估认知功能,2
技术方法,布置传感器测量eeg信号,2
技术方法,计算eeg信号频带中的功率,2
技术方法,确定指示情绪或认知状态的特征,2
技术方法,计算eeg信号带中的功率,2
技术方法,确定情绪或认知状态的特性,2
技术方法,评估心理健康状态,2
技术方法,分阶段使用共享公共特征提取器和非共享子特征提取器,2
技术方法,测量对视觉刺激的神经响应,2
技术方法,测量并分析信号,2
技术方法,分析脑电波信号的特性,2
技术方法,梳状电极梳开头发,2
技术方法,轨道结构及轨道固定板提供滑行轨迹,2
技术方法,弹簧装配结构实现电极稳定安放,2
技术方法,3d固定板贴合头皮,2
技术方法,可伸缩电极引脚,2
技术方法,支撑构件可枢转连接,2
技术方法,短距离无线通信发送脑电波信息,2
技术方法,通过弹性皮套的变形调整本体与头部的接触位置和角度,2
技术方法,使用柔性材料形成中空结构,2
技术方法,插入钩部,2
技术方法,将检测部与导电性树脂的基部结合,2
技术方法,添加辅助部件,2
技术方法,关联存储用户偏好数据,2
技术方法,运动想象分类,2
技术方法,稳态视觉诱发电位分类,2
技术方法,实时z分数,2
技术方法,多变量分析,2
技术方法,构造有效的信号模型,2
技术方法,施加对应于刺激的时间基准,2
技术方法,从时间序列获得另外的信号数据,2
技术方法,测试信号模型是否在刺激之后仍然是有效信号模型,2
技术方法,头套附着到头皮上,2
技术方法,功能连接矩阵生成,2
技术方法,在接地电极上施加脉冲或电压阶跃,2
技术方法,共模脑电图信号抑制滤波器电路抑制共模信号,2
技术方法,凹形拱形设计,2
技术方法,预设间隔间隔开,2
技术方法,处理脑电信号,2
技术方法,确定睡眠阶段,2
技术方法,确定唤醒时间,2
技术方法,测量生物测定信号,2
技术方法,空间图生成,2
技术方法,空间图比较,2
技术方法,向采集电极和参考电极施加电压并获取电压差,2
技术方法,通过位置相邻的一个参考电极和至少一个采集电极构成每个感应电极组,2
技术方法,确定频谱边缘频率测量值,2
技术方法,响应于特定刺激序列的大脑的跟踪的电活动,2
技术方法,基于eeg响应评估,2
技术方法,监测脑活动,2
技术方法,测量和分析脑电信号,2
技术方法,检测脑中的信息,2
技术方法,监测物理或生理参数,2
技术方法,处理信号以形成数字数据,2
技术方法,处理数字数据以确定神经障碍,2
技术方法,将测试对象暴露于视觉刺激,2
技术方法,接收来自测试对象的输入,2
技术方法,存储标识用户反应,2
技术方法,重复暴露、接收和存储,2
技术方法,捕获,2
技术方法,实时接收,2
技术方法,测量由视觉刺激诱发的信号,2
技术方法,施加不同类型可感知的刺激,2
技术方法,概率评估,2
技术方法,确定良好匹配的触发特定治疗方案,2
技术方法,定量脑电图(qeeg),2
技术方法,电极记录,2
技术方法,mri,2
技术方法,记录电生理脑反应,2
技术方法,分析脑反应的多个特征,2
技术方法,检测、分析和应用记忆和编码相关多面脑电图响应,2
技术方法,比较响应,2
技术方法,脑电图测试,2
技术方法,计算分数,2
技术方法,开发算法,2
技术方法,绘制可视化图表,2
技术方法,生成基于受试者脑活动模式估计的估计视觉特征向量,2
技术方法,收集脑电图数据,2
技术方法,确定神经响应数据,2
技术方法,基于神经响应数据确定共振,2
技术方法,检测脑电图信号,2
技术方法,输出潜在向量,2
技术方法,输入到基于神经网络的生成器,2
技术方法,改变潜在向量,2
技术方法,校准系统以识别参考模式和信息特征,2
技术方法,训练卷积人工神经网络,2
技术方法,将当前模式与参考模式进行比较,2
技术方法,监视患者状态并发送图像信息,2
技术方法,同时显示脑电图信息和图像信息,2
技术方法,采用脑电支路从脑电信号中提取脑电特征,2
技术方法,采用fnirs分支从fnirs信号中提取fnirs特征,2
技术方法,访问第一神经响应数据,2
技术方法,访问第二神经响应数据,2
技术方法,计算第一事件相关电位测量,2
技术方法,计算第二事件相关电位测量,2
技术方法,计算微分事件相关电位测量,2
技术方法,多模态深度神经网络,2
技术方法,交叉验证,2
技术方法,选择概率截止阈值,2
技术方法,内插确定放电分布,2
技术方法,使用包括多个顺序连接的卷积层的脑电图分支从脑电图信号中提取脑电图特征,2
技术方法,使用包括多个顺序连接的卷积层的功能性近红外光谱分支从功能性近红外光谱信号中提取功能性近红外光谱特征,2
技术方法,基于脑电图特征和合成特征输出确定大脑活动类型的结果,2
技术方法,脑电波信号处理,2
技术方法,动态归一化处理,2
技术方法,lstm网络解码,2
技术方法,小波变换,2
技术方法,频率分解,2
技术方法,fcm模型映射,2
技术方法,权值和方向训练,2
技术方法,权值阈值更新,2
技术方法,中继建立数据会话连接,2
技术方法,接收eeg信息并分析与视觉信息相对应的eeg信息,2
技术方法,构建eeg单模态网络,2
技术方法,构建fnirs单模态网络,2
技术方法,生成时域表示,2
技术方法,应用神经网络,2
技术方法,转移学习,2
技术方法,孪生神经网络处理,2
技术方法,生成网络输入,2
技术方法,生成相应的网络输出,2
技术方法,将网络输出提供给下游神经网络,2
技术方法,加压探针强制电导电基座朝向头皮,2
技术方法,分配电导电凝胶,2
技术方法,构建功能脑网络,2
技术方法,诊断和评估,2
技术方法,检测电图信号的第一特征和第二特征,2
技术方法,加压探头加压使导电基底朝向头皮,2
技术方法,分配导电凝胶到导电基底附近,2
技术方法,获取脑电图识别数据,2
技术方法,映射脑电图特征与图像特征,2
技术方法,提取带限能量信号并构建回归项,2
技术方法,fmri信号预处理,2
技术方法,提取各脑区的bold信号,2
技术方法,cnn网络模块融合eeg转换模块的图像和面部图像的特征信息,2
技术方法,lstm模块输出情感特征随时间的变化并利用cnn网络模块的输出信息进行情感分类,2
技术方法,使用神经网络处理脑电图数据的时频表示,2
技术方法,生成嵌入,2
技术方法,提供给下游神经网络,2
技术方法,确定相位-幅度耦合度量,2
技术方法,获取测试fmri数据,2
技术方法,基于深度神经网络的fmri解析模型,2
技术方法,实时采集eeg信号,2
技术方法,动态改变范式难度,2
技术方法,上传csv格式完整eeg信号数据,2
技术方法,处理并存储,2
技术方法,反馈给web移动智能终端进行可视化显示,2
技术方法,获取eeg数据,2
技术方法,识别伪影,2
技术方法,使用神经网络确定输出数据值,2
技术方法,学习脑电图,2
技术方法,自动分类,2
技术方法,递归神经网络,2
技术方法,卷积神经网络回归元,2
技术方法,监测电描记信号,2
技术方法,处理脑信号,2
技术方法,卷积神经网络(cnn),2
技术方法,浅层卷积网络,2
技术方法,深层卷积网络,2
技术方法,裁剪训练,2
技术方法,提取默认态脑网络空间信息,2
技术方法,提取频段内时间维度信息,2
技术方法,功能连接度分析,2
技术方法,串行融合,2
技术方法,特征参数串行融合,2
技术方法,神经网络提取时频特征,2
技术方法,神经网络提取微状态特征,2
技术方法,药物相互作用模型,2
技术方法,神经网络在线实时估计模型参数,2
技术方法,模糊逻辑推理器合并eeg参数,2
技术方法,卷积神经网络,2
技术方法,全连接层,2
技术方法,svm分类,2
技术方法,多通道eeg测量,2
技术方法,提取运动相关皮层电位(mrcp),2
技术方法,时空视角特征提取网络,2
技术方法,空间视角特征提取网络,2
技术方法,时频域视角特征提取网络,2
技术方法,任务导向的特征适配网络,2
技术方法,采集eeg和eog信号,2
技术方法,分析eeg信号时序数据和频谱数据,2
技术方法,基于eog信号计算perclos值,2
技术方法,时间注意模块提取时域特征,2
技术方法,频谱残差模块提取频谱特征,2
技术方法,时间注意模块,2
技术方法,频谱残差模块,2
技术方法,数据处理模块,2
技术方法,特征压缩eeg信号,2
技术方法,神经元网络分类,2
技术方法,将eeg信号处理成多个频带,2
技术方法,合并并训练神经网络,2
技术方法,基于观察到的模式与已知的新生儿癫痫发作模式之间的相关性,2
技术方法,计算每个模块的输出值,2
技术方法,计算每个脑内网络的图像特征值,2
技术方法,同时测量和采集功能磁共振成像脑的测量数据,2
技术方法,计算每个特征量的脑的功能磁共振成像,2
技术方法,计算每个脑网络的图像特征值,2
技术方法,可穿戴传感器,2
技术方法,全内反射荧光显微镜观察,2
技术方法,fhss接收,2
技术方法,数字信号处理,2
技术方法,fft分析,2
技术方法,eeg特征提取,2
技术方法,数据组合,2
技术方法,数据反重构,2
技术方法,加和取平均,2
技术方法,计算皮尔逊相似度,2
技术方法,提取物理纤维数目,2
技术方法,确定皮层源之间的连接性,2
技术方法,分类器融合,2
技术方法,确定皮层源之间连接性,2
技术方法,眼动跟踪检测,2
技术方法,运动信号处理,2
技术方法,采集静息状态下的功能磁共振成像数据,2
技术方法,提取功能磁共振成像数据在每个节点的平均时间序列信号,2
技术方法,多粒度音质模板编码的扩散网络,2
技术方法,生成重建图像,2
技术方法,利用皮层功能脑网络测量,2
技术方法,计算脑网络值,2
技术方法,应用错误发现率方法,2
技术方法,获取显著差异值,2
技术方法,计算相似性,2
技术方法,重新构建loss函数,2
技术方法,获取想象图像的脑电,2
技术方法,多粒度音质模板编码的扩散网络训练,2
技术方法,生成对应的重建图像,2
技术方法,计算震荡稀疏编码图像与每个稀疏编码图像的相似性,2
技术方法,重新构建神经网络的loss函数,2
技术方法,输出标注图像,2
技术方法,对齐并组合来自多模态的响应数据,2
技术方法,面部情绪编码措施与脑电图结合,2
技术方法,fmri信号采集触发,2
技术方法,获取头移动数据,2
技术方法,预测第二预测期望观看端口,2
技术方法,确定使用视口,2
技术方法,提取音频特征,2
技术方法,共同注意力编码,2
技术方法,呈现测试刺激,2
技术方法,捕获面部图像,2
技术方法,捕获脑电信号,2
技术方法,导出认知特征,2
技术方法,导出认知特征和情感特征,2
技术方法,弹性装置推动调节倾斜度,2
技术方法,导电材料传输电信号,2
技术方法,高密度脑电图记录,2
技术方法,面部肌电图量化,2
技术方法,结构mri空间共同配准,2
技术方法,离散小波变换,2
技术方法,构造候选特征,2
技术方法,与多模态特征谱相关联,2
技术方法,基于推断改变计算机程序操作,2
技术方法,三维压缩eeg数据,2
技术方法,可视化处理,2
技术方法,信号处理技术,2
技术方法,语义编码,2
技术方法,候选提取的特征,2
技术方法,相关的多模态签名来识别,2
技术方法,实时处理和分析多模态数据,2
技术方法,基于adaboost的算法,2
技术方法,提取梅尔频率倒谱系数,2
技术方法,构建刺激源-脑电信号数据集,2
技术方法,训练融合向量分类模型,2
技术方法,独立成分分析去除伪迹,2
技术方法,接收神经响应,2
技术方法,多模态信息编码,2
技术方法,综合分析推理,2
技术方法,图神经网络(gnn),2
技术方法,transformer模型,2
技术方法,基于注意力机制的多模态信息融合,2
技术方法,多变量模糊熵分析,2
技术方法,多变量经验模式分解,2
技术方法,二进制分类,2
技术方法,多模式神经反馈,2
技术方法,多模态脑影像数据融合,2
技术方法,测量对象相对于明显不同的刺激不同介质的正面和分析反应的特点,2
技术方法,根据各个脑区的脑电活动的,2
技术方法,根据相关区域的脑带,2
技术方法,虚拟现实系统呈现刺激,2
技术方法,将计算机视觉程序应用于图像,2
技术方法,获取电神经信号,2
技术方法,信号处理获取纯净信号,2
技术方法,提取脑电特征参数,2
技术方法,精神状态检测,2
技术方法,测量两个或更多个神经模块收集的神经数据之间的对应性,2
技术方法,测量神经数据与存储在数据存储模块中的先前数据之间的对应性,2
技术方法,提取模态特征,2
技术方法,输入到多模态攻击网络,2
技术方法,确定模态的关注权重,2
技术方法,反映注意力权重,2
技术方法,输出组合的情感信息,2
技术方法,采集基线信号,2
技术方法,神经网络训练测试,2
技术方法,固定到病人头部,2
技术方法,捕集毛发,2
技术方法,保持头皮接触,2
技术方法,快速释放机构,2
技术方法,状态空间框架,2
技术方法,解码器参数识别,2
技术方法,佩戴于人体头部,2
技术方法,贴紧于人体脑部,2
技术方法,二维平面或三维空间中显示分布,2
技术方法,多模态动态夹带,2
技术方法,脑磁图信号向脑电的投射策略,2
技术方法,实时解码分析与特征提取,2
技术方法,多模态融合的特异性映射模型,2
技术方法,存储心跳诱发脑电波信息,2
技术方法,检测心跳诱发脑电波信息,2
技术方法,读取情绪刺激,2
技术方法,探测脑电信号,2
技术方法,分析脑电信号提取特征物理量,2
技术方法,评估激励和情绪电路,2
技术方法,"产生刺激信号相关可视,音频和精神状态",2
技术方法,通过感测数据中获取出脑波的脑波信号,2
技术方法,提取对应的数据有效脑波数据段根据类型的刺激其脑波发声声源反应,2
技术方法,分类到待分析的脑波数据,2
技术方法,施加预设的脑电波分析图案,2
技术方法,神经通道跟踪,2
技术方法,传输线直接连接电极与连接器引脚,2
技术方法,可操作地耦合到连接器输出的第一发射器,2
技术方法,测量和分析电信号,2
技术方法,检测脑电波所揭示的注意力、信息处理和记忆相关响应,2
技术方法,模式确定,2
技术方法,脑提取,2
技术方法,相关电位计算,2
技术方法,情绪分类,2
技术方法,时变的电极排序,2
技术方法,实时监测实验动物的脑电信号,2
技术方法,根据预设的目标或反馈信息调整刺激参数,2
技术方法,闭环调控,2
技术方法,实时信号滤波,2
技术方法,反馈,2
技术方法,基波和积分谐波分析,2
技术方法,采集脑电图信号数据,2
技术方法,输入与编码,2
技术方法,脉冲编码,2
技术方法,分类处理,2
技术方法,抗干扰采集,2
技术方法,自适应滤波处理,2
技术方法,生理特征提取,2
技术方法,信息融合,2
技术方法,脑电反馈收集,2
技术方法,多个不同分类器输出融合,2
技术方法,空间分类器,2
技术方法,基于时间和频率的时空分类器,2
技术方法,检测用户的脑电波信号,2
技术方法,确定频段信息,2
技术方法,使反应性装置根据预定序列生成多个反应性输出,2
技术方法,接收刺激数据,2
技术方法,将所接收的刺激数据与预定序列在时间上对齐,2
技术方法,基于多个反应性输出在预定序列中的时间位置来限定所接收的刺激数据的节段,2
技术方法,计算干预效应值,2
技术方法,训练神经网络模型,2
技术方法,从脑信号检测事件相关电位,2
技术方法,测量对用户观看的对象的神经反应,2
技术方法,基于fmri时间序列分析,2
技术方法,确定脑活动并生成指示值,2
技术方法,测量对视觉刺激的神经反应,2
技术方法,心率变异性分析,2
技术方法,时域特征提取,2
技术方法,非线性特征提取,2
技术方法,功率谱计算,2
技术方法,功率谱熵计算,2
技术方法,基于脑电数据的对象预测,2
技术方法,获取目标脑电数据,2
技术方法,预测用户注视的目标视觉刺激对象,2
技术方法,获得脑数据集合,2
技术方法,处理脑数据集合,2
技术方法,分析动态脑模型,2
技术方法,获取脑电波数据,2
技术方法,根据情绪数据生成推荐列表,2
技术方法,链接,2
技术方法,生成数字特征图,2
技术方法,接收脑电数据,2
技术方法,将脑电数据分成多个时隙,2
技术方法,提取eeg特征,2
技术方法,在频域和时域中表示eeg特征,2
技术方法,使用无监督学习技术将数据点分组为簇,2
技术方法,诱发脑电采集,2
技术方法,个体基线阈值分析,2
技术方法,伪随机序列调制信号,2
技术方法,脉冲序列信号,2
技术方法,电刺激信号波形,2
技术方法,傅里叶变换处理,2
技术方法,系统辨识,2
技术方法,脑电检测,2
技术方法,施加脑电刺激信号,2
技术方法,获得脑认知活动信号,2
技术方法,姿势测量,2
技术方法,多模态情感数据收集,2
技术方法,情感状态判别方法,2
技术方法,多模态共情响应生成框架,2
技术方法,根据国际10/20系统定位电极,2
技术方法,分离使用者头皮的毛发,2
技术方法,安置电极,2
技术方法,熵分析,2
技术方法,将电极放置在预定区域与头皮接触,2
技术方法,独立成分分析(ica),2
技术方法,频谱特征提取,2
技术方法,接收用户监测数据对象,2
技术方法,使用响应指定机器学习模型处理,2
技术方法,前额垫和基带组件连接,2
技术方法,定位器带连接前垫片材料和eeg电极定位器,2
技术方法,柱塞组件可伸展指分型头发,2
技术方法,弹性可拉伸帽部分偏压电极定位器,2
技术方法,国际10/20系统定位,2
技术方法,可伸展指状物准备头皮并安置电极,2
技术方法,基于生成对抗网络(gan)的长短期记忆模型(lstm)编码器网络,2
技术方法,映射脑电图特征和图像特征,2
技术方法,评估用户情绪,2
技术方法,掩蔽自编码器(mae),2
技术方法,快速傅里叶变换(fft),2
技术方法,长短期记忆网络(lstm),2
技术方法,特征对齐方法,2
技术方法,多头注意力机制的扩散模型,2
技术方法,从脑电图数据和图像数据中提取多模态特征,2
技术方法,基于多模态特征获取模糊集,2
技术方法,基于模糊集获取控制指令,2
技术方法,自回归预训练,2
技术方法,特征对齐,2
技术方法,位置编码,2
技术方法,训练clip模型,2
技术方法,训练稳定扩散模型内去噪u-net网络,2
技术方法,采集原始eeg信号,2
技术方法,提取eeg空间特征,2
技术方法,eeg编码,2
技术方法,特定频率特定时间(sfst)技术,2
技术方法,旋转矩阵,2
技术方法,皮尔逊相关系数,2
技术方法,t检验,2
技术方法,分析eeg,2
技术方法,反射可见红色辐射从led阵列朝向对象的眼部,2
技术方法,施加控制信号于对象并获取eeg反应,2
技术方法,同时施加控制信号与显示的电视商业并再次获取eeg信号,2
技术方法,通过确定eeg响应中可归因于控制信号的成分减少来评估兴趣,2
技术方法,获取多个初始脑电数据,2
技术方法,确定初始eeg数据集,2
技术方法,使用转移学习算法处理,2
技术方法,发送生物信息数据,2
技术方法,检索异常部分,2
技术方法,发送显示控制数据,2
技术方法,发送诊断名称信息数据,2
技术方法,使用不可察觉的闪烁多色光诱导视觉诱发电位,2
技术方法,接收和分析eeg信号,2
技术方法,将脑电图信号划分为多个时间帧,2
技术方法,将脑电图信号转换为频域,2
技术方法,按频带分类,2
技术方法,生成标量值,2
技术方法,将脑电图信号转换为图像信号,2
技术方法,应用深度学习算法,2
技术方法,提取每个通道的脑电图信号中特定频带对应的脑电图信号,2
技术方法,对每个通道方向应用数据白化将脑电图通道数据转换为独立数据,2
技术方法,使用对每个通道方向应用了数据白化的脑电图通道数据生成多个脑电图图像数据,2
技术方法,"从多个脑电图图像数据中提取特征脸时,通过协方差矩阵进行去中心化处理来提取特征脸",2
技术方法,跟踪用户眼睛,2
技术方法,反射可见红色辐射从led阵列向眼睛,2
技术方法,施加控制信号并获取eeg反应,2
技术方法,同时施加控制信号与显示电视商业并获取eeg信号,2
技术方法,确定eeg响应值的减小成分,2
技术方法,基于变分自编码器的eeg到图像对齐的解码框架e2ivae,2
技术方法,基于算法展开的脑电编码器istanet,2
技术方法,跨模态eeg解码,2
技术方法,使用小电极组进行eeg成像,2
技术方法,用合成eeg数据增强对逆问题的离散分布式线性解决方案,2
技术方法,特征混合,2
技术方法,fmri结合,2
技术方法,模糊理论,2
技术方法,mri技术,2
技术方法,电场理论,2
技术方法,多层同心半球模型,2
技术方法,数据关联性分析,2
技术方法,信息熵计算,2
技术方法,图论方法,2
技术方法,模糊理论结合mri技术及电场理论,2
技术方法,多层同心半球模型结合数据关联性分析及信息熵计算,2
技术方法,深度学习及图论方法,2
技术方法,脑电图信号分析,2
技术方法,面部肌电图信号分析,2
技术方法,眼部图像信号分析,2
技术方法,从多个eeg传感器获取脑电图数据,2
技术方法,利用感应电压确定线圈位置,2
技术方法,使用线圈位置将eeg数据与图像相关联,2
技术方法,深度传感器阵列采集深度图像数据构建头皮3d模型,2
技术方法,rgbd传感器阵列识别四个定位点位置,2
技术方法,主控芯片计算电极安放位置,2
技术方法,标记装置进行无损伤标记,2
技术方法,利用现有方法从eeg通道的小子集估计脑电活动源,2
技术方法,使用少量eeg通道组成的输入,2
技术方法,用合成eeg数据增强输入,2
技术方法,fisher比率法数据降维,2
技术方法,svm分类器分类预测,2
技术方法,构建头皮3d模型,2
技术方法,识别四个定位点位置,2
技术方法,计算电极安放位置,2
技术方法,无损伤标记,2
技术方法,根据eeg信号判断疲劳状态,2
技术方法,数字图像处理,2
技术方法,执行值比较和确定,2
技术方法,头带预处理,2
技术方法,顺序闪烁光暴露,2
技术方法,声音关联刺激,2
技术方法,α节律同步化,2
技术方法,eeg计算机连接,2
技术方法,功率光谱分析,2
技术方法,运动识别,2
技术方法,控制脑电图测量单元在识别到的用户运动期间测量,2
技术方法,近实时三维定位,2
技术方法,动态皮层电成像(deci),2
技术方法,使用软件结合现成的eeg硬件实现,2
技术方法,通过使用从eeg读取设备获得的注意力水平,2
技术方法,测量注意力水平,2
技术方法,当注意力水平超过指定阈值时提供按键信号信息,2
技术方法,脑电图分析,2
技术方法,虚拟现实神经反馈,2
技术方法,近实时定位,2
技术方法,使用软件结合现成的eeg硬件,2
技术方法,应用于现有数据,2
技术方法,动态电皮质成像(dec),2
技术方法,软件结合eeg硬件,2
技术方法,混合式脑-机接口,2
技术方法,虹膜查找混合量测,2
技术方法,聚焦信号测量,2
技术方法,通过分析相机拍摄的图像识别用户的动作,2
技术方法,在所识别的用户的运动期间测量用户的eeg,2
技术方法,基于所测量的eeg生成eeg数据集,2
技术方法,通过分析相机拍摄的图像识别用户动作,2
技术方法,在识别的用户运动期间测量eeg,2
技术方法,基于测量的eeg生成eeg数据集,2
技术方法,对齐映射特征维度,2
技术方法,拼接形成输入序列,2
技术方法,双路径提取元信息和感知语义特征,2
技术方法,视觉注意力测量模型,2
技术方法,创建三维模型,2
技术方法,定位脑电图电极,2
技术方法,关联脑电图数据与脑活动,2
技术方法,创建网格形式的三维模型,2
技术方法,获取待增强图像的分辨率数据,2
技术方法,确定特征图,2
技术方法,确定用于获取增强分辨率数据的脑电图电极之间的位置,2
技术方法,计算脑电图电极之间位置的预测分辨率数据,2
技术方法,使用计算机、脑电图(eeg)放大器、eeg电极和定制软件,2
技术方法,软件结合现成的eeg硬件实现,2
技术方法,pso算法,2
技术方法,缩放正弦值,2
技术方法,全球采集和存储获取的eeg的数据,2
技术方法,处理后的eeg数据,2
技术方法,开发接口用于膨胀和重新获取的分析eeg的数据,2
技术方法,整合到其它非-脑衍生的用户数据,2
技术方法,使用脑机接口,2
技术方法,通过应用程序从5通道脑电图头戴设备实时提取数据,2
技术方法,模式分类器,2
技术方法,混淆矩阵,2
技术方法,多维视觉表示空间,2
技术方法,加权和,2
技术方法,求和线性组合,2
技术方法,脑电图获取,2
技术方法,关联性分析,2
技术方法,接收头皮脑电图信号,2
技术方法,使用训练好的模式分类器确定脑电图信号的成对区分,2
技术方法,通过构建混淆矩阵确定脑电图信号成对区分的可辨别性估计,2
技术方法,分析eeg信号获取用户眨眼信息,2
技术方法,近-真实时间定位,2
技术方法,产生动态三-维信息,2
技术方法,使用软件与eeg硬件,2
技术方法,生成自标签数据集,2
技术方法,对eeg数据异常值进行评分,2
技术方法,由导电油墨制成帽子,2
技术方法,传感器位置附接,2
技术方法,运动传感器改善信号,2
技术方法,显示问题图像,2
技术方法,判断第一位置数据是否一致,2
技术方法,输出与第一位置数据对应的文字数据,2
技术方法,脑电图激活检测,2
技术方法,红外眼动追踪,2
技术方法,实时注视估计,2
技术方法,采集脑电图eeg数据,2
技术方法,提取事件相关电位erp成分,2
技术方法,提供多个推荐类别,2
技术方法,接收用户的特征数据,2
技术方法,生成推荐列表,2
技术方法,导电油墨制成盖,2
技术方法,传感器附接到患者头部,2
技术方法,运动传感器改善信号质量,2
技术方法,高通滤波,2
技术方法,同步标记,2
技术方法,梯度伪迹模板去噪,2
技术方法,pca去噪,2
技术方法,qrs峰检测,2
技术方法,obs处理,2
技术方法,信号重构,2
技术方法,基于运动加速度计的运行动态滤波算法,2
技术方法,事件相关电位确定听力难度,2
技术方法,增益调整,2
技术方法,分析神经反应测量值,2
技术方法,使用具有挑战性的任务引导受控注意力,2
技术方法,事件相关电位确定听力困难,2
技术方法,控制感应,2
技术方法,导出投入度及情绪方向,2
技术方法,弹性干式软电极的装配方法,2
技术方法,在柔性基体内掺入适当比例的导电性物质银粉,2
技术方法,在柔性基体的外部镀上石墨烯,2
技术方法,在柔性基体的检测面上设置探针阵列,2
技术方法,通过控制器和动力机构自动调整干电极相对于头皮的位置,2
技术方法,阵列式结构探针,2
技术方法,环形排布,2
技术方法,凹陷状的三维弧形曲面,2
技术方法,全电磁屏蔽,2
技术方法,信号数据实时分析处理,2
技术方法,获得脑电图信号,2
技术方法,使用关于用户环境的信息向用户呈现刺激,2
技术方法,获取响应于刺激的脑电图信号,2
技术方法,基于eeg信号控制显示设备,2
技术方法,测量受试者对自然感官刺激的神经反应,2
技术方法,计算神经信号与原始刺激信号或刺激的信号包络之间的统计比较,2
技术方法,提取潜伏期值或其他信号特征,2
技术方法,将训练的图像分类神经网络存储在计算机可读存储介质中,2
技术方法,检测诱发响应电位,2
技术方法,调节脑电波响应,2
技术方法,关联预先校准的一组响应模板信号,2
技术方法,前置放大,2
技术方法,旋转连接单元能相对安装单元转动,2
技术方法,弹性件保证干电极与头皮充分接触,2
技术方法,干电极检测,2
技术方法,半湿式电极设计,2
技术方法,3d打印材料构成电极,2
技术方法,电极与头部装置结合使用,2
技术方法,组装式下压,2
技术方法,驱动系统驱动相对运动,2
技术方法,基于柔性衬底mems技术,2
技术方法,多层组装,2
技术方法,夹具固定,2
技术方法,可拆卸地保持,2
技术方法,旋转闭合连接,2
技术方法,计算α相位神经标记,2
技术方法,使用输出发生器产生感觉刺激,2
技术方法,感觉和认知挑战任务,2
技术方法,匹配强度计算,2
技术方法,分析脑电图频带活动,2
技术方法,分析脑电图频带的脑区活动,2
技术方法,分析脑电图频带的脑区相关性,2
技术方法,按性别划分的脑电图频带活动分析,2
技术方法,稳态运动视觉诱发电位刺激,2
技术方法,刺激数据转换,2
技术方法,混合渲染,2
技术方法,生物信号分类,2
技术方法,生成数字化脑电图数据,2
技术方法,处理数字化脑电图数据,2
技术方法,深度学习分类,2
技术方法,获得阻抗信号,2
技术方法,致动致动器,2
技术方法,训练用于生成神经数据估计的一个或多个第一机器学习技术,2
技术方法,机器学习技术处理神经样本数据,2
技术方法,接收α波生物测定数据,2
技术方法,确定α波生物测定数据是否满足感官刺激调节标准,2
技术方法,多通道采集,2
技术方法,内置加速度计,2
技术方法,运动伪影校正,2
技术方法,分析频率和时间数据之间的关系,2
技术方法,将给定的测试刺激的三维图与参考三维图进行比较,2
技术方法,呈现认知任务,2
技术方法,定制认知任务,2
技术方法,呈现可视刺激,2
技术方法,测量事件相关的电位,2
技术方法,提取脑电数据,2
技术方法,组合脑电的特性数据,2
技术方法,比较脑电的特性在预先准备的数据与参考数据,2
技术方法,全电磁屏蔽设计,2
技术方法,卷积神经网络算法,2
技术方法,放大电信号,2
技术方法,处理放大的信号,2
技术方法,识别特定的精神状态,2
技术方法,空间树状网络结构输运导电膏,2
技术方法,干湿混合电极设计,2
技术方法,脑电波节律信号能量变化在头盔状曲面显示器表面用不同颜色或灰度显示,2
技术方法,脑电波节律信号变化在头盔状曲面显示器表面用不同颜色或灰度显示,2
技术方法,幅度归一化,2
技术方法,阈值化,2
技术方法,使用可旋转球体施加导电凝胶,2
技术方法,在电极尖端形成导电凝胶薄膜,2
技术方法,干电极形成的前额eog信号的测量,2
技术方法,接收信号来估计运动图案,2
技术方法,根据多项生理数据确定场景显示策略,2
技术方法,捕获用户面部图像,2
技术方法,捕获eeg信号,2
技术方法,确定神经反馈显著性,2
技术方法,移除低显著性部分,2
技术方法,将权重应用于用户神经反应的所得模型,2
技术方法,自适应调整神经信号模型权重和显示对象显示调制,2
技术方法,对视觉刺激的神经反应与调制相关,2
技术方法,"基于确定的相关性,对用户神经反应的结果模型应用权重",2
技术方法,生产一种或多种刺激人受试者的信号,2
技术方法,检测脑电刺激人受试者的信号,2
技术方法,分析所检测的脑电信号,2
技术方法,提取和记录局部峰值频率,2
技术方法,比较局部峰值频率,2
技术方法,产生反馈信号,2
技术方法,提取本地峰值频率,2
技术方法,比较脑刺激之前、期间和之后的局部峰值频率,2
技术方法,生物信号测量,2
技术方法,脑电图处理,2
技术方法,呈现输出,2
技术方法,生成估计视觉特征向量,2
技术方法,使用无监督学习技术分组为聚类,2
技术方法,输入到第一治疗专用机器学习模型和第二治疗专用机器学习模型中,2
技术方法,计算浓度指数,2
技术方法,计算电机控制指标,2
技术方法,非侵入式脑刺激调制,2
技术方法,自适应多任务训练分配,2
技术方法,通过互联网传输脑电图大脑活动,2
技术方法,预测模型推导,2
技术方法,满意度/错误心理状态解码,2
技术方法,情感脑机接口,2
技术方法,行为任务系列,2
技术方法,行为测量与大脑激活模式关联,2
技术方法,获取脑数据,2
技术方法,处理脑数据,2
技术方法,动态脑模型分析,2
技术方法,分析erm,2
技术方法,使用不同颜色的光作为刺激,2
技术方法,给予影响脑血管系统的药物,2
技术方法,基于用户在当前会话期间对媒体系统的导航确定用户的状态,2
技术方法,基于用户的状态选择媒体项,2
技术方法,呈现媒体项,2
技术方法,脉冲地产生pbm光,2
技术方法,pbm刺激与eeg传感器和神经反馈组合,2
技术方法,分类算法,2
技术方法,确定脑状态,2
技术方法,匹配强度判断,2
技术方法,评估用户对决策刺激的大脑活动,2
技术方法,预处理和叠加平均,2
技术方法,形成全脑脑电波形图,2
技术方法,计算大脑各区域间连接强度,2
技术方法,对比差值计算评估评分,2
技术方法,将图像播放控制信息与从用户获取的脑电波信号关联,2
技术方法,生成能够识别每个图像呈现时输出的脑电波信号的评估信息,2
技术方法,使用脑电波信号分析用户对所呈现图像的关注区域和兴趣程度,2
技术方法,生成多个不同的周期性刺激,2
技术方法,经颅光生物调节(pbm),2
技术方法,心率变异性(hrv)生物反馈,2
技术方法,事件相关电位(erp)检测,2
技术方法,远程过程调用,2
技术方法,第一服务过程处理,2
技术方法,处理神经生理脑活动信号,2
技术方法,经颅光生物调节刺激,2
技术方法,心率变异性生物反馈,2
技术方法,事件相关电位测量,2
技术方法,诱发和诱导脑电图振荡测量,2
技术方法,确定脑电波信号的频率分布,2
技术方法,确定视频游戏中的奖励,2
技术方法,提供第一反馈信号,2
技术方法,接收脑波信号,2
技术方法,获取信号,2
技术方法,量化相关性,2
技术方法,时间特征和空间特征整合,2
技术方法,向耳机发送第一信号,2
技术方法,统计双耳时间差集,2
技术方法,对双耳时间差集进行分析,2
技术方法,脑区划分,2
技术方法,特征整合,2
技术方法,置信度融合,2
技术方法,同步采集指令发送,2
技术方法,时间对齐处理,2
技术方法,自动分析与标记,2
技术方法,时空关联性识别,2
技术方法,统一的伪影去除框架,2
技术方法,第一清理框架,2
技术方法,第二清理框架,2
技术方法,h∞方法,2
技术方法,h∞适配规则的滤波,2
技术方法,导联线穿线,2
技术方法,弹性头套固定,2
技术方法,ssvep,2
技术方法,过滤单元除去噪声成分,2
技术方法,放大单元放大信号,2
技术方法,数字转换单元转换模拟信号为数字信号,2
技术方法,算术操作单元除去振动噪声成分,2
技术方法,信号放大和滤波,2
技术方法,数据记录到存储卡,2
技术方法,双向通信,2
技术方法,ssvep脑电信号采集,2
技术方法,提取时域特征,2
技术方法,分频处理,2
技术方法,生成动力学特征,2
技术方法,生成初始能量特征,2
技术方法,划分n个子能量特征,2
技术方法,剔除异常子能量特征,2
技术方法,确定注意力水平,2
技术方法,脑电信号分类器,2
技术方法,第一反馈环路放大eeg信号,2
技术方法,第二反馈环路放大输入阻抗,2
技术方法,发送时钟信号,2
技术方法,获取用户的基础属性信息和第一用户行为信息,2
技术方法,根据第一用户行为信息进行数据分析获得目标行为特征,2
技术方法,神经成像,2
技术方法,暴露于刺激,2
技术方法,测量脑反应,2
技术方法,eeg信号中介,2
技术方法,基于任务的信息传播,2
技术方法,eeg数据传播,2
技术方法,确定第一子集时段,2
技术方法,确定与获取fmri数据相关联的动作,2
技术方法,检测诱发电位,2
技术方法,实施人工智能,2
技术方法,从差异观察中学习,2
技术方法,eeg信号调解,2
技术方法,量化情感相关测量,2
技术方法,比较基线数据,2
技术方法,接收与图像序列显示时间同步的用户eeg信号,2
技术方法,量化影响相关的度量,2
技术方法,同步脑电(eeg)的装置,2
技术方法,使eeg与振荡的电光相关事件和运动行为模拟同步的方法,2
技术方法,同步检测/分类,2
技术方法,同步检测,2
技术方法,测量生物反应,2
技术方法,干的结构化,2
技术方法,超薄金属基材与细直径施加与金属镀,2
技术方法,导电双双面粘合带,2
技术方法,可拆卸地由夹具保持,2
技术方法,外螺纹,2
技术方法,刷状形状,2
技术方法,销从主体突出,2
技术方法,旋转封闭件,2
技术方法,捕获脑电图信号,2
技术方法,将编码音频文件分离成第一和第二声道,2
技术方法,读取第一通道中的触发数据并产生触发信号,2
技术方法,读取第二声道中的刺激数据并产生听觉信号,2
技术方法,同步传输触发信号和听觉信号,2
技术方法,渲染模拟环境,2
技术方法,将脑电波图像与关联脑电波图像进行对比,2
技术方法,使用神经信号解码确定如何更新虚拟环境,2
技术方法,感觉刺激的选择和输出,2
技术方法,生理响应信号的识别,2
技术方法,生理响应模型的生成或训练,2
技术方法,捕捉用户的脑电信号,2
技术方法,实时获取用户的脑电波数据,2
技术方法,神经反馈自适应网络分析,2
技术方法,脑电共振动态调整,2
技术方法,监测和映射神经活动,2
技术方法,形成高维向量,2
技术方法,接收大脑活动数据,2
技术方法,分析生物反馈数据,2
技术方法,操作生物反馈数据,2
技术方法,生成电信号,2
技术方法,基于生物信号数据和预定值确定反馈,2
技术方法,将反馈传送到vr设备并作为vr内容显示,2
技术方法,生成具有特征调制的至少一个视觉刺激,2
技术方法,通过显示器的图形用户界面(gui)显示视觉刺激,2
技术方法,检测脑电响应,2
技术方法,分析反应以揭示事件相关脑电位,2
技术方法,干电极定位,2
技术方法,弹簧加载电极,2
技术方法,无线发射放大信号,2
技术方法,比较,2
技术方法,采集用户的生理数据,2
技术方法,分析关系并识别特征,2
技术方法,诱发和诱发的eeg振荡(ero)测量,2
技术方法,心率监测,2
技术方法,心率变异性(hrv)分析,2
技术方法,心电图(ekg)分析,2
技术方法,光电容积描记术(ppg)分析,2
技术方法,将给定的测试刺激的三维图与中性和主观显著性刺激的参考三维图进行比较,2
技术方法,从ppg数据推断,2
技术方法,从imu数据确定,2
技术方法,检测脑波信号,2
技术方法,形成反馈环路,2
技术方法,逐步调整刺激,2
技术方法,快速解码脑活动,2
技术方法,分析测量的用户脑波,2
技术方法,根据脑波的种类和形状确定用户的脑活动状态,2
技术方法,提供覆盖一个或更多个对象的视觉刺激,2
技术方法,测量对用户所观看的对象的神经响应,2
技术方法,基于脑活动数据修改电子游戏的属性,2
技术方法,基于交互确定触觉效果,2
技术方法,气囊充气或排气调节高度,2
技术方法,连续调节探针深度,2
技术方法,对气囊进行充气或排气,2
技术方法,连续调节气囊的高度,2
技术方法,连续调节探针的深度,2
技术方法,考虑生物测定数据,2
技术方法,收集生物测定数据,2
技术方法,受试者注视追踪,2
技术方法,提供刺激以引出eeg信号,2
技术方法,接收和记录eeg信号,2
技术方法,无线通信传输eeg信号,2
技术方法,处理记录的eeg信号,2
技术方法,发送反馈信号,2
技术方法,集成和同步多个信号,2
技术方法,将eeg响应转换成eeg信号的图形表示,2
技术方法,将合成信号发送到目的地vcr和/或目的地监视器,2
技术方法,根据国际10/20系统定位,2
技术方法,弹性可拉伸帽部分偏压电极,2
技术方法,利用生成式人工智能生成图像内容,2
技术方法,调制分配给提示中的每个参数的权重,2
技术方法,将记录的eeg信号转换为3d地图,2
技术方法,将测试刺激的给定3d地图与中性和主观显著刺激的参考3d地图进行比较,2
技术方法,脑波诊断程序,2
技术方法,分析神经活动数据,2
技术方法,发送激活信号,2
技术方法,脑电分析和事件相关电位(erp)分析,2
技术方法,多通道脑电信号检测,2
技术方法,通过导电凝胶获取生物信号,2
技术方法,适配神经信号模型加权和显示对象显示调制,2
技术方法,提供视觉刺激以覆盖一个或多个对象,2
技术方法,测量对所看到的对象的神经响应,2
技术方法,将权重应用于对用户的神经响应的结果模型,2
技术方法,神经信号模型加权和显示对象显示调制,2
技术方法,测量电生理活动,2
技术方法,分析患者eeg信号,2
技术方法,比较归一化eeg模式,2
技术方法,使用概念知觉和情绪思维的模型来解释信号,2
技术方法,将信号与来自规范人群的规范eeg信号进行比较,2
技术方法,带通滤波器分离频带,2
技术方法,积分器和检测器计算频率分量功率,2
技术方法,采样-存储装置存储刺激前后功率值,2
技术方法,比较器确定频带变化,2
技术方法,时钟加法器相加比较器信号,2
技术方法,检测用户脑电图信号中响应于刺激信号而诱发的电位,2
技术方法,获取响应于连续发出的各刺激信号的脑电图信号,2
技术方法,获取响应于连续发出的各刺激信号的磁共振信号,2
技术方法,"通过从对相同刺激信号响应的磁共振信号差异的观察中学习,利用人工智能区分所获取的脑电图信号",2
技术方法,利用人工智能基于当前脑电图信号识别当前刺激信号,2
技术方法,线性致动器膨胀收缩调节帽尺寸,2
技术方法,线性致动器膨胀收缩移动eeg电极,2
技术方法,基于检测到的异常脑活动生成神经反馈信号,2
技术方法,评估用户的脑活动,2
技术方法,神经-行为特征提取,2
技术方法,数字孪生动态建模,2
技术方法,采集诱发脑电信号数据,2
技术方法,将采集的诱发脑电信号数据与预先设定的诱发脑电信号数据比对,2
技术方法,虚拟现实脑电交互方法,2
技术方法,机载处理,2
技术方法,结合脑电波数据,2
技术方法,结合游戏元素,2
技术方法,收集和传输数据,2
技术方法,比较第一评估和第二评估,2
技术方法,记录一致性,2
技术方法,包装系统包括井和电解液,2
技术方法,测量电阻,2
技术方法,为每个电极单元分配单独识别号(id),2
技术方法,管理电源,2
技术方法,传感器数据接收,2
技术方法,弹性头带固定,2
技术方法,无线发射器显示电极阻抗指示器,2
技术方法,导电线程建立电通信,2
技术方法,简化用户界面,2
技术方法,eeg信号获取,2
技术方法,外部可渗透膜与头皮接触,2
技术方法,电极体内部空间填充电解质溶液,2
技术方法,电导体传感器测量离子电流,2
技术方法,脑电图信号比较,2
技术方法,接收并处理信号,2
技术方法,测量皮肤电极阻抗,2
技术方法,生成eeg信号,2
技术方法,可检索地存储eeg信号,2
技术方法,获取脑活动数据,2
技术方法,转换为预测响应值,2
技术方法,使用解码分布进行解码,2
技术方法,确定概率,2
技术方法,重建刺激,2
技术方法,拉胀织物,2
技术方法,印刷嵌入电线,2
技术方法,获取神经元振荡信号数据,2
技术方法,按时间片分配,2
技术方法,获取幅度值和变化值,2
技术方法,确定相关性值,2
技术方法,测量用户对观看对象的神经响应,2
技术方法,对神经响应结果模型应用权重,2
技术方法,比较神经响应数据,2
技术方法,传输脑电图数据,2
技术方法,收集和传递数据,2
技术方法,接收测量信号并控制发射与预定义慢脑波时间模式同步的声信号,2
技术方法,板载处理,2
技术方法,耳-eeg数据测量,2
技术方法,头皮-eeg数据测量,2
技术方法,实时处理eeg信号,2
技术方法,选择动作,2
技术方法,生成输出,2
技术方法,自适应模型处理,2
技术方法,减去估计的刺激干扰,2
技术方法,自回归模型处理,2
技术方法,刺激,2
技术方法,夹带,2
技术方法,pbm光被脉冲化以通过夹带刺激目标脑电波频率的增加,2
技术方法,pbm刺激与eeg传感器和神经反馈相结合,2
技术方法,捕获eeg信号并数字化,2
技术方法,测量电阻抗,2
技术方法,监测脑电响应,2
技术方法,识别感应响应,2
技术方法,基于诱导响应决定电极上接收的脑电响应,2
技术方法,提供音频、视频、光刺激,2
技术方法,使用生物信号控制设置,2
技术方法,信号处理器将eeg转换成电气信号,2
技术方法,转换成音乐通过合成仪,2
技术方法,声学的时间延迟后反馈,2
技术方法,计算以转换该相该反馈在顺序,2
技术方法,"力矩-通过力矩,该eeg的轮廓在实时时间",2
技术方法,提取eog信号,2
技术方法,个性化,2
技术方法,优化abm治疗,2
技术方法,参照基准信号产生同步数据,2
技术方法,处理同步数据以随后使eeg输出的回放与辅助输出同步,2
技术方法,补偿因子考虑传输延迟,2
技术方法,接受生理传感器信号,2
技术方法,特征匹配,2
技术方法,训练模式,2
技术方法,应用模式,2
技术方法,视觉刺激训练,2
技术方法,模型分析,2
技术方法,转换成数字数据,2
技术方法,与正常组的数据进行比较分析,2
技术方法,以两种不同频率以两种模式刺激受试者,2
技术方法,生理指标采集,2
技术方法,采集大脑皮层的电波,2
技术方法,调节虚拟现实环境,2
技术方法,用户精神心理评估,2
技术方法,三维视觉刺激界面进行刺激,2
技术方法,生理数据采集管理系统,2
技术方法,滤波器去除脑波信号的噪声,2
技术方法,放大器放大信号,2
技术方法,转换器将模拟信号转换为数字信号,2
技术方法,突出传感器穿过头带的传感器孔,2
技术方法,头带和虚拟现实设备佩戴在用户头上,2
技术方法,检测和分析训练期间的脑电波,2
技术方法,监测训练结果,2
技术方法,提取目标频域特征信号,2
技术方法,基于变化特征确定眩晕状态,2
技术方法,测量大脑信号确定脑电图数据,2
技术方法,无线通信连接,2
技术方法,获取用户目标位置的脑电信号,2
技术方法,提取脑电信号的目标频域特征信号,2
技术方法,基于目标频域特征信号的变化特征确定用户是否处于眩晕状态,2
技术方法,脑电时频分析,2
技术方法,模型评估,2
技术方法,滤波和提取特征,2
技术方法,构建时频特征图,2
技术方法,脑波识别,2
技术方法,制作数据集,2
技术方法,设计卷积神经网络,2
技术方法,测试,2
技术方法,多通道自适应脑机交互方法,2
技术方法,多线程同步通讯技术,2
技术方法,脑电波控制,2
技术方法,捕捉头部电信号以转换为身体状态参数和期望动作指令,2
技术方法,通过eeg收集脑波,2
技术方法,由bci处理信息,2
技术方法,特征重构,2
技术方法,注意力机制,2
技术方法,共空间模式算法特征提取,2
技术方法,红外反射信号采集,2
技术方法,脑电波数据集合采集,2
技术方法,时间序列对齐处理,2
技术方法,空间分割,2
技术方法,交互指令生成,2
技术方法,全息显示空间坐标构建,2
技术方法,全息设备匹配,2
技术方法,三维虚拟现实空间构建,2
技术方法,采集脑电波数据集合,2
技术方法,紫外固化制备生物电传感预凝胶,2
技术方法,脑波信号采集处理,2
技术方法,干电极脑电采集,2
技术方法,虚拟现实仿真演示,2
技术方法,信息采集,2
技术方法,眼球参数分析,2
技术方法,表情变化分析,2
技术方法,确定情绪等级,2
技术方法,脑电波测量,2
技术方法,用户认证,2
技术方法,混合式眼镜的脑-机接口模块,2
技术方法,功能磁共振成像识别,2
技术方法,幻肢功能磁共振图像重建,2
技术方法,提取枕部中线区域的α波,2
技术方法,比较α波功率变化与预定临界区间,2
技术方法,大脑对称性分析,2
技术方法,传输至主机,2
技术方法,得到脑区激活程度,2
技术方法,无线脑电采集,2
技术方法,采集用户压力评测数据信息,2
技术方法,获取眼动数据,2
技术方法,根据脑电信号得到信号强度阈值,2
技术方法,脑电信号放大,2
技术方法,噪声消除,2
技术方法,算法匹配,2
技术方法,采集用户在虚拟现实情境中的脑电信号,2
技术方法,对脑电信号进行处理得到脑电网络特征参数,2
技术方法,根据脑电网络特征参数构建脑功能网络,2
技术方法,将脑电网络特征参数转换为控制信号,2
技术方法,虚拟现实场景生成,2
技术方法,特征参数提取,2
技术方法,认知障碍筛查处理,2
技术方法,采集用户脑波信息,2
技术方法,根据脑波信息控制虚拟现实游戏内容,2
技术方法,分析关联脑波,2
技术方法,检测晕动值,2
技术方法,脑对称性分析,2
技术方法,分析生物信号提取疲劳相关属性,2
技术方法,基于疲劳相关属性预测疲劳,2
技术方法,脑部对称性分析,2
技术方法,提取枕部中线区域的阿尔法波,2
技术方法,比较阿尔法波功率变化量与预定阈值区间,2
技术方法,单独隔离和放大多个点电极,2
技术方法,发送时钟信号以允许同步,2
技术方法,锯齿状、角形、梳形等形状的支撑外壳设计,2
技术方法,每个外壳可提供一个或多个聚合信号用于数据分析,2
技术方法,脑电信号特征提取,2
技术方法,非监督学习技术,2
技术方法,确定多个eeg信号样本是否响应于刺激模式而被诱发,2
技术方法,施加抵消力以固定耳机,2
技术方法,电极布置成避免与时间区域接触,2
技术方法,支持连续输入和输出的同时执行处理,2
技术方法,时域中同步eeg与感觉刺激的重复呈现,2
技术方法,确定是否响应于刺激模式诱发,2
技术方法,在时域中将eeg与感觉刺激的重复呈现同步,2
技术方法,确定是否响应于刺激模式诱发多个eeg信号样本,2
技术方法,将脑电图与时域中重复呈现的感觉刺激同步,2
技术方法,确定eeg信号样本是否响应于刺激模式,2
技术方法,利用基于任务的信息和eeg数据确定时间段上的至少一个第一子集时间段,2
技术方法,基于任务的信息呈现,2
技术方法,eeg数据辅助确定时间段,2
技术方法,fmri数据采集,2
技术方法,测量电活动信号,2
技术方法,检测慢振荡,2
技术方法,组维数缩减(gdr)技术,2
技术方法,训练模型预测目标变量,2
技术方法,可伸缩探针设计,2
技术方法,检测特征性棘慢波信号,2
技术方法,提取目标棘慢波,2
技术方法,获取fmri数据,2
技术方法,转换和预处理,2
技术方法,删除多余数据,2
技术方法,选取脑区roi数据,2
技术方法,标准化,2
技术方法,多层感知机分类,2
技术方法,间歇地收集心理状态数据,2
技术方法,收集面部数据,2
技术方法,数据获取,2
技术方法,调节回放速率,2
技术方法,pwm信号控制时间刻度,2
技术方法,集成eeg监测和脑刺激,2
技术方法,远程电极选择,2
技术方法,将多个电极与用户的头皮接触,2
技术方法,重复刺激,2
技术方法,闪烁刺激,2
技术方法,实时信号滤波和反馈,2
技术方法,基波和积分谐波,2
技术方法,计算反馈,2
技术方法,dsp处理,2
技术方法,声音刺激,2
技术方法,测量阻抗,2
技术方法,提供刺激以引出脑电图信号,2
技术方法,接收并处理脑电图信号,2
技术方法,检测指示脑活动的一个或多个信号,2
技术方法,处理所述一个或多个信号,2
技术方法,检索eeg信号的状态,2
技术方法,产生相长干涉,2
技术方法,眼球变化感测,2
技术方法,监测神经信号,2
技术方法,检测抑制信号,2
技术方法,确定抑制信号与情感显著信号对齐,2
技术方法,记录受试者眼动,2
技术方法,量化第二map值与随机选择的一组map值之间的差异,2
技术方法,根据目标认知域调整刺激,2
技术方法,根据刺激策略提供感觉刺激,2
技术方法,使用量化方法确定效果,2
技术方法,插值,2
技术方法,间歇采集,2
技术方法,面部跟踪,2
技术方法,滤波优化处理,2
技术方法,脑电波信号与第一数据库比对,2
技术方法,提取字符并按顺序组合为字符信号,2
技术方法,adc数字化,2
技术方法,提取关键频带,2
技术方法,神经应激估计算法,2
技术方法,图卷积网络(gcn)架构,2
技术方法,脑间同步性实时检测,2
技术方法,多模态数据同步采集,2
技术方法,应答传输机制,2
技术方法,自校正数据帧,2
技术方法,从脑波传感器获取eeg信号,2
技术方法,将eeg信号作为输入特征提供给机器学习模型,2
技术方法,从预定头皮位置获得eeg信号,2
技术方法,将控制信号施加到受试者并获得eeg响应,2
技术方法,控制信号与电视广告的显示同时施加并再次获得eeg信号,2
技术方法,确定可归因于控制信号的eeg响应的分量的值的减小,2
技术方法,从对象的预定头皮部位获得eeg信号,2
技术方法,采集肢体感知信号并转换为无线信号,2
技术方法,云服务器翻译信号为电刺激信号,2
技术方法,旋转平台呈现刺激,2
技术方法,销钉和光电传感器识别刺激,2
技术方法,四位代码同步信号,2
技术方法,采集肢体感知信号,2
技术方法,转换为无线信号,2
技术方法,翻译为电刺激信号,2
技术方法,输出电刺激信号给大脑,2
技术方法,从预定头皮部位获得eeg信号,2
技术方法,区域感知分层子特征对齐,2
技术方法,构建脑电视觉解码模型,2
技术方法,推理,2
技术方法,转录模型,2
技术方法,数据同步系统,2
技术方法,获取操作响应数据,2
技术方法,提取神经反应强度值,2
技术方法,将事件相关电位的p200分量值与预定阈值进行比较,2
技术方法,基于事件相关电位的n100分量判断用户是否注意视觉刺激,2
技术方法,输出启动触发,2
技术方法,比较事件相关电位p200分量与预定阈值,2
技术方法,基于n100分量判断用户注意,2
技术方法,分段脑电图信号,2
技术方法,比特级解码,2
技术方法,检测事件相关的不同步模式,2
技术方法,个性化电生理数据的神经感测,2
技术方法,个性化超声神经调节,2
技术方法,低强度聚焦超声,2
技术方法,以不同的形式呈现动作信息,2
技术方法,提取慢波频段信号,2
技术方法,计算慢波平均功率谱,2
技术方法,计算慢波复杂度,2
技术方法,提取多尺度浅层局部特征,2
技术方法,交互式强化学习,2
技术方法,位置感知增强模块,2
技术方法,精细化特征长程依赖与局部关联,2
技术方法,分类器训练,2
技术方法,对齐,2
技术方法,测量用户的脑电图信号,2
技术方法,参考数据库确定要呈现的单音节语音,2
技术方法,比较峰值潜伏期与参考潜伏期,2
技术方法,比较确定阈值和事件相关电位的幅度,2
技术方法,设定判定阈值,2
技术方法,比较振幅,2
技术方法,时空相似性度量,2
技术方法,潜伏期估计,2
技术方法,单试次脑电信号建模,2
技术方法,呈现语音,2
技术方法,确定事件相关电位的正分量存在/不存在,2
技术方法,确定事件相关电位的负分量存在/不存在,2
技术方法,呈现影像,2
技术方法,比较确定阈值和事件相关电位幅度,2
技术方法,确定事件相关电位的正成分存在/不存在,2
技术方法,确定事件相关电位的负成分存在/不存在,2
技术方法,检测事件相关电位的特征分量,2
技术方法,多粒度信息提取网络,2
技术方法,基于事件相关电位的p200分量指定呈现视觉刺激的仪器,2
技术方法,通过n100分量确定用户注意到视觉刺激,2
技术方法,识别脑波信号,2
技术方法,呈现语义相关图片,2
技术方法,放大及数字化处理,2
技术方法,erp检测分析,2
技术方法,评估阳性组分是否出现在事件相关电位,2
技术方法,评估负组分是否出现在事件相关电位,2
技术方法,柔性电极和/或无线发射器,2
技术方法,导电织物或导电橡胶材料,2
技术方法,基于对eeg数据的分析实现复杂反馈呈现和控制功能,2
技术方法,根据感测到的大脑活动或左右大脑活动之间的同步性来调整播放速率,2
技术方法,pwm信号控制呈现的时间尺度,2
技术方法,从脑电波传感器获得脑电信号,2
技术方法,识别与第一脑系统相关联的第一脑电波信号,2
技术方法,将第一脑电波信号作为输入特征提供给机器学习模型,2
技术方法,判定事件相关电位阳性成分,2
技术方法,判定事件相关电位阴性成分,2
技术方法,检测意外信号,2
技术方法,判断用户想要输入的组成单词,2
技术方法,自动向用户呈现生活/工作背景,2
技术方法,比较峰值等待时间与参考等待时间,2
技术方法,自动呈现生活/工作上下文,2
技术方法,探测用户的大脑活动,2
技术方法,神经信号处理,2
技术方法,意图解码,2
技术方法,制定左右声道短声交互刺激的周期和工作频率,2
技术方法,将输入音频信号分离成为主、辅声道,2
技术方法,按交互工作频率控制主、辅声道分别轮流切换为左、右声道,2
技术方法,交替播放调制的音频信号,2
技术方法,监测来自患者大脑内的脑电图信号,2
技术方法,分析脑电图信号的一个或多个频率分量,2
技术方法,时频域特征提取算法,2
技术方法,个性化模型训练,2
技术方法,共性特征提取,2
技术方法,分析脑电图信号频率分量,2
技术方法,基于滤波器组的多变量同步指数算法,2
技术方法,利用脑磁图的空间分辨率,2
技术方法,生成同步信号,2
技术方法,分布同步信号到放大器,2
技术方法,捕获eeg数据,2
技术方法,确定tms治疗,2
技术方法,递送同步的tms,2
技术方法,监测来自患者大脑内的脑电图(eeg)信号,2
技术方法,mi-eeg离线解码建模,2
技术方法,mi-eeg在线识别,2
技术方法,同步盒同步,2
技术方法,滑动窗口构造梯度噪声模板,2
技术方法,自适应svd去噪,2
技术方法,将相位同步信息引入共同空间模式,2
技术方法,利用eeg信号锁相值进行加权,2
技术方法,形成新的时空滤波器,2
技术方法,提取eeg信号特征,2
技术方法,产生同步信号,2
技术方法,分配同步信号,2
技术方法,凹陷拱形设计,2
技术方法,反向曲线拱形,2
技术方法,基于数字孪生模型的生物力学效果实时仿真预测,2
技术方法,在集中于特定激励功能的范例期间评估大脑中的激励和情绪电路,2
技术方法,生成具有特性调制的视觉刺激,2
技术方法,将特性调制应用于视觉刺激的高空间频率hsf分量,2
技术方法,训练至少一个机器学习模型,2
技术方法,将脑电图数据和环境数据输入至少一个机器学习模型,2
技术方法,自动定位固定电极,2
技术方法,拨发爪自动与头皮接触,2
技术方法,储液器与电极吸液体连通,2
技术方法,可调式脑电电极模块设计,2
技术方法,旋钮螺杆调节伸缩块,2
技术方法,非侵入性记录,2
技术方法,电极-eeg传感器垂直于保持板表面成组排列,2
技术方法,弹簧加载接触,2
技术方法,训练好的神经网络实时连续分类,2
技术方法,计算注意力分配反馈,2
技术方法,基于脑电波信号分析,2
技术方法,关联脑电波信号与图像再现控制信息,2
技术方法,建立基线脑电波模式,2
技术方法,捕获眼球运动和面部表情变化,2
技术方法,计算脑波信号和刺激的相关商,2
技术方法,从脑电数据库查找脑电数据,2
技术方法,基于脑电数据进行预测,2
技术方法,呈现视觉刺激数据,2
技术方法,根据时间戳信息截取生物电信号,2
技术方法,构建评价模型,2
技术方法,记录用户的脑电波,2
技术方法,生成基于情境的记录的脑电波信息,2
技术方法,识别基于情境的记录的脑电波模式,2
技术方法,测量透过外膜的离子电流,2
技术方法,使用纵向延伸和横向延伸的弹性材料条形成具有开口的图案,2
技术方法,将电极组件以间隔开的位置安装在条带上,2
技术方法,通过带子固定到患者头部,2
技术方法,获取阻抗信号,2
技术方法,致动致动器以移动电极,2
技术方法,向患者提供视觉模式,2
技术方法,接收基于视觉模式的脑电图信息,2
技术方法,基于eeg信息生成诊断数据,2
技术方法,可视化精神图像,2
技术方法,对受试者的可视化表现进行评分,2
技术方法,向受试者提供反馈,2
技术方法,基于在诱导期期间与神经信号内的认知功能相关的神经活动进行评分,2
技术方法,脑电图,2
技术方法,功能性近红外光谱,2
技术方法,提取p300特征,2
技术方法,推断当前状态,2
技术方法,选择最佳刺激,2
技术方法,接收神经生理数据,2
技术方法,确定神经活动基线,2
技术方法,匹配目标助眠音频,2
技术方法,温感分析,2
技术方法,温度反馈调节,2
技术方法,给予一系列感觉刺激,2
技术方法,标记偏转的发生时间、极性和幅度,2
技术方法,文本化处理,2
技术方法,脑电图识别,2
技术方法,形成神经生物反馈连接,2
技术方法,绘制频率脑电地形图,2
技术方法,事件相关电位分析,2
技术方法,eeg识别,2
技术方法,提取特征指标,2
技术方法,生成脑电图特征指标报告,2
技术方法,可视化输出,2
技术方法,根据脑电信号确定对应的分值数据,2
技术方法,自适应学习算法,2
技术方法,脑电图记录,2
技术方法,信号比较分析,2
技术方法,信号处理分析,2
技术方法,形成脑电图信号分析通道,2
技术方法,记录eeg信号,2
技术方法,神经网络分析,2
技术方法,组合eeg分析,2
技术方法,希尔伯特-黄变换滤波,2
技术方法,矢量量化,2
技术方法,倒排索引,2
技术方法,码本量化,2
技术方法,神经可塑性评估算法,2
技术方法,情绪状态评估,2
技术方法,表征数据,2
技术方法,分析特征数据,2
技术方法,生成服务响应,2
技术方法,功能神经成像检测和定位,2
技术方法,脑电波比较,2
技术方法,脑电波测量与比较,2
技术方法,异常值过滤,2
技术方法,低通滤波处理,2
技术方法,基本统计特征提取,2
技术方法,自定义高级特征提取,2
技术方法,数据监视和可视化,2
技术方法,多头注意力机制,2
技术方法,双向长短期记忆网络,2
技术方法,多尺度因果卷积网络,2
技术方法,多层图神经网络,2
技术方法,个性化建模,2
技术方法,检测振幅超过阈值电压的活动脉冲,2
技术方法,确定活动脉冲串结束,2
技术方法,计算静止间隔总时间,2
技术方法,生成图形输出,2
技术方法,记录步骤,2
技术方法,检索步骤,2
技术方法,去除步骤,2
技术方法,合成步骤,2
技术方法,特征标记,2
技术方法,特征映射,2
技术方法,场景分类,2
技术方法,趋势分析,2
技术方法,特征链构建,2
技术方法,特征组合生成,2
技术方法,映射关系构建,2
技术方法,特征重组,2
技术方法,事件相关同步分析,2
技术方法,事件相关去同步分析,2
技术方法,确定个体经颅ac刺激的刺激频率,2
技术方法,数据管理模块利用目标算法对多模态数据进行处理,2
技术方法,逆向推导协同干预时机,2
技术方法,能量迁移轨迹监测,2
技术方法,构建风险传播链,2
技术方法,基线脑电图读数生成,2
技术方法,脑电图读取生成,2
技术方法,图案化识别,2
技术方法,分段和分析,2
技术方法,放大和滤波脑电图信号,2
技术方法,反向关联,2
技术方法,有效性排名,2
技术方法,经颅电刺激,2
技术方法,电位时间计算,2
技术方法,奇异谱分析(ssa),2
技术方法,基于块的归一化最小均方算法(bbnlms),2
技术方法,基于符号的方法,2
技术方法,方差分析,2
技术方法,识别感兴趣区域,2
技术方法,计算量化指数,2
技术方法,生成模板,2
技术方法,生成报告,2
技术方法,事件相关电位erp法,2
技术方法,统一归一化处理,2
技术方法,对目标eeg信号片段进行分析,2
技术方法,利用mri、ct、pet、spect、eeg和meg等技术收集认知事件,2
技术方法,基于脑电波和位置评估数据有效性,2
技术方法,信号特征分析,2
技术方法,midi格式音乐生成,2
技术方法,提取epoch信号,2
技术方法,多窗口方法,2
技术方法,小波算法,2
技术方法,参考从测量电极输出的输出信号分析用户的eeg信号,2
技术方法,参考由分析的eeg信号和域控制单元选择的域信息分析用户的脑活动状态,2
技术方法,svm支持向量机算法,2
技术方法,植入脑中电极,2
技术方法,连接脑电极对的eeg分析系统,2
技术方法,调整参数并重复刺激、收集、分析步骤,2
技术方法,脑电采集与处理,2
技术方法,脑电波分析与反馈,2
技术方法,开源软件分析,2
技术方法,注册语义潜力n400,2
技术方法,配准平均潜在电位n1,2
技术方法,配准认知诱发电位p300,2
技术方法,记录多通道脑电,2
技术方法,心电图记录,2
技术方法,情绪stroop实验范式,2
技术方法,行为数据分析,2
技术方法,erp数据分析,2
技术方法,非参格兰杰因果关系,2
技术方法,分析脑电波数据,2
技术方法,去除伪迹和噪声,2
技术方法,提取eeg关于情绪唤醒度的β波段,2
技术方法,提取关于情绪效价的α波段,2
技术方法,采集行为数据和脑电信号,2
技术方法,预处理脑电信号,2
技术方法,探究erp中n200成分的显著性变化,2
技术方法,采用plv脑网络分析,2
技术方法,采集人体体征参数,2
技术方法,分析人体体征参数,2
技术方法,使用30hz或多种高电压振幅-调制可视刺激,2
技术方法,组合至少一种颗粒状视觉刺激,2
技术方法,跨模态脑功能连接图谱构建,2
技术方法,转换和统计分析,2
技术方法,与参考数据进行比较,2
技术方法,检测受试者的事件相关电位,2
技术方法,将这些电位转换成p300脑电波,2
技术方法,分析p300脑电波活动,2
技术方法,获取脑电图和脑电标准图,2
技术方法,计算精神系数,2
技术方法,比较精神阈值,2
技术方法,分析历史精神系数,2
技术方法,信号采集与预处理,2
技术方法,睡眠阶段与梦境窗口识别,2
技术方法,梦境情感特征提取与量化,2
技术方法,主动睡眠调理干预,2
技术方法,神经响应数据分析,2
技术方法,钩在皮肤上,2
技术方法,齿面钩,2
技术方法,使用第一模态分析神经响应数据,2
技术方法,识别第一频带和第二频带之间的相位同步度,2
技术方法,合成第一神经响应数据与第二神经响应数据,2
技术方法,识别脑电数据中对应于第二神经响应数据的活动的签名,2
技术方法,基于签名调整相位同步度,2
技术方法,提取潜伏期值,2
技术方法,提取信号特征,2
技术方法,分析反应特征,2
技术方法,测量脑电波强度分量的周期性变化,2
技术方法,测量强度的变化率,2
技术方法,构造多个坐标点的图,2
技术方法,图形方式建立复合情绪反应,2
技术方法,从神经信号捕获装置接收神经信号,2
技术方法,监测操作者眼睛运动,2
技术方法,关联脑波信号与媒体文件,2
技术方法,结合认知激活过程或任务,2
技术方法,收集脑电信号,2
技术方法,监听按键事件,2
技术方法,根据赋权法进行赋值,2
技术方法,视觉刺激显示,2
技术方法,电位信号频率匹配,2
技术方法,施加控制信号,2
技术方法,获得eeg响应,2
技术方法,同时施加控制信号与音频视频信息,2
技术方法,确定eeg响应分量的值变化,2
技术方法,印刷地嵌入,2
技术方法,脑电特征提取模型,2
技术方法,滤波频段配置,2
技术方法,脑电特征指标计算,2
技术方法,对接收的生物信号进行分类,2
技术方法,功能神经成像数据处理,2
技术方法,机器学习分类器模型训练,2
技术方法,定量特征集提取,2
技术方法,功能磁共振成像数据处理,2
技术方法,呈现情绪刺激,2
技术方法,测量多通道脑电,2
技术方法,计算伽马功率值,2
技术方法,转换情绪调节指标,2
技术方法,处理脑电数据并计算值链接到脑波,2
技术方法,处理原功能磁共振灌注成像数据并计算值或大脑特定区域进行增氧,2
技术方法,基于特征量计算聚焦水平,2
技术方法,帽元件至少部分地围绕患者的头骨,2
技术方法,帽元件内表面与患者的头皮接触,2
技术方法,使用自动编码器神经网络计算平均向量,2
技术方法,检测预定模式的存在,2
技术方法,生成脑活动指示,2
技术方法,认知测试电池,2
技术方法,被动控制条件,2
技术方法,测量行为响应,2
技术方法,测量脑功能,2
技术方法,呈现具有变化的运动的基于周期性运动的视觉刺激,2
技术方法,检测电位变化,2
技术方法,识别视觉诱发电位特征,2
技术方法,呈现语音消息,2
技术方法,测量eeg信号,2
技术方法,对比表征学习,2
技术方法,时空间特征注意力提取,2
技术方法,circleloss反向传播,2
技术方法,基于eeg活动目标奖励游戏时间,2
技术方法,提供积极行为强化,2
技术方法,提供负强化,2
技术方法,实时并发视觉听觉定量信息反馈,2
技术方法,访问神经反应数据,2
技术方法,计算事件相关电位测量值,2
技术方法,确定共振测量值,2
技术方法,访问第一神经反应数据,2
技术方法,访问第二神经反应数据,2
技术方法,计算第一事件相关电位测量值,2
技术方法,计算第二事件相关电位测量值,2
技术方法,单通道eeg信号采集,2
技术方法,基于伪影去除算法的平稳小波变换去噪,2
技术方法,小波树分解,2
技术方法,节点重排序,2
技术方法,重构节律波,2
技术方法,提取幅度值和功率谱特征,2
技术方法,画频谱图和频谱能量分布图,2
技术方法,eeg信号处理,2
技术方法,检测对象的多个脑电波生理信号,2
技术方法,基于时间序列生成脑电图,2
技术方法,将脑电图拆分成多个子图像,2
技术方法,识别静态特征标签和动态位移标签,2
技术方法,生成叠加组标签,2
技术方法,传输至远程云系统,2
技术方法,识别相位同步度,2
技术方法,分析第一频带振荡模式,2
技术方法,分析第二频带振荡模式,2
技术方法,生成个性化基线卒中分数,2
技术方法,确定第二中风分数,2
技术方法,提取第一特征图,2
技术方法,基于时间维度和第一注意模型转换第一特征图,2
技术方法,提取第二特征图,2
技术方法,基于空间维度和第二注意力模型转换第二特征图,2
技术方法,基于转换后的第一特征图和第二特征图生成图像,2
技术方法,国际10-20系统计算电极的预设安放位置,2
技术方法,检测信号传输准确性以确定定位区域,2
技术方法,采用电极移动装置以初步放置电极或取下电极放置至其他准确区域,2
技术方法,脑电电极通道匹配,2
技术方法,提取与疲劳程度最相关的电极通道,2
技术方法,数据切片,2
技术方法,建模,2
技术方法,基于微状态的脑功能网络构建,2
技术方法,基于凝视数据确定感兴趣区域,2
技术方法,基于注视数据确定球囊开始时间,2
技术方法,提取时间段内的eeg数据,2
技术方法,基于eeg数据确定用户偏好,2
技术方法,将按键分为行选择键和行内虚拟键两大模块,2
技术方法,构建eeg脑功能网络,2
技术方法,支持向量机参数优化,2
技术方法,执行活动,2
技术方法,确定激活水平,2
技术方法,从传感器接收脑电图信号,2
技术方法,选择性地连接多个电极单元,2
技术方法,选择性地连接多个微电极,2
技术方法,最小化代价函数,2
技术方法,划分第一时间窗口,2
技术方法,划分第二时间窗口,2
技术方法,参数化和预处理eeg信号,2
技术方法,复指数函数调制信号,2
技术方法,抽取,2
技术方法,确定最小距离,2
技术方法,通过接触电极随时间记录eeg信号,2
技术方法,为连续的时间窗口提供来自信号块的输入数据记录,2
技术方法,在基于数据的眼动模型中评估输入数据记录,2
技术方法,拟合初始递减有理时间函数,2
技术方法,线性组合拟合,2
技术方法,从eeg信号中移除tms伪影分量,2
技术方法,处理时间窗,2
技术方法,放大并输出脑电图信号,2
技术方法,通过高频带,2
技术方法,通过低频带将其作为数字信号输出,2
技术方法,计算松弛指数,2
技术方法,控制截止频率,2
技术方法,移动平均平滑,2
技术方法,基于自适应阈值的眨眼检测算法,2
技术方法,svm,2
技术方法,决策树算法,2
技术方法,接收ecg数据,2
技术方法,eeg信号参数化和预处理,2
技术方法,复数指数信号调制,2
技术方法,抽取块(低通滤波后采样丢弃),2
技术方法,时间滤波,2
技术方法,计算脑电图倒谱,2
技术方法,选择预定数量的系数,2
技术方法,计算相关值,2
技术方法,确定时间节点,2
技术方法,确定目标动作意图,2
技术方法,提取独立分量,2
技术方法,选择独立分量,2
技术方法,交叉生成数据,2
技术方法,组合重复生成数据集,2
技术方法,随机选择生成变异数据,2
技术方法,交叉生成第二数据,2
技术方法,固定电极,2
技术方法,创建时域失真信号,2
技术方法,引入信号到输入引线对,2
技术方法,检测eeg信号时间过程,2
技术方法,提供输入数据集,2
技术方法,基于数据的眼睛运动模型评估,2
技术方法,脑电图倒谱计算,2
技术方法,相关性计算,2
技术方法,频谱部分求和,2
技术方法,施密特触发器阈值划分,2
技术方法,累积总和计算,2
技术方法,数字化脑电图信号,2
技术方法,创建时间失真信号,2
技术方法,快速傅里叶变换运算,2
技术方法,频谱值求和,2
技术方法,累积计算,2
技术方法,确定稀疏模型,2
技术方法,分类判断,2
技术方法,识别方法调节,2
技术方法,收集标记的脑电图数据,2
技术方法,划分为重叠的时间窗口,2
技术方法,组合基础特征形成更大的特征集,2
技术方法,修剪大的特征集,2
技术方法,针对特定机器学习技术进一步修剪特征集,2
技术方法,小波域变换,2
技术方法,向用户呈现与两个或更多选项相关联的信息,2
技术方法,收集标记的eeg数据,2
技术方法,划分重叠的时间窗口,2
技术方法,组合基础特征,2
技术方法,修剪特征集,2
技术方法,针对机器学习技术进一步修剪特征集,2
技术方法,实验范式设计,2
技术方法,十折交叉验证,2
技术方法,时间和频段分割,2
技术方法,改进的rcsp算法,2
技术方法,fbrcsp,2
技术方法,stwfbrcsp,2
技术方法,多频段滤波,2
技术方法,互信息特征选择,2
技术方法,支持向量机svm投票,2
技术方法,分离eeg数据成历元,2
技术方法,sgcrnn模型,2
技术方法,切比雪夫网络(chebnet),2
技术方法,门控循环单元(gru),2
技术方法,cngru网络层,2
技术方法,邻接矩阵构建,2
技术方法,参数化和脑电信号预处理,2
技术方法,自相关性分析,2
技术方法,将eeg数据分离成历元,2
技术方法,在时频域中自动过滤平均历元,2
技术方法,测量幅度和等待时间,2
技术方法,特征提取与选择,2
技术方法,情绪模式的学习和分类,2
技术方法,伪迹自动去除,2
技术方法,特征选择方法,2
技术方法,fmri辅助的eeg通道选择方法,2
技术方法,导电凝胶源连通并施加凝胶,2
技术方法,组频谱滤波,2
技术方法,时域卷积处理,2
技术方法,时间窗划分,2
技术方法,transformer模块提取全局依赖关系,2
技术方法,以脉冲形式释放香味作为刺激物,2
技术方法,对与刺激同步的导出的eeg片段求和,2
技术方法,正波动和负波动相加,2
技术方法,随机发生的自发eeg活动被平均掉,2
技术方法,使用250hz频率导出eeg,2
技术方法,连续小波变换,2
技术方法,经验模式分解,2
技术方法,自适应滤波,2
技术方法,粗粒化,2
技术方法,特征向量构造,2
技术方法,肌电测量仪检测分离的肌肉活性,2
技术方法,心电图机检测心脏搏间隔,2
技术方法,脑电图系统检测eeg癫痫发作参数,2
技术方法,计算滤波信号,2
技术方法,通过滤波信号进行处理,2
技术方法,选取左右脑对称电极位置的振幅整合脑电图数据,2
技术方法,提取下边界,2
技术方法,使用时间窗口截取数据段,2
技术方法,移动时间窗口,2
技术方法,统计超过阈值的数据个数,2
技术方法,时间卷积,2
技术方法,空间卷积,2
技术方法,特征向量融合,2
技术方法,检测积分电压,2
技术方法,转换为数字数据,2
技术方法,与阈值参考值比较,2
技术方法,分析电输入声音信号及多个eeg信号,2
技术方法,确定从每一声源到每一eeg通道的动态有限脉冲响应(fir)滤波器,2
技术方法,基于针对多个声源获得的成本函数确定声源选择信号,2
技术方法,记录脑电活动,2
技术方法,分解eeg信号为频谱分量,2
技术方法,计算频谱功率值,2
技术方法,比较频谱功率值与阈值,2
技术方法,关联电极位置与三维脑模型,2
技术方法,在三维中对序列eeg信号进行建模,2
技术方法,量化序列eeg信号的量,2
技术方法,建立传播图案,2
技术方法,自动连通性确定,2
技术方法,压敏电极放置,2
技术方法,自动阻抗检查,2
技术方法,电极阻抗测量,2
技术方法,放大和滤波,2
技术方法,自动伪像能力,2
技术方法,评估eeg波形的波,2
技术方法,产生线性斜坡信号,2
技术方法,比较累积幅度与预定值,2
技术方法,馈送到rnn中以提取时间特征,2
技术方法,将提取的空间特征后的序列馈送到rnn中以提取时间特征,2
技术方法,以第一电位偏压第一多个电极,1
技术方法,以第二电位偏压第二多个电极,1
技术方法,产生接近刺激部位的电场,1
技术方法,在预期发生神经可塑性的刺激部位诱导神经可塑性,1
技术方法,将测试刺激信号施加到患者,1
技术方法,将电极组件放置在刺激部位,1
技术方法,采用突发模式刺激,1
技术方法,促进和/或实现神经可塑性改变或重组,1
技术方法,使用电脉冲,1
技术方法,电增强,1
技术方法,在刺激部位诱导神经可塑性,1
技术方法,使用电脉冲将刺激部位神经元的静止膜电位增加到亚阈值水平,1
技术方法,施加降低的功耗的刺激信号,1
技术方法,根据占空比、振幅、脉冲重复频率、脉冲宽度、时空和/或极性变化调整刺激参数,1
技术方法,以周期性的、非周期性的和/或伪随机的方式施加刺激,1
技术方法,"采用周期性的、非周期性的(例如,混沌的)和/或伪随机的方式施加刺激",1
技术方法,在中度或显著的电源耗尽之前施加刺激信号,1
技术方法,监测患者响应,1
技术方法,第一信号极性偏置,1
技术方法,第二信号极性偏置,1
技术方法,第一极性偏压,1
技术方法,接收电信号,1
技术方法,产生电场,1
技术方法,刺激选定的身体组织,1
技术方法,布线以接收电信号,1
技术方法,根据第一组刺激参数在第一时间域刺激,1
技术方法,根据第二组刺激参数在第二时间域刺激,1
技术方法,改变占空周期、振幅、脉冲重复频率、脉冲宽度、时空、极性,1
技术方法,施加亚阈值、阈值、suprathreshold水平的刺激,1
技术方法,周期性、非周期性(混沌)、伪随机方式刺激,1
技术方法,改变intraburst刺激参数,1
技术方法,确定的第一神经刺激的阈值,1
技术方法,计算的第二神经刺激的阈值,1
技术方法,经血管刺激神经干,1
技术方法,将电刺激信号传递到电极,1
技术方法,治疗参数产生,1
技术方法,选择电极配置,1
技术方法,调节指定幅度,1
技术方法,重复步骤,1
技术方法,指示输送电能量,1
技术方法,弯曲薄膜基板,1
技术方法,设置多个电极触点,1
技术方法,设置多个迹线,1
技术方法,使用柔性弹簧状部分,1
技术方法,将可配置源编程为电流源或电压源,1
技术方法,调节流过第一电极的第一电流,1
技术方法,调节在第三不同电极处的第一电压,1
技术方法,传送电刺激能量,1
技术方法,改变神经组织内电场电位的形状,1
技术方法,通过一个或多个神经调节器递送到神经系统部件,1
技术方法,基于响应参数和选择准则选择神经刺激治疗模式,1
技术方法,使用两个或多个电引线,1
技术方法,用多根电极刺激受试者的丘脑腹侧中间核(vim)和口腹侧核(voa/vop),1
技术方法,电极引线连接,1
技术方法,电极阵列穿过耳蜗造口,1
技术方法,电极触点递送刺激信号,1
技术方法,耳蜗造口接地触点,1
技术方法,刺激器接地触点,1
技术方法,生成定义刺激的命令信号,1
技术方法,确定期望配置和/或期望刺激,1
技术方法,评估来自感测装置的响应信号,1
技术方法,在绝缘体聚合物基层上沉积金属迹线层,1
技术方法,施加光刻胶层并图案化,1
技术方法,活化绝缘体聚合物基层,1
技术方法,沉积顶部绝缘体聚合物层,1
技术方法,在80-150℃的温度下处理绝缘体聚合物层,1
技术方法,在230-350℃的温度下处理绝缘体聚合物层,1
技术方法,监测配置,1
技术方法,决定频率比例关系,1
技术方法,高局部和高效的电刺激,1
技术方法,非导电基底,1
技术方法,纵向长度间隔开,1
技术方法,横向宽度延伸,1
技术方法,多个横向偏移位置,1
技术方法,在柔性生物相容性聚合物基底上设置至少数百个电极的阵列,1
技术方法,灌注通孔贯穿基板设置,1
技术方法,单独的细长引线连接到电极中的每一个,1
技术方法,柔性生物相容性聚合物使各个细长引线连接绝缘并支撑阵列,1
技术方法,具有单独的通道连接的插入器导电地结合到单独的细长引线连接,1
技术方法,组合的电和化学刺激,1
技术方法,"细长的第一中心参考电极,其沿着细长基底材料的纵向方向延伸",1
技术方法,"多个第一电极,所述多个第一电极布置在所述细长的第一中心参考电极的两侧",1
技术方法,监测生理响应,1
技术方法,使用多种治疗方式进行深部或浅部深部脑刺激,1
技术方法,协调控制能量发射的方向、强度、会话持续时间、频率、脉冲串持续时间、相位和会话次数,1
技术方法,辅助监测或成像来提供反馈,1
技术方法,确定反映熟练受试者神经元活动的脑电波模式,1
技术方法,通过选自感觉刺激、外周刺激、经颅刺激和深部脑刺激的刺激使受检者训练经受脑夹带,1
技术方法,基于响应参数和一个或多个选择准则从刺激测试模式中选择神经刺激治疗模式,1
技术方法,从多种类型的刺激波形中选择一种类型的刺激波形,1
技术方法,基于测得的电生理参数进行识别,1
技术方法,将可操作的刺激强度确定为最大刺激强度的预定比例,1
技术方法,练习执行针对抓取、握持、转移和释放物体的循环运动,1
技术方法,以计算机屏幕上虚拟物体的运动形式提供视觉模态反馈,1
技术方法,经皮递送,1
技术方法,电控制电路控制,1
技术方法,聚焦刺激源,1
技术方法,诱导神经调节,1
技术方法,识别接口定位,1
技术方法,识别附件,1
技术方法,控制刺激递送,1
技术方法,对可植入医疗设备的刺激参数进行编程,1
技术方法,递送具有不同ipi、刺激几何形状和其他波形设置的波形,1
技术方法,随机化协调重置刺激,1
技术方法,在连续时间窗内递送脉冲,1
技术方法,随机变化脉冲幅度,1
技术方法,随机变化脉冲时间,1
技术方法,施加刺激脉冲的突发序列,1
技术方法,感测受刺激的传入感觉神经纤维的生物电反应,1
技术方法,"基于感测到的生物电反应,推导出神经兴奋性曲线",1
技术方法,闭环可植入神经接口,1
技术方法,局部放大和多路复用,1
技术方法,刺激发生器,1
技术方法,时序关系的脉冲刺激,1
技术方法,电压检测电路,1
技术方法,电压比较电路,1
技术方法,输出控制电路,1
技术方法,诱发神经元爆发动作电位,1
技术方法,施加所选择的刺激,1
技术方法,测量剩余神经反应,1
技术方法,从剩余神经响应估计神经补充,1
技术方法,测量电路获得神经信号的测量值,1
技术方法,适应治疗连续地对该患者的临床状态,1
技术方法,提供治疗性电刺激,1
技术方法,应用神经刺激,1
技术方法,改变刺激参数值,1
技术方法,迭代地执行,1
技术方法,感应电压,1
技术方法,产生脑刺激电流,1
技术方法,传递脑刺激电流,1
技术方法,植入脑内,1
技术方法,植入脑和周围组织内,1
技术方法,评估诱发-记录参数集的序列,1
技术方法,将一个或多个刺激场导向所选神经目标,1
技术方法,基于检测到的对所施加刺激的生理反应等滴定,1
技术方法,基于点处理模型确定校正电刺激信号的特征,1
技术方法,接收患者数据和由神经刺激设备递送给患者的刺激相关联的刺激参数集合,1
技术方法,使用每组刺激参数的患者数据来确定一个或多个客观度量,1
技术方法,使用所述一个或多个客观度量和相关联的刺激参数集来生成患者特异性响应模型,1
技术方法,将优化算法应用于所生成的响应模型以确定一个或多个刺激参数的候选集合,1
技术方法,用作生物标记,1
技术方法,经血管刺激神经或神经干,1
技术方法,通过引线将电刺激信号传递到电极,1
技术方法,闭环神经接口,1
技术方法,接收包含极性分配信息和电能的输入信号,1
技术方法,控制电极接口,1
技术方法,使用包含在输入信号中的电能产生电脉冲,1
技术方法,通过电极接口将电脉冲提供给电极,1
技术方法,反复交替治疗递送,1
技术方法,改变治疗的递送,1
技术方法,启动神经刺激治疗的递送,1
技术方法,改变神经刺激中使用的刺激参数,1
技术方法,刺激参数中的至少一个是伪随机变化的,1
技术方法,基于具有伪随机变化的第一刺激参数并且基于规定第一参数中的变化如何影响第二参数的期望值的预定关系来改变第二刺激参数,1
技术方法,调节大脑神经的可塑性,1
技术方法,施加到该对象的迷走神经的电刺激信号具有参数值中的有效调节所述的一种方式中的迷走神经的电活性,1
技术方法,将信号传输线延伸穿过载体构件并传送信号,1
技术方法,向电极组递送不同刺激,1
技术方法,使用传感器数据修改刺激,1
技术方法,与外部计算设备通信,1
技术方法,使用传感器收集的信息确定刺激参数,1
技术方法,神经刺激递送,1
技术方法,交叉进行,1
技术方法,利用水凝胶电极的生物相容性和导光导电特性,1
技术方法,脉冲在时间上有选择地偏移,1
技术方法,脉冲具有相等或变化的幅度和持续时间,1
技术方法,移动电刺激场和感觉异常模式,1
技术方法,随时间增加电刺激的持续时间或幅度,1
技术方法,治疗递送,1
技术方法,个性化靶向非侵入性刺激,1
技术方法,恢复认知功能,1
技术方法,改善临床症状,1
技术方法,修饰可塑性的改变机制,1
技术方法,调节皮质兴奋性和反应性,1
技术方法,诱导局部脑代谢的变化,1
技术方法,电极装置放置在待刺激的身体区域附近,1
技术方法,信号发生器向电极的布置提供电刺激信号,1
技术方法,控制电路确定刺激电场分布数据,1
技术方法,选择性地分配至少一对第一和第二有效电极,1
技术方法,使信号发生器操作每个分配的有效电极以产生刺激电场,1
技术方法,可拆卸地耦合到经皮附着装置,1
技术方法,基于来自所述电极组件的信息来控制所述刺激单元的操作,1
技术方法,提供电刺激信号,1
技术方法,操纵电刺激信号以刺激患者组织的区域,1
技术方法,柔性带状电极,1
技术方法,电介质支撑矩阵,1
技术方法,粗糙化,1
技术方法,柔性螺旋电极结构,1
技术方法,改进的连接器,1
技术方法,施加被配置成在抑制心理物理副作用的同时产生治疗效果的刺激序列,1
技术方法,第一刺激征募纤维群的一部分,1
技术方法,在第一刺激之后的不应期内递送第二刺激,1
技术方法,第二刺激被配置成征募纤维群的另一部分,1
技术方法,第一刺激征募纤维群,1
技术方法,第二刺激征募纤维群,1
技术方法,生成命令信号,1
技术方法,确定期望刺激,1
技术方法,选择合适的人或动物受试者,1
技术方法,将具有参数值的电刺激信号施加到受试者的迷走神经,1
技术方法,调节迷走神经的电活性,1
技术方法,调节脑的预选部分的活性,1
技术方法,将空间分布的刺激幅度施加到阵列的刺激电极,1
技术方法,使用脑网络建模的网络功能成像数据来启动/调整治疗,1
技术方法,以差分方式增加、减少或以其它方式调制网络区域活动,1
技术方法,链接规则在治疗的设置和随后的调整中进行指导,1
技术方法,实现对与脑障碍相关联的一个或多个脑网络的治疗,1
技术方法,基于脑中天然存在的电和化学活性改变神经元的放电节律,1
技术方法,建立神经信号通路,1
技术方法,在区域之间建立通信,1
技术方法,通过与脑接触的场电极施加电场,1
技术方法,将神经刺激疗法与目标阈值进行比较,1
技术方法,刺激和感测与目标阈值进行比较,1
技术方法,植入非血管内引线,1
技术方法,基于响应参数和一个或多个选择标准从刺激测试模式中选择神经刺激治疗模式,1
技术方法,感测能力优化,1
技术方法,感测能力,1
技术方法,优化治疗方案,1
技术方法,交替刺激波形,1
技术方法,常规高振幅短持续时间电极刺激信号序列,1
技术方法,低振幅长持续时间电极刺激信号序列,1
技术方法,心尖波形,1
技术方法,无线神经刺激,1
技术方法,使用可充电的可植入脉冲发生器向迷走神经提供电脉冲,1
技术方法,利用与外部充电器的电感耦合而可再充电,1
技术方法,通过选择性刺激和/或阻断来调节迷走神经,1
技术方法,改变电场大小和极性,1
技术方法,确定所述探测信号的施加与所述响应的第一时间特征之间的第一时间段,1
技术方法,"产生包括多个脉冲的治疗信号,所述多个脉冲中的至少两个脉冲由所述第一时间段分开",1
技术方法,将治疗信号施加到植入目标神经结构中或其附近的电极或另一电极,1
技术方法,将固有频率序列和布尔信号作为一组刺激参数输出,1
技术方法,将电极头设成可相对腔体轴向移动,1
技术方法,使电极头保持远离腔体的趋势,1
技术方法,随受测者前额位置自动调节电极头与腔体的相对位置,1
技术方法,"将电极头设成可相对腔体轴向移动,使电极头保持远离腔体的趋势",1
技术方法,调节刺激参数特征,1
技术方法,产生电流,1
技术方法,施加电流到内脏神经,1
技术方法,rf-dc转换,1
技术方法,单独或组合使用,1
技术方法,开发以期望方式修改神经振荡的治疗方案,1
技术方法,捕获验证和刺激,1
技术方法,控制刺激参数,1
技术方法,利用电辐射耦合接收包含电能的输入信号,1
技术方法,使用包含在所述输入信号中的电能产生一个或多个电脉冲,1
技术方法,自适应地补偿,1
技术方法,发送至体外便携处理装置,1
技术方法,生成刺激控制信号,1
技术方法,基于刺激控制信号生成刺激信号,1
技术方法,比较感测到的响应与期望目标响应,1
技术方法,基于具有饱和趋势的传递函数来控制刺激信号的至少一个参数,1
技术方法,将该参数保持在预定的刺激范围内,1
技术方法,将信号传递给其它部件,1
技术方法,处理各种活动的执行系统,1
技术方法,产生三维电极阵列,1
技术方法,制定治疗方案,1
技术方法,调整治疗方案,1
技术方法,获取并分析来自患者的生理信息,1
技术方法,"基于对所获取的生理信息的分析,刺激区域的轨迹相对于组织电子地移位",1
技术方法,根据一个或多个刺激参数将电能输送到患者的组织,1
技术方法,在分析认知脑信号的基础上修改刺激参数,1
技术方法,经颅近红外光照射,1
技术方法,多频率电场协同配合,1
技术方法,多通道的脉冲输出功能,1
技术方法,基于电容充放电的主动电荷平衡功能,1
技术方法,定位神经回路,1
技术方法,诱导电流在脑中流动,1
技术方法,建立电连接,1
技术方法,穿透神经外表面,1
技术方法,电辐射耦合接收输入信号,1
技术方法,产生电脉冲,1
技术方法,提供电脉冲,1
技术方法,基于迷走神经反应模型确定生理和神经指数,1
技术方法,存储优选参数,1
技术方法,感测患者位置,1
技术方法,感测装置,1
技术方法,调整刺激能量控制,1
技术方法,将顶柱插入嵌入槽以使顶板与底板接合,1
技术方法,电极部件根据电场发生部件传输的交流信号产生交变电场,1
技术方法,优化算法,1
技术方法,生成患者特定响应模型,1
技术方法,确定一个或多个客观度量,1
技术方法,向可兴奋组织施加电脉冲,1
技术方法,神经调控,1
技术方法,硬膜外电刺激,1
技术方法,脑脊髓接口,1
技术方法,脑肌电耦合特征与tdcs影响规律相关性研究,1
技术方法,分布电刺激,1
技术方法,将等直径引线近端插入密封件中,1
技术方法,安装在夹紧盖中,1
技术方法,通过接合馈通壳体侧壁上的底切来支撑接触力和密封压缩,1
技术方法,迷走神经阻断,1
技术方法,电阻挡技术,1
技术方法,选择性刺激,1
技术方法,电感耦合充电,1
技术方法,遥测,1
技术方法,选择分组的各个电极施加的触点,1
技术方法,刺激电流脉冲通过规定的设定的刺激参数的定义产生和施加到所选电极接触,1
技术方法,快速自动和/或交互编程刺激参数,1
技术方法,馈通销与可压缩触点集成,1
技术方法,用螺钉紧固的盖加压,1
技术方法,凸轮致动的夹紧盖加压,1
技术方法,可变形段设计,1
技术方法,变薄的侧壁段,1
技术方法,靠墙段,1
技术方法,控制向对象递送电刺激,1
技术方法,分析传感器数据以确定活动度量,1
技术方法,基于活动度量确定更新的刺激参数值,1
技术方法,鞘管和球囊相互配合植入,1
技术方法,重力操作的可变压力阀平衡装置,1
技术方法,活塞附接到套筒上减小接触力,1
技术方法,自动补偿电极相对于竖直方向的变化,1
技术方法,旋转块内第二组无摩擦流体轴承调节电极突起,1
技术方法,电极插入装置从暴露的脉动人皮层非创伤性地获得,1
技术方法,平衡装置自动补偿电极相对于竖直方向的变化,1
技术方法,插入导线结构,1
技术方法,施加导线结构,1
技术方法,控制多个开关,1
技术方法,控制可变电阻器,1
技术方法,设置电极阻抗,1
技术方法,控制算法调节输送到电极的电流或电流密度,1
技术方法,控制能量输送,1
技术方法,外科植入电极引线,1
技术方法,将一对引线体中的每一个的远端部分彼此连接,1
技术方法,在将远端部分连接在一起之前将多个电极表面连接到远端部分,1
技术方法,"柔性细长翼构件在安装期间挠曲,安装后从护套横向延伸",1
技术方法,螺旋缠绕基底,1
技术方法,封装引入导体,1
技术方法,包裹膜绝缘,1
技术方法,锚固引入导体,1
技术方法,电极阵列对称分布,1
技术方法,电极间距离设置,1
技术方法,操纵导线的两端安装和固定,1
技术方法,通过环状圈套器进行圈套,1
技术方法,长期植入,1
技术方法,闭环系统自动执行神经刺激,1
技术方法,选择性引导刺激和/或遥测指令和功率,1
技术方法,共享总线互连,1
技术方法,对接总线触点形成电接触,1
技术方法,沿组织平躺,1
技术方法,电极尺寸变化,1
技术方法,多通道递送,1
技术方法,选择性激活微刺激器,1
技术方法,外部控制单元控制,1
技术方法,控制驱动通过微电极阵列的刺激电流的图案,1
技术方法,控制开关装置通过天线向发射机输出确认信号,1
技术方法,基于生理模型,1
技术方法,基于植入位置和患者解剖结构数据,1
技术方法,治疗领域模型,1
技术方法,同轴关系彼此接合,1
技术方法,放射可视特征指示取向,1
技术方法,确定电极位置和取向,1
技术方法,感测能力优化治疗治疗方案,1
技术方法,利用健侧肢体进行功能性活动的若干肌群的肌电信号,1
技术方法,调制和控制若干导联的功能性电刺激,1
技术方法,模块化平面的微制造电极阵列连接到载体,1
技术方法,限制仅刺激目标神经元的电流,1
技术方法,非侵入性感觉刺激,1
技术方法,诱导同步γ振荡,1
技术方法,执行工作记忆任务,1
技术方法,施加电磁信号,1
技术方法,调整目标参数,1
技术方法,评估患者对电磁信号的响应,1
技术方法,刺激选择性神经,1
技术方法,递送神经刺激药物,1
技术方法,三维铅迁移检测,1
技术方法,自动神经刺激校正,1
技术方法,生成新的刺激参数集,1
技术方法,重新编程,1
技术方法,脉冲切片,1
技术方法,递送多个第一电脉冲,1
技术方法,递送第二电脉冲,1
技术方法,递送第三电脉冲,1
技术方法,压电阵列构成,1
技术方法,特征发生器,1
技术方法,确定刺激信号,1
技术方法,接收体外超声发生器发射的脉冲超声信号,1
技术方法,刺激电极作用于目标脑区,1
技术方法,可单独寻址,1
技术方法,定位可植入电极阵列于混合神经近侧,1
技术方法,识别纤维类型的募集水平,1
技术方法,递送神经刺激能量,1
技术方法,微电极阵列装置及其制造和使用方法,1
技术方法,沿着细长探针轴布置多个微电极元件,1
技术方法,确定最佳电刺激参数的方法,1
技术方法,颅内电刺激和监测过程,1
技术方法,控制和分析,1
技术方法,时间延迟施加刺激,1
技术方法,分析测试信号,1
技术方法,覆盖非导电覆盖材料,1
技术方法,验证是否抑制,1
技术方法,插入针状基底,1
技术方法,设置第一电极和第二电极,1
技术方法,接收事件数据,1
技术方法,控制医疗设备根据值范围内的至少一个阈值递送后续脑刺激疗法,1
技术方法,延时电刺激,1
技术方法,产生异相电场,1
技术方法,渲染图形用户界面,1
技术方法,调整目标值,1
技术方法,表示目标值,1
技术方法,表示预定目标值,1
技术方法,调整刺激强度参数值,1
技术方法,刺激参数调整,1
技术方法,开环操作,1
技术方法,闭环操作,1
技术方法,电感耦合再充电,1
技术方法,感测状态调节刺激参数,1
技术方法,实施神经刺激疗法,1
技术方法,评估目标神经状况,1
技术方法,产生刺激引线到优选引线位置的接近度的指示,1
技术方法,实施神经刺激治疗,1
技术方法,评估目标神经的状况,1
技术方法,传输并聚焦刺激信号,1
技术方法,调节电刺激疗法的至少一个参数的电平,1
技术方法,反向散射,1
技术方法,将经皮或经颅电刺激应用于神经事件的位置,1
技术方法,激光刻蚀,1
技术方法,碳基导电薄膜层设置,1
技术方法,绝缘层覆盖,1
技术方法,施加双相波形,1
技术方法,正阳极脉冲,1
技术方法,负阴极脉冲,1
技术方法,放置电极,1
技术方法,映射函数关联,1
技术方法,测试阈值优化,1
技术方法,监视控制,1
技术方法,将ipg盒用作ekg电极以及无关电极,1
技术方法,将ipg盒用作ekg电极,1
技术方法,算法,1
技术方法,模型,1
技术方法,确定刺激参数,1
技术方法,可编程可植入脉冲发生器,1
技术方法,可充电电池,1
技术方法,以本质频率序列与布尔信号作为刺激参数输出,1
技术方法,使用调制函数,1
技术方法,占空比循环刺激,1
技术方法,调节子感知刺激参数,1
技术方法,使用一个或多个模型,1
技术方法,产生双极矩形波形,1
技术方法,以伪随机函数选择的重复速率传送矩形波形,1
技术方法,在第三时间段内抑制脉搏波的传送,1
技术方法,脉冲发生器操作,1
技术方法,调节载波频率产生脉冲串输出,1
技术方法,数字混频器组合频率,1
技术方法,高通和低通滤波器的组合,1
技术方法,电抗元件提供补偿,1
技术方法,连续监测传入神经生理信号,1
技术方法,确定定向神经刺激干预的定时,1
技术方法,触发神经刺激的施用,1
技术方法,连续监测,1
技术方法,根据刺激参数发射电磁脉冲,1
技术方法,自动搜索例程,1
技术方法,监测患者反馈,1
技术方法,3类器官三维神经组织结构,1
技术方法,人多能细胞分化,1
技术方法,干细胞分化,1
技术方法,体外产生3所述的方法,1
技术方法,增加和向多个受检者提供多个疼痛刺激,1
技术方法,存储多个疼痛阈值和多个生物信号,1
技术方法,水凝胶贴片粘在电极上,1
技术方法,柔性透明碳纳米管神经电极阵列应用,1
技术方法,刺激体内靶,1
技术方法,向迷走神经提供矩形和/或复合电脉冲,1
技术方法,刺激和/或阻断迷走神经,1
技术方法,插接方式连接,1
技术方法,经皮神经电刺激,1
技术方法,电极阵列结构制备,1
技术方法,硅划片-腐蚀法,1
技术方法,电化学腐蚀方法实现金属丝的定点断裂,1
技术方法,浇注聚二甲基硅氧烷(pdms),1
技术方法,氧等离子轰击后叠加键合,1
技术方法,驱动生物反馈康复仪,1
技术方法,刺激瘫痪肢体神经,1
技术方法,向皮层组织提供矩形和/或复杂的电脉冲,1
技术方法,硬膜外或硬膜下植入颅内电极,1
技术方法,化学、物理、热或电刺激触发,1
技术方法,设置活动标志,1
技术方法,关断无源信道部件,1
技术方法,指令编码和映射,1
技术方法,人机交互终端设置,1
技术方法,微电极阵列制备,1
技术方法,细胞培养腔室封装,1
技术方法,多区神经活动相对关系检验,1
技术方法,聚合物层隔开金属迹线,1
技术方法,沉积聚合物顶层,1
技术方法,使用热塑性聚合物在多个模具中重复加热,1
技术方法,套刻,1
技术方法,三维微柱阵列,1
技术方法,将体外培养的神经细胞制成细胞悬液加入到微电极阵列芯片的生物相容性玻璃套环中,1
技术方法,使神经细胞的部分胞壁结构与微电极阵列的微电极接触形成生物电接口,1
技术方法,添加药物到生物相容性玻璃套环中,1
技术方法,由微电极阵列mea系统产生激发脉冲信号激励神经细胞,1
技术方法,以1mv为增量由低到高逐渐改变激发脉冲信号的电压幅值,1
技术方法,按照1μg/ml浓度梯度改变药物浓度探测电信号激发条件阈值,1
技术方法,"由微电极阵列mea系统产生激发脉冲信号激励神经细胞,以1mv为增量由低到高逐渐改变激发脉冲信号的电压幅值",1
技术方法,"按照1μg/ml浓度梯度改变药物浓度,继续探测相应的电信号激发条件阈值",1
技术方法,定位电极阵列,1
技术方法,传送电刺激,1
技术方法,识别吸收水平,1
技术方法,幅度编程,1
技术方法,制造电极阵列的方法,1
技术方法,制造替代神经组织的方法,1
技术方法,气动式驱动,1
技术方法,通过三通接头充气和排气控制活动推杆伸缩,1
技术方法,制造薄膜电极阵列的方法,1
技术方法,气动式植入,1
技术方法,通过三通接头的充气和排气控制活动推杆的伸缩,1
技术方法,跟踪导丝展开,1
技术方法,湿法纺丝技术,1
技术方法,尿嘧啶接枝的聚乙烯醇绝缘处理,1
技术方法,湿法纺丝技术制备pedot:pss水凝胶导电纤维,1
技术方法,尿嘧啶接枝的聚乙烯醇绝缘处理并组装,1
技术方法,制造药物浓度差,1
技术方法,同时激活电极位点以产生激活模式,1
技术方法,"将微针阵列的所有微针矫直后,调整与电极阵列的对应关系,并使所有微针末端与电极固连",1
技术方法,控制微针阵列向下运动使电极阵列与硅基底剥离,1
技术方法,"移动微针阵列至待植入位置,逐个将电极植入至待植入位置的预设深度",1
技术方法,"回撤微针,完成电极阵列的阵列化植入",1
技术方法,透明石墨烯神经电极,1
技术方法,光纤,1
技术方法,插入人工耳蜗电极阵列,1
技术方法,初始放置听觉脑干植入电极阵列,1
技术方法,选择特定电极触点,1
技术方法,传递刺激信号,1
技术方法,确定最大响应位置,1
技术方法,重新定位电极阵列,1
技术方法,被动释放药物涂层,1
技术方法,主动释放药物涂层,1
技术方法,电控释技术,1
技术方法,同时激活电极位点以创建激活模式,1
技术方法,电极阵列由柔性支撑部件,1
技术方法,引线容纳在电缆中,1
技术方法,电极阵列由柔性的支撑部件,1
技术方法,引线容纳在电缆中延伸远离支撑件,1
技术方法,基于检测到的运动和/或肌肉活动产生刺激模式,1
技术方法,用刺激模式刺激对象的脑,1
技术方法,将成对的连续刺激模式递送到两个脑部位,1
技术方法,刺激大脑,1
技术方法,递送成对的连续刺激模式到两个脑位点,1
技术方法,通过形成有一个或多个孔的界面感测大脑状态,1
技术方法,可植入患者颅骨中的装置提供界面,1
技术方法,识别颅骨/脑界面位置,1
技术方法,使用附件,1
技术方法,在颅骨中形成孔,1
技术方法,植入通道装置,1
技术方法,引导和聚焦信号,1
技术方法,引导和聚焦,1
技术方法,在颅骨中设置孔,1
技术方法,植入颅骨中的通道装置,1
技术方法,促进方向和聚焦,1
技术方法,产生第二刺激,1
技术方法,将电极阵列分布在凸面或凹面上,1
技术方法,可弯曲衬底至少部分地围绕神经布置,1
技术方法,表面电极在神经外表面建立电连接,1
技术方法,神经内电极穿透神经外表面建立电连接,1
技术方法,形成穿过或部分穿过颅骨的孔口,1
技术方法,通过孔口形成接口,1
技术方法,感测大脑状态参数,1
技术方法,电信号的离子传导,1
技术方法,通过孔口形成接口感测,1
技术方法,根据规定的治疗方案联合工作,1
技术方法,利用ac和/或dc激励,1
技术方法,输出本征频率序列和布尔信号到刺激器,1
技术方法,反馈环路,1
技术方法,确定误差信号,1
技术方法,调整神经模型,1
技术方法,触发神经调节,1
技术方法,自适应地施加神经刺激信号,1
技术方法,药物释放,1
技术方法,感觉输入,1
技术方法,外部设备可编程,1
技术方法,基于刺激数据确定电场梯度的优选位置和取向,1
技术方法,计算指定的电流分布,1
技术方法,化学输送,1
技术方法,化学采样,1
技术方法,基因物质输送,1
技术方法,单输入单输出模型(siso),1
技术方法,多输入单输出模型(miso),1
技术方法,形成开口,1
技术方法,脑机接口的开口形成,1
技术方法,通过线圈从外部系统发送和接收数据或信号,1
技术方法,螺纹连接,1
技术方法,凹槽连接,1
技术方法,传感能力优化治疗,1
技术方法,将柔性电极连接到圆柱形传感器设备,1
技术方法,外部佩戴设备通过无线或系绳与基站计算机通信,1
技术方法,传感能力优化治疗方案,1
技术方法,使用反馈,1
技术方法,完成反馈回路,1
技术方法,自适应地补偿反馈回路,1
技术方法,光和电联合神经刺激,1
技术方法,产生光刺激信号,1
技术方法,产生电刺激信号,1
技术方法,递送光刺激信号到神经细胞,1
技术方法,递送电刺激信号到神经细胞,1
技术方法,重复或周期性阻断外周神经结构中的传导,1
技术方法,基于受试者的整体活动水平或身体一部分的使用/活动确定阻断刺激的递送时机,1
技术方法,识别定位颅骨/脑界面,1
技术方法,在颅骨外部制作凹槽,1
技术方法,钻毛刺孔,1
技术方法,放置螺旋线圈,1
技术方法,填充粘合剂材料,1
技术方法,放置盖子,1
技术方法,热转印,1
技术方法,识别定位,1
技术方法,热转移,1
技术方法,识别定位颅骨/脑接口,1
技术方法,辅料使用,1
技术方法,特征控制刺激传送,1
技术方法,闭环系统,1
技术方法,植入装置提供界面,1
技术方法,施加电刺激治疗,1
技术方法,桥接电极阵列与神经接口相应电子设备之间细间距连接,1
技术方法,电连接第一焊盘和第二焊盘,1
技术方法,单独可寻址电极的三维布置,1
技术方法,引导刺激电流通过相邻神经组织的宽范围路径,1
技术方法,显微制造,1
技术方法,将细胞附着到支持基质上,1
技术方法,将具有附着的细胞的支持基质植入到脑中,1
技术方法,同时激活电极位点的基团,1
技术方法,产生激活模式,1
技术方法,将电刺激信号经不同刺激点交替输出,1
技术方法,通过选择刺激信号和刺激单元中超微刺激点的连接方式来调控皮层刺激模式,1
技术方法,将刺激信号通过选定的超微电极耦合到视皮层神经组织,1
技术方法,将刺激场导向所选神经目标,1
技术方法,调整治疗的某些方面,1
技术方法,获得突发刺激分量,1
技术方法,识别噪声结构(ns)和ns滤波参数,1
技术方法,确定同步重置(sr)参数,1
技术方法,建立复合刺激波形结构(sws),1
技术方法,应用电刺激,1
技术方法,独立控制电极作为阳极、阴极、公共电极或浮置电极,1
技术方法,密封罩壳容纳电路,1
技术方法,经皮附接装置连接,1
技术方法,层叠结构,1
技术方法,导线布置于第一层内并固定到电极触点,1
技术方法,基于神经调节程序序列向患者提供神经调节,1
技术方法,存储第二神经调节程序同时根据第一神经调节程序提供神经调节,1
技术方法,将刺激参数更新写入参数存储器,1
技术方法,使用参数存储器的值确定下一个刺激脉冲,1
技术方法,可编程控制器选择电极,1
技术方法,接收来自主电缆的电力和来自数据导体的数据,1
技术方法,传输电信号,1
技术方法,随时间减少无感觉异常神经刺激的剂量,1
技术方法,发射电磁脉冲,1
技术方法,"根据刺激参数,如脉冲频率或脉冲串重复频率或其它参数",1
技术方法,刺激参数可以预先存储的个体病人定制,1
技术方法,识别自动搜索例程期间的病人反馈监测,1
技术方法,用户接口提供给允许操作者方便地选择合适的参数,1
技术方法,使用刺激或波形的复合模式,1
技术方法,周期性叠加,1
技术方法,顺序组合刺激,1
技术方法,识别患者颅骨内的目标神经结构,1
技术方法,将电极装置植入患者颅骨内,1
技术方法,使轴线偏离目标神经结构,1
技术方法,向至少一个电触点施加电信号,1
技术方法,定义认知-情绪简档,1
技术方法,映射认知-情绪简档,1
技术方法,选择性控制经颅磁刺激,1
技术方法,提供双向反馈特征,1
技术方法,随机脉冲可变性,1
技术方法,确定性脉冲可变性,1
技术方法,设定参数值,1
技术方法,比较治疗图,1
技术方法,迭代调整刺激参数,1
技术方法,预编程模式,1
技术方法,配置信号发送,1
技术方法,神经介入方式从人体外微创进入体内,1
技术方法,脑机接口到达大脑内目标区域进行精准的神经功能区域定位,1
技术方法,在该精准定位区域实施治疗,1
技术方法,以不同刺激参数进行刺激,1
技术方法,通过位于颅外的神经定位系统控制或调整脑机接口的刺激参数,1
技术方法,向可激发组织施加电脉冲,1
技术方法,神经调节刺激,1
技术方法,单侧或双侧刺激,1
技术方法,电刺激波形传送,1
技术方法,施加到脑扣带回的响应刺激,1
技术方法,连续改变刺激参数,1
技术方法,粗纱化参数值,1
技术方法,根据内源性节律设计算法,1
技术方法,产生期望的矢量场,1
技术方法,粗纱化部分信号以产生粗纱矢量场,1
技术方法,植入颅骨上方和皮肤下方,1
技术方法,传输患者数据,1
技术方法,接收模型,1
技术方法,接收适配信息,1
技术方法,使用训练数据选择刺激参数,1
技术方法,刺激或阻断皮层操作,1
技术方法,反馈控制变量,1
技术方法,定位可植入电极阵列,1
技术方法,采用柔性材料制成,1
技术方法,植入组件包括辅助植入部、微电极部、宏电极部和引线部,1
技术方法,宏电极位点记录局部场电位信息,1
技术方法,微电极位点记录单细胞动作电位信息,1
技术方法,宏电极位点记录,1
技术方法,微电极位点记录,1
技术方法,基于加速度计信号预测神经特征,1
技术方法,反馈控制变量调整刺激,1
技术方法,适应所述治疗连续地对该患者的临床状态,1
技术方法,使用颅骨中的孔,1
技术方法,使用可植入颅骨中的通道装置,1
技术方法,利用放置在电极之间的神经导体提供电流通过的路径,1
技术方法,刺穿神经外周并插入神经,1
技术方法,双向无线射频通信,1
技术方法,体内外线圈耦合进行数据和能量的经皮无线传输,1
技术方法,柔性电路板工艺,1
技术方法,聚酰亚胺绝缘封装,1
技术方法,微加工方法,1
技术方法,通过串行电缆连接到皮下继电器,1
技术方法,无线或通过系绳与基站计算机通信,1
技术方法,产生突发和紧张刺激的组合,1
技术方法,改变预定位点的神经元活动,1
技术方法,将相位同步计算与状况关联,1
技术方法,高值电容器存储电荷,1
技术方法,磁体操作,1
技术方法,可编程植入脉冲发生器,1
技术方法,可再充电电池,1
技术方法,遥测装置联网,1
技术方法,支撑电极片接触血管壁,1
技术方法,皮质刺激,1
技术方法,确定患者大脑皮层上与患病身体部位的运动障碍相关的部位,1
技术方法,将神经刺激直接施加到所述部位,1
技术方法,提供刺激的方法,1
技术方法,设置一个或多个刺激参数,1
技术方法,通过第一无线连接发送神经活动信号记录,1
技术方法,通过第二无线连接接收神经活动信号记录,1
技术方法,外科植入电极和/或导管,1
技术方法,多段式神经刺激,1
技术方法,序列刺激中的重复图案,1
技术方法,连续周期方式,1
技术方法,选择目标治疗递送部位,1
技术方法,电信号驱动刺激元件,1
技术方法,非周期性刺激,1
技术方法,亚阈值刺激,1
技术方法,可编程脉冲发生器,1
技术方法,外部刺激器提供刺激/阻断脉冲,1
技术方法,电源选择电路切换,1
技术方法,选择调制位点,1
技术方法,评估候选位置,1
技术方法,导出连接规则并调整治疗,1
技术方法,选择以所选方式调制网络的位点,1
技术方法,评估脑区域内的候选位置,1
技术方法,导出连接规则,1
技术方法,选择至少一个神经过程,1
技术方法,将电刺激施加到与神经过程相关联的患者的脑的位置,1
技术方法,开环或闭环方式实现,1
技术方法,产生个性化加速theta突发刺激目标,1
技术方法,放置tms装置,1
技术方法,施加tms,1
技术方法,提供电信号发生器,1
技术方法,将至少第一电极耦合到患者的脑神经和电信号发生器,1
技术方法,用电信号发生器产生电信号,1
技术方法,输送能量,1
技术方法,感应电流和/或电场,1
技术方法,刺激神经纤维,1
技术方法,靶向神经刺激,1
技术方法,施加药物刺激,1
技术方法,施加靠近半球间裂、西尔维亚裂或在两个裂之间的电刺激,1
技术方法,从由患者顺序执行的多个过程中选择至少一个神经过程,1
技术方法,将电刺激施加到与所述至少一个神经过程相关联的患者的脑的位置,1
技术方法,脑刺激,1
技术方法,传感能力用于优化治疗方案,1
技术方法,植入颅内深度电极,1
技术方法,刺激电极,1
技术方法,位点特异性刺激,1
技术方法,在信息处理的特定阶段进行刺激,1
技术方法,反馈控制变量调节,1
技术方法,确定刺激参数的反馈,1
技术方法,连续地适应患者的临床状态,1
技术方法,表征来自由刺激信号涉及的组织的脑活动的信号,1
技术方法,自动滴定神经刺激治疗,1
技术方法,独立调节两相波形中的至少一个相位的至少一个刺激参数,1
技术方法,控制刺激组件和感测组件对电源的使用,1
技术方法,控制未来刺激的刺激参数值,1
技术方法,利用反馈变量控制刺激参数,1
技术方法,接通相邻电极同时关断电极,1
技术方法,旋转电极移位,1
技术方法,平移电极移位,1
技术方法,阳极电流同时从第一电极和第二电极中的一个提供给组织,1
技术方法,阴极电流从组织下沉到第一电极和第二电极中的另一个,1
技术方法,穿植部分穿透神经膜内植入神经束中,1
技术方法,包裹部分卷曲包裹固定在神经外膜上,1
技术方法,定位电极,1
技术方法,评估配合,1
技术方法,聚合物层隔开,1
技术方法,聚合物顶层覆盖,1
技术方法,同时的微电极记录,1
技术方法,根据一组刺激参数传递电刺激,1
技术方法,识别由电刺激募集的一种或多种纤维类型的募集水平,1
技术方法,完善刺激参数,1
技术方法,用激光或机械方法切割出单独的植入式组装部件层,1
技术方法,将各植入式组装部件层叠合在一起,1
技术方法,将各植入式组装部件层熔融,1
技术方法,聚结形成神经刺激线路,1
技术方法,将电极部位置于第一绝缘层和第二绝缘层中的至少一个的外表面上,1
技术方法,通过绝缘层中的通孔实现电极部位与导线的电耦合,1
技术方法,在载体侧壁中提供至少一个可变形段,1
技术方法,采用薄化侧壁段或开缝壁段的形式,1
技术方法,具有标记的可植入医用导线,1
技术方法,具有可移动延伸部的可植入医用引线,1
技术方法,响应于测量和其它观察到的状况调节脑血流,1
技术方法,检测运动障碍的症状发作的特征性生理病症,1
技术方法,选择性地启动治疗,1
技术方法,响应于测量和其它观察到的条件来调节脑血流,1
技术方法,响应于测量和其它观察到的状况,1
技术方法,响应性治疗,1
技术方法,响应刺激,1
技术方法,无线通信模块传输数据,1
技术方法,使用超声波进行通信,1
技术方法,分析系统数据,1
技术方法,确定频率范围,1
技术方法,选择治疗频率,1
技术方法,神经剂量确定,1
技术方法,刺激程序确定算法,1
技术方法,模型预定能量值,1
技术方法,刺激参数确定,1
技术方法,协同刺激,1
技术方法,脑深部场电位感知单元,1
技术方法,诱发电位感知单元,1
技术方法,感测指示患者身体状态的信号,1
技术方法,根据患者的物理状态选择刺激参数,1
技术方法,存储刺激参数值,1
技术方法,基于传感器测量计算推断设备状态,1
技术方法,根据过去时间和一天的时间变化,1
技术方法,协同干预,1
技术方法,脑深部场电位感知,1
技术方法,诱发电位感知,1
技术方法,向神经递送电刺激,1
技术方法,确定预定状况是否发生,1
技术方法,调节刺激参数,1
技术方法,重复递送、确定和调节直到出现预定条件,1
技术方法,构建脉冲串(pt)和串组(tg),1
技术方法,调度神经刺激程序的递送,1
技术方法,经皮表面刺激,1
技术方法,突发刺激,1
技术方法,高电流水平电荷平衡交流电信号,1
技术方法,多脉冲序列,1
技术方法,反馈信号动态调节刺激波形,1
技术方法,频率随时间呈指数变化的信号调制,1
技术方法,人工智能驱动,1
技术方法,电生理神经信号的电信号和光信号接收与传输,1
技术方法,电生理刺激,1
技术方法,评估刺激方案,1
技术方法,定义多组刺激安装和相关联的权重,1
技术方法,使用预定义的操作以预定义的方式选择或调整刺激安装和相关联的权重,1
技术方法,布置和激活刺激矩阵缓冲器,1
技术方法,移动电流场,1
技术方法,确定第二刺激参数集,1
技术方法,接收表示电流场的偏移的用户输入,1
技术方法,响应于用户输入移动电流场,1
技术方法,确定导致移动的电流场的第二刺激参数集,1
技术方法,输出第二刺激参数集,1
技术方法,设置刺激设备,1
技术方法,识别电极配置和引线的参数值的搜索空间,1
技术方法,基于临床响应指示符确定基本刺激设置,1
技术方法,远程控制的治疗滴定装置修改基础刺激设置,1
技术方法,自适应调整刺激脉冲参数,1
技术方法,重复经颅磁刺激,1
技术方法,脉冲电迷走神经刺激,1
技术方法,远程询问和编程,1
技术方法,感应电压产生脑刺激电流,1
技术方法,递送到刺激元件,1
技术方法,植入药物疗法药物泵,1
技术方法,电磁刺激,1
技术方法,固体磁体刺激,1
技术方法,基于全局优化的时间预测框架,1
技术方法,根据响应参数和选择准则选择神经刺激治疗模式,1
技术方法,从刺激测试模式中选择刺激波形,1
技术方法,使用所接收的esg信号为每个测试模式确定响应参数,1
技术方法,从脊髓接收记录电活动的电刺图(esg)信号,1
技术方法,多通道刺激控制,1
技术方法,电神经刺激(ens),1
技术方法,磁神经刺激(mns),1
技术方法,选择性适配磁场参数,1
技术方法,接收关于在脊髓的侧部附近放置至少一个导线的信息,1
技术方法,识别一个或多个侧脊柱神经目标,1
技术方法,接收用户选择的可选择刺激模式,1
技术方法,根据用户选择施加电刺激能量,1
技术方法,基于神经活动信号记录设置刺激参数,1
技术方法,磁场刺激大脑,1
技术方法,感应电场刺激,1
技术方法,超声冲击神经回路,1
技术方法,成形或导向超声,1
技术方法,患者反馈控制,1
技术方法,使用磁场刺激大脑,1
技术方法,使用感应电场,1
技术方法,电刺激脑神经,1
技术方法,施加预定治疗电信号,1
技术方法,选择性施加电信号到神经预定位置,1
技术方法,电可塑性信息刺激传递,1
技术方法,递送刺激到神经网络,1
技术方法,响应治疗,1
技术方法,计划治疗,1
技术方法,根据传感器测量、计算、推断和设备状态变化,1
技术方法,无线神经调制反馈控制,1
技术方法,rf发射器单元辐射能量,1
技术方法,植入的神经调制电路将能量转换成电波形,1
技术方法,将电极阵列置于心室系统或脑静脉窦内,1
技术方法,表面处理扩大有效刺激表面,1
技术方法,钎焊、粘接、焊接或其它连接技术连接导体,1
技术方法,固定结构固定电极体,1
技术方法,载体材料包围电极体,1
技术方法,切口固定电极体于载体材料,1
技术方法,光刺激和电记录集成,1
技术方法,柔性包裹设计,1
技术方法,加入pedot/pss/mwcnt神经电极修饰材料,1
技术方法,刺激组件,1
技术方法,采集组件,1
技术方法,机器学习计算模型分类,1
技术方法,提取用户特定特征,1
技术方法,存储个性化学习数据,1
技术方法,比较学习数据以分类认知状态,1
技术方法,从检测到的脑电波中提取特征,1
技术方法,可拉伸覆盖体安装固定座,1
技术方法,中空腔室容纳导电介质,1
技术方法,导电迹线连接电极感测单元与插头端,1
技术方法,电极感测单元通过导电介质采集信号,1
技术方法,导电迹线传输信号,1
技术方法,指示输出,1
技术方法,感测特定操作,1
技术方法,提供补偿,1
技术方法,根据预定算法控制,1
技术方法,输送电治疗能量,1
技术方法,输送电刺激能量,1
技术方法,识别神经支周向位置,1
技术方法,递送治疗能量,1
技术方法,定义兼容单元库并选择单元连接至电总线,1
技术方法,检测和分类神经活动模式,1
技术方法,自动调整深部脑刺激器设置,1
技术方法,输送电刺激,1
技术方法,机器学习计算模型检测和分类神经活动模式,1
技术方法,确定高清经颅电刺激,1
技术方法,调整神经刺激,1
技术方法,动作捕捉,1
技术方法,生成电刺激指令,1
技术方法,植入颅骨中的数据收发单元,1
技术方法,植入硬脑膜层下方的感测和/或刺激单元,1
技术方法,下行链路传输电力和数据,1
技术方法,模数转换模块转换数字采样信号,1
技术方法,根据感测到的复合动作电位确定位置,1
技术方法,模数转换模块转换,1
技术方法,建立与上位机之间的通信连接,1
技术方法,获取刺激电流参数和信号采集参数,1
技术方法,生成双极性刺激电流,1
技术方法,进行脑电波刺激处理,1
技术方法,分片处理,1
技术方法,循环神经网络(rnn)处理分箱,1
技术方法,音素解码器生成语音,1
技术方法,皮层映射,1
技术方法,使用加权有限状态换能器的语言模型,1
技术方法,皮层标测,1
技术方法,确定置信度水平,1
技术方法,电生理映射,1
技术方法,下行链路传输,1
技术方法,上行链路传输,1
技术方法,选择受试者练习工作记忆任务,1
技术方法,分类器聚合样本,1
技术方法,监督学习训练,1
技术方法,自适应重新训练,1
技术方法,下行链路传输电力与数据,1
技术方法,在屏幕指定区域随机呈现若干长度的字符串,1
技术方法,记录反应时间和答案正误,1
技术方法,使用tdcs阳极电极刺激一侧背外侧前额叶皮层,1
技术方法,tdcs阴极电极放置于另一侧,1
技术方法,临时定位探头电极,1
技术方法,监测脑电信号和肌电信号,1
技术方法,康复训练分析,1
技术方法,迭代康复训练,1
技术方法,监测脑电信号,1
技术方法,监测肌电信号,1
技术方法,传输能量,1
技术方法,定义刺激参数,1
技术方法,动作意图想象,1
技术方法,破坏神经功能,1
技术方法,动态调整电针刺激参数,1
技术方法,皮层和深部神经电刺激,1
技术方法,提取一阶隐藏特征,1
技术方法,计算脑功能区内部连通性强弱的相关性分数,1
技术方法,融合剩余脑功能区得到全局脑功能区特征图,1
技术方法,注意力机制自更新后进行分类,1
技术方法,调整每个电极对经颅电刺激的贡献程度,1
技术方法,更新电极对应的目标电刺激参数,1
技术方法,控制电极进行经颅电刺激,1
技术方法,基于多个电极所采集的脑电信号调整贡献程度,1
技术方法,阈值设置,1
技术方法,时间数字转换,1
技术方法,基于第一神经刺激参数、第二神经刺激参数和预设刺激信号参数生成并输出自适应的一种或多种刺激类别的神经刺激信号,1
技术方法,构建脑电意图判别模型动态识别运动意图类别,1
技术方法,"根据意图信号和置信度以及当前肌电状态,采用神经肌肉电刺激参数优化模型",1
技术方法,确定摇晃刺激参数,1
技术方法,带动摇床摇晃,1
技术方法,自适应动态调整刺激参数,1
技术方法,语言编码与刺激映射,1
技术方法,非侵入式神经刺激,1
技术方法,脑电信号采集模块,1
技术方法,电信号通过听觉神经传入中枢神经及周边系统,1
技术方法,深脑电信号刺激与浅脑电脉冲刺激的同步跟随,1
技术方法,异步参数可调的物理声电刺激干预,1
技术方法,电信号通过听觉神经传入中枢神经及周边系统形成深脑电信号刺激,1
技术方法,构建样本集,1
技术方法,输入多种机器学习模型同时进行训练,1
技术方法,选择大脑活动分类准确率最高的模型,1
技术方法,输出大脑活动的类别,1
技术方法,开启电刺激,1
技术方法,持续检测,1
技术方法,关闭电刺激,1
技术方法,控制脑深部电刺激器开启或关闭,1
技术方法,脑影像数据融合,1
技术方法,颅内电极脑影像数据三维重构,1
技术方法,输出可选择引线图标,1
技术方法,自适应动态调节刺激参数,1
技术方法,产生功能电刺激开关控制信号,1
技术方法,产生功能电刺激驱动信号,1
技术方法,"设置视频组,包含多个帧率不同、时长相同的视频",1
技术方法,"将脑电信号输入预先训练好的脑电匹配模型,获取用户注视的视频的帧率",1
技术方法,将脑电信号输入预先训练好的脑电匹配模型,1
技术方法,功能电刺激驱动信号产生,1
技术方法,使用预先记录的神经刺激数据递送经颅刺激,1
技术方法,产生同期神经刺激数据,1
技术方法,设置视频组,1
技术方法,获取注视视频帧率,1
技术方法,数模转换,1
技术方法,输出多个可选引线图标,1
技术方法,接收用户输入选择引线图标,1
技术方法,植入介入式脑电采集和电刺激装置,1
技术方法,信号连接,1
技术方法,设置电刺激参数,1
技术方法,释放电刺激信号,1
技术方法,以第一电位偏压第一多个电极并以第二电位偏压第二多个电极以产生电场,1
技术方法,人工修正,1
技术方法,有限元三角面片化处理,1
技术方法,计算电场分布矩阵,1
技术方法,计算优化策略,1
技术方法,生成功能性电刺激的前馈指令,1
技术方法,计算轨迹误差以生成反馈校正指令,1
技术方法,预测协调肌电模式和协调运动轨迹,1
技术方法,预测协调肌电模式,1
技术方法,预测协调运动轨迹,1
技术方法,采用突发模式,1
技术方法,"采用突发模式,突发间频率对应于固有脑波频率",1
技术方法,螺纹穿过导电空心颅骨螺钉,1
技术方法,容纳在绝缘导管中,1
技术方法,"识别一个位置,其中这种神经重构受损的存在",1
技术方法,位于刺激诱导神经重构受损部位可以预期发生,1
技术方法,诱导对脑的预定区域的刺激,1
技术方法,评估预定脑区域中的神经结构的神经可塑性,1
技术方法,刺激预定脑区域以治疗认知障碍状况,1
技术方法,使用可拉伸聚合物作为基板,1
技术方法,金属涂覆导线,1
技术方法,皮内通信,1
技术方法,递送神经调制信号,1
技术方法,从先前递送的神经调制信号的神经响应中导出治疗参数,1
技术方法,颅内神经元电刺激,1
技术方法,个体化刺激应用,1
技术方法,神经调节生物标志物利用,1
技术方法,神经响应感测,1
技术方法,通过第一开口提供电极向脊髓施加电刺激的路径,1
技术方法,通过第二开口提供迹线接收电刺激的路径,1
技术方法,迹线将电刺激传导到电极,1
技术方法,编程ipg以递送第一脉冲串到第一电极,1
技术方法,递送第二脉冲串到第二电极,1
技术方法,交错第一脉冲列和第二脉冲列,1
技术方法,电极装置放置,1
技术方法,信号发生器提供电刺激信号,1
技术方法,控制电路确定刺激电场轮廓,1
技术方法,选择性分配有效电极,1
技术方法,操作有效电极产生刺激电场,1
技术方法,扩展单元将可植入脉冲发生器耦合到可植入电极阵列,1
技术方法,将输出源电连接到电极的一部分,1
技术方法,骨内方式定位,1
技术方法,皮下缆线连接,1
技术方法,电刺激大脑区域,1
技术方法,产生多组尖峰脉冲,1
技术方法,设置最大尖峰间间隔,1
技术方法,设置组间间隔,1
技术方法,调节神经控制系统,1
技术方法,感测神经反应,1
技术方法,改变刺激参数,1
技术方法,使用感测到的数据匹配、调整或避免刺激治疗,1
技术方法,"用部分信号刺激,部分信号相加以产生治疗向量场",1
技术方法,通过串行电缆连接,1
技术方法,系绳通信,1
技术方法,聚焦通过颅骨/脑界面的刺激源,1
技术方法,识别在何处定位颅骨/脑接口,1
技术方法,控制通过接口递送的刺激的特征,1
技术方法,基于比较结果控制是否施加电刺激,1
技术方法,配对训练,1
技术方法,微加工,1
技术方法,多输入单输出模型,1
技术方法,多输入多输出模型,1
技术方法,脉冲定时和幅度的变化,1
技术方法,折叠成轴向构型,1
技术方法,通过窄圆柱形通道展开,1
技术方法,复位病理刺激的相,1
技术方法,施加时间延迟,1
技术方法,颅孔环通过螺钉与颅骨相固定,1
技术方法,颅孔电极锁夹紧脑部电极,1
技术方法,颅孔盖封闭颅孔电极锁,1
技术方法,将信号模式应用于患者的大脑,1
技术方法,改变至少一种刺激参数,1
技术方法,施加电刺激电流至电极,1
技术方法,将刺激源聚焦通过颅骨中的孔隙,1
技术方法,将刺激源聚焦通过颅骨中天然存在的开窗,1
技术方法,将刺激源聚焦通过经颅通道,1
技术方法,识别颅骨/脑接口定位,1
技术方法,植入神经刺激器,1
技术方法,产生输入信号,1
技术方法,电辐射耦合传输,1
技术方法,转换电脉冲,1
技术方法,递送具有不同ipi、刺激几何形状和其他波形设置的用户配置的波形,1
技术方法,自动优化刺激参数,1
技术方法,支撑梳使导线互连到微电极膜,1
技术方法,单独控制的双重作用微电极,1
技术方法,双作用电极感测,1
技术方法,反馈环路自适应补偿,1
技术方法,支撑梳对准布线保持,1
技术方法,分类标准,1
技术方法,改变一个或多个刺激参数值,1
技术方法,迭代执行,1
技术方法,基于识别的生物电共振响应设置刺激频率参数,1
技术方法,去除植入物部位上方的患者毛发,1
技术方法,切割头皮并将其拉回以暴露颅骨,1
技术方法,移除一部分颅骨以接受控制模块,1
技术方法,将控制模块放置在该孔中,1
技术方法,使用一个或多个连接装置固定控制模块,1
技术方法,集成控制电路,1
技术方法,周期性调节神经活动,1
技术方法,通过刺激源递送刺激,1
技术方法,电耦合到公共导体,1
技术方法,密封集成电路控制,1
技术方法,评估诱发-记录参数集,1
技术方法,特征生成器,1
技术方法,递送与训练方案协调的刺激治疗,1
技术方法,经由电极引导非侵入性刺激脉冲,1
技术方法,确定患者脑上植入神经刺激器的位置,1
技术方法,外科植入神经刺激器,1
技术方法,将刺激方案应用于脑,1
技术方法,可植入脉冲发生器植入颅骨,1
技术方法,电极与脉冲发生器远端部分关联,1
技术方法,调节装置调节偏压,1
技术方法,网络式神经刺激器联合工作,1
技术方法,多种治疗方式优化,1
技术方法,非侵入性脑深部或浅部神经调节的引导反馈控制,1
技术方法,模式神经调节,1
技术方法,辅助刺激,1
技术方法,治疗计划,1
技术方法,聚焦超声或导向超声,1
技术方法,无创性超声—神经调节技术控制血脑屏障通透性,1
技术方法,分阶段递送的超声,1
技术方法,电极线插入/收回,1
技术方法,植入硬膜外腔,1
技术方法,电极阵列独立选择,1
技术方法,电极线插入/缩回,1
技术方法,套管轴向移动,1
技术方法,微创插入记录阵列,1
技术方法,外科植入覆盖电可激发组织的保护性结缔组织的鞘下面,1
技术方法,电刺激那些组织,1
技术方法,转发刺激命令到脉冲发生器,1
技术方法,将刺激装置定位在患者身上,1
技术方法,响应性脑刺激,1
技术方法,选择性供电,1
技术方法,接收假设,1
技术方法,确定坐标,1
技术方法,选择电极,1
技术方法,显示可视化,1
技术方法,测量电路获得测量结果,1
技术方法,修改计算神经建模系统,1
技术方法,计算患者对多个不同时间刺激模式中每一个的相应神经反应,1
技术方法,选择多个时间刺激模式中的一个,1
技术方法,编程植入式刺激系统,1
技术方法,闭合连接器壳体实现电接触,1
技术方法,连接多个电引线,1
技术方法,确定目标神经刺激干预的定时,1
技术方法,触发神经刺激的给药,1
技术方法,测量第一响应,1
技术方法,测量第二响应,1
技术方法,确定建设性共振状态和/或破坏性共振状态,1
技术方法,施加电刺激信号,1
技术方法,刺激脉冲串耦合,1
技术方法,选通和关断,1
技术方法,调幅,1
技术方法,将顶柱插入嵌入槽使顶板与底板接合,1
技术方法,电极部件设置在嵌入槽中,1
技术方法,根据电场发生部件传输的交流信号产生交变电场,1
技术方法,电磁能量施加刺激,1
技术方法,分布式电刺激,1
技术方法,闭环反馈,1
技术方法,卷成三维形状,1
技术方法,图案化导电迹线,1
技术方法,电极周向围绕载体并轴向布置在三角形晶格中,1
技术方法,施加神经刺激到神经通路,1
技术方法,径向压缩状态与膨胀状态,1
技术方法,周向和/或轴向间隔布置,1
技术方法,弹性支撑结构缓冲多方向的变形力,1
技术方法,电荷平衡的交流电信号,1
技术方法,多个脉冲序列,1
技术方法,反馈信号动态调整刺激波形,1
技术方法,硬膜外施加的电体感刺激,1
技术方法,施加到中枢神经系统的电刺激,1
技术方法,非响应性电刺激,1
技术方法,刺激电流包络限定特定频率和持续时间的一个或多个系列脉冲,1
技术方法,注射器注射式植入,1
技术方法,柔性元件接触皮层表面,1
技术方法,集成电路发射/接收信号,1
技术方法,以随机可变的脉冲间隔用tms装置进行经颅磁刺激,1
技术方法,对脑施加电刺激,1
技术方法,控制电极单元阻抗,1
技术方法,刺激身体部位,1
技术方法,获得关于个人姿势的信息,1
技术方法,基于生理模型选择刺激电极,1
技术方法,生成生理模型,1
技术方法,治疗场模型表示治疗区域,1
技术方法,产生响应,1
技术方法,多通道记录eeg,1
技术方法,手动地或自动地导出信号,1
技术方法,触发刺激发生器的激活,1
技术方法,施加治疗性电刺激,1
技术方法,插入大脑的针状基座,1
技术方法,"第一组合刺激,根据预定的第一频率重复地接通/断开信号,根据第一频率的接通信号作为根据预定的第二频率的刺激被施加",1
技术方法,感测部分测量大脑对刺激的响应,1
技术方法,测量刺激伪影,1
技术方法,即用即插方式安装,1
技术方法,螺钉紧固,1
技术方法,通信,1
技术方法,控制,1
技术方法,产生频率控制信号,1
技术方法,递送自主神经刺激(ans)治疗,1
技术方法,量化关系并分析签名,1
技术方法,将第一刺激信号递送到第一迷走神经,1
技术方法,将第二刺激信号递送到第二迷走神经,1
技术方法,将电能递送到第一引线,1
技术方法,将电能递送到第二引线,1
技术方法,密封电子设备封装,1
技术方法,柔性电路电极阵列,1
技术方法,梯形电极阵列场,1
技术方法,采用可生物再吸收粘合剂层偏压电极阵列成第一构型,1
技术方法,外部层形成为优先采用第二构型,1
技术方法,插入后粘合剂层被吸收使阵列弯曲,1
技术方法,声刺激和电刺激的耦合,1
技术方法,信号耦合模块算法,1
技术方法,参数调整,1
技术方法,基于患者反馈调整参数,1
技术方法,同步输出耦合的声信号和电脉冲,1
技术方法,丝涂覆,1
技术方法,表面处理,1
技术方法,钎焊,1
技术方法,粘接,1
技术方法,其他连接技术,1
技术方法,可植入到截断的周围神经或神经残端,1
技术方法,具有孔隙并且可拉伸,1
技术方法,启动流经电极的电流,1
技术方法,增加电极两端电压,1
技术方法,防止电压增加超过预定极限,1
技术方法,保持电压在预定范围内,1
技术方法,继续增加电流幅值,1
技术方法,高频、高强度经皮神经电刺激,1
技术方法,多个刺激频率参数,1
技术方法,多个刺激强度水平,1
技术方法,递增减小频率参数,1
技术方法,增大频率参数和强度参数,1
技术方法,使用个体患者的数据识别最佳治疗目标,1
技术方法,识别刺激强度、频率或波形,1
技术方法,用形状记忆合金材料制造支撑杆,1
技术方法,退火处理,1
技术方法,激光切割,1
技术方法,机械切割,1
技术方法,堆叠,1
技术方法,熔化,1
技术方法,conglomerated,1
技术方法,定向刺激仿真方法,1
技术方法,组装神经刺激系统的方法,1
技术方法,在体内植入可植入系统的方法,1
技术方法,定向刺激方法,1
技术方法,刺激域调控,1
技术方法,采用中间生物可再吸收粘合剂层粘附外层,1
技术方法,选择粘合剂层构造以偏压阵列,1
技术方法,通过超声信号充电,1
技术方法,组装神经刺激系统,1
技术方法,植入可植入系统,1
技术方法,使用tacs的缓冲模式,1
技术方法,使用tdcs的主模式,1
技术方法,控制向受试者递送电刺激,1
技术方法,传输更新的刺激指令,1
技术方法,基于活动量度确定更新的刺激参数值,1
技术方法,递送第一刺激信号,1
技术方法,递送第二刺激信号,1
技术方法,提供双侧刺激,1
技术方法,沉积绝缘和导电聚合物的图案化层,1
技术方法,形成多层电路,1
技术方法,堆叠垫片,1
技术方法,延伸第一部件,1
技术方法,连接器连接,1
技术方法,嵌入可溶于水性溶剂的基质中,1
技术方法,基质包括两个或多个溶解速率不同的部分,1
技术方法,动态电流分配,1
技术方法,组装阵列,1
技术方法,直接插入组织,1
技术方法,电刺激确定植入位置,1
技术方法,针路径标记,1
技术方法,沿标记路径插入,1
技术方法,螺旋构造的柔性电绝缘载体,1
技术方法,柔性带状电极固定到螺旋构造载体的至少一部分的下侧,1
技术方法,柔性导电间隔件电连接到带状电极和细长导体,1
技术方法,导体的远端在基本上平行于螺旋构造的纵向轴线的方向上直接且切向地从间隔件的弯曲部分突出,1
技术方法,将尖端引线组件直接插入组织中,1
技术方法,尖端部件与刺激引线分离并从组织移除,1
技术方法,确认刺激引线位于正确的组织位置,1
技术方法,尖端部件从身体移除,1
技术方法,分布可植入神经刺激,1
技术方法,共享的总线互连,1
技术方法,电极细胞获得电动力和命令信号,1
技术方法,控制操作每个电极,1
技术方法,经血管神经刺激,1
技术方法,刺激一个或多个神经,1
技术方法,施加一个或多个电脉冲,1
技术方法,配置刺激序列,1
技术方法,使用电极阵列,1
技术方法,相对定时,1
技术方法,在基层上形成互连件,1
技术方法,在基层上形成锚定结构,1
技术方法,在互连结构和锚定结构上沉积绝缘材料层,1
技术方法,暴露互连结构的一部分,1
技术方法,在绝缘层上形成电极层,1
技术方法,电极阵列选择,1
技术方法,刺激脉冲特性产生,1
技术方法,刺激皮肤中的机械感受器,1
技术方法,使用插入器桥接电极阵列与电子器件,1
技术方法,通过环氧树脂电连接第一焊盘和第二焊盘,1
技术方法,整流由外部电磁场感应的交流电压,1
技术方法,存储来自整流电压的能量,1
技术方法,发射电场,1
技术方法,在绝缘介质上设置往背离绝缘介质延伸方向倾斜的凸起,1
技术方法,选择微电极形状使其在远离另一微电极处尺寸至少与靠近处一样大,1
技术方法,通过行和列选择线、开关和多路复用器仅向选定的微电极对传递电流,1
技术方法,选择微电极形状使其在远离另一微电极的位置处的尺寸至少与靠近另一微电极的位置处的尺寸一样大,1
技术方法,使用行和列选择线、开关和多路复用器仅向选定的微电极对施加电流,1
技术方法,递送多电极阵列到肾血管,1
技术方法,在递送状态和展开状态之间转换阵列,1
技术方法,直接和/或间接施加热能和/或电能,1
技术方法,识别信息传输,1
技术方法,固定技术,1
技术方法,设置至少两个导电电极在载体的相对侧,1
技术方法,"信号源连接到载体一侧的电极之一,返回路径连接到载体另一侧的对应电极",1
技术方法,沿着路径扫描患者的身体表面,1
技术方法,选择两个区域或更多个区域,1
技术方法,以延迟的方式施加刺激,1
技术方法,记录受刺激神经元的神经活动的测量信号,1
技术方法,沿路径扫描患者体表的至少一部分,1
技术方法,选择两个或多个区域,1
技术方法,以延迟方式施加刺激,1
技术方法,记录受刺激神经元神经活动的测量信号,1
技术方法,获得测量值,1
技术方法,血管方法,1
技术方法,部署纳米电极,1
技术方法,随血流携带感测端,1
技术方法,将柔性深部脑电极附着于柔性光纤的表面,1
技术方法,以激光器作为光源,1
技术方法,采用蚕丝蛋白作为柔性深部脑电极的衬底层、绝缘层和封装层的主要材料,1
技术方法,结合柔性光纤材料,1
技术方法,"以激光器作为光源,集光脉冲神经刺激与神经电生理信号采集功能于一体",1
技术方法,配置感受与刺激电极区域,1
技术方法,获取基线校正参数,1
技术方法,定义刺激单元集合,1
技术方法,执行闭环控制流程,1
技术方法,计算各区域电信号强度,1
技术方法,递送感觉刺激,1
技术方法,诱导癫痫样活动,1
技术方法,刺激传输,1
技术方法,音频和视觉大脑刺激的组合和/或序列,1
技术方法,学习,1
技术方法,回忆,1
技术方法,判断图像信息,1
技术方法,确定频率差,1
技术方法,学习、回忆和判断图像信息,1
技术方法,动态图重新着色,1
技术方法,量子辅助优化,1
技术方法,对偶绑带算法,1
技术方法,选择刺激臂,1
技术方法,记录反馈,1
技术方法,更新反馈奖励值,1
技术方法,迭代重复,1
技术方法,提供学习方法,1
技术方法,持续学习范式,1
技术方法,低功耗设计原则,1
技术方法,模块化框架,1
技术方法,高斯噪声添加,1
技术方法,时间扭曲,1
技术方法,幅度缩放,1
技术方法,smote过采样,1
技术方法,注意力加权融合,1
技术方法,shapley加法解释,1
技术方法,选择性标注机制,1
技术方法,向癫痫发作病灶施加电流并阻止癫痫发作进展,1
技术方法,刺激神经元胆碱能抗炎通路(ncap),1
技术方法,调节细胞因子通路,1
技术方法,脊髓刺激(scs),1
技术方法,组织或图案化为一系列微脉冲串,1
技术方法,将电脉冲组织为一系列微脉冲串,1
技术方法,同时进行磁刺激和光刺激,1
技术方法,将电脉冲组织或图案化为一系列微脉冲串,1
技术方法,根据用户指令与信号特点对刺激单元进行控制,1
技术方法,外源性电信号模拟和/或增强内源性传入活动,1
技术方法,电脉冲被组织或图案化为一系列微脉冲串,1
技术方法,推断形状,1
技术方法,检测基准形状,1
技术方法,非侵入性地照射聚焦超声,1
技术方法,根据用户指令与信号特点对第一刺激单元与第二刺激单元进行控制,1
技术方法,推断形式,1
技术方法,检测标准形式,1
技术方法,聚焦超声非侵入性照射,1
技术方法,基于脑电图信号推断形式,1
技术方法,实时定制的生成式通信,1
技术方法,运动学习,1
技术方法,运动学习与迷走神经刺激(vns)联合应用,1
技术方法,动态用户表示,1
技术方法,实时定制生成式通信,1
技术方法,脑刺激信号传输,1
技术方法,控制和监视脑刺激设备,1
技术方法,评估脑刺激装置的性能,1
技术方法,在任一目标脑区域的场电位波形满足预设触发条件的情况下发送控制信号,1
技术方法,向目标脑区域施加电刺激,1
技术方法,跨尺度同步植入大脑海马多子区及颞叶皮层的微电极,1
技术方法,反馈精准地刺激输出时刻,1
技术方法,识别记忆编码尖波涟漪波形信息,1
技术方法,刺激大脑以发育大脑,1
技术方法,混合机器学习和深度学习框架,1
技术方法,刺激模块提供编码信息,1
技术方法,情境模拟,1
技术方法,交互式内容生成,1
技术方法,评估与反馈,1
技术方法,情感识别与响应,1
技术方法,集体互动与协作学习,1
技术方法,应用记忆增强干预,1
技术方法,记忆增强干预系统应用干预,1
技术方法,人工智能(ai),1
技术方法,机器学习(ml),1
技术方法,强化学习,1
技术方法,多模型方法,1
技术方法,人工智能(ai)和机器学习(ml)算法,1
技术方法,基于脑电图(eeg)的脑机接口(bci),1
技术方法,弯曲传感器手套,1
技术方法,语音控制系统,1
技术方法,观看图像序列,1
技术方法,捕捉事件序列,1
技术方法,第一人称视角捕捉,1
技术方法,第三人称或监控位置捕捉,1
技术方法,transformer注意力机制,1
技术方法,识别睡眠周期的时机周期,1
技术方法,记录环境感觉输入,1
技术方法,同频刺激,1
技术方法,人工智能方法,1
技术方法,数字孪生模拟引擎预测生物力学响应,1
技术方法,神经可塑性反馈机制,1
技术方法,机器学习与深度强化学习的双模型协同决策,1
技术方法,遗传算法动态闭环优化,1
技术方法,心率变异性实时反馈,1
技术方法,皮肤电导实时反馈,1
技术方法,生成神经数据估计,1
技术方法,控制外部设备运动,1
技术方法,判断脑反应激活程度,1
技术方法,选择脑皮层目标区域,1
技术方法,推导脑反应信号形态或时间特征点,1
技术方法,评估记忆能力,1
技术方法,计算特征点,1
技术方法,计算记忆准确度,1
技术方法,传送声音输出,1
技术方法,传送神经刺激,1
技术方法,提示对象在心理上排练声音模式,1
技术方法,经皮神经刺激,1
技术方法,控制神经刺激的递送定时,1
技术方法,传递示例或提示,1
技术方法,运动意图解析,1
技术方法,闭环康复交互,1
技术方法,自适应调整治疗参数,1
技术方法,传递声音输出,1
技术方法,传递学习增强神经刺激,1
技术方法,提示受试者在心理上排练声音模式,1
技术方法,分析视频流、物理位置、印刷广告、商店货架、图像、广告等以识别位置,1
技术方法,分析神经响应测量值以选择位置,1
技术方法,识别用户的位置,1
技术方法,呈现位置感知刺激材料,1
技术方法,查询,1
技术方法,锯齿形、角形、梳形等形状的支撑壳体,1
技术方法,每个电极具有用于头皮放置的多个触点,1
技术方法,每个外壳可以提供用于数据分析的一个或多个聚集信号,1
技术方法,实体和关系评估和提取,1
技术方法,脑电图(eeg),1
技术方法,皮肤电流反应(gsr),1
技术方法,心电图(ekg),1
技术方法,眼电描记术(eog),1
技术方法,分布式机制,1
技术方法,数据传输,1
技术方法,最少处理,1
技术方法,广泛处理,1
技术方法,腿对称连接基部侧面,1
技术方法,电极腿弹性弯曲使导电材料接触头皮,1
技术方法,基于神经响应数据确定对广告的共鸣,1
技术方法,基于共鸣和启动水平选择位置,1
技术方法,划分兴趣区域,1
技术方法,评估视觉元素,1
技术方法,生成刺激,1
技术方法,确定被注意的符号,1
技术方法,弹性装置推动,1
技术方法,锥形通孔和细长元件连接,1
技术方法,弹性装置传送电信号,1
技术方法,电子电路放大和去耦,1
技术方法,根据对每个覆盖对象的注意力度量而变化,1
技术方法,接收输入,1
技术方法,应用训练好的模型,1
技术方法,形成斯特林导电薄膜,1
技术方法,弯曲形成凹形,1
技术方法,实现视觉生物信号,1
技术方法,确定神经信息,1
技术方法,确定当前状态,1
技术方法,同步处理脑电图数据和功能性磁共振成像数据,1
技术方法,基于分数发出神经反馈,1
技术方法,提供具有特征性调制的视觉刺激,1
技术方法,与调制相关,1
技术方法,可视化脑状态,1
技术方法,将活动结果与脑状态相关联,1
技术方法,估计脑状态,1
技术方法,事件相关电位脑电波数据,1
技术方法,可视化生成,1
技术方法,光纤传输,1
技术方法,试验评分,1
技术方法,生理活性比较,1
技术方法,规范测量,1
技术方法,数字计算机分析,1
技术方法,测量传送的数据单元,1
技术方法,用于接收测量数据,1
技术方法,可拉伸的弹性帽,1
技术方法,软橡胶电极夹持器,1
技术方法,播放多媒体广告,1
技术方法,调整三维模型的参数,1
技术方法,人工智能的机器学习,1
技术方法,兴趣物图片的积累、分类、标记,1
技术方法,使用基于文本的计算机脚本语言文件,1
技术方法,指示播放器播放适当的场景或时间代码,1
技术方法,计算相比不同的商业广告节目,1
技术方法,接收第一图像和第二图像,1
技术方法,传输图像到视频显示器,1
技术方法,检测对象,1
技术方法,显示与检测到的对象相关联的词语,1
技术方法,确定注视点,1
技术方法,验证注视点,1
技术方法,基于注视点确定选择的词语或功能,1
技术方法,接收eeg信号,1
技术方法,基于eeg信号验证注视点,1
技术方法,计算总体结果,1
技术方法,控制显示器显示视觉刺激,1
技术方法,生成人机界面,1
技术方法,管理内容植入,1
技术方法,确定递送内容的定时,1
技术方法,选择递送内容,1
技术方法,媒体呈现操纵,1
技术方法,参与分数提供,1
技术方法,媒体呈现优化,1
技术方法,乘积检测器检测诱发电位,1
技术方法,控制处理器控制刺激发生器,1
技术方法,乘积检测器检测,1
技术方法,稳态视觉电位刺激发生器,1
技术方法,在不同频率闪烁的图像,1
技术方法,隔离患者诱发电位的滤波器,1
技术方法,多模态数据融合,1
技术方法,平面广告评测卷积神经网络模型,1
技术方法,缓冲显示信息,1
技术方法,缓解策略施加,1
技术方法,缓冲信息,1
技术方法,分析基于风险因子的显示信息规则,1
技术方法,减少显示速率,1
技术方法,接收并分析感测数据,1
技术方法,bci技术,1
技术方法,ssvep技术识别刺激,1
技术方法,提供康复内容刺激,1
技术方法,分析脑电波并提供反馈,1
技术方法,脑电测量单元测量,1
技术方法,反馈装置单元分析,1
技术方法,计算机视觉技术识别对象,1
技术方法,视觉刺激频率闪烁,1
技术方法,执行用于改善认知功能的应用,1
技术方法,发送内容,1
技术方法,识别认知功能改善信息,1
技术方法,缓冲要显示的信息,1
技术方法,基于风险因素规则分析显示信息,1
技术方法,深度强化学习,1
技术方法,智能导航模型,1
技术方法,实时采集雷达数据和图像数据,1
技术方法,眼动数据获取,1
技术方法,眼动仪获取,1
技术方法,脑电采集设备采集,1
技术方法,增强现实,1
技术方法,步态数据与虚拟场景视频比较,1
技术方法,脑电图信号量化,1
技术方法,脑波监测仪检测电流变化,1
技术方法,机器学习模型量化,1
技术方法,分组设定频率,1
技术方法,修改显示器上数字内容的呈现,1
技术方法,"将多个发光点(或线)分成多个组,并为各组设定设定频率",1
技术方法,辅助从注意力水平直观显示和模拟阈值形成的过滤作用角度矫正工作状态,1
技术方法,从视觉闭环反馈和情绪闭环反馈两个相互锲合的角度构建鼠标标识管控的基础型反馈系统,1
技术方法,显示控制器模块修改数字内容呈现,1
技术方法,输出线阵列,1
技术方法,控制闪烁频率,1
技术方法,根据预先设定的程序在显示器上短时间显示字母、文字或图画,1
技术方法,选择被检测者想要传达的信息,1
技术方法,虚拟表示反馈,1
技术方法,接收观看参数,1
技术方法,估计显示器上的位置,1
技术方法,估计位置,1
技术方法,显示控制,1
技术方法,脑电波信号频率分量检测,1
技术方法,频率分量检测,1
技术方法,设置用户的目标建筑物,1
技术方法,输出所确定的空间和部件,1
技术方法,脉冲电磁场发生器,1
技术方法,计算机根据用户当前状态操作,1
技术方法,基于接收到的命令采取行动,1
技术方法,语音输出问题消息,1
技术方法,执行设置更改,1
技术方法,触发命令,1
技术方法,采取行动,1
技术方法,触发产品准备接收命令,1
技术方法,根据接收到的命令采取行动,1
技术方法,产品分析,1
技术方法,路径形成,1
技术方法,处理用户意图,1
技术方法,分析用户意图,1
技术方法,映射用户意图,1
技术方法,投射输出,1
技术方法,利用手套中的传感器读取生命体征,1
技术方法,将读数在串行监视器上连续显示,1
技术方法,将生命体征存储在数据库中,1
技术方法,通过邮件/电话自动发送异常信息,1
技术方法,将生命体征存储在云服务器中,1
技术方法,利用物联网平台进行数据采集和存储,1
技术方法,获取个人的视频,1
技术方法,人工智能算法,1
技术方法,通过戴在使用者的头部来检测脑波,1
技术方法,以预定数据信号输出由xyz轴构成的3轴方向的加速度值,1
技术方法,将脑波检测单元输出的信号转换为无线信号后发送,1
技术方法,数值显示输入到显示器装置的值,1
技术方法,设定其值而能精密地控制设备,1
技术方法,分析6种脑波信号及根据头部倾斜方向的信号,1
技术方法,可编程逻辑器件封装分组,1
技术方法,模拟发射机调制rf信号,1
技术方法,模数转换器转换数字信号,1
技术方法,插入附加刺激材料,1
技术方法,使用挑战性任务引导受控注意力,1
技术方法,呈现额外刺激材料,1
技术方法,允许有效的查询、报告生成、分析和/或可视化,1
技术方法,控制器管理光信号的调制,1
技术方法,分析视频流,1
技术方法,分析物理位置,1
技术方法,分析印刷广告,1
技术方法,分析商店货架,1
技术方法,分析图像,1
技术方法,分析广告,1
技术方法,同步第一神经响应数据、第二神经响应数据和刺激材料以生成同步数据,1
技术方法,根据注意力度量变化反馈元素,1
技术方法,在检测到的物体上划分感兴趣区域(aoi),1
技术方法,识别与每个标定的aoi相关的相对生理效应,1
技术方法,与随后的动作直接统计相关,1
技术方法,视觉呈现视觉刺激,1
技术方法,被动观看,1
技术方法,确定相似性指数,1
技术方法,从检测视觉刺激的存在的观点来检测视觉信息,1
技术方法,接收、融合和集成来自各种传感器的传感器数据,1
技术方法,评估个人的认知和身体状况,1
技术方法,确定训练方案,1
技术方法,应用疗法,1
技术方法,创建神经心理流模式的知识库,1
技术方法,定位参与特定行为过程的活动源,1
技术方法,识别行为过程的脑活动模式集,1
技术方法,识别所识别模式集的所有可能路径,1
技术方法,基于特定行为过程的似然性对可能路径进行排序,1
技术方法,基于附加约束减少排序后的可能路径数量,1
技术方法,将获取的信号与知识库进行比较,1
技术方法,将从个体获取的信号与所创建的知识库进行比较,1
技术方法,将认知特征参量输入至深度网络模型,1
技术方法,输出认知分类结果,1
技术方法,基于定时周期以定向序列呈现,1
技术方法,传送集成的eeg和脑模型到显示器,1
技术方法,对屏幕对象的图形数据进行滤波,1
技术方法,识别感兴趣对象,1
技术方法,提取高空间频率hsf分量,1
技术方法,生成视觉刺激,1
技术方法,应用计算机视觉程序检测候选图像区域,1
技术方法,传输输入命令,1
技术方法,脑部刺激,1
技术方法,用户档案维护,1
技术方法,投影图像接收神经反馈数据,1
技术方法,提供神经刺激,1
技术方法,生成报警信号,1
技术方法,使用神经网络提取图像特征,1
技术方法,将eeg特征映射到图像特征上,1
技术方法,识别用户的眼睛,1
技术方法,识别用户的意图,1
技术方法,将识别结果应用于设备控制过程,1
技术方法,确定所生成的脑电图信号占用的频率,1
技术方法,生成确定输出,1
技术方法,提供医学图像分析数据,1
技术方法,利用神经网络从图像提取图像特征,1
技术方法,通过摄像装置采集视频信号,1
技术方法,对视频信号进行分析,1
技术方法,伪差可疑区间标识,1
技术方法,显示具有预定控制信号的视觉图像序列,1
技术方法,当幅度落在对应于幅度阈值电压的值范围内时向玩家发送信号,1
技术方法,视频内容再现,1
技术方法,估计用户想要输入的文本并提出多个文本选项,1
技术方法,对构成单词按顺序分类,1
技术方法,依次提示构成单词,1
技术方法,重复确定用户意图输入的构成词,1
技术方法,训练人工神经网络,1
技术方法,形成临床结论,1
技术方法,根据预测结果确定预测结论和分析结果,1
技术方法,密码槽生成,1
技术方法,用户密码槽生成,1
技术方法,学习数据生成,1
技术方法,鲁棒lp范数,1
技术方法,心理任务呈现,1
技术方法,eeg模式分析,1
技术方法,视觉反馈,1
技术方法,神经动力学过程训练,1
技术方法,情感功能训练,1
技术方法,意志功能训练,1
技术方法,注意力训练,1
技术方法,实践训练,1
技术方法,社交化和沟通训练,1
技术方法,智力功能训练,1
技术方法,三个难度级别任务,1
技术方法,p300电位识别,1
技术方法,eeg脑信号记录,1
技术方法,eeg模式分类器提取运动想象信号,1
技术方法,枕部eeg导联中p300电位识别,1
技术方法,主成分分析pca,1
技术方法,线性判别分类器分类,1
技术方法,主成分分析pca降维,1
技术方法,提取视频图像中的低层特征,1
技术方法,基于双模态数据进行预测,1
技术方法,对抗学习,1
技术方法,将预测结果与诊断标准进行分类和比较,1
技术方法,多语义驱动扩散模型的图像重建,1
技术方法,选择预录视频片段,1
技术方法,基于第一图像选择第二图像,1
技术方法,控制移动性,1
技术方法,选择下一个预录制视频片段,1
技术方法,块对角状态矩阵,1
技术方法,图卷积,1
技术方法,时空卷积,1
技术方法,生成式循环一致性约束,1
技术方法,图卷积与时空卷积提取特征,1
技术方法,双向潜空间扩散生成器,1
技术方法,生成式循环一致性约束训练,1
技术方法,基于定时周期以定向序列呈现图像的视觉刺激,1
技术方法,判断图像相似性,1
技术方法,基于判断结果控制移动载具,1
技术方法,选择预录制视频片段,1
技术方法,检测脑电集中度指标,1
技术方法,比较脑电集中度指标与阈值,1
技术方法,生成fes刺激信号,1
技术方法,确定生成的第一图像是否与预设的第二图像相似,1
技术方法,基于确定结果控制移动性,1
技术方法,基于图形用户界面的键盘操作,1
技术方法,集成单元通信,1
技术方法,基于定时周期的取向序列呈现,1
技术方法,模型选择,1
技术方法,报警,1
技术方法,交互式协同标注,1
技术方法,提供浓度反馈,1
技术方法,生成空中图像,1
技术方法,施加光刺激,1
技术方法,通过共享存储器传输控制命令,1
技术方法,实时文本输入,1
技术方法,生成漂浮在空中的空间图像,1
技术方法,创建第一rsvp序列,1
技术方法,重新排序生成第三rsvp序列,1
技术方法,计算阻抗分布函数,1
技术方法,生成有限元剖分图像,1
技术方法,构建脑部三维图像,1
技术方法,视频数据存储,1
技术方法,警告信号传输,1
技术方法,视觉感知通路,1
技术方法,语义通路,1
技术方法,构建图像离散表征模型,1
技术方法,构建图像重构模型,1
技术方法,构建fmri视觉重构数据集,1
技术方法,基于ir坐标或视频记录或其组合识别对象位置,1
技术方法,使计算设备基于对象位置被重新定向,1
技术方法,基于对癫痫发作事件的检测提供癫痫发作事件报告,1
技术方法,确定视频尺寸使得观察角度大于2度小于14度,1
技术方法,呈现视频同时呈现听觉刺激,1
技术方法,"使用立体图像i1,i2,d和3,4进行训练",1
技术方法,瞳孔调节(校准),1
技术方法,tcp/ip通信,1
技术方法,视场数据应用,1
技术方法,确定广告时隙特性,1
技术方法,匹配广告时隙与广告,1
技术方法,采用双层电路板,1
技术方法,结合金属探针形成封闭的法拉第笼,1
技术方法,采用双层电路板结合金属探针形成封闭的法拉第笼,1
技术方法,生成初级脑波信息,1
技术方法,提供处方,1
技术方法,基于处方执行条件反馈,1
技术方法,生成次级脑波信息,1
技术方法,生成融合脑波内容,1
技术方法,触发计算机处理,1
技术方法,将对象暴露于刺激,1
技术方法,提供进一步的刺激或刺激序列,1
技术方法,跟踪脑波特征,1
技术方法,特征调制被应用于视觉刺激的高空间频率hsf分量,1
技术方法,单独调整,1
技术方法,传送集成模型到显示器,1
技术方法,学习隐藏层之间的变换,1
技术方法,提交属性数据给计算推理模型,1
技术方法,从脑波曲线导出诱发电位,1
技术方法,通过功能成像方法描绘脑区域,1
技术方法,将反应时间任务分配给测试对象并测量反应,1
技术方法,导出脑波曲线的就绪电位,1
技术方法,导出事件相关电位,1
技术方法,导出erp的分量,1
技术方法,导出事件相关去同步(erd),1
技术方法,从脑波曲线导出,1
技术方法,通过功能成像方法描绘,1
技术方法,确定刺激物的形状,1
技术方法,设置刺激物位置,1
技术方法,设置刺激物大小和颜色,1
技术方法,加权分类结果求和,1
技术方法,确定负面启动,1
技术方法,提供警报,1
技术方法,提供标记训练课程,1
技术方法,修改训练课程列表,1
技术方法,spi协议,1
技术方法,包封导电颗粒,1
技术方法,用从支撑层突出的点包封,1
技术方法,响应集成,1
技术方法,识别物理对象,1
技术方法,显示第一虚拟对象,1
技术方法,显示第二虚拟对象,1
技术方法,通信到远程服务器,1
技术方法,呈现视觉和/或音频场景,1
技术方法,施加经颅直流电刺激,1
技术方法,传输到远程服务器,1
技术方法,动态映射到多个功能,1
技术方法,结合其他标准输入设备,1
技术方法,双层电路板,1
技术方法,金属探针形成法拉第笼,1
技术方法,双层电路板结合金属探针形成法拉第笼,1
技术方法,放大电路位于法拉第笼中,1
技术方法,基于相对位置信息和目标对象的属性信息确定感官信息,1
技术方法,金属件整体或固定模与基板,1
技术方法,外圆周侧的尖端具有大致的板形状或锥形形状,1
技术方法,腿部分具有圆形柱或方柱形状,1
技术方法,多个反向-u-形金属件设置使平面相互平行或齐平,1
技术方法,获取用户在虚拟环境中相对于目标对象的相对位置信息,1
技术方法,将向量数据嵌入虚拟现实数据,1
技术方法,重新渲染呈现第二虚拟现实图像,1
技术方法,提供具有电导率、柔韧性和弹性的投影,1
技术方法,信号发射部分接收并发射电动信号,1
技术方法,调整视觉和/或音频场景,1
技术方法,同步采集脑电波和眼动数据,1
技术方法,确定设计信息注视时长,1
技术方法,计算注意吸引度,1
技术方法,基于相关联的控制指令生成控制数据信号,1
技术方法,呈现经修改的产品制剂,1
技术方法,多流数据捕获,1
技术方法,生物传感器数据收集,1
技术方法,通过网络传输参考标识符,1
技术方法,存储经训练的网络,1
技术方法,虚拟现实技术放映刺激材料,1
技术方法,客观分析与主观评价相结合,1
技术方法,信号同步,1
技术方法,信息综合处理,1
技术方法,信息综合模块采集脑电信号,1
技术方法,信息处理模块处理脑电信号,1
技术方法,传输至远程服务器,1
技术方法,展示刺激方案,1
技术方法,数据处理程序,1
技术方法,语义分析,1
技术方法,关联位置数据,1
技术方法,关联规则,1
技术方法,适配显示对象调制,1
技术方法,呈现产品配方,1
技术方法,获取响应于用户界面的脑电信号,1
技术方法,对脑电信号进行分析,1
技术方法,比较不同对象或条件下的反应,1
技术方法,数据库-基于工具用于推断特定患者的治疗实体上的作用,1
技术方法,数据捕获,1
技术方法,融合,1
技术方法,整合传感器数据,1
技术方法,结合标准输入设备,1
技术方法,提取要输出的虚拟现实内容,1
技术方法,设置输出顺序、数量和频率,1
技术方法,发射超声波,1
技术方法,输出全息图像,1
技术方法,修改提供给用户的内容元素,1
技术方法,显示具有一个虚拟对象的游戏界面,1
技术方法,生成式人工智能,1
技术方法,提示参数权重调整,1
技术方法,图像属性调整,1
技术方法,信号复用,1
技术方法,数据处理和分析,1
技术方法,多模态融合分析,1
技术方法,数据模型资源池管理,1
技术方法,基于用户和化身脑状态修改神经系统,1
技术方法,获取眼睛跟踪测量值,1
技术方法,确定与传入和传出视觉功能相关联的信息,1
技术方法,确定与传入视觉功能和传出视觉功能相关联的信息,1
技术方法,对比分析,1
技术方法,双核嵌入式处理,1
技术方法,眼动校准,1
技术方法,神经网络模型训练和预测,1
技术方法,基于脑机接口的嗅觉和味觉康复方法,1
技术方法,将命令传输到嗅觉显示器和/或显示设备,1
技术方法,确定tms治疗方案,1
技术方法,呈递广告,1
技术方法,汇集输出信号,1
技术方法,显示汇集输出信号,1
技术方法,解耦附加电极设备,1
技术方法,显示诱导脑信号的学习屏幕,1
技术方法,学习模型,1
技术方法,计算对血流和温度变化的正常电生理响应的标准,1
技术方法,使用游戏元素的某种组合,1
技术方法,通过游戏化的娱乐性来鼓励长期使用,1
技术方法,刺激材料的选择,1
技术方法,脑电范式的构建,1
技术方法,脑电范式的播放,1
技术方法,偏差刺激诱发的脑电反应相减,1
技术方法,确定对应指标的能量值,1
技术方法,立体偏振水平透视显示器,1
技术方法,偏振垂直显示器,1
技术方法,双耳或3d音频系统,1
技术方法,脑电和眼动两种认知仪器融合使用,1
技术方法,自动行为分析,1
技术方法,识别所存储的数据内的至少一个模式,1
技术方法,确定频率相关度量,1
技术方法,调整显示系统中控制器的功能,1
技术方法,提供至少一个刺激,1
技术方法,确定心理唤醒分数,1
技术方法,可控地改变虚拟对象和刺激,1
技术方法,基于生物电信号确定心理唤醒分数,1
技术方法,建立分类模型,1
技术方法,逐行模式显示器显示一系列视觉刺激,1
技术方法,确定逐行显示中的预定特定行是否已经被显示,1
技术方法,再次回答部分或全部自比评估问题,1
技术方法,读取反应判断诚实性,1
技术方法,融合静息态与任务态两个模块的数据评估,1
技术方法,通过刺激单元向受试者的身体部位施加指示刺激,1
技术方法,使用评估值评估投影内容,1
技术方法,构建疲劳评估模型,1
技术方法,基于置信度确定要呈现给用户的内容,1
技术方法,基于置信度确定要向用户呈现的内容,1
技术方法,储存使用的品种的数据模型,1
技术方法,高效查询,1
技术方法,选择目标刺激材料,1
技术方法,分析消费者体验的组件,1
技术方法,结合其他数据进行分析,1
技术方法,根据信号分类重新组织记录数据,1
技术方法,生成注意力得分,1
技术方法,确定成绩分数,1
技术方法,调整刺激,1
技术方法,弹性帽支撑,1
技术方法,选择性地减小外皮构件的周向长度,1
技术方法,按压弹性皮套,1
技术方法,将弹性皮套内的空气排出一部分,1
技术方法,"按压弹性皮套,将弹性皮套内的空气排出一部分,通过弹性皮套的第一开口吸附在头部",1
技术方法,配置阶段获取场所标识,1
技术方法,分类系统,1
技术方法,电接触,1
技术方法,治疗协议生成,1
技术方法,根据sef、aeeg和reeg测量值确定神经特征,1
技术方法,与人口统计学值的比较,1
技术方法,对每个认知功能进行评分,1
技术方法,随时间重复的评估比较,1
技术方法,听觉诱发电位,1
技术方法,视觉诱发电位,1
技术方法,基于erp反应类型评估,1
技术方法,干电极测量,1
技术方法,多次呈现多个研究对象的图像作为视觉刺激,1
技术方法,用单个指标进行定量表示,1
技术方法,佩戴在用户头部区域,1
技术方法,设置智力任务,1
技术方法,比较预测的认知状态与实际的认知状态,1
技术方法,相对于参考集有效地比较神经生理学信息,1
技术方法,基于数据库的工具,1
技术方法,选择位置以包括广告,1
技术方法,原型设计和开发,1
技术方法,用户测试,1
技术方法,系统集成,1
技术方法,收集脑电图信号和功能性近红外光谱信号,1
技术方法,使用学习的神经网络模型输出确定大脑活动类型的结果,1
技术方法,使用脑电图分支提取脑电图特征,1
技术方法,使用功能性近红外光谱分支提取功能性近红外光谱特征,1
技术方法,使用合成分支提取合成特征,1
技术方法,提取功能性近红外光谱特征,1
技术方法,提取合成特征,1
技术方法,通过通信网络传输,1
技术方法,同时显示,1
技术方法,监视患者状态以发送图像信息,1
技术方法,使用eeg信号和fnirs信号输出从学习的神经网络模型确定大脑活动的类型的结果,1
技术方法,最优模型识别,1
技术方法,标记信号段,1
技术方法,音频信号解析,1
技术方法,视频信号解析,1
技术方法,编译灯光控制信号,1
技术方法,双模态融合,1
技术方法,滑动步长,1
技术方法,基于bci的ar镜子信息提供服务器响应请求并发送开始传输命令,1
技术方法,从ar镜子内容中包含的多件衣服中提取选择信息,1
技术方法,基于与第一特征重合的第二特征的出现确定相位-振幅耦合的测量值,1
技术方法,确定相位-振幅耦合的测量值,1
技术方法,生成思维导图,1
技术方法,形成数据库,1
技术方法,倒谱技术,1
技术方法,脑功能网络建模,1
技术方法,频谱图图像转换,1
技术方法,cnn网络,1
技术方法,lstm模块,1
技术方法,eeg转换模块将获取的eeg图像转换为频谱图图像,1
技术方法,确定梦境状态,1
技术方法,神经网络特征匹配计算,1
技术方法,确定训练向量,1
技术方法,分配数据值,1
技术方法,基于第一特征一致的第二特征的出现确定相位-振幅耦合量度,1
技术方法,确定相位-振幅耦合量度,1
技术方法,蓝牙信号传输,1
技术方法,移动互联网数据传输,1
技术方法,数据波形显示,1
技术方法,模态融合,1
技术方法,神经网络提取临床特征,1
技术方法,基于卷积和注意力机制的神经网络,1
技术方法,卷积池化,1
技术方法,确定导联场矩阵,1
技术方法,l1正则化约束,1
技术方法,逐次超松弛迭代,1
技术方法,源定位,1
技术方法,短时滑动窗口,1
技术方法,计算锁相值(plv),1
技术方法,建立脑网络,1
技术方法,计算网络邻接矩阵,1
技术方法,计算脑网络指标,1
技术方法,分类器训练和测试,1
技术方法,统计检验,1
技术方法,t-wmne算法,1
技术方法,多视角特征表达及优选,1
技术方法,构建双域深监督特征融合网络,1
技术方法,深度监督模块提供辅助损失值,1
技术方法,特征融合模块通过线性回归算法,1
技术方法,深度监督模块,1
技术方法,特征融合模块,1
技术方法,线性回归算法,1
技术方法,人工智能驱动的多模态神经生理学询问,1
技术方法,蓝牙数据聚合,1
技术方法,本地处理同步初始特征提取,1
技术方法,无线传输使用wi-fi,1
技术方法,机器视觉组件,1
技术方法,原位培养,1
技术方法,染色处理,1
技术方法,外界刺激,1
技术方法,同步收集荧光信号和电信号,1
技术方法,微电极阵列的控制器同步收集,1
技术方法,拍摄相机同步收集,1
技术方法,提取脑区重要性,1
技术方法,构建图卷积神经网络,1
技术方法,标签修改,1
技术方法,预测tms治疗评估信息,1
技术方法,选择包含大脑皮层功能分区的脑模板,1
技术方法,计算节点之间的功能连接,1
技术方法,得到功能连接矩阵,1
技术方法,将功能连接矩阵进行二值化得到邻接矩阵,1
技术方法,形成脑功能网络,1
技术方法,计算脑功能网络中每一个节点的特征向量中心度及能量集中度,1
技术方法,根据能量集中度计算大脑网络特征熵,1
技术方法,根据节点数量分类严重程度,1
技术方法,接收从放置在用户身体上的发射器发送的信号,1
技术方法,检测器电路接收信号,1
技术方法,注意力检测器处理器确定用户是否正在感知内容,1
技术方法,结合其它数据和分析,1
技术方法,比较预测结果,1
技术方法,情绪分类模型,1
技术方法,拼接,1
技术方法,多模态融合,1
技术方法,随后进行分析,1
技术方法,刺激选择,1
技术方法,多模态卷积神经网络,1
技术方法,深度卷积神经网络模型的图像分析,1
技术方法,卷积编码,1
技术方法,稀疏交互融合,1
技术方法,后续分析,1
技术方法,交叉布置经线带和纬线带,1
技术方法,干电极设置于经线带和头部固定带,1
技术方法,多模态集成算法,1
技术方法,提取视频特征及脑电信号特征,1
技术方法,基于注意力机制的多模态信息融合方法,1
技术方法,利用神经网络进行分类,1
技术方法,融合脑电信号特征,1
技术方法,提供预定义的神经刺激,1
技术方法,关联神经响应与刺激响应映射数据库,1
技术方法,创建逻辑矩阵,1
技术方法,创建解决方案模型,1
技术方法,评估视频响应,1
技术方法,收集人口统计信息,1
技术方法,对视频进行分级,1
技术方法,多模态情绪检测,1
技术方法,拆分,1
技术方法,自我进化的人工智能模型,1
技术方法,实时自适应神经反馈机制,1
技术方法,提取视频特征,1
技术方法,神经网络全连接层预测,1
技术方法,多模态异构图卷积神经网络,1
技术方法,组水平对齐,1
技术方法,去/不去任务,1
技术方法,测量数据收集与处理,1
技术方法,计算机自适应系统,1
技术方法,计算机自适应系统分析,1
技术方法,按照信号分类重新组织记录数据,1
技术方法,动态调整权重,1
技术方法,跨模态互补修正,1
技术方法,构建多模态参数耦合优化模型,1
技术方法,优化算法求解调控参数,1
技术方法,同步调度多模态刺激频率与相位,1
技术方法,实时反馈调整参数,1
技术方法,构建跨模态冲突规避机制,1
技术方法,计算协同增益态修正耦合与互补系数,1
技术方法,映射到标准化的空间网格,1
技术方法,生成统一结构的特征张量,1
技术方法,频带融合注意力机制,1
技术方法,全局平均池化,1
技术方法,全连接层生成频段权重,1
技术方法,参数化超矩阵全连接层,1
技术方法,矩阵分解和重构,1
技术方法,共享特征层,1
技术方法,动态损失权重优化,1
技术方法,收集情绪类型状态刺激材料,1
技术方法,随机选取刺激材料刺激被试者,1
技术方法,结合自我评估结果及训练测试结果,1
技术方法,采集被试者当前状态下的脑电数据,1
技术方法,获取情感诱发素材集,1
技术方法,时序对齐,1
技术方法,构建多模态情感数据集,1
技术方法,检测面,1
技术方法,播放媒体内容,1
技术方法,存储播放索引,1
技术方法,产生用户接口,1
技术方法,重新播放媒体内容,1
技术方法,共同解码运动命令,1
技术方法,基于用户的集中或放松水平的测量调节刺激输出的清晰度、质量和/或音量,1
技术方法,神经反馈治疗,1
技术方法,控制特定装置执行预编程操作,1
技术方法,递送多个刺激,1
技术方法,分析响应,1
技术方法,给予具有多个成分的单个刺激,1
技术方法,对比和比较对每个成分的响应,1
技术方法,跟踪和/或分析来自用户的数据,1
技术方法,系统-处理用于跟随语音的信道,1
技术方法,鼠标和键盘的使用,1
技术方法,其它程序的使用,1
技术方法,运动通道跟踪用户的运动数据,1
技术方法,生理通道跟踪用户的生理反应,1
技术方法,神经通道跟踪神经相关数据,1
技术方法,区域确定,1
技术方法,评价,1
技术方法,应用训练的第二识别模型,1
技术方法,音乐特征解析,1
技术方法,情感语义匹配,1
技术方法,音乐参数动态调节,1
技术方法,音频流重构,1
技术方法,调节效果评估,1
技术方法,闭环优化反馈机制,1
技术方法,用户数据安全分级,1
技术方法,隐私保护处理,1
技术方法,持续评估,1
技术方法,比较预测期望视口,1
技术方法,基于传感器数据确定心理状态,1
技术方法,修改媒体内容的回放,1
技术方法,根据频段信息进行播放控制,1
技术方法,从视觉信息检测是否存在针对视觉刺激的注视点,1
技术方法,设置并呈现视觉的刺激画面或听觉的刺激声音,1
技术方法,接收按键反应,1
技术方法,采集监测过程中受测者状态视频信息,1
技术方法,回放用户监测过程中状态的视频,1
技术方法,提出周期信号百分比作为监测持续注意的指标,1
技术方法,刺激源提供多种刺激,1
技术方法,顺延当前起始帧索引,1
技术方法,迭代预测,1
技术方法,利用数据处理技术,1
技术方法,构建个体化神经表征模型,1
技术方法,自适应调控路径规划方法,1
技术方法,基于神经反馈的自适应激活机制,1
技术方法,自动分析,1
技术方法,确定良好匹配,1
技术方法,音乐神经反馈,1
技术方法,磁共振成像,1
技术方法,低场磁场刺激,1
技术方法,多模导航,1
技术方法,中央控制,1
技术方法,根据反馈修改,1
技术方法,接收并处理图像集合,1
技术方法,响应反馈调控指令进行神经调控,1
技术方法,基于脑认知活动信号和人工智能判别图像集得到协同决策结果和反馈调控指令,1
技术方法,异构专家网络,1
技术方法,门控网络,1
技术方法,动态加权损失函数,1
技术方法,异构专家网络提取任务共享特征,1
技术方法,门控网络分配专家权重,1
技术方法,动态加权损失函数调整任务损失权重,1
技术方法,人机接口输入,1
技术方法,控制装置产生和提供检查屏幕,1
技术方法,联合学习训练,1
技术方法,基于llm的多智能体系统,1
技术方法,标准化实验方案,1
技术方法,呈现查询助手用户界面,1
技术方法,生成响应指定符,1
技术方法,确定用户响应,1
技术方法,更新用户界面,1
技术方法,生成思维导图并将其转换为数据库,1
技术方法,提供或显示第一听觉或视觉刺激,1
技术方法,操纵刺激的一个或多个特征,1
技术方法,提供或显示第二听觉或视觉图像刺激,1
技术方法,重复操纵听觉或视觉图像刺激的特征,1
技术方法,预设视觉指令库,1
技术方法,视觉语义编码,1
技术方法,映射至共享语义空间,1
技术方法,对比学习,1
技术方法,目标优化,1
技术方法,指令分类,1
技术方法,获取指令概率分布,1
技术方法,识别频率间隔,1
技术方法,发现诊断准确性的程度,1
技术方法,传输精度度信息数据,1
技术方法,产生具有第一波长的闪烁光,1
技术方法,产生具有与第一波长不同的一个或多个波长的另一闪烁光,1
技术方法,理解用户意图,1
技术方法,光标移动,1
技术方法,光标选择,1
技术方法,中央处理单元综合判断,1
技术方法,获取多个线圈内的感应电压,1
技术方法,主观评分表,1
技术方法,从路况视频图像中识别障碍物,1
技术方法,以设定频率闪烁显示于前挡风玻璃,1
技术方法,向驾驶员提供刺激,1
技术方法,非线性支持向量机,1
技术方法,随机森林,1
技术方法,分析摄像头拍摄的图像,1
技术方法,持续高亮显示的句子或单词向用户展示,1
技术方法,菜单内容灵活更改,1
技术方法,定制混合,1
技术方法,预训练的大语言模型推理,1
技术方法,响应于预定模式触发mri机,1
技术方法,定位多个eeg电极,1
技术方法,预训练大语言模型推理,1
技术方法,通过他人生成的图像进行交流、翻译和理解他人想法,1
技术方法,卷积层替代最大池化层,1
技术方法,识别目标特征,1
技术方法,生成注意力地图,1
技术方法,识别意图特征,1
技术方法,生成统一表示,1
技术方法,神经网络图像处理,1
技术方法,复杂交互执行,1
技术方法,生成多维视觉表征空间,1
技术方法,通过确定图像刺激属性的加权和来确定视觉表征空间每个维度的视觉特征,1
技术方法,识别确定为与重建相关的子空间,1
技术方法,使用目标在视觉表征空间中的估计坐标和与目标坐标成比例的视觉特征的求和线性组合来重建重建目标的视觉外观,1
技术方法,通过重力传感器和陀螺仪传感器获取用户头部运动信息,1
技术方法,使用眨眼信息和头部运动信息控制执行点击操作和光标移动,1
技术方法,施加到预-现有数据,1
技术方法,传感器融合,1
技术方法,障碍物检测,1
技术方法,实时遥测救援图像数据展示,1
技术方法,目标分类,1
技术方法,任务负荷检测,1
技术方法,优先级排序,1
技术方法,任务分配更新,1
技术方法,降采样及溯源,1
技术方法,边缘端处理,1
技术方法,施加微弱波动电场调制传入神经,1
技术方法,调谐到某些频率激发共振,1
技术方法,利用平行板电容器的边缘场,1
技术方法,组合多个偶极子诱导短程电场,1
技术方法,放置无源偶极子增强远处感应电场,1
技术方法,音频提取,1
技术方法,音素识别,1
技术方法,微妙呈现额外刺激材料,1
技术方法,基于生物电共振响应设置刺激频率参数,1
技术方法,利用用户环境信息提供刺激,1
技术方法,基于识别的潜伏期值或其他提取的信号特征做出诊断,1
技术方法,向观察者呈现图像作为视觉刺激,1
技术方法,基于神经生理事件的识别训练图像分类神经网络,1
技术方法,心理非语言测量,1
技术方法,神经生理测量,1
技术方法,柔性基底层、电极层和隔离层构成,1
技术方法,电极层和柔性基底层含有多个第一镂空形成第一网状结构,1
技术方法,"金属电极贴合到柔性基底层,接触点含有多个第二镂空形成第二网状结构",1
技术方法,将第一多个图像作为视觉刺激呈现给观察者,1
技术方法,训练图像分类神经网络以识别图像中的目标,1
技术方法,调节刺激频率、强度或极性,1
技术方法,移动电极,1
技术方法,接收第一反馈信息,1
技术方法,确定学习表现信息,1
技术方法,将接收到的设备数据输入到训练用于估计神经刺激信号的一个或多个第二机器学习技术,1
技术方法,训练用于估计神经刺激信号的一个或多个第二机器学习技术,1
技术方法,获取视觉信息,1
技术方法,检测注视点,1
技术方法,提供初始感官刺激,1
技术方法,调节感官刺激,1
技术方法,可移动存储器数据缓冲和存储,1
技术方法,压力传感器测量气流、潮气量和通气率,1
技术方法,基于定时周期以定向序列呈现视觉刺激,1
技术方法,多尺度分布式数据注册,1
技术方法,识别子图,1
技术方法,生成概念格,1
技术方法,监测电极检测,1
技术方法,根据目标显示内容和/或确认指令调整显示内容,1
技术方法,平滑过渡,1
技术方法,延长过渡,1
技术方法,多区域深度感测,1
技术方法,评估独立认知能力,1
技术方法,调整功能,1
技术方法,闭合反馈回路适配逻辑,1
技术方法,基于传感器输出控制个性化环境,1
技术方法,神经反馈调节,1
技术方法,自动分析数字特征图,1
技术方法,分析大脑活动以检测信息,1
技术方法,分析大脑活动,1
技术方法,基于特性物理量执行预定操作,1
技术方法,问卷测量,1
技术方法,比较预测和实际认知状态,1
技术方法,尺寸确定,1
技术方法,视频输出,1
技术方法,听觉刺激输出,1
技术方法,利用效价唤醒因子,1
技术方法,利用训练数据,1
技术方法,利用算法分配用户情绪,1
技术方法,基于用户反馈更新训练数据,1
技术方法,接收治疗方案,1
技术方法,使用光学传感器捕获面部表情、眼睛运动、注视点和头部姿势,1
技术方法,估计对象的情感状态和认知状态,1
技术方法,基于理解概率选择任务数据实体,1
技术方法,自动数据标记,1
技术方法,最小化成本函数更新参数,1
技术方法,闭环症状响应,1
技术方法,功能领域异常识别,1
技术方法,跟踪用户的头部运动,1
技术方法,跟踪用户的至少一只眼睛的运动,1
技术方法,确定用户的精神注意力水平,1
技术方法,确定至少一只眼睛所指向的视野内的方向,1
技术方法,基于确定来生成所捕获图像的子集,1
技术方法,诱导刺激目标脑波频率的增加,1
技术方法,向线粒体提供额外能量,1
技术方法,在当前会话期间向用户实现媒体项的呈现,1
技术方法,确定分类模型,1
技术方法,调整模型,1
技术方法,应用模型,1
技术方法,基于用户对媒体系统的导航确定用户状态,1
技术方法,基于用户状态选择媒体项,1
技术方法,生成并显示包含刺激的广告,1
技术方法,将脑状态与阈值范围进行比较,1
技术方法,存储指示观看者观看了广告的信息,1
技术方法,生成与上下文相关的决策刺激,1
技术方法,修改用户对交互环境的感知,1
技术方法,基于明确的用户输入、用户对决策刺激的大脑活动或其组合来执行动作,1
技术方法,同步刺激阶段和信号处理阶段,1
技术方法,生成测试刺激,1
技术方法,比较测试神经生理反应与预定神经生理反应,1
技术方法,获取指示性数据,1
技术方法,融合多生理模态,1
技术方法,神经网络模型,1
技术方法,人脸注意力检测,1
技术方法,脑电注意力检测,1
技术方法,眼动注意力检测,1
技术方法,神经网络模型计算,1
技术方法,危险预警及自动避险,1
技术方法,轮椅定位与实时上传,1
技术方法,行驶状态检测,1
技术方法,指令判断,1
技术方法,危险预警,1
技术方法,自动避险,1
技术方法,轮椅定位,1
技术方法,实时上传,1
技术方法,呼救功能,1
技术方法,发送预警指令,1
技术方法,衰减器包括在第二反馈环路中,1
技术方法,根据基础属性信息和目标行为特征确定第一兴趣度,1
技术方法,根据第一兴趣度确定推荐策略,1
技术方法,生成商品推荐列表,1
技术方法,根据情感认知信息对虚拟环境执行对应的内容交互,1
技术方法,梳状分布的第一保护突起,1
技术方法,金属探针的探针延伸部分,1
技术方法,干式eeg电极采集,1
技术方法,重复暴露于刺激材料,1
技术方法,与基线数据比较,1
技术方法,提供用户刺激和刺激参数,1
技术方法,生成感官元数据,1
技术方法,归档感知元数据,1
技术方法,处理感觉元数据,1
技术方法,生成反应指数,1
技术方法,修改刺激参数,1
技术方法,柔性基底层、电极层和隔离层叠层结构,1
技术方法,第一镂空形成第一网状结构,1
技术方法,第二镂空形成第二网状结构,1
技术方法,推导情感特征,1
技术方法,推导认知特征,1
技术方法,推导认知特征和情感特征,1
技术方法,呈现用户参与活动的计算机生成现实(cgr)环境,1
技术方法,利用促进用户针对活动的认知状态的周围环境来更新环境,1
技术方法,沉浸式交互程序显示具有虚拟对象的游戏界面,1
技术方法,购买后评估与购买前评估比较,1
技术方法,适配一个或多个视觉和/或音频场景,1
技术方法,呈现初始虚拟环境,1
技术方法,识别人员状态,1
技术方法,调节刺激因素,1
技术方法,呈现虚拟互动场景,1
技术方法,获取用户沉浸于初始虚拟环境时的脑电信号,1
技术方法,基于脑电信号识别用户沉浸于初始虚拟环境时的人员状态,1
技术方法,基于用户的脑电信号识别用户沉浸于虚拟互动场景时的人员状态,1
技术方法,监控用户与虚拟环境的交互,1
技术方法,基于交互类型选择刺激模式,1
技术方法,基于虚拟对象类型选择刺激模式,1
技术方法,实时调整虚拟环境元素,1
技术方法,监测物理环境,1
技术方法,双向同步调整,1
技术方法,传送参考标识符到远程服务器,1
技术方法,接收口头反应,1
技术方法,映射语言数据,1
技术方法,关联高维向量与刺激,1
技术方法,比较神经活动与思想模型,1
技术方法,接收第二用户的神经活动,1
技术方法,特征调制应用于视觉刺激的高空间频率(hsf)分量,1
技术方法,修改vr环境中内容的参数,1
技术方法,快速解码大脑活动,1
技术方法,脑机接口表征交互,1
技术方法,改进分类器调节虚拟对象特征,1
技术方法,呈现计算机生成现实(cgr)环境,1
技术方法,更新环境以促进认知状态,1
技术方法,以预定的刺激间间隔呈现刺激,1
技术方法,呈现与所调查的情况相关的探测刺激,1
技术方法,响应于预测修改虚拟现实内容,1
技术方法,弹性变形产生电压,1
技术方法,弹性变形产生电压使电极朝向头皮按压,1
技术方法,呈现测试,1
技术方法,调用存储的特征提取模型知识库和测评模型知识库,1
技术方法,确定大脑状态量化测评结果,1
技术方法,调用存储的神经反馈训练范式知识库,1
技术方法,确定推荐的神经反馈训练范式,1
技术方法,将推荐的神经反馈训练范式输出至多媒体终端,1
技术方法,标签自动匹配选择对应的神经反馈训练内容,1
技术方法,分析频率与时间数据关系,1
技术方法,自适应加权和显示调制,1
技术方法,根据用户的脑活动状态选择内容,1
技术方法,通过用户手势接收输入信号,1
技术方法,存储和管理使用记录,1
技术方法,根据对覆盖的对象或每个覆盖的对象的注意力的测量而变化,1
技术方法,特性调制,1
技术方法,反馈元素根据注意力的测量而变化,1
技术方法,通过显示设备呈现,1
技术方法,执行操作,1
技术方法,重复暴露、接收和存储操作,1
技术方法,接收来自对象的输入,1
技术方法,存储用户响应,1
技术方法,环形壁保持导电凝胶,1
技术方法,倒钩构件固定电极,1
技术方法,产生刺激呈现程序,1
技术方法,应用刺激方案,1
技术方法,接收描述用户的当前认知状态的传输,1
技术方法,基于用户的当前认知状态识别模板组件,1
技术方法,改变初始模板创建改变的模板,1
技术方法,使用改变的模板呈现内容,1
技术方法,记录eeg生物电位的单元,1
技术方法,刺激器交替呈现视频和音频刺激或其缺乏的模式,1
技术方法,捕获用户位置和移动,1
技术方法,解析深度相机数据以使用户位置与虚拟环境中的位置相关联,1
技术方法,确定用户位置或移动导致触摸虚拟对象,1
技术方法,提供相应的触觉反馈,1
技术方法,生成决策相关刺激,1
技术方法,修改用户对交互环境的感觉,1
技术方法,采取动作,1
技术方法,真实环境三维重建,1
技术方法,亲友面容建模,1
技术方法,自适应策略训练任务参数实时优化,1
技术方法,虚拟场景元素动态调节,1
技术方法,神经调控干预,1
技术方法,训练数据闭环反馈,1
技术方法,利用脑机接口表征与虚拟对象的交互,1
技术方法,确定交互,1
技术方法,控制调整虚拟现实场景的具体呈现效果,1
技术方法,发送触觉信号,1
技术方法,视觉刺激具有特征调制,1
技术方法,利用生成式人工智能(ai)生成高度个性化图像内容,1
技术方法,开发提示,1
技术方法,调整提示中每个参数的权重,1
技术方法,检测心理状态,1
技术方法,改良产品配方,1
技术方法,呈现改良后的产品配方,1
技术方法,机器学习云部署模型,1
技术方法,状态向量生成,1
技术方法,玩家状态服务,1
技术方法,施加力,1
技术方法,传输控制信号,1
技术方法,两部分式硅酮泡沫、硅酮稀化流体和碳纤维构成导电海绵,1
技术方法,导电海绵,1
技术方法,聚合物官能度机械特性,1
技术方法,电极设计贮器,1
技术方法,提供输出,1
技术方法,应用多用户方法,1
技术方法,从耦合到用户的传感器接收eeg信号,1
技术方法,改变tacs的电特性,1
技术方法,射频发射功率,1
技术方法,红外能量发送/接收数据,1
技术方法,提供激励,1
技术方法,请求执行激励产生动作,1
技术方法,识别刺激创建环境声音,1
技术方法,提供音频和/或视觉反馈,1
技术方法,个性化abm治疗,1
技术方法,存储原始数据,1
技术方法,重新分析数据,1
技术方法,想象运动控制,1
技术方法,基于虚拟现实的监测,1
技术方法,计算分析,1
技术方法,实时监测预警,1
技术方法,脑电神经监测,1
技术方法,生成疼痛刺激方案,1
技术方法,生成虚拟现实环境,1
技术方法,生成虚拟刺激源,1
技术方法,视觉趋近运动,1
技术方法,采集用户三维模型数据,1
技术方法,形成三维人体数据模型,1
技术方法,同步控制输出设备上显示的虚拟现实图像内容与运动模拟器,1
技术方法,基于运动数据同步控制输出设备和运动模拟器,1
技术方法,虚拟现实划船场景结合运动健身硬件,1
技术方法,虚拟现实场景结合运动健身硬件,1
技术方法,虚拟现实骑行训练,1
技术方法,大数据管理存储,1
技术方法,虚拟现实训练,1
技术方法,训练评估,1
技术方法,视觉任务呈现,1
技术方法,听觉任务呈现,1
技术方法,认知增强训练,1
技术方法,认知训练分析报告生成,1
技术方法,控制器控制设备操作,1
技术方法,虚拟现实场景显示,1
技术方法,音频信号输出,1
技术方法,多模态传感采集,1
技术方法,虚拟现实环境生成,1
技术方法,认知神经反馈,1
技术方法,个性化训练计划生成,1
技术方法,数据存储与管理,1
技术方法,虚拟助手与教练,1
技术方法,基于信号确定第一用户可与第二用户交互,1
技术方法,显示用户界面菜单,1
技术方法,基于一个或多个输入确定最佳显示位置、缩放和/或位置,1
技术方法,基于选择启动用户之间的交互,1
技术方法,预测头部运动,1
技术方法,确定目标图像数据,1
技术方法,调整流式传输过程,1
技术方法,调整显示画面,1
技术方法,实时交互,1
技术方法,治疗反馈,1
技术方法,确定渲染基于预测头部运动的未来视图所需的目标图像数据,1
技术方法,确定用于提供目标图像数据的新配置的设置,1
技术方法,基于预测调整流式传输过程,1
技术方法,多感知交互,1
技术方法,调整虚拟现实设备的显示画面以调节眩晕状态,1
技术方法,构建三维数字场景,1
技术方法,人脸识别,1
技术方法,人工智能算法引导培训,1
技术方法,智能评测和纠错,1
技术方法,构建虚拟现实场景,1
技术方法,图像信息识别,1
技术方法,图像编码,1
技术方法,无线通讯,1
技术方法,将vr虚拟游戏软件接口和大脑意念控制软件接口对接,1
技术方法,建立虚拟场景,1
技术方法,将软件硬件进行整合部署并完成联调,1
技术方法,根据传感器反馈的用户姿态以及身体状态参数和期望动作指令生成或更新vr界面,1
技术方法,测量和分析生物信号,1
技术方法,结合eeg和vr,1
技术方法,控制化身执行操作,1
技术方法,tcp/ip通讯传输,1
技术方法,vr训练场景设计,1
技术方法,视听触觉多模态反馈,1
技术方法,运动想象意图分析,1
技术方法,目标视觉动线采集,1
技术方法,采集目标视觉动线,1
技术方法,制备预聚物溶液,1
技术方法,紫外固化,1
技术方法,溶剂萃取,1
技术方法,虚拟现实交互反馈,1
技术方法,蓝牙传输,1
技术方法,3dmax建模,1
技术方法,模板匹配,1
技术方法,人工智能方法生成摆放顺序,1
技术方法,固定频率闪烁,1
技术方法,模板匹配分类,1
技术方法,提取虚拟现实内容,1
技术方法,设置输出顺序、次数和频率,1
技术方法,生成意念控制数据,1
技术方法,转化为实际交互指令,1
技术方法,大脑对称性,1
技术方法,重复特定运动模式,1
技术方法,虚拟现实仿真,1
技术方法,多方向显示模块插入辅助对象,1
技术方法,大脑对称性确定,1
技术方法,分阶段调整虚拟现实显示设备的视野,1
技术方法,预先选定电极,1
技术方法,注入导电膏,1
技术方法,调节屈光度,1
技术方法,调节瞳距,1
技术方法,获得行为意图模型,1
技术方法,编码控制指令,1
技术方法,输出控制指令,1
技术方法,处理用户压力评测数据信息以获得用户压力值,1
技术方法,根据压力值控制播放虚拟现实内容,1
技术方法,交互控制,1
技术方法,输出虚拟现实场景,1
技术方法,基于眼动数据确定目标对象,1
技术方法,基于脑电数据确定控制意图,1
技术方法,执行控制操作,1
技术方法,通过摄像头获取用户手部在多个方向上移动的最大距离,1
技术方法,根据最大距离确定运动阈值,1
技术方法,通过脑机接口采集脑电信号,1
技术方法,控制虚拟现实设备中的虚拟手移动到目标位置,1
技术方法,通过脑机接口采集手部达到最大距离时的脑电信号,1
技术方法,根据控制信号改变虚拟现实任务中听觉和/或视觉控件的活动和动作,1
技术方法,基于诊断结果调整任务难度,1
技术方法,虚拟现实视听觉通路,1
技术方法,检测情境,1
技术方法,脑机接口正念冥想,1
技术方法,划分晕动等级,1
技术方法,调节虚拟现实任务,1
技术方法,利用2d或3d相机识别用户的面部或手势,1
技术方法,根据脑电波类型和形态判断用户的大脑活动状态,1
技术方法,根据用户的大脑活动状态选择内容推荐给用户,1
技术方法,通过手势接收输入信号并生成相应的控制信号,1
技术方法,存储和管理使用记录以提供个性化服务,1
技术方法,"从附有脑电波电极的vr设备接收测量的用户脑电波,并根据脑电波类型和形态判断用户的大脑活动状态",1
技术方法,数值评分,1
技术方法,显示虚拟现实内容,1
技术方法,根据预设参考表和预测的疲劳信息调整屏幕,1
技术方法,在线实验,1
技术方法,虚拟现实运动序列构建,1
技术方法,逐步调节观察视野,1
技术方法,根据个人信息修改刺激材料,1
技术方法,nse合成,1
技术方法,分组为簇,1
技术方法,接收注意力线索,1
技术方法,生成信号,1
技术方法,确定注意力提高,1
技术方法,对音频数据进行解码得到音频信号与降噪信号同步输出到扬声器,1
技术方法,调查和访谈,1
技术方法,数据汇总,1
技术方法,连续数据收集,1
技术方法,分析特定事件影响,1
技术方法,推断特定刺激,1
技术方法,触发设备中的动作,1
技术方法,刺激阶段和信号处理阶段同步,1
技术方法,配对示例刺激,1
技术方法,触发刺激脉冲,1
技术方法,生成输出声音,1
技术方法,磁吸接口连接,1
技术方法,生成声音刺激触发指令,1
技术方法,发放声音刺激信号,1
技术方法,传输用户的心理状态数据,1
技术方法,基于对心理状态数据的分析呈现输出,1
技术方法,反馈表示,1
技术方法,音频驱动,1
技术方法,对数据处理单元执行操作,1
技术方法,产生刺激,1
技术方法,确定关注符号,1
技术方法,对音频数据进行解码得到音频信号与降噪信号同步输出,1
技术方法,位置跟踪,1
技术方法,位置检测,1
技术方法,控制单元检测观察者位置信息,1
技术方法,计算观察者视图对应对象并显示解释信息,1
技术方法,使用计算模型选择视觉场景中的特征,1
技术方法,生成具有第一地图值的空间地图,1
技术方法,字符信号与第二数据库对比匹配,1
技术方法,基于贝叶斯网络骨架的概率评估,1
技术方法,使用调查表测量实际认知状态,1
技术方法,比较预测认知状态与实际认知状态,1
技术方法,萎缩分数计算,1
技术方法,功能连接分数计算,1
技术方法,神经反馈控制,1
技术方法,使呈现系统向用户呈现诊断内容,1
技术方法,呈现广告,1
技术方法,显示汇聚的输出信号,1
技术方法,将广告呈现给多个主体,1
技术方法,显示汇集的输出信号,1
技术方法,电刺激信号输出至大脑,1
技术方法,直流伺服电机控制转速,1
技术方法,缓冲区临时存储,1
技术方法,上传至云服务器,1
技术方法,商品推荐,1
技术方法,将广告呈现给多个主题,1
技术方法,显示合并的输出信号,1
技术方法,快速串行视觉呈现,1
技术方法,基于视频刺激材料诱发微表情,1
技术方法,同步获取生理数据及记录面部表情,1
技术方法,面部视频和刺激材料视频的回放过程,1
技术方法,接收被测试体标注微表情序列的峰值帧、起始帧与结束帧,1
技术方法,获取面部视频数据对应时间范围内的生理数据,1
技术方法,设定刺激呈现间隔时长,1
技术方法,以刺激呈现间隔时长为时间周期向用户呈现任务标识,1
技术方法,获取历史训练数据,1
技术方法,计算操作偏差,1
技术方法,电极采集脑电信号,1
技术方法,光极采集脑血氧信号,1
技术方法,电极采集,1
技术方法,光极采集,1
技术方法,帧同步嵌套混合脑-机接口,1
技术方法,呈现编码视觉目标,1
技术方法,决策门控机制,1
技术方法,运动想象处理阶段,1
技术方法,比较运动想象激活分数与校准阈值,1
技术方法,逆运动学映射,1
技术方法,超声靶向和剂量引导,1
技术方法,低强度聚焦超声调节,1
技术方法,超声波形定制,1
技术方法,超声波波形定制,1
技术方法,判断驾驶状态,1
技术方法,聚合感知增强卷积transformer网络,1
技术方法,数据传输到远程终端,1
技术方法,呈现第一声音,1
技术方法,呈现第二声音,1
技术方法,参考事件相关电位特征量值与不舒适阈值之间的预定关系,1
技术方法,基于正分量和负分量的存在/不存在进行评估,1
技术方法,排定听觉刺激呈现定时,1
技术方法,在影像亮度变化量超过阈值时不呈现听觉刺激,1
技术方法,从脑电波信号中获取事件相关电位,1
技术方法,呈现第一声音和第二声音,1
技术方法,参考事件相关电位的特征量值和不舒适阈值之间的预定关系,1
技术方法,基于正负成分存在/不存在的确定结果进行评估,1
技术方法,参考保留多个单音节语音的语音数据库确定要呈现的语音,1
技术方法,呈现音频,1
技术方法,基于特征分量检测结果确定用户是否理解语音,1
技术方法,呈现听觉刺激,1
技术方法,排定听觉刺激的呈现定时,1
技术方法,根据影像亮度变化量控制听觉刺激呈现,1
技术方法,生物体信号测量部测量用户的脑电波信号,1
技术方法,脑电波处理部从脑电波信号中获取事件相关电位,1
技术方法,向患者呈现内容,1
技术方法,提供特征输入给机器学习模型,1
技术方法,确定焦虑症状可能性,1
技术方法,参照语音声音数据库保持的多个monosyllabic语音声音以确定语音声音呈现monosyllables,1
技术方法,顺序呈现确定语音声音作为听觉刺激,1
技术方法,安装在插入耳机上的插座中的刚性结构中,1
技术方法,呈现语音控制,1
技术方法,输出语音,1
技术方法,评价语音清晰度,1
技术方法,呈现字符,1
技术方法,确定语音可辨别性,1
技术方法,操作消除部指令,1
技术方法,估计要由用户输入的句子,1
技术方法,提出多个句子选择,1
技术方法,将构成多个句子选择的构成单词按每个句子选择的顺序分类,1
技术方法,逐个顺序地呈现组成词,1
技术方法,自动跟踪用户在一段时间内的健康状况,1
技术方法,自动向用户呈现生活/工作情境,1
技术方法,修改娱乐选择列表,1
技术方法,跟踪健康状况,1
技术方法,自动地呈现生活/工作内容,1
技术方法,自动地修改娱乐选择列表,1
技术方法,自动地跟踪用户的健康状况,1
技术方法,模块化ai架构,1
技术方法,用户偏好适应,1
技术方法,实时适应,1
技术方法,dtcwt(双树复小波变换),1
技术方法,脉动阵列fpga实现架构,1
技术方法,ffnn(前馈神经网络)分类器,1
技术方法,dtcwt,1
技术方法,ffnn分类器,1
技术方法,非侵入式脑刺激,1
技术方法,多模态信息融合,1
技术方法,cnn+bilstm+attention,1
技术方法,模态特定特征提取,1
技术方法,时序特征提取,1
技术方法,个性化适应机制,1
技术方法,分级预警机制,1
技术方法,轻量化方法,1
技术方法,主动对齐跨用户特征分布,1
技术方法,使用脑内脑电测量电极,1
技术方法,运动想象训练,1
技术方法,vr运动想象任务,1
技术方法,控制气动手,1
技术方法,通过脑内脑电测量电极采集,1
技术方法,应答整合,1
技术方法,测量和跟踪,1
技术方法,制造干电极的方法,1
技术方法,同时测量身体对刺激的反应,1
技术方法,微针电极采集,1
技术方法,以不同频率闪烁图像,1
技术方法,施加光刺激或图像并捕获眼球运动和面部表情变化,1
技术方法,提供神经心理学和认知任务组以生成诱发认知评估,1
技术方法,关联基线脑电波模式、眼球运动和面部表情及诱发认知评估与概况数据,1
技术方法,测试对声音的敏感性并记录语音,1
技术方法,对记录的语音进行语言处理并关联概况数据,1
技术方法,记录语音,1
技术方法,对语音进行语言处理,1
技术方法,获取视频质量参数,1
技术方法,获取用户画像,1
技术方法,基于用户画像索引表映射,1
技术方法,记录时间戳信息,1
技术方法,调用预设的量表接口文件,1
技术方法,采用gui界面的形式显示情绪状态评价窗口,1
技术方法,交替显示刺激,1
技术方法,检测记录的脑电波与记录的传感器数据之间的相关性,1
技术方法,响应于对媒体内容的观看来确定用户的认知状态,1
技术方法,基于认知状态执行动作,1
技术方法,基于低功耗蓝牙的非侵入式有源干电极系统,1
技术方法,接收、跟踪和/或分析来自用户的数据,1
技术方法,基于由传感器和所部署的数字设备提供的数据,1
技术方法,跟随语音、鼠标和键盘使用、其他程序的使用的系统处理信道,1
技术方法,跟随用户的运动数据,1
技术方法,发起启动刺激过程,1
技术方法,呈现视觉感知学习任务,1
技术方法,生成偏转时间分布和幅度分布,1
技术方法,中医病理分析,1
技术方法,经颅刺激放电,1
技术方法,生成偏转时间分布,1
技术方法,生成偏转的幅度分布,1
技术方法,登录系统,1
技术方法,录入、修改和删除被试人员信息,1
技术方法,权限控制,1
技术方法,创建实验记录,1
技术方法,上传脑电数据文件至云端,1
技术方法,读取电极配置文件,1
技术方法,读取电极配置文件和脑电数据文件,1
技术方法,对脑电数据进行处理,1
技术方法,存储和管理识别的大脑健康和身体健康数据,1
技术方法,分析被测对象的当前大脑和身体健康,1
技术方法,管理特定管理项目相关的测量因素历史,1
技术方法,统计分析变化并报告,1
技术方法,提出五种感官的各种改善方法的处方,1
技术方法,提供用于执行每种状态处方的各种内容及其示例,1
技术方法,再次分析测量结果,1
技术方法,特征选择和提取,1
技术方法,信号归一化,1
技术方法,k近邻,1
技术方法,多模型融合技术,1
技术方法,判断分值数据是否符合预设的基准评分,1
技术方法,发送至预设的数据模型中进行模型优化,1
技术方法,更新不同推送内容的权重,1
技术方法,通过数据模型对脑电信号对应的分值数据进行优化,1
技术方法,智能知识推荐引擎动态调整,1
技术方法,脑刺激施加,1
技术方法,动态生成ssvep控制界面,1
技术方法,语义理解与推理识别,1
技术方法,生成式大模型,1
技术方法,形成心理指令,1
技术方法,形成eeg信号训练样本,1
技术方法,神经网络训练,1
技术方法,频时域分析,1
技术方法,幅相域分析,1
技术方法,形成语音信号分析通道,1
技术方法,形成语音命令词典,1
技术方法,用户语音认证,1
技术方法,单词识别,1
技术方法,数据加密,1
技术方法,用户同意模块,1
技术方法,脑波检测模块,1
技术方法,反馈生成,1
技术方法,刺激呈现,1
技术方法,用户档案存储与检索,1
技术方法,治疗干预推荐,1
技术方法,药物给予,1
技术方法,独立分量分析,1
技术方法,矩阵操作,1
技术方法,业务管理模块基于采集通道及用户场景需求匹配确定目标算法,1
技术方法,业务管理模块基于分析结果及用户场景需求生成需求界面,1
技术方法,脑机接口多模块一体化管理平台中不同模块的数据交互,1
技术方法,风险传播链构建,1
技术方法,风险加速度分析,1
技术方法,动态延迟容忍度融合,1
技术方法,快慢分档,1
技术方法,康复方案的动态调整,1
技术方法,数据库查询,1
技术方法,生成发作警报,1
技术方法,自适应噪声消除器,1
技术方法,沉浸式vr环境构建,1
技术方法,多感官刺激联动调控,1
技术方法,闭环神经反馈调控,1
技术方法,个性化方案生成,1
技术方法,认知负荷的犯罪情节测试cl-gkt-erp范式,1
技术方法,分布分析,1
技术方法,根据cff反馈数据对时间戳进行分析,1
技术方法,动态调整视觉刺激参数,1
技术方法,分析认知事件,1
技术方法,将认知事件与排名相关联,1
技术方法,映射规则建立,1
技术方法,可视化执行运动动作,1
技术方法,计算特征,1
技术方法,提供反馈模式,1
技术方法,参照用户的大脑活动状态产生刺激信号,1
技术方法,选择第二域,1
技术方法,ai宠物互动安抚,1
技术方法,个性化安抚内容推送,1
技术方法,情绪可视化分析,1
技术方法,vr训练,1
技术方法,个性化训练内容生成,1
技术方法,动态调整训练难度和内容,1
技术方法,评估言语、认知和运动障碍,1
技术方法,跟踪动态,1
技术方法,展示vr中的社交场景,1
技术方法,执行与对象的马达接触的模仿,1
技术方法,收集和分析来自eeg设备和立体相机的数据,1
技术方法,进行功能测试,1
技术方法,计算机分析电生理信号,1
技术方法,多通道记录脑电图及心电图在实时时间,1
技术方法,记录superslow脑活性,1
技术方法,记录rheoelectroencephalogram,1
技术方法,记录photopletysmogram,1
技术方法,构建有向动态脑网络,1
技术方法,计算用户相似度,1
技术方法,采集基于眼动行为数据,1
技术方法,获取决策者方案选择时间,1
技术方法,计算决策行为数据之间的关联度,1
技术方法,建立决策者-方案之间的相关关系,1
技术方法,采集原始脑电信号并去除伪迹和噪声,1
技术方法,提取事件相关电位erps在决策者方案选择时的电位变化,1
技术方法,采集基于眼动行为数据得到的注意程度,1
技术方法,获取方案选择时间,1
技术方法,计算关联度,1
技术方法,分析反应时间和正确率,1
技术方法,迷走神经电刺激,1
技术方法,粉红噪声刺激,1
技术方法,峰-对-稳定多个使用bci蚀刻,1
技术方法,模型验证与优化,1
技术方法,提供包括个人知识和非显著刺激的刺激源,1
技术方法,解释和分析对个人知识的反应,1
技术方法,计算用户系数,1
技术方法,标记用户等级,1
技术方法,云边联邦学习,1
技术方法,分布式机器学习分析,1
技术方法,特征提取与计算,1
技术方法,数字孪生康复规划,1
技术方法,磁悬浮交互逻辑,1
技术方法,强化学习动态调整情境,1
技术方法,个性化分析,1
技术方法,使用具有挑战性的任务将控制注意引导到某个位置,1
技术方法,微妙地呈现额外刺激材料,1
技术方法,映射神经活动,1
技术方法,映射口头反应的语言数据,1
技术方法,比较神经活动,1
技术方法,映射,1
技术方法,处理响应以确定显著认知响应,1
技术方法,处理提示和刺激位置的时间序列,1
技术方法,播放媒体文件,1
技术方法,索引媒体文件,1
技术方法,存储媒体文件和脑波信号,1
技术方法,比较响应结果,1
技术方法,运动想象(mi)信号分类,1
技术方法,激励条件判断,1
技术方法,接收所请求的刺激数据,1
技术方法,接收传感器数据和其他情境数据,1
技术方法,将请求的刺激数据变换为修改的刺激,1
技术方法,混合经修改的刺激和环境刺激,1
技术方法,确定相关性得分,1
技术方法,联合采集与分析脑电和功能磁共振信号,1
技术方法,频率调制,1
技术方法,代码调制,1
技术方法,基于认知状态或情感状态确定内容递送定时,1
技术方法,基于认知状态或情感状态选择内容,1
技术方法,鉴定或预测生物事件,1
技术方法,决定信息呈现时机,1
技术方法,决定何时呈现信息,1
技术方法,采集食物图片,1
技术方法,筛选食物图片数据集,1
技术方法,提交警告信号,1
技术方法,匹配情况分析,1
技术方法,用户画像更新,1
技术方法,营销卖点生成,1
技术方法,比较个性化基线卒中分数与第二卒中分数,1
技术方法,生成卒中度量,1
技术方法,存储卒中度量,1
技术方法,使用微状态重构后的时间序列构建脑功能网络,1
技术方法,向用户提供图像内容,1
技术方法,提供可检测的指示,1
技术方法,向用户呈现与两个或更多选项相关的信息,1
技术方法,从与呈现给用户的信息相关联的一个或多个可能动作中选择一个动作,1
技术方法,生成与所选动作相关联的输出,1
技术方法,选择一个动作,1
技术方法,生成与所选动作相关的输出,1
技术方法,时间过滤,1
技术方法,使用具有循环层和神经元层的神经网络,1
技术方法,划分第一时间窗,1
技术方法,划分第二时间窗,1
技术方法,传递可检测的指示,1
技术方法,基于超声波传感器的避碰算法,1
技术方法,眨眼持续时间映射算法,1
技术方法,确定多个时间节点,1
技术方法,根据动作意图预测结果确定目标动作意图,1
技术方法,确定关联程度是否超过预定阈值,1
技术方法,计算语音倒谱,1
技术方法,基于相关值分类,1
技术方法,选择通道,1
技术方法,从耦合到用户的传感器接收脑电图信号,1
技术方法,声音处理,1
技术方法,语音倒谱计算,1
技术方法,系数选择,1
技术方法,获取场所id,1
技术方法,存储用户偏好数据,1
技术方法,执行选择性影响深层边缘区域激活的活动,1
技术方法,传递人类可检测的指示,1
技术方法,ram乘法,1
技术方法,累加和锁定,1
技术方法,组归一化,1
技术方法,独立成分的时间序列识别,1
技术方法,堆叠的cngru层,1
技术方法,最大池化层,1
技术方法,检测用户改变,1
技术方法,接收至少一个神经测量系统,1
技术方法,选择性定位细长支撑件,1
技术方法,传感器帽选择性可调节定位,1
技术方法,与先前从同一患者获得的一组阈值参考值进行比较,1
技术方法,通过显示器或听觉信号通知操作者,1
技术方法,检测孤立肌肉活动,1
技术方法,检测心跳间隔,1
技术方法,检测电诱发eeg发作的eeg参数,1
技术方法,与先前获得的阈值比较,1
技术方法,分类器映射,1
技术方法,权重因子,1
技术方法,粗粒化序列,1
技术方法,经过时间显示,1
技术方法,设置频率范围,1
技术方法,生成控制命令,1
技术方法,定义针对数值解的约束,1
生物信号类型,eeg,1064
生物信号类型,脑电信号,972
生物信号类型,脑电图信号,516
生物信号类型,脑电图(eeg),421
生物信号类型,神经信号,346
生物信号类型,eeg信号,341
生物信号类型,脑电波,335
生物信号类型,脑电图,266
生物信号类型,脑电图数据,210
生物信号类型,脑信号,151
生物信号类型,神经活动,130
生物信号类型,电信号,130
生物信号类型,脑电波信号,124
生物信号类型,脑电图(eeg)信号,115
生物信号类型,脑电,114
生物信号类型,神经响应,96
生物信号类型,脑电数据,91
生物信号类型,脑波,88
生物信号类型,神经生理信号,87
生物信号类型,fmri,83
生物信号类型,生物信号,67
生物信号类型,神经反应,65
生物信号类型,脑波信号,55
生物信号类型,心电图(ekg),54
生物信号类型,眼电图(eog),51
生物信号类型,动作电位,50
生物信号类型,脑电活动,50
生物信号类型,大脑活动,50
生物信号类型,事件相关电位,48
生物信号类型,脑活动,47
生物信号类型,电生理信号,46
生物信号类型,眼电描记术(eog),45
生物信号类型,皮肤电反应(gsr),44
生物信号类型,脑活动数据,43
生物信号类型,生物电信号,40
生物信号类型,事件相关电位(erp),37
生物信号类型,心率,31
生物信号类型,脑活动信号,30
生物信号类型,眼跟踪,30
生物信号类型,eog,30
生物信号类型,mi-eeg,30
生物信号类型,神经复合动作电位,29
生物信号类型,神经活动信号,29
生物信号类型,神经元活性,28
生物信号类型,脑电(eeg)信号,28
生物信号类型,运动想象脑电信号,28
生物信号类型,生理信号,27
生物信号类型,脑电(eeg)数据,27
生物信号类型,eeg脑电信号,26
生物信号类型,脑电波数据,26
生物信号类型,emg,26
生物信号类型,高频振荡(hfo),25
生物信号类型,温度,25
生物信号类型,面部情绪编码,25
生物信号类型,眼动数据,25
生物信号类型,神经反应数据,25
生物信号类型,神经活性,24
生物信号类型,脑电信号(eeg),24
生物信号类型,神经刺激信号,23
生物信号类型,眼动信号,23
生物信号类型,fmri数据,23
生物信号类型,肌电图,22
生物信号类型,脑磁图(meg),22
生物信号类型,eeg脑波数据,22
生物信号类型,面部表情,22
生物信号类型,神经元活动,21
生物信号类型,局部场电位,21
生物信号类型,复合动作电位,21
生物信号类型,心率变异性,21
生物信号类型,ecg,21
生物信号类型,头皮脑电图,21
生物信号类型,脑电(eeg),20
生物信号类型,eeg数据,20
生物信号类型,测试信号,19
生物信号类型,大脑信号,18
生物信号类型,诱发的响应,17
生物信号类型,电刺激信号,17
生物信号类型,生理参数信息,17
生物信号类型,皮肤电流响应(gsr),17
生物信号类型,功能磁共振成像(fmri),17
生物信号类型,神经电活动,16
生物信号类型,神经刺激,16
生物信号类型,神经数据,16
生物信号类型,神经电信号,16
生物信号类型,诱发电位,16
生物信号类型,光信号,16
生物信号类型,迷走神经诱发电位,16
生物信号类型,fmri信号,16
生物信号类型,smri,16
生物信号类型,皮肤电传导,16
生物信号类型,第一感测信号,15
生物信号类型,第二感测信号,15
生物信号类型,fnirs,15
生物信号类型,肌电图(emg),15
生物信号类型,视觉诱发电位,15
生物信号类型,响应信号,14
生物信号类型,神经记录,14
生物信号类型,电生理参数,14
生物信号类型,皮肤电导,14
生物信号类型,稳态视觉诱发电位信号,14
生物信号类型,眼动追踪信号,14
生物信号类型,心电图(ecg),14
生物信号类型,ep,14
生物信号类型,bold信号,14
生物信号类型,头皮脑电信号,14
生物信号类型,脉冲血氧测定数据,14
生物信号类型,神经生理数据,14
生物信号类型,生物电脑信号,13
生物信号类型,生理水平,13
生物信号类型,皮质内eeg,13
生物信号类型,神经活动数据,13
生物信号类型,电生理数据,13
生物信号类型,语音信号,13
生物信号类型,心电图,13
生物信号类型,血压,13
生物信号类型,心电,13
生物信号类型,生理响应,12
生物信号类型,诱发响应,12
生物信号类型,癫痫波形,12
生物信号类型,电神经信号,12
生物信号类型,颅内脑电信号,12
生物信号类型,内源性脑电信号,12
生物信号类型,运动想象脑信号,12
生物信号类型,神经响应数据,12
生物信号类型,皮肤流电响应(gsr),12
生物信号类型,眼睛跟踪,12
生物信号类型,大脑活动信号,12
生物信号类型,脑电图测量数据,12
生物信号类型,fnirs信号,12
生物信号类型,功能磁共振成像数据,12
生物信号类型,脑血液灌流数据,12
生物信号类型,ekg,11
生物信号类型,中枢神经系统数据,11
生物信号类型,自主神经系统数据,11
生物信号类型,脑磁图,11
生物信号类型,体感诱发电位,11
生物信号类型,meg,11
生物信号类型,eog信号,11
生物信号类型,肌电,11
生物信号类型,神经元信号,10
生物信号类型,运动信号,10
生物信号类型,运动特征信号,10
生物信号类型,脑电波(eeg),10
生物信号类型,注视数据,10
生物信号类型,脑电图(eeg)数据,10
生物信号类型,运动想象(mi)脑信号,10
生物信号类型,稳态视觉诱发电位(ssvep)信号,10
生物信号类型,α波,10
生物信号类型,生理数据,10
生物信号类型,体温,10
生物信号类型,运动,10
生物信号类型,功能性近红外光谱信号,10
生物信号类型,功能磁共振成像,10
生物信号类型,录音,10
生物信号类型,运动数据,10
生物信号类型,皮电,10
生物信号类型,语音,10
生物信号类型,功能磁共振信号,10
生物信号类型,第一电信号,9
生物信号类型,局部场电位(lfp),9
生物信号类型,脑内电活动,9
生物信号类型,电活动,9
生物信号类型,效应器数据,9
生物信号类型,定量脑电图(qeeg),9
生物信号类型,erp,9
生物信号类型,稳态视觉诱发电位(ssvep),9
生物信号类型,脑电波响应,9
生物信号类型,神经学响应数据,9
生物信号类型,心率变异性(hrv),9
生物信号类型,fnirs数据,9
生物信号类型,脑电波测量数据,9
生物信号类型,血管运动反应性数据,9
生物信号类型,脑血流灌注数据,9
生物信号类型,功能性近红外光谱,9
生物信号类型,固有脑波频率,8
生物信号类型,偏置振荡活动,8
生物信号类型,共振响应,8
生物信号类型,脑电模式,8
生物信号类型,发声神经电位,8
生物信号类型,脑电波电信号,8
生物信号类型,脑电特性,8
生物信号类型,皮层电图(ecog),8
生物信号类型,诱发化合物活性(eca),8
生物信号类型,动作电位尖峰,8
生物信号类型,脑血流,8
生物信号类型,多通道脑电信号,8
生物信号类型,电位信号,8
生物信号类型,单通道脑电图(eeg)信号,8
生物信号类型,呼吸,8
生物信号类型,眼电图,8
生物信号类型,脑磁图数据,8
生物信号类型,行为数据,8
生物信号类型,电皮肤反应(gsr),8
生物信号类型,振幅整合脑电图,8
生物信号类型,脑活动参数,8
生物信号类型,电图信号,8
生物信号类型,脑电图活动数据,8
生物信号类型,静息态功能磁共振图像,8
生物信号类型,电机的反应性数据,8
生物信号类型,脑振荡,8
生物信号类型,头皮脑电图信号,8
生物信号类型,生物体信号,8
生物信号类型,神经生理学数据,8
生物信号类型,神经血管数据,8
生物信号类型,面部数据,8
生物信号类型,皮肤电活动,8
生物信号类型,脑磁信号,8
生物信号类型,epoch信号,8
生物信号类型,电刺图(esg)信号,7
生物信号类型,肌电信号,7
生物信号类型,神经元活动信号,7
生物信号类型,外周运动学信号,7
生物信号类型,ecog,7
生物信号类型,诱发动作电位,7
生物信号类型,磁共振影像,7
生物信号类型,生物电位,7
生物信号类型,脑生物信号,7
生物信号类型,脑活动模式,7
生物信号类型,信号,7
生物信号类型,神经相关信号,7
生物信号类型,神经信号数据,7
生物信号类型,眼动追踪数据,7
生物信号类型,ssvep,7
生物信号类型,fmri脑信号,7
生物信号类型,呼吸数据,7
生物信号类型,大脑活动参数,7
生物信号类型,α节律,7
生物信号类型,脑功能磁共振成像信号,7
生物信号类型,功能磁共振成像(fmri)数据,7
生物信号类型,生物特征信号,7
生物信号类型,脑电图eeg,7
生物信号类型,皮肤电反应,7
生物信号类型,光电体积描记(ppg),7
生物信号类型,脑电波生理信号,7
生物信号类型,响应电位,6
生物信号类型,生理状况,6
生物信号类型,诱发复合动作电位(ecap),6
生物信号类型,诱发神经反应,6
生物信号类型,诱发响应(er)值,6
生物信号类型,电生理反应,6
生物信号类型,诱发反应,6
生物信号类型,诱发电位信号,6
生物信号类型,差分信号,6
生物信号类型,电生理响应,6
生物信号类型,神经元脉冲信号,6
生物信号类型,肌肉活动,6
生物信号类型,神经电压,6
生物信号类型,记录的信号,6
生物信号类型,残余神经反应,6
生物信号类型,皮层脑电图(ecog)信号,6
生物信号类型,神经活动的电信号,6
生物信号类型,神经影像数据,6
生物信号类型,动作电位信号,6
生物信号类型,皮层电图,6
生物信号类型,脊髓电信号,6
生物信号类型,神经元节律活动,6
生物信号类型,面部情绪编码测量,6
生物信号类型,脑电信息,6
生物信号类型,稳态视觉诱发电位,6
生物信号类型,面部图像数据,6
生物信号类型,眨眼率,6
生物信号类型,大脑电活动,6
生物信号类型,视觉诱发电位(vep),6
生物信号类型,脑电图eeg信号,6
生物信号类型,fmri图像,6
生物信号类型,运动参考数据,6
生物信号类型,electrooculography(eog),6
生物信号类型,心电信号,6
生物信号类型,功能磁共振成像测量数据,6
生物信号类型,眼部图像信号,6
生物信号类型,运动、位置和稳定性数据,6
生物信号类型,图像,6
生物信号类型,音频,6
生物信号类型,皮层脑电信号,6
生物信号类型,其他类型的神经信号,6
生物信号类型,脑磁图功率时间序列,6
生物信号类型,静息态功能磁共振成像功能连接,6
生物信号类型,外周生理信号,6
生物信号类型,脑活动指数,6
生物信号类型,td-fnirs,6
生物信号类型,电磁类脑信号,6
生物信号类型,外部刺激信号,6
生物信号类型,脑功能态数据,6
生物信号类型,功能性磁共振成像(fmri),6
生物信号类型,生物信号数据,6
生物信号类型,erg信号,6
生物信号类型,生物统计数据,6
生物信号类型,肌电信号(emg),6
生物信号类型,三轴加速度,6
生物信号类型,p300脑电波,6
生物信号类型,立体定向脑电图,6
生物信号类型,视觉脑电信号,6
生物信号类型,事件相关电位erps,6
生物信号类型,诱发神经反应信号,5
生物信号类型,认知功能,5
生物信号类型,局部组织的电位,5
生物信号类型,皮层记录信号,5
生物信号类型,皮层刺激信号,5
生物信号类型,局部场电位神经信号,5
生物信号类型,反馈信号,5
生物信号类型,皮质电图,5
生物信号类型,脑机接口信号,5
生物信号类型,高密度脑电信号,5
生物信号类型,脑反应变化程度,5
生物信号类型,神经特征,5
生物信号类型,加速度计信号,5
生物信号类型,外周肌电信号,5
生物信号类型,神经放电,5
生物信号类型,脑电输出,5
生物信号类型,脑网络活动模式,5
生物信号类型,神经活动测试信号,5
生物信号类型,脑反应,5
生物信号类型,传感器数据,5
生物信号类型,θ波,5
生物信号类型,脑神经信号,5
生物信号类型,面部情感编码,5
生物信号类型,皮肤原电响应(gsr),5
生物信号类型,脑电特征,5
生物信号类型,眨眼持续时间,5
生物信号类型,面部情绪编码数据,5
生物信号类型,眼动追踪,5
生物信号类型,耳脑电图数据,5
生物信号类型,头皮脑电图数据,5
生物信号类型,电动信号,5
生物信号类型,光电体积描记图(ppg),5
生物信号类型,脑电波信息,5
生物信号类型,心电图数据,5
生物信号类型,伽马波,5
生物信号类型,事件相关电位信号,5
生物信号类型,功能磁共振成像脑的测量数据,5
生物信号类型,认知信息,5
生物信号类型,肢体语言特征信号,5
生物信号类型,口头语言特征信号,5
生物信号类型,稳定性数据,5
生物信号类型,定位和稳定性数据,5
生物信号类型,表情图片,5
生物信号类型,步态视频帧数据,5
生物信号类型,皮肤电导率,5
生物信号类型,位置,5
生物信号类型,生命体征信号,5
生物信号类型,脑电eeg数据,5
生物信号类型,眼动eye-tracking数据,5
生物信号类型,近红外光谱fnirs数据,5
生物信号类型,人脑皮层神经电信号,5
生物信号类型,大脑神经活动信号,5
生物信号类型,心理物理数据,5
生物信号类型,眼动,5
生物信号类型,神经元振荡信号,5
生物信号类型,耳-eeg,5
生物信号类型,头皮-eeg,5
生物信号类型,功能磁共振成像信号,5
生物信号类型,皮肤电响应(gsr),5
生物信号类型,脑活性,5
生物信号类型,步态,5
生物信号类型,诱发电位(ep),5
生物信号类型,原始脑电图信号,5
生物信号类型,响应,4
生物信号类型,神经调制信号,4
生物信号类型,棘电图esg信号,4
生物信号类型,ecap,4
生物信号类型,脑节律,4
生物信号类型,肌电图信号,4
生物信号类型,感测信号,4
生物信号类型,生物电的信号,4
生物信号类型,高频振荡,4
生物信号类型,神经振荡,4
生物信号类型,生理测量,4
生物信号类型,神经反应遥测测量值,4
生物信号类型,参考值(ne)值,4
生物信号类型,单细胞神经电记录,4
生物信号类型,大脑皮层电信号,4
生物信号类型,单个神经元脉冲信号,4
生物信号类型,大脑神经元电讯号,4
生物信号类型,电脉冲,4
生物信号类型,声音,4
生物信号类型,电极信号,4
生物信号类型,皮层脑电图,4
生物信号类型,音频信号,4
生物信号类型,残余运动,4
生物信号类型,脑神经活动,4
生物信号类型,运动诱发电位(mep),4
生物信号类型,目标脑电波,4
生物信号类型,感测数据,4
生物信号类型,慢波,4
生物信号类型,ecap电压,4
生物信号类型,周围神经电信号,4
生物信号类型,皮层脑波,4
生物信号类型,脑深部场电位,4
生物信号类型,电生理神经信号,4
生物信号类型,大脑振荡,4
生物信号类型,局部场电位信号,4
生物信号类型,下颞(it)皮层记录的神经信号,4
生物信号类型,肌电状态,4
生物信号类型,运动皮层的脑电信号,4
生物信号类型,脑深部神经核团的局部场电位信号,4
生物信号类型,身体信号,4
生物信号类型,脑部活动,4
生物信号类型,电活动信号,4
生物信号类型,ecap信号,4
生物信号类型,神经刺激诱发的响应,4
生物信号类型,电生理活动,4
生物信号类型,脑的电输出,4
生物信号类型,颅内信号,4
生物信号类型,小脑脑电信号,4
生物信号类型,皮肤电导信号,4
生物信号类型,脑反应信号,4
生物信号类型,神经脉冲,4
生物信号类型,皮肤电流反应(gsr),4
生物信号类型,生物统计信号,4
生物信号类型,errp,4
生物信号类型,眼部图像,4
生物信号类型,眼睛跟踪信号,4
生物信号类型,脑电图谱,4
生物信号类型,脑电波模式,4
生物信号类型,诱发电位数据,4
生物信号类型,脑血流数据,4
生物信号类型,脑结构影像,4
生物信号类型,脑功能影像,4
生物信号类型,事件相关电位信号成分,4
生物信号类型,运动活动,4
生物信号类型,脑电图生物电位,4
生物信号类型,表情编码,4
生物信号类型,光电容积描记(ppg),4
生物信号类型,认知数据,4
生物信号类型,mri,4
生物信号类型,眼睛跟踪测量值,4
生物信号类型,脑电诱发信号,4
生物信号类型,心跳,4
生物信号类型,事件相关的潜在(erp),4
生物信号类型,脑电描记法(eeg),4
生物信号类型,眼动电图描记法(eog),4
生物信号类型,物理参数,4
生物信号类型,生理参数,4
生物信号类型,ceeg,4
生物信号类型,动态脑图,4
生物信号类型,电生理脑反应,4
生物信号类型,脑电图识别数据,4
生物信号类型,电描记信号,4
生物信号类型,休息站功能磁共振成像(rsfmri)数据,4
生物信号类型,弥散磁共振成像数据,4
生物信号类型,脑电eeg信号,4
生物信号类型,rs-fmri图像,4
生物信号类型,光学成像,4
生物信号类型,面部表情图像,4
生物信号类型,面部信息,4
生物信号类型,眼睛活动,4
生物信号类型,心脏活动,4
生物信号类型,脑磁图信号,4
生物信号类型,氧合,4
生物信号类型,神经相关数据,4
生物信号类型,脑电图脑波数据,4
生物信号类型,脉搏血氧数据,4
生物信号类型,神经生理活动,4
生物信号类型,多模态情感数据,4
生物信号类型,虹膜数据,4
生物信号类型,眼球方向,4
生物信号类型,事件相关电位erp,4
生物信号类型,区域脑电图测量,4
生物信号类型,脑电波节律信号,4
生物信号类型,神经反馈,4
生物信号类型,ecog信号,4
生物信号类型,大脑相关输入数据,4
生物信号类型,神经生理活动时间序列,4
生物信号类型,近红外光谱,4
生物信号类型,执行器数据,4
生物信号类型,磁共振信号,4
生物信号类型,手部运动,4
生物信号类型,ssver,4
生物信号类型,生理响应信号,4
生物信号类型,信号数据,4
生物信号类型,诱发脑电信号,4
生物信号类型,近红外信号,4
生物信号类型,眼球运动,4
生物信号类型,gsr,4
生物信号类型,结构神经成像信号,4
生物信号类型,功能神经成像信号,4
生物信号类型,脑内脑电信号,4
生物信号类型,肌肉电活动信号,4
生物信号类型,运动姿态信号,4
生物信号类型,磁共振成像,4
生物信号类型,t1加权图像,4
生物信号类型,t2液体衰减反转恢复图像,4
生物信号类型,磁共振血管造影,4
生物信号类型,相位对比血管成像,4
生物信号类型,视觉信号,4
生物信号类型,脑磁图响应数据,4
生物信号类型,脑电信号eeg,4
生物信号类型,eeg波形,4
生物信号类型,脑电讯号,3
生物信号类型,神经测量,3
生物信号类型,记录电活动,3
生物信号类型,脑电图节律,3
生物信号类型,表征信号,3
生物信号类型,局部组织电位,3
生物信号类型,电棘图(esg)信号,3
生物信号类型,刺激反馈信号,3
生物信号类型,功能活性神经组织,3
生物信号类型,微电极检测到的信号,3
生物信号类型,组织电活动,3
生物信号类型,核团的电活动,3
生物信号类型,神经反应强度,3
生物信号类型,电记录信号,3
生物信号类型,电极刺激信号,3
生物信号类型,电活性,3
生物信号类型,化学活性,3
生物信号类型,表面肌电信号,3
生物信号类型,皮层癫痫电生理信号,3
生物信号类型,双光子钙成像信号,3
生物信号类型,电化学信号,3
生物信号类型,标准动作电位信号,3
生物信号类型,spike信号,3
生物信号类型,能量感测信号,3
生物信号类型,神经系统的i/o特性,3
生物信号类型,输出响应,3
生物信号类型,目标脑波,3
生物信号类型,传入神经的自发刺突模式,3
生物信号类型,神经化合物作用电位,3
生物信号类型,神经元响应,3
生物信号类型,诱发反应(er)值,3
生物信号类型,无效应(ne)值,3
生物信号类型,纺锤体,3
生物信号类型,脑电生物标记物,3
生物信号类型,自主神经系统活动,3
生物信号类型,eeg变异性,3
生物信号类型,emg变异性,3
生物信号类型,脊髓中测量的活动频率,3
生物信号类型,伪迹,3
生物信号类型,t1加权mri,3
生物信号类型,神经元记录信号,3
生物信号类型,生理活动信号,3
生物信号类型,神经活动的证据,3
生物信号类型,传感器信号,3
生物信号类型,大脑神经活性信号,3
生物信号类型,心动周期,3
生物信号类型,脑活性信号,3
生物信号类型,皮层电图(ecog)信号,3
生物信号类型,固有神经信号,3
生物信号类型,神经冲动,3
生物信号类型,神经活动测量信号,3
生物信号类型,皮层脑电图(ecog),3
生物信号类型,皮层内微电极信号,3
生物信号类型,指示大脑活动的信号,3
生物信号类型,功能性磁共振成像数据,3
生物信号类型,原始分辨率信号,3
生物信号类型,原始信号,3
生物信号类型,脑电波形,3
生物信号类型,注视运动,3
生物信号类型,眼睛追踪信号,3
生物信号类型,眼跟踪信号,3
生物信号类型,眨眼信息,3
生物信号类型,eeg(脑电图),3
生物信号类型,erp(事件相关电位),3
生物信号类型,心率(hr),3
生物信号类型,突触尖峰,3
生物信号类型,身体参数数据,3
生物信号类型,耳脑电数据(ear-eeg),3
生物信号类型,头皮eeg数据(头皮eeg),3
生物信号类型,情绪反应脑电数据,3
生物信号类型,脑电情绪数据,3
生物信号类型,脑活动信息,3
生物信号类型,头皮肌电信号,3
生物信号类型,脑波特征,3
生物信号类型,生物测定信号,3
生物信号类型,非神经生理数据,3
生物信号类型,单通道ssvep信号,3
生物信号类型,听性脑干反应波形数据,3
生物信号类型,预处理后脑电信号,3
生物信号类型,神经生理学信号,3
生物信号类型,脑部活动数据,3
生物信号类型,脑电图信号(eeg),3
生物信号类型,肌电图信号(emg),3
生物信号类型,眼电图信号(eog),3
生物信号类型,眼球运动轨迹参数,3
生物信号类型,皮电信号,3
生物信号类型,脑电图事件相关电位,3
生物信号类型,源自大脑的电信号,3
生物信号类型,背景脑电图信号,3
生物信号类型,多面脑电图响应,3
生物信号类型,数字神经信号,3
生物信号类型,肌电图数据,3
生物信号类型,加速度数据,3
生物信号类型,角速度数据,3
生物信号类型,面部图像特征,3
生物信号类型,荧光信号,3
生物信号类型,神经-响应数据,3
生物信号类型,多个生物传感器数据流,3
生物信号类型,面部特征,3
生物信号类型,音频特征,3
生物信号类型,心跳诱发脑电波信息,3
生物信号类型,eeg脑电图,3
生物信号类型,对象温度,3
生物信号类型,脉搏血氧测量数据,3
生物信号类型,瞳孔,3
生物信号类型,功能性磁共振成像fmri,3
生物信号类型,脑电图认知数据,3
生物信号类型,瞳孔图像,3
生物信号类型,驾驶员图像,3
生物信号类型,眼睛图像,3
生物信号类型,肌肉电信号,3
生物信号类型,α波生物测定数据,3
生物信号类型,事件相关的电位,3
生物信号类型,血氧水平依赖(bold)功能磁共振成像(fmri),3
生物信号类型,脑血含氧量信号,3
生物信号类型,脑电响应,3
生物信号类型,光电容积描记术(ppg),3
生物信号类型,实时多模态生理数据流,3
生物信号类型,脑电图波,3
生物信号类型,安全信号(eog),3
生物信号类型,眼电信号(eog),3
生物信号类型,阿尔法波,3
生物信号类型,皮层电图数据,3
生物信号类型,心率变异性信号,3
生物信号类型,视网膜电图(erg)信号,3
生物信号类型,感知信号,3
生物信号类型,生理体征数据,3
生物信号类型,生命过程数据信号,3
生物信号类型,瞳孔信号,3
生物信号类型,脑波特征量,3
生物信号类型,阻抗信号,3
生物信号类型,脉搏波,3
生物信号类型,人体体征参数,3
生物信号类型,书写行为数据,3
生物信号类型,眼动的停留时间信号,3
生物信号类型,脑电图(eeg)电位,3
生物信号类型,电位变化,3
生物信号类型,rtfmri,3
生物信号类型,脑电波频率,2
生物信号类型,沿神经纤维传播的信号,2
生物信号类型,脊髓的神经纤维的信号,2
生物信号类型,电位电生理记录程序,2
生物信号类型,脊髓的神经纤维行进的信号,2
生物信号类型,生物电反应,2
生物信号类型,迷走神经的电活性,2
生物信号类型,个体患者的数据,2
生物信号类型,临床症状,2
生物信号类型,可塑性的改变机制,2
生物信号类型,皮质兴奋性和反应性,2
生物信号类型,探针信号,2
生物信号类型,第一响应,2
生物信号类型,皮下神经活动,2
生物信号类型,生理信息,2
生物信号类型,认知脑信号,2
生物信号类型,功能磁共振成像图,2
生物信号类型,神经回路激活状态,2
生物信号类型,脑皮层电图,2
生物信号类型,脑肌电信号,2
生物信号类型,自发神经活动,2
生物信号类型,自主神经张力,2
生物信号类型,疼痛体验,2
生物信号类型,诊断诱发电位,2
生物信号类型,肌电活动包络信号,2
生物信号类型,交流电信号,2
生物信号类型,直流电信号,2
生物信号类型,神经测量值,2
生物信号类型,晚期反应,2
生物信号类型,神经业务,2
生物信号类型,神经流量,2
生物信号类型,心电图信号,2
生物信号类型,刺激响应,2
生物信号类型,单细胞动作电位信号,2
生物信号类型,多细胞场电位信号,2
生物信号类型,传出神经信号,2
生物信号类型,大脑状态参数,2
生物信号类型,生理值,2
生物信号类型,神经触发信号,2
生物信号类型,脑状态特征参数,2
生物信号类型,生理反应,2
生物信号类型,生物电,2
生物信号类型,患者数据,2
生物信号类型,单细胞动作电位,2
生物信号类型,模拟神经电压,2
生物信号类型,功率密度,2
生物信号类型,光谱,2
生物信号类型,心脏周期,2
生物信号类型,神经电位,2
生物信号类型,迟发性响应,2
生物信号类型,神经数据估计,2
生物信号类型,外部传感器信号,2
生物信号类型,大脑记录,2
生物信号类型,脑电图(eeg)活动,2
生物信号类型,主动本体感觉信号,2
生物信号类型,模拟信号,2
生物信号类型,数字信号,2
生物信号类型,运动诱发电位,2
生物信号类型,深脑电信号,2
生物信号类型,浅脑电脉冲,2
生物信号类型,多模态电生理信号,2
生物信号类型,电刺激结构连接信号,2
生物信号类型,局部磁场,2
生物信号类型,神经活动响应,2
生物信号类型,内在神经活动,2
生物信号类型,颅内脑电图(eeg),2
生物信号类型,发作性颅内eeg模式,2
生物信号类型,神经元激活,2
生物信号类型,内在神经活性,2
生物信号类型,神经复合动作电位反应,2
生物信号类型,神经元起搏信号,2
生物信号类型,脑血流量,2
生物信号类型,刺激伪影,2
生物信号类型,诱发的复合动作电位,2
生物信号类型,感测电信号,2
生物信号类型,无影响(ne)值,2
生物信号类型,细胞外信号,2
生物信号类型,组织刺激脉冲,2
生物信号类型,感测到的组织信息,2
生物信号类型,神经电生理信号,2
生物信号类型,异常同步的脑电活动,2
生物信号类型,皮肤电活动(eda)信号,2
生物信号类型,脑波模式,2
生物信号类型,场电位波形,2
生物信号类型,尖波涟漪波形,2
生物信号类型,肌电图(emg)信号,2
生物信号类型,手势信号,2
生物信号类型,功能性近红外光谱(fnirs),2
生物信号类型,视觉生物信号,2
生物信号类型,眼活性,2
生物信号类型,头皮和面部肌肉活性,2
生物信号类型,心脏活性,2
生物信号类型,脑电图电位,2
生物信号类型,眼球行为,2
生物信号类型,稳态诱发电位,2
生物信号类型,眼动特征,2
生物信号类型,眨眼,2
生物信号类型,身体运动方向信号,2
生物信号类型,眼电(eog)信号,2
生物信号类型,眼动追踪信号和eeg信号,2
生物信号类型,呼吸压力,2
生物信号类型,德尔塔(δ)波,2
生物信号类型,西塔(θ)波,2
生物信号类型,阿尔法(α)波,2
生物信号类型,smr波,2
生物信号类型,贝塔(β)波,2
生物信号类型,伽马(σ)波,2
生物信号类型,大脑生物信号,2
生物信号类型,事件相关电位信号分量,2
生物信号类型,脑电波特征,2
生物信号类型,面部情感编码数据,2
生物信号类型,眼动信息,2
生物信号类型,生物传感器信息,2
生物信号类型,eeg简档,2
生物信号类型,脑活动电位信号,2
生物信号类型,脑部刺激模式,2
生物信号类型,身体刺激,2
生物信号类型,p300电位,2
生物信号类型,图像运动脑电图信号,2
生物信号类型,p300,2
生物信号类型,瞳孔运动,2
生物信号类型,呼吸信号,2
生物信号类型,光电容积描记图(ppg),2
生物信号类型,脑波响应,2
生物信号类型,就绪电位,2
生物信号类型,erp的分量,2
生物信号类型,事件相关去同步(erd),2
生物信号类型,光电体积描记,2
生物信号类型,β波,2
生物信号类型,加速度计测量,2
生物信号类型,麦克风测量,2
生物信号类型,动脉血氧测量,2
生物信号类型,血糖水平,2
生物信号类型,电极记录,2
生物信号类型,脑电图(eeg)脑电波,2
生物信号类型,脑组织,2
生物信号类型,嗅觉皮层信号,2
生物信号类型,情绪相关脑电数据,2
生物信号类型,特定味觉强度脑电数据,2
生物信号类型,功能核磁共振信号,2
生物信号类型,mmn,2
生物信号类型,n400,2
生物信号类型,排汗,2
生物信号类型,肌肉张力,2
生物信号类型,α波信号,2
生物信号类型,θ波信号,2
生物信号类型,δ波信号,2
生物信号类型,δ波信号、θ波信号和α波信号,2
生物信号类型,光电体积描记术(ppg),2
生物信号类型,身体位置,2
生物信号类型,时间,2
生物信号类型,速度,2
生物信号类型,局部脑电图信号,2
生物信号类型,范围脑电图,2
生物信号类型,频谱边缘频率,2
生物信号类型,听觉诱发电位,2
生物信号类型,脑激活,2
生物信号类型,原电池皮肤响应,2
生物信号类型,lfp信号,2
生物信号类型,脉冲信号,2
生物信号类型,nirs,2
生物信号类型,运动相关皮层电位(mrcp),2
生物信号类型,θ节律,2
生物信号类型,β节律,2
生物信号类型,γ节律,2
生物信号类型,t1加权磁共振图像,2
生物信号类型,面部的情绪编码,2
生物信号类型,表情编码测量,2
生物信号类型,面部情感编码测量,2
生物信号类型,语音记录,2
生物信号类型,脉搏血氧测定数据,2
生物信号类型,脑血液灌注数据,2
生物信号类型,位置数据,2
生物信号类型,血管电机的反应性数据,2
生物信号类型,面部图像,2
生物信号类型,语音数据,2
生物信号类型,语音活动,2
生物信号类型,皮肤电阻,2
生物信号类型,皮肤阻抗,2
生物信号类型,姿势,2
生物信号类型,表情,2
生物信号类型,手势运动,2
生物信号类型,血流,2
生物信号类型,血容量,2
生物信号类型,基线信号,2
生物信号类型,生理和行为数据,2
生物信号类型,脑电时序数据,2
生物信号类型,眼动时序数据,2
生物信号类型,神经学数据,2
生物信号类型,脑电图(eeg)脑波,2
生物信号类型,脑网络,2
生物信号类型,遗传信息,2
生物信号类型,心理学评估,2
生物信号类型,脑电刺激信号,2
生物信号类型,脑认知活动信号,2
生物信号类型,瞳孔大小,2
生物信号类型,姿势值,2
生物信号类型,面部肌电图信号,2
生物信号类型,区域脑电图测量值,2
生物信号类型,正电子发射断层扫描(pet),2
生物信号类型,诱发响应电位,2
生物信号类型,接地信号,2
生物信号类型,参考信号,2
生物信号类型,nirs光谱传感器捕获的信号,2
生物信号类型,脑活力,2
生物信号类型,大脑激活,2
生物信号类型,眼睛运动,2
生物信号类型,注视点,2
生物信号类型,头部姿势,2
生物信号类型,生理参数值,2
生物信号类型,诱发反应值,2
生物信号类型,无效应值,2
生物信号类型,诱发和诱导的eeg振荡(ero),2
生物信号类型,神经生理脑活动信号,2
生物信号类型,诱发和诱导脑电图振荡,2
生物信号类型,脑电图eeg数据信号,2
生物信号类型,人脸图像,2
生物信号类型,眼跟踪数据,2
生物信号类型,大脑活动数据,2
生物信号类型,事件相关脑电位,2
生物信号类型,头皮和面部肌肉活动,2
生物信号类型,皮肤传导,2
生物信号类型,ppg,2
生物信号类型,imu,2
生物信号类型,注视,2
生物信号类型,生理电信号,2
生物信号类型,耳-头皮eeg,2
生物信号类型,生理传感器信号,2
生物信号类型,脑电神经信号,2
生物信号类型,生理指标,2
生物信号类型,呼吸率指数,2
生物信号类型,皮肤电指数,2
生物信号类型,体表温度指数,2
生物信号类型,心率指数,2
生物信号类型,心率变异指数,2
生物信号类型,光学传感器信号,2
生物信号类型,头部电信号,2
生物信号类型,k空间数据,2
生物信号类型,感觉运动节律,2
生物信号类型,感觉诱发电位(sep),2
生物信号类型,脑电波记录,2
生物信号类型,原始脑电信号,2
生物信号类型,眼球变化,2
生物信号类型,大脑活化,2
生物信号类型,皮肤流电响应,2
生物信号类型,肢体感知信号,2
生物信号类型,外周生理电数据,2
生物信号类型,脑血氧信号,2
生物信号类型,感觉运动脑电图信号,2
生物信号类型,眼电信号,2
生物信号类型,行为信号,2
生物信号类型,脑电图(eeg)脑电波数据,2
生物信号类型,口头反应,2
生物信号类型,眼睛位置,2
生物信号类型,眼跳,2
生物信号类型,生物特征识别信息,2
生物信号类型,加速度,2
生物信号类型,陀螺仪数据,2
生物信号类型,脉搏血氧,2
生物信号类型,体感表述语音信息,2
生物信号类型,惯性测量单元,2
生物信号类型,多模态数据,2
生物信号类型,erp信号,2
生物信号类型,superslow脑活性,2
生物信号类型,rheoelectroencephalogram,2
生物信号类型,photopletysmogram,2
生物信号类型,眼动行为数据,2
生物信号类型,自发电生理活动,2
生物信号类型,柔性生物电信号,2
生物信号类型,瞳孔反应的扩张信号,2
生物信号类型,血管反应的成像信号,2
生物信号类型,原功能代谢的磁共振成像数据,2
生物信号类型,原功能磁共振灌注成像数据,2
生物信号类型,化学感觉事件相关电位,2
生物信号类型,心电伪迹信号ecg,2
生物信号类型,神经或精神状况,1
生物信号类型,脑活动节律振荡,1
生物信号类型,局部脑代谢,1
生物信号类型,脑的异常活动,1
生物信号类型,第一子信号,1
生物信号类型,第二子信号,1
生物信号类型,电磁刺激,1
生物信号类型,第一神经刺激信号,1
生物信号类型,第二神经刺激信号,1
生物信号类型,电流信号,1
生物信号类型,颅内压(icp),1
生物信号类型,电刺激,1
生物信号类型,融合型教师信号,1
生物信号类型,功能磁共振,1
生物信号类型,事件相关电位脑电波数据,1
生物信号类型,眼动测量,1
生物信号类型,功能性磁共振成像(mri)数据,1
生物信号类型,诱发电位幅度,1
生物信号类型,α波段,1
生物信号类型,β波段,1
生物信号类型,α和β波段相关的eeg信号特征,1
生物信号类型,眼睛追踪信号和eeg信号,1
生物信号类型,alpha频带,1
生物信号类型,theta频带,1
生物信号类型,电压,1
生物信号类型,静息期脑电图信号,1
生物信号类型,耳脑电特征矩阵,1
生物信号类型,头皮脑电特征矩阵,1
生物信号类型,脑波曲线,1
生物信号类型,脑区域,1
生物信号类型,脑活动测量值,1
生物信号类型,eeg信号训练集,1
生物信号类型,生物信号训练集,1
生物信号类型,生物信号集,1
生物信号类型,多个信号及其关系数据,1
生物信号类型,β波信号,1
生物信号类型,预处理信号集合,1
生物信号类型,诱发和诱导eeg振荡(ero),1
生物信号类型,脑电图信号和功能性近红外光谱信号,1
生物信号类型,本体感觉数据,1
生物信号类型,"eeg, eog",1
生物信号类型,化学信号,1
生物信号类型,脑电位数据,1
生物信号类型,功能连接矩阵序列,1
生物信号类型,状态空间轨迹,1
生物信号类型,联合递归图jrp,1
生物信号类型,递归特征,1
生物信号类型,血氧水平依赖性(bold)信号,1
生物信号类型,候选特征,1
生物信号类型,心理测量数据,1
生物信号类型,特定可测量响应,1
生物信号类型,情绪特征值,1
生物信号类型,皮肤电信号,1
生物信号类型,心率变异性特征,1
生物信号类型,皮电特征,1
生物信号类型,压力脑电特征,1
生物信号类型,功能性磁共振成像,1
生物信号类型,加速度信号,1
生物信号类型,体感,1
生物信号类型,神经心理学,1
生物信号类型,认知刺激,1
生物信号类型,诱发反应度量,1
生物信号类型,人脸图像、脑电信号、眼动信号,1
生物信号类型,eeg振荡(ero),1
生物信号类型,呼吸频率,1
生物信号类型,sp,1
生物信号类型,稳态视觉诱发电位特征,1
生物信号类型,运动想象特征,1
生物信号类型,感觉诱发电位,1
生物信号类型,eeg(脑电信号),1
生物信号类型,全脑磁场信号,1
生物信号类型,电极运动伪迹(ema),1
生物信号类型,呼吸伪迹(ra),1
生物信号类型,语义潜力n400,1
生物信号类型,平均潜在电位n1,1
生物信号类型,认知诱发电位p300,1
生物信号类型,功能磁共振灌注成像数据,1
生物信号类型,原功能磁共振成像数据,1
生物信号类型,事件相关电位测量值,1
生物信号类型,差分事件相关电位测量值,1
生物信号类型,"fmri数据, eeg数据",1
生物信号类型,脑电位,1
技术原理,脑机接口,36
技术原理,电刺激,33
技术原理,神经可塑性,22
技术原理,神经调节,21
技术原理,事件相关电位,18
技术原理,反馈控制,12
技术原理,生物反馈,11
技术原理,机器学习,11
技术原理,稳态视觉诱发电位,11
技术原理,运动想象,10
技术原理,神经反馈,10
技术原理,神经刺激,9
技术原理,多模态特征融合,9
技术原理,非侵入性脑接口,9
技术原理,不应期,8
技术原理,闭环控制,8
技术原理,药物释放,8
技术原理,感觉输入,8
技术原理,基于意图,8
技术原理,闭环响应,7
技术原理,注意力机制,7
技术原理,感觉神经系统,7
技术原理,诱导大脑的可塑性,6
技术原理,深度学习,6
技术原理,多模态融合,6
技术原理,多模态数据融合,6
技术原理,电辐射耦合,5
技术原理,刺激神经影响皮层下区域,5
技术原理,脑机接口技术,5
技术原理,闭环反馈,5
技术原理,当注意力集中在视觉刺激上时相关性更强,5
技术原理,有意识控制的注意反应,5
技术原理,神经反馈机制,5
技术原理,生物信号传感器接收生物信号数据,5
技术原理,虚拟现实技术,5
技术原理,刺激部位神经元的静止膜电位增加到亚阈值水平,4
技术原理,迷走神经刺激,4
技术原理,经颅电刺激,4
技术原理,调节神经元活性,4
技术原理,增强各种疗法的疗效,4
技术原理,闭环神经调节,4
技术原理,实时监测,4
技术原理,脑灌注调节,4
技术原理,"外源性电信号模拟和/或增强内源性传入活动,从而增强迷走神经诱发电位",4
技术原理,虚拟现实,4
技术原理,视觉刺激诱发神经反应,4
技术原理,预注意脑反应,4
技术原理,神经信号包含与用户视觉注意力所指向的视觉刺激的特征调制相关的信息,4
技术原理,对视觉刺激的神经响应与调制相关,4
技术原理,非侵入式基于eeg的大脑-计算机-接口,4
技术原理,不同人最常产生的脑电信号作为感觉信息的函数,4
技术原理,视觉刺激的至少一部分具有特征调制,4
技术原理,通过脑机接口设备刺激用户,4
技术原理,特征调制诱发神经反应,4
技术原理,相对运动,4
技术原理,精神状态调节,4
技术原理,视觉刺激的特征调制与神经反应的相关性,4
技术原理,特征提取,4
技术原理,低轮廓便携式设计,4
技术原理,通过调节电极长度改变接触力,3
技术原理,脑的功能组织,3
技术原理,电场的大小和极性响应于所测量的神经元活性而改变,3
技术原理,增强或抑制细胞活性,3
技术原理,响应性电刺激信号用于终止癫痫样活动,3
技术原理,闭环反馈控制,3
技术原理,反馈回路,3
技术原理,电脉冲调制,3
技术原理,刺激诱发共振响应,3
技术原理,影响皮层下区域,3
技术原理,状态转换模型,3
技术原理,生物相容性,3
技术原理,征募纤维群,3
技术原理,环氧树脂包括导电材料,3
技术原理,相位同步,3
技术原理,距离相关传递函数补偿,3
技术原理,深度学习算法,3
技术原理,无线传输,3
技术原理,迁移学习,3
技术原理,闭环调控,3
技术原理,"迷走神经将起源于心脏和肺的动作电位传导到大脑的不同结构,从而在这些结构中引发迷走神经诱发电位",3
技术原理,特征融合,3
技术原理,神经反应与调制相关,3
技术原理,神经关联,3
技术原理,用户电位的变化,3
技术原理,神经响应测量,3
技术原理,眼动追踪,3
技术原理,时空判别权重,3
技术原理,主成分分析,3
技术原理,卷积神经网络,3
技术原理,感觉诱发反应,3
技术原理,计算推理模型由多个大脑活动数据集和多个使用数据集生成,3
技术原理,弹性导电分支间歇布置形成梳状电极,3
技术原理,思维操纵,3
技术原理,脑活动快速解码,3
技术原理,基于用户生理数据调整场景,3
技术原理,分类器,3
技术原理,机器学习模型解码神经活动,3
技术原理,通过游戏化的娱乐性质鼓励长期使用,3
技术原理,稳态运动视觉诱发电位,3
技术原理,eeg数据筛选,3
技术原理,联邦学习机制,3
技术原理,评估与注意损伤相关的eeg不一致,3
技术原理,多模态信号融合,3
技术原理,国际10/20系统,3
技术原理,表皮穿透微针电极,3
技术原理,"对视觉刺激的神经响应与调制相关,当注意集中在视觉刺激上时,相关性更强",3
技术原理,注意力检测,3
技术原理,生物信号传感器嵌入在显示隔离器中,3
技术原理,可变形表面,3
技术原理,光电传感器将光转换为电流,3
技术原理,基于交互确定触觉效果,3
技术原理,数字孪生,3
技术原理,运动康复训练,3
技术原理,大脑对称性原理,3
技术原理,p300,3
技术原理,刺激锁定,3
技术原理,事件相关电位的振幅分布,3
技术原理,患者通过大脑内的生物信号检测到的意志输入来控制治疗的递送,3
技术原理,视觉脑电信号分析,3
技术原理,情绪唤醒度,3
技术原理,情绪效价,3
技术原理,用户相似度关系,3
技术原理,将刺激部位神经元的静止膜电位增加到亚阈值水平,2
技术原理,电磁刺激,2
技术原理,静止膜电位亚阈值刺激,2
技术原理,以第一信号极性偏置,2
技术原理,以第二信号极性偏置,2
技术原理,自适应控制,2
技术原理,神经调节信号控制神经状态,2
技术原理,响应参数指示响应的特征,2
技术原理,神经疾病状态指示,2
技术原理,治疗响应指示,2
技术原理,电活动包括对递送的神经刺激能量的响应,2
技术原理,神经调制,2
技术原理,使异常同步的脑电活动不同步,2
技术原理,非响应性电刺激信号被施加到中枢神经系统,2
技术原理,检测具有运动障碍症状发作特征的生理状况,2
技术原理,电刺激迷走神经,2
技术原理,心脏分支下方和神经的肝-腹腔分支上方的位置,2
技术原理,弹性,2
技术原理,纤维群征募,2
技术原理,大脑的可塑性,2
技术原理,调节神经元活动,2
技术原理,电感耦合,2
技术原理,电脉冲刺激,2
技术原理,诱发动作电位,2
技术原理,电容充放电,2
技术原理,神经元去极化,2
技术原理,交变电场靶向目标部位,2
技术原理,第一频率的电刺激,2
技术原理,第二频率的电刺激,2
技术原理,光学传感,2
技术原理,极性相反的电流,2
技术原理,减轻神经炎症,2
技术原理,压电效应,2
技术原理,以单个神经元、神经元组和神经组织为目标,2
技术原理,相位复位,2
技术原理,电极矩阵空间布局规律映射,2
技术原理,海马依赖性记忆,2
技术原理,阻抗拓扑分布测量,2
技术原理,绕簧结构增加弹性和形变范围,2
技术原理,环形结构和双钩结构利于固定,2
技术原理,神经调节迷走神经,2
技术原理,化学物质递送,2
技术原理,非侵入性脑刺激,2
技术原理,电极阵列检测脑电活动,2
技术原理,拉普拉斯电极的同心圆环结构,2
技术原理,热塑性聚合物加热成型原理,2
技术原理,自校准反馈机制,2
技术原理,开放导电网络结构电连接,2
技术原理,柔性微丝电极具有与神经元轴突相当的弯曲刚度,2
技术原理,凸起使柔性微丝电极进入生物组织后能与生物组织保持相对固定,2
技术原理,将处理神经元脉冲信号所需的大面积电容设置于绝缘介质内,2
技术原理,基于基准标记配准,2
技术原理,气压变化控制活动推杆升降移动,2
技术原理,制造电极刺激触点至螺旋神经节从高到低的药物浓度差,2
技术原理,不同材料能够充分发挥各自的优势,2
技术原理,电镀脉冲信号对电极进行电镀,2
技术原理,电刺激脉冲信号,2
技术原理,轨到轨操作,2
技术原理,离子传导,2
技术原理,刺激信号的输出频率为第二频率且刺激信号的幅值变化的频率为第一频率,2
技术原理,磁场在患者脑中感应电流,2
技术原理,反馈环路自适应补偿,2
技术原理,神经事件检测,2
技术原理,闭环响应机制,2
技术原理,颅骨上允许安装更大面积的电路系统,2
技术原理,能量收集装置供电,2
技术原理,经颅刺激,2
技术原理,微创平台,2
技术原理,基于感测信号的至少一个特征来确定目标刺激模式,2
技术原理,改变预定部位的神经元活动,2
技术原理,基于第一无线连接的激活建立第二无线连接,2
技术原理,神经募集与残余神经反应的关系,2
技术原理,基于加速度计信号预测神经特征,2
技术原理,神经电刺激,2
技术原理,狭窄支撑部支撑血管狭窄部位,2
技术原理,恢复网络内和之间的正常相关或反相关通信连接,2
技术原理,相位重置,2
技术原理,热塑性聚合物热成型原理,2
技术原理,"以训练外设的执行结果为标准,统一了脑电信号质量对于康复结果的评估标准",2
技术原理,参考信号,2
技术原理,脑部、脊髓及腰骶部协同调控,2
技术原理,神经夹带,2
技术原理,细胞规模自然整合,2
技术原理,与天然轴突束相似的尺寸、动力学和空间分布,2
技术原理,滴定,2
技术原理,长期增强(ltp),2
技术原理,长期抑制(ltd),2
技术原理,超声能量对脊髓的无创性神经调节作用,2
技术原理,神经信号测量与刺激功能兼容,2
技术原理,多尺度连通性特征,2
技术原理,元迁移学习,2
技术原理,神经活动与动作之间的对应关系,2
技术原理,多视图解码,2
技术原理,脑机接口(bci)技术,2
技术原理,经颅直流电刺激,2
技术原理,互相关性,2
技术原理,脑电意图实时识别与神经肌肉电刺激闭环优化控制,2
技术原理,脑-机接口控制,2
技术原理,功能电刺激驱动肌肉收缩,2
技术原理,有限元分析,2
技术原理,功能性近红外光谱,2
技术原理,靶向神经可塑性,2
技术原理,广义神经可塑性,2
技术原理,抑制性时域,2
技术原理,光生物调节,2
技术原理,行列寻址,2
技术原理,同一行电极点共用同一根引线,2
技术原理,同一列电极点共用同一根引线,2
技术原理,功率谱分析,2
技术原理,电安静位置定位原理,2
技术原理,生物电共振响应,2
技术原理,神经活动触发,2
技术原理,电耦合,2
技术原理,亚阈值和定向电场的量能够有效地减少脑的异常活动,2
技术原理,脑-脊髓接口(bsi),2
技术原理,引起神经元中的代谢反应,2
技术原理,促进神经夹带,2
技术原理,低频能量施加,2
技术原理,空间图比较,2
技术原理,生理先验,2
技术原理,相邻脑区关联信息,2
技术原理,邻接矩阵或图拉普拉斯算子,2
技术原理,通用与个体化先验,2
技术原理,相位锁定,2
技术原理,双侧刺激,2
技术原理,空间分辨率高,2
技术原理,背面突出的导线允许电极桨的所有边缘位于椎体附近,2
技术原理,电连接,2
技术原理,通过增加离子通量线数目增强刺激效果,2
技术原理,直接神经连接确定,2
技术原理,亚阈值电刺激和光刺激的神经选择性,2
技术原理,靶向刺激激活,2
技术原理,适应性分析,2
技术原理,夹带,2
技术原理,经颅直流电刺激配合脑机接口轮次向头皮固定点位施加电刺激,2
技术原理,记忆巩固,2
技术原理,强化学习,2
技术原理,脑电图分析,2
技术原理,前额叶和顶叶之间的相位同步性,2
技术原理,外源性电信号模拟和/或增强源自患者心脏和/或肺的内源性传入活动,2
技术原理,"迷走神经将起源于心脏和肺的动作电位传导到大脑的不同结构,从而引发迷走神经诱发电位",2
技术原理,程序性记忆巩固,2
技术原理,5-ht2a激动剂,2
技术原理,解离剂,2
技术原理,情感增强剂,2
技术原理,神经模型,2
技术原理,记忆巩固机制,2
技术原理,数据增强,2
技术原理,增强卷积神经网络,2
技术原理,使监测脑电图信号接近目标脑电图信号参数,2
技术原理,脑电慢波动态状态表征,2
技术原理,协同训练,2
技术原理,位置感知,2
技术原理,神经响应评估,2
技术原理,有源干电极,2
技术原理,柔韧性,2
技术原理,基于脑机接口,2
技术原理,对视觉刺激的神经反应与调制相关,2
技术原理,频域和时域特征表示,2
技术原理,微针电极提供改进的接触表面积和降低的电极阻抗密度,2
技术原理,软电子器件局部安装在电极附近以减少干扰性布线,2
技术原理,观察者检测到目标时产生神经生理事件,2
技术原理,神经信号包含与用户视觉注意所指向的视觉刺激的特征调制相关的信息,2
技术原理,脑电大模型,2
技术原理,神经反馈训练目标,2
技术原理,视觉刺激具有特征调制,2
技术原理,脑功能分区映射,2
技术原理,高柔性和高贴附性,2
技术原理,认知状态,2
技术原理,情感状态,2
技术原理,脑-控机器人,2
技术原理,ssvep刺激范式,2
技术原理,多模态情绪特征,2
技术原理,情绪等级,2
技术原理,根据视图参数和节段长度计算显示参数,2
技术原理,基于颜色的神经反馈,2
技术原理,风险因素规则,2
技术原理,基于情绪状态生成高亮图像,2
技术原理,α波段,2
技术原理,β波段,2
技术原理,频谱分析,2
技术原理,脑波同步,2
技术原理,双任务刺激,2
技术原理,图形化建模,2
技术原理,数据转换,2
技术原理,模型集成,2
技术原理,特征事件统计,2
技术原理,生物电信号的先验知识,2
技术原理,特征提取模块的行为模型,2
技术原理,小波变换,2
技术原理,人工神经网络,2
技术原理,自监督学习,2
技术原理,ssvep(稳态视觉诱发电位),2
技术原理,ssvep,2
技术原理,将癫痫脑电图像分为正常、发作前期、发作高峰以及发作后期四个阶段,2
技术原理,电活动检测,2
技术原理,离散表征,2
技术原理,条件自回归,2
技术原理,刺激属性共振估计,2
技术原理,电极探头元件与头皮接触的面为曲面,2
技术原理,基于神经生理事件的识别来训练神经网络,2
技术原理,"特征调制被应用于视觉刺激的高空间频率hsf分量,可以在用户的大脑中诱导神经反应",2
技术原理,神经信号包括与用户的视觉注意力所指向的视觉刺激的特征调制相关联的信息,2
技术原理,特征调制与视觉注意力相关联,2
技术原理,感官诱发反应,2
技术原理,大脑活动最初时刻的反应,2
技术原理,"对视觉刺激的神经反应与调制相关,当注意力集中在视觉刺激上时相关性更强",2
技术原理,基于运动参考数据的分类自动标记脑电图数据,2
技术原理,用户活动和响应用于修改营销材料和/或虚拟现实环境,2
技术原理,反馈模块呈现内容,2
技术原理,思维操控,2
技术原理,神经信号包括与用户视觉注意力所指向的视觉刺激的特征调制相关的信息,2
技术原理,神经反馈技术,2
技术原理,降低的电极阻抗密度,2
技术原理,脑电波反映用户情绪,2
技术原理,神经活动与生物特征模板相关,2
技术原理,脑电波信号等于包括多个空间模式中的每一个的和乘以表示相应神经源的活动的因子的表达式,2
技术原理,因子包括刺激数据和每个神经源的刺激响应的卷积,2
技术原理,用每级刺激响应幅度权重对刺激响应进行加权,2
技术原理,脑状态测量,2
技术原理,听性脑干反应波形分析,2
技术原理,通过用户的积极参与增强脑波,2
技术原理,深度神经网络(dnn),2
技术原理,通过分析脑电波信号主动感知人的情感认知,2
技术原理,感觉神经系统输入,2
技术原理,脑机接口(bci),2
技术原理,神经反馈指标被映射到虚拟对象的行为参数上,2
技术原理,视觉刺激引起眼睛运动,2
技术原理,多频多焦点视觉刺激,2
技术原理,时频表示,2
技术原理,神经生物反馈,2
技术原理,情绪相关脑电数据反映情绪体验,2
技术原理,第一关系模型,2
技术原理,"信号直接来自于大脑和眼球,避免主观因素干扰",2
技术原理,脑机接口原理,2
技术原理,对侧大脑半球的脑活动改变视觉半场中的刺激负荷,2
技术原理,通过分析生物信号来理解用户的意图,2
技术原理,心理活动定义的参考值,2
技术原理,多个权重加权计算,2
技术原理,脑电图能量值与指标之间的相关性,2
技术原理,基于脑电信号的注意力状态评估等级,2
技术原理,非侵入式经颅电刺激神经调控,2
技术原理,脑电特征反映大脑皮层兴奋性,2
技术原理,标签对齐,2
技术原理,多源域自适应,2
技术原理,事件相关电位(erp)原理,2
技术原理,视觉刺激的特征调制与神经响应的相关性,2
技术原理,脑指纹图谱,2
技术原理,限制应用深度,2
技术原理,锚定电极,2
技术原理,贝叶斯网络概率推理,2
技术原理,拟合优度确定,2
技术原理,功能性近红外光谱引导注意力层,2
技术原理,神经网络模型,2
技术原理,神经网络分类,2
技术原理,神经网络训练,2
技术原理,相位-振幅耦合,2
技术原理,神经网络,2
技术原理,动态定向传递函数,2
技术原理,脑功能网络动态演化,2
技术原理,变分自编码器,2
技术原理,注意力的弹性恢复机制,2
技术原理,脑电相关性网络弹性,2
技术原理,脑功能网络演化特征分析,2
技术原理,多粒度音质模板编码,2
技术原理,扩散网络生成,2
技术原理,联合递归量化,2
技术原理,非线性特征提取,2
技术原理,基于大脑活动预测视口,2
技术原理,"二维数据流(x(t),y(t))的认知信息",2
技术原理,非线性特征,2
技术原理,基于神经生理事件的识别确定目标存在,2
技术原理,基于对象eeg的主要能量频率属性设置操作频率,2
技术原理,基于头部运动数据预测视口,2
技术原理,相长干涉,2
技术原理,基于多模态特征获取模糊集,2
技术原理,基于模糊集获取控制指令,2
技术原理,td-fnirs探测深度更大可得到绝对值,2
技术原理,结合eeg获得完整准确的信号图像,2
技术原理,容积传导效应消除,2
技术原理,时-空模型误差控制,2
技术原理,动态皮层电成像(deci),2
技术原理,通过对三维模型的各个脑位点的活动与定位的eeg电极的脑电分布之间的相关性建模,2
技术原理,时域功率特征,2
技术原理,伪rgb图像,2
技术原理,模态对齐,2
技术原理,动态模式生成,2
技术原理,模态权重确定,2
技术原理,成对区分,2
技术原理,可辨别性估计,2
技术原理,眼球朝向和脑电图的波形的双重判断,2
技术原理,两种电信号的双重校验,2
技术原理,眼动仪作为脑电图选取时间段的定位,2
技术原理,沿警戒-瞌睡连续体分类,2
技术原理,信号漂移抑制,2
技术原理,显著注意力属性,2
技术原理,基于用户环境信息呈现适当类型的刺激,2
技术原理,基于神经生理事件的识别,2
技术原理,神经活动是响应于认知任务的刺激或刺激序列而发生的事件的基础,2
技术原理,特征调制,2
技术原理,神经调控方法,2
技术原理,认知状态估计,2
技术原理,脑机交互,2
技术原理,阈下刺激,2
技术原理,频率分布分析,2
技术原理,类听觉系统驱动,2
技术原理,基于电子设备与耳机之间的信号交互,2
技术原理,脑区联动,2
技术原理,稳态视觉诱发,2
技术原理,频率识别,2
技术原理,多自由度速度想象,2
技术原理,双模态同步采集,2
技术原理,反馈环路,2
技术原理,时钟同步机制,2
技术原理,诱发电位或事件相关电位可视化,2
技术原理,基于用户生理数据来适配场景,2
技术原理,电极可延伸以接触用户皮肤,2
技术原理,相位增加测量,2
技术原理,基于映射的神经活动和口头反应的关系形成高维向量,2
技术原理,视觉刺激的至少一部分具有特性调制,2
技术原理,生物统计数据与心理/神经学因素的关联,2
技术原理,弹性接头提供弹性接触,2
技术原理,拉胀织物允许头部覆盖物配合在头部上并与头部相符,2
技术原理,导电海绵包括两部分式硅酮泡沫、硅酮稀化流体和碳纤维,2
技术原理,神经脑反应实时信息,2
技术原理,脑-机接口,2
技术原理,通过将使用者的脑电波、脑血流等多种生理数据与预期的数据进行对比分析,2
技术原理,人工智能机器学习,2
技术原理,时间序列对齐,2
技术原理,空间坐标映射,2
技术原理,神经活动检测,2
技术原理,从眼部、嘴部以及脑电波三个方面全面分析被识别人员的情绪,2
技术原理,通过隔离层避免化学反应,2
技术原理,通过保护层避免化学反应和极间串联,2
技术原理,时域同步,2
技术原理,控制信号用于触发与耳机通讯的终端设置所输出到耳机的音频数据,2
技术原理,基于神经生理事件的识别来训练图像分类神经网络,2
技术原理,滤波,2
技术原理,源空间脑磁信号解码,2
技术原理,机器学习模型,2
技术原理,意志输入可能不需要与其他设备交互,2
技术原理,降低电极阻抗密度,2
技术原理,无铁磁材料,2
技术原理,基于在诱导期期间与神经信号内的认知功能相关的神经活动,2
技术原理,基于偏离eeg和ep数据的基线的频率和幅度,2
技术原理,多模态融合分析,2
技术原理,全局上下文感知,2
技术原理,自适应权重调整,2
技术原理,独立分量分析,2
技术原理,频段耦合失衡,2
技术原理,相位补偿,2
技术原理,灵敏度特异性高,2
技术原理,信息来源多元,2
技术原理,信号质量高,2
技术原理,视觉中枢区域定位,2
技术原理,电刺激启动或终止epileptiform活性,2
技术原理,脑波分析,2
技术原理,自我意识强弱分析,2
技术原理,注意程度,2
技术原理,方案偏好程度,2
技术原理,综合情绪体验指数模型,2
技术原理,赋权法,2
技术原理,差分事件相关电位,2
技术原理,eeg微状态是反映大脑活动的最基本状态,2
技术原理,与现行pc机的键盘输入方式吻合,2
技术原理,二进制差分算法的变异、交叉、选择机制,2
技术原理,测量各个声源与eeg信号之间相关性,2
技术原理,刺激同步,2
技术原理,固定开始,2
技术原理,自相关分析,2
技术原理,最小距离确定,2
技术原理,神经元层,2
技术原理,直接电刺激反馈,2
技术原理,机器学习算法,2
技术原理,控制策略,2
技术原理,模糊熵,2
技术原理,时间特征提取,2
技术原理,空间特征提取,2
技术原理,脑-计算机接口(bci)使用户能够直接与外界通信或仅使用大脑意图来控制仪器,2
技术原理,电场刺激,1
技术原理,电位偏压,1
技术原理,静止膜电位增加到亚阈值水平,1
技术原理,固有脑电波频率,1
技术原理,亚阈值、阈值和/或超阈值水平刺激,1
技术原理,周期性、非周期性和/或伪随机方式刺激,1
技术原理,响应侧支神经活动,1
技术原理,感测单元确定是否存在侧枝神经活动的证据,1
技术原理,电刺激促进细胞分化,1
技术原理,电刺激促进神经细胞定向生长和连通性,1
技术原理,突发模式,1
技术原理,降低的功耗,1
技术原理,阈值以下、阈值和/或阈值以上水平,1
技术原理,占空比、振幅、脉冲重复频率、脉冲宽度、时空和/或极性变化,1
技术原理,突发间频率,1
技术原理,突发内刺激参数,1
技术原理,神经刺激阈值对应引发患者响应的最低强度,1
技术原理,第二神经刺激阈值对应影响神经活性的治疗刺激信号,1
技术原理,第一神经刺激阈值对应于引发患者响应的最低强度测试刺激信号,1
技术原理,第二神经刺激阈值对应于针对影响患者体内神经活性的治疗刺激信号,1
技术原理,刺激单元,1
技术原理,第一端子,1
技术原理,第二端子,1
技术原理,支撑构件,1
技术原理,导电元件,1
技术原理,刺激部位,1
技术原理,固有的脑电波频率,1
技术原理,刺激信号提供减少功率消耗与至少足够的症状缓解,1
技术原理,最低强度测试刺激信号的阈值evokes的患者的响应,1
技术原理,治疗刺激神经刺激的阈值信号引导向影响的神经活性,1
技术原理,通过引线将电刺激信号传递到电极,1
技术原理,将神经刺激从电极经血管递送至神经干,1
技术原理,神经元活动产生高频振荡,1
技术原理,波形特征反馈调节刺激,1
技术原理,刺激响应机制,1
技术原理,高频振荡特征反馈,1
技术原理,亚阈值电场有效减少脑的异常活动,1
技术原理,闭环反馈驱动,1
技术原理,神经响应导出,1
技术原理,治疗参数产生,1
技术原理,基于响应选择信号并调整参数,1
技术原理,信号响应反馈,1
技术原理,神经反应诱导预测,1
技术原理,度量值与参考阈值比较,1
技术原理,基于诱发信号产生的生理响应确定神经传递特性,1
技术原理,基于神经传输特性控制电疗信号,1
技术原理,神经反应的一个或多个属性,1
技术原理,神经退行性疾病的一个或多个指示,1
技术原理,由所递送的神经刺激能量诱发的来自脊髓的响应,1
技术原理,通过检测诱发响应来验证刺激是否捕获迷走神经,1
技术原理,电连接性,1
技术原理,柔性,1
技术原理,电场电位,1
技术原理,电刺激能量,1
技术原理,感测指示神经或精神状况的特定特征,1
技术原理,电活动对递送的神经刺激能量的响应,1
技术原理,基于运动不同步的自适应控制,1
技术原理,"通过控制感测与刺激的时间间隔显著不同,减少刺激信号对感测信号的干扰",1
技术原理,浸入耳蜗流体中,1
技术原理,提供返回电流路径,1
技术原理,感测装置响应于刺激产生响应信号,1
技术原理,聚合物材料作为电极阵列体,1
技术原理,通过图案化金属层产生电极和引线,1
技术原理,通过涂覆第二层聚合物并图案化留下开口,1
技术原理,生理共振,1
技术原理,频率比例关系,1
技术原理,通过控制模块、阵列开关和电极阵列模块组成的电极,1
技术原理,开关控制信号用于使递送电刺激的刺激触点和同时采集生理信号的采集触点相隔离,1
技术原理,刺激参数优化,1
技术原理,电极配置优化,1
技术原理,细长的第一中心参考电极的长度比所述多个第一电极的平均长度大至少两倍或大至少三倍,1
技术原理,"通过控制模块、阵列开关和电极阵列模块组成的电极,在患者体内同时实现电刺激和生理信号采集",1
技术原理,决策树,1
技术原理,nrt测量值,1
技术原理,细长的第一中央参考电极的长度比多个第一电极的平均长度大至少两倍或大至少三倍,1
技术原理,细长的第一中央参考电极被配置成经由多个第一电极提供用于刺激的反电势和/或用于记录脊髓的神经纤维的参考电势,1
技术原理,波形特征可以用作生物标记和/或控制信号,1
技术原理,使用未被破坏的信号或其部分来内插,1
技术原理,反电势,1
技术原理,参考电势,1
技术原理,电场调制神经元活性,1
技术原理,亚阈值电场抑制异常活动,1
技术原理,单向传入神经刺激,1
技术原理,神经刺激参数,1
技术原理,影响一个神经回路中的多个点或多个神经回路中的一个或多个点,1
技术原理,长期增强(ltp)或长期抑郁(ltd),1
技术原理,晚期反应是有用的生物标志物,1
技术原理,脑夹带,1
技术原理,依赖于从反映熟练受试者神经元活动的脑电波中提取的经处理的时间模式,1
技术原理,响应参数各自指示响应的一个或多个特征,1
技术原理,锁相,1
技术原理,同步定时,1
技术原理,频域相位信息,1
技术原理,通过刺激神经组织确定参数,1
技术原理,基于测得的电生理参数进行识别,1
技术原理,"当至少两个平均响应的相应的至少两个参数在预定百分比范围内时,确定已经达到最大刺激强度",1
技术原理,兴奋性和难治性(或抑制周期)的参数与异常神经活性的关联,1
技术原理,降低癫痫发作的可能性,1
技术原理,颅骨/脑界面刺激,1
技术原理,通过相间间隔(ipi)分开第一相位和第二相位,1
技术原理,获得背柱纤维的治疗性异步激活,1
技术原理,非响应性电刺激信号被施加到中枢神经系统以降低癫痫发作可能性,1
技术原理,通过向受试者的大脑施加电刺激来控制受试者的大脑活动,1
技术原理,"通过诱发被检体的触觉刺激行为,控制被检体的脑活动",1
技术原理,相-复位机制,1
技术原理,时间延迟刺激抑制病理同步振荡,1
技术原理,传入感觉神经纤维的非线性动态激发行为,1
技术原理,传入感觉神经元的非线性动态激发行为,1
技术原理,影响人的eeg带的固有频率,1
技术原理,神经元生成的电信号,1
技术原理,集成电子电路,1
技术原理,信号引线,1
技术原理,刺激-响应机制,1
技术原理,高频振荡波形特征反馈调节刺激,1
技术原理,相位同步性,1
技术原理,探针刺激引起的剩余神经反应与神经补充相关,1
技术原理,通过分析水平调整和优化生物电的信号,1
技术原理,基于表征信号确定反馈刺激参数,1
技术原理,选择性开始治疗,1
技术原理,在神经通路上唤起动作电位,1
技术原理,控制变量与反馈变量的治疗关系,1
技术原理,疼痛指示,1
技术原理,电磁场感应,1
技术原理,自包含系统,1
技术原理,诱发-记录参数集包括刺激参数和感测参数,1
技术原理,点处理模型,1
技术原理,机器学习解码疼痛指示,1
技术原理,本质上是振荡的和/或共振的被诱发的神经响应,1
技术原理,调节大脑神经的可塑性,1
技术原理,通过减少导线数量与电极数量的比例实现分布式电子器件,1
技术原理,活化在预定的时间发生,1
技术原理,以诱发脑电波刺激的频率改变自然刺激信号,1
技术原理,基于脑电信号的光电组合刺激方式,1
技术原理,水凝胶电极的生物相容性和导光导电特性,1
技术原理,重叠刺激区域,1
技术原理,刺激频率加倍,1
技术原理,经颅磁刺激,1
技术原理,经颅电磁感应,1
技术原理,局部脑代谢的变化,1
技术原理,皮质兴奋性调节,1
技术原理,刺激的空间分辨率,1
技术原理,刺激电场分布,1
技术原理,神经组织中沿第一方向传播的动作电位,1
技术原理,抑制动作电位在第二方向传播,1
技术原理,无线介质透明的窗口,1
技术原理,生物信号指示特定患者活动,1
技术原理,调整是为特定患者活动选择的预定调整,1
技术原理,螺旋构造,1
技术原理,组织接触表面粗糙化,1
技术原理,柔性元件的收缩和膨胀配置,1
技术原理,触点与皮层表面的接合,1
技术原理,同步或去同步,1
技术原理,通过调节迷走神经的电活性来调节脑的预选部分的活性,1
技术原理,迷走神经刺激影响皮层下区域,1
技术原理,网络动力学和耦合效应,1
技术原理,电学或化学(相对)特性保持在特定的范围内,1
技术原理,通过反馈过程控制神经元的刺激,1
技术原理,通过刺激激活和抑制脑中神经元,1
技术原理,定向电场调制,1
技术原理,亚阈值电场,1
技术原理,电场响应机制,1
技术原理,电活动包括对所递送的神经刺激能量的响应,1
技术原理,响应参数各自指示所述响应的一个或多个特征,1
技术原理,增强症状缓解,1
技术原理,刺激脑的某些区域,1
技术原理,音调位置-音调响应,1
技术原理,选择性刺激周围神经突起,1
技术原理,使用神经反应作为生物标志物,1
技术原理,对刺激的神经反应,1
技术原理,迷走神经刺激和/或阻断,1
技术原理,亚阈值电场调制神经元活性,1
技术原理,时序关系的脉冲刺激,1
技术原理,诱发神经元爆发动作电位,1
技术原理,通过轴向移动和复位弹簧使电极头保持远离腔体的趋势,1
技术原理,随受测者前额位置自动调节电极头与腔体的相对位置,1
技术原理,内脏神经调节,1
技术原理,非侵入性感觉通路刺激,1
技术原理,脑振荡活动及其产生的脑网络,1
技术原理,通过检测诱发响应来验证刺激捕获迷走神经,1
技术原理,脑电波信号反映对神经刺激的响应,1
技术原理,具有饱和趋势的传递函数,1
技术原理,根据多个功率范围不同地设置刺激信号的至少一个参数,1
技术原理,感觉通路,1
技术原理,大脑网络,1
技术原理,相对较高的神经元兴奋状态对应于由提取器提取的相对较低的瞬时电压幅度,1
技术原理,刺激能量闭环反馈,1
技术原理,近红外光对多个疾病相关脑区进行全面且温和舒适的经颅物理治疗,1
技术原理,经颅交流电对疾病相关目标部位进行精准靶向治疗,1
技术原理,功能和/或结构测量,1
技术原理,功能活性神经组织体积的差异,1
技术原理,主动电荷平衡,1
技术原理,电磁线圈传递经颅磁刺激,1
技术原理,电流导致脑中的神经元去极化,1
技术原理,无线能量传输,1
技术原理,迷走神经反应模型,1
技术原理,神经反应属性与神经退行性疾病指示的关联,1
技术原理,刺激脉冲系统,1
技术原理,传感装置产生响应信号,1
技术原理,基于所测量的诱发神经反应控制能量递送,1
技术原理,反馈信号指示故障,1
技术原理,客观度量表示震颤严重程度和/或ide效应严重程度的评分或得分,1
技术原理,运动意图解码,1
技术原理,刺激命令转换,1
技术原理,第一时间间隔,1
技术原理,非连续或间断,1
技术原理,神经重塑规律,1
技术原理,典型阈值神经反应遥测水平,1
技术原理,神经活动特征预测,1
技术原理,电磁能量刺激,1
技术原理,弹性可压缩触点,1
技术原理,螺旋弹簧,1
技术原理,填充金属颗粒的弹性体按钮,1
技术原理,绒毛按钮,1
技术原理,刚性尖端,1
技术原理,传入或传出方向阻断,1
技术原理,可再充电电池供电,1
技术原理,作为阴极或阳极的电极触点施加电流脉冲,1
技术原理,刺激所感知的大小相等以便使快速自动和/或交互该值的刺激参数的编程,1
技术原理,可压缩触点提供接触力,1
技术原理,接合在馈通壳体壁上的底切来支撑接触力和密封压缩,1
技术原理,诱发生理反应与无诱发生理反应时的生理参数对比,1
技术原理,响应于力地移动施加在载体和电极阵列通过身体组织中的换档力,1
技术原理,"电极紧贴于血管壁,与目标脑区保持足够近的距离以保证信号质量",1
技术原理,针刺型电极通过穿刺血管壁以接近目标脑区,1
技术原理,流体轴承无摩擦原理,1
技术原理,重力平衡原理,1
技术原理,漂浮或骑乘在皮层表面,1
技术原理,基于控制信号选择性连接电极,1
技术原理,基于电极目的或位置控制接触阻抗,1
技术原理,电流或电流密度控制,1
技术原理,电极接触表面积保持一致,1
技术原理,电刺激指向岛状皮层的特定体积,1
技术原理,确保非治疗体积不接收电刺激,1
技术原理,机械稳定原理,1
技术原理,绝缘材料,1
技术原理,螺旋方式缠绕,1
技术原理,通过血管经血管刺激神经干,1
技术原理,可扩张电极邻接容器壁预定表面积,1
技术原理,交感神经刺激,1
技术原理,神经冷却,1
技术原理,光或机械振动引导能量,1
技术原理,遥测,1
技术原理,电极包围结构增强局灶刺激,1
技术原理,感应耦合功率传输,1
技术原理,信息信号控制刺激脉冲,1
技术原理,金属或金属氧化物纳米结构层用于与目标位置对接,1
技术原理,两相刺激,1
技术原理,反向散射,1
技术原理,刺激电极适于通电流到组织,1
技术原理,记录电极适于测量局部组织的电位,1
技术原理,生理模型表示解剖结构,1
技术原理,治疗领域模型表示组织区域,1
技术原理,可旋转地固定,1
技术原理,放射可视,1
技术原理,镜像运动神经元参与运动控制的原理,1
技术原理,大脑功能调控与重建,1
技术原理,"刺激产生响应信号,根据响应信号评估并确定刺激参数和电极构型",1
技术原理,利用微电极检测到的信号定位目标神经元,1
技术原理,仅刺激目标神经元以减少副作用,1
技术原理,改善突触可塑性,1
技术原理,刺激神经网络,1
技术原理,目标神经群体控制的功能,1
技术原理,患者功能表现的特性,1
技术原理,患者性能的特征,1
技术原理,神经刺激实现对患者心血管系统的控制,1
技术原理,基于测量确定神经刺激引线是否发生三维迁移,1
技术原理,电极极性相反,1
技术原理,电脉冲暂时偏移,1
技术原理,谐振频率1mhz下最大输出功率,1
技术原理,闭环反馈系统,1
技术原理,谐振状态获得最大输出功率,1
技术原理,电耦合到公共导体,1
技术原理,密封集成电路控制器,1
技术原理,通过评估电生理反应特征识别纤维募集水平,1
技术原理,基于观察到的所选特征调整刺激参数以实现选择性募集,1
技术原理,广义传出复制信号的产生和控制,1
技术原理,神经退行性疾病的指示分析,1
技术原理,抑制病理同步和振荡,1
技术原理,柔性衬底材料导电性,1
技术原理,电接触区域延伸穿过覆盖材料,1
技术原理,突出轴封闭在细长探头轴内并可展开,1
技术原理,微电极元件和细长探头轴尺寸瞄准小体积神经元,1
技术原理,相-复位刺激,1
技术原理,时间延迟,1
技术原理,柔性导丝引导展开机制,1
技术原理,通过活性位点进行电刺激或感测,1
技术原理,电极阻抗差异,1
技术原理,电极位置配置,1
技术原理,通过调整刺激阈值来减少不良事件的发生,1
技术原理,晚期反应可以是有用的生物标志物,1
技术原理,异相电场干扰神经元活动,1
技术原理,光遗传学激活神经元,1
技术原理,多空间尺度神经信号监测,1
技术原理,电信号调制,1
技术原理,刺激捕获迷走神经,1
技术原理,刺激捕获验证,1
技术原理,神经刺激响应与激励电平的关系,1
技术原理,柔性电极更适应于与生物大脑皮层的接触,1
技术原理,转接装置更适应于电信号的传输以及保证信号质量,1
技术原理,第一接口与第二接口相互配合保证不伤害脑组织并避免排异反应,1
技术原理,神经刺激响应机制,1
技术原理,在给定潜伏期后产生复合动作电位,1
技术原理,神经组织能够产生动作电位并以给定速度传播,1
技术原理,响应于神经刺激的重复呈现的次数的变化或第一神经刺激的参数的变化中的至少一个的变化,1
技术原理,神经刺激响应,1
技术原理,导电耦合,1
技术原理,尖锐的尖端用于聚焦,1
技术原理,运动不同步的适应性,1
技术原理,极性切换,1
技术原理,碳基导电薄膜不易产生感应电流,1
技术原理,降低皮肤的细胞膜电位,1
技术原理,刺激激素分泌物或胰岛素的释放,1
技术原理,经皮或经颅电刺激,1
技术原理,特征满足标准检测神经事件,1
技术原理,刺激参数子空间与默认刺激参数集关联,1
技术原理,集成患者状态信息,1
技术原理,兴奋性,1
技术原理,难治性(抑制周期),1
技术原理,振动响应,1
技术原理,刺激meynert基底核(nbm),1
技术原理,直接路由,1
技术原理,无需修改信号,1
技术原理,电刺激诱发神经反应,1
技术原理,局部场电位对神经反应的时变效应,1
技术原理,通过刺激激活和抑制脑中神经元从而调节神经放电节律,1
技术原理,基于脑中天然存在的电和化学活性改变神经元的放电节律,1
技术原理,机械地和电气地连接,1
技术原理,双重功能,1
技术原理,引起子感知刺激的预定能量值,1
技术原理,能量值表示为频率的函数,1
技术原理,低频下提供最佳亚感知刺激,1
技术原理,时间关系表征,1
技术原理,根据时间调节总电荷,1
技术原理,伪随机函数选择时间段和重复率,1
技术原理,消除有害感觉和神经细胞对刺激的适应,1
技术原理,矩阵根据测量的生理水平与目标水平确定状态之间的转换规则,1
技术原理,主频率、载波频率、第一调制频率和第二调制频率的组合,1
技术原理,脉冲串波形包络的幅度调制的三角形形式,1
技术原理,180度偏移由时滞提供,1
技术原理,"初始组织阻抗更高,施加的电压必须更高才能保持恒定电流",1
技术原理,低延迟自动化闭环同步,1
技术原理,神经组织产生,1
技术原理,神经元细胞类型分化,1
技术原理,疼痛阈值与生物信号的关联,1
技术原理,同时检测单细胞动作电位信号及多细胞场电位信号,1
技术原理,非侵入式,1
技术原理,高密度多通道,1
技术原理,处理器分析确定癫痫事件,1
技术原理,预定分散径向图案,1
技术原理,电极与脑叶接触检测信号,1
技术原理,碳纳米管电极阵列在较宽的波长区间内拥有高透光率,1
技术原理,拉伸状态下仍可保持优良电化学性质和光学性质,1
技术原理,优越的柔性和可延展性,1
技术原理,与组织完美贴合形成高效的大脑/电极界面,1
技术原理,血管内神经调节,1
技术原理,神经调节迷走神经和/或其分支,1
技术原理,三维有源电极阵列可以多角度获得相对更加准确的神经信号,1
技术原理,"便于加工组装,经济成本低廉",1
技术原理,电刺激神经,1
技术原理,两种采集电极结构复合,1
技术原理,"绝缘柱为实心结构,从而保证电极能扎入刺激部位",1
技术原理,"利用模具基片上的微细管道通过电化学腐蚀方法实现金属丝的定点断裂,并在断面处形成尖端",1
技术原理,利用聚合后的pdms形成夹持金属丝电极的底座支撑部分,1
技术原理,电刺激皮层,1
技术原理,皮层扩散抑制(sd)的慢波自我传播,1
技术原理,沉默异常电活动,1
技术原理,向听觉神经递送电脉冲/从听觉神经接收数据,1
技术原理,电脉冲刺激脑深部组织,1
技术原理,检测脑部特定区域的脑电信号和电化学信号,1
技术原理,不对称脉冲波形,1
技术原理,忆阻器原理,1
技术原理,电极阵列设置于人体颅骨内采集信号,1
技术原理,信号转换装置与电极阵列相邻以减少信号损耗,1
技术原理,"在电极电平处检测电极信号活性,从而策略性地控制电极信号采样活性",1
技术原理,发声神经电位信号反映大脑意识和控制命令,1
技术原理,双向电极采集刺激状态,1
技术原理,多区神经活动相对关系检验电互连的形成,1
技术原理,柔性电路电极阵列对神经组织施加压力影响电阻和电场分布,1
技术原理,聚合物材料可用作神经刺激的电极阵列体,1
技术原理,电极阵列与神经组织接触压力控制,1
技术原理,从阳极电极流向阴极电极,1
技术原理,增加比表面积,1
技术原理,提供连续的电场分布,1
技术原理,神经细胞产生标准动作电位信号时的激发脉冲信号的电压幅值作为当前药物浓度下的电激发信号条件阈值,1
技术原理,通过评估记录的特性识别由电刺激所吸收的纤维类型,1
技术原理,刺激电流从阳极电极流向阴极电极,1
技术原理,感知阈值机制,1
技术原理,多模式融合机制,1
技术原理,多孔结构,1
技术原理,多方面协同设计,1
技术原理,低界面阻抗,1
技术原理,高信号保真度,1
技术原理,多模式融合,1
技术原理,柔性电极阵列穿过颅骨切开术,1
技术原理,被动生物活性剂递送,1
技术原理,与脑组织形成交融共生界面,1
技术原理,序贯性释放多种药物,1
技术原理,药物浓度差引导神经定向生长,1
技术原理,"将平面的柔性神经电极进行集成,实现大面积覆盖的3d堆叠封装",1
技术原理,"通过脑电电极输出触感信号,使感知声源方位",1
技术原理,声源定位,1
技术原理,脑电电极与声源方位对应,1
技术原理,透明石墨烯电极减少磁共振成像中的图像失真,1
技术原理,光刺激实现神经细胞刺激及光学成像,1
技术原理,通过感测刺激信号诱发的传出神经信号来确定最佳刺激位置,1
技术原理,被动释放抗炎药物,1
技术原理,主动释放神经营养因子,1
技术原理,电极阵列检测脑电波信号,1
技术原理,无线方式通信,1
技术原理,透明石墨烯电极的光透明性和电导性,1
技术原理,经由颅骨中的孔传递电信号,1
技术原理,引导神经定向生长,1
技术原理,电绝缘,1
技术原理,电接触,1
技术原理,"偏置第一多个电极在第一电位,第二多个电极在第二电位,产生电场",1
技术原理,偏置单元第一多个电极在第一电位,1
技术原理,第二多个电极在第二电位产生电场,1
技术原理,电信号经颅骨孔传输至大脑或从大脑传出,1
技术原理,基于检测到的肢体的剩余运动和/或肌肉活动来递送刺激将诱导神经可塑性,1
技术原理,基于检测到的肢体的残余运动和/或肌肉活动来递送刺激将诱导用于恢复神经功能的神经可塑性,1
技术原理,dc或近dc地刺激目标神经元,1
技术原理,能量传递,1
技术原理,基于生物电信号的一个或多个振荡的频率选择突发间频率,1
技术原理,调制与生物电信号的一个或多个振荡相关联的患者的状态,1
技术原理,靶向神经刺激,1
技术原理,方向性和聚焦性,1
技术原理,信号引导和聚焦,1
技术原理,脊柱电路和/或背根的多极时空刺激,1
技术原理,时空选择性刺激脊髓,1
技术原理,神经元活动引起高频振荡,1
技术原理,第一金属层产生电刺激信号,1
技术原理,发光单元层产生光刺激信号,1
技术原理,电极轴线偏离目标神经结构以减少侵入性,1
技术原理,通过电信号刺激目标神经结构,1
技术原理,适形电极阵列,1
技术原理,表面电极与神经外表面电连接,1
技术原理,神经内电极穿透神经外表面与神经内部电连接,1
技术原理,局部生物电作用,1
技术原理,慢性适应性脑刺激,1
技术原理,"通过调节人类对刺激的脑活动模式,将适当的感觉传达给相应人员",1
技术原理,空间发散放置能力,1
技术原理,刺激场分布,1
技术原理,直流或近直流刺激,1
技术原理,可调节偏置构件或弹簧,1
技术原理,电极至脉冲发生器的远端部分之间的调节,1
技术原理,双角色微电极感测电信号并接收刺激信号,1
技术原理,低频能量施加到患者脑组织,1
技术原理,本征频率序列和布尔信号作为刺激参数,1
技术原理,同时进行刺激和感测,1
技术原理,自导向,1
技术原理,自定向,1
技术原理,基于所接收的感测信号执行刺激信号的动态闭环反馈,1
技术原理,自适应补偿,1
技术原理,诱导新神经连接,1
技术原理,基于神经模型计算刺激模式,1
技术原理,基于可测量输出和期望输出确定误差信号,1
技术原理,基于神经信号处理的自适应神经刺激,1
技术原理,电信号刺激,1
技术原理,响应性刺激,1
技术原理,神经事件检测后产生响应,1
技术原理,电场梯度,1
技术原理,神经学事件检测,1
技术原理,响应产生,1
技术原理,适应性电脊髓刺激,1
技术原理,"突出轴被包围在细长的探针轴内,可以从外壳中伸出",1
技术原理,微电极元件和细长探针轴的尺寸设计以靶向小体积神经元,1
技术原理,"凸出轴被封闭在细长的探针轴内,并且可以从它们的外壳膨胀",1
技术原理,最小延迟反馈,1
技术原理,经颅聚焦,1
技术原理,通过接口控制刺激,1
技术原理,电脉冲刺激神经组织,1
技术原理,神经信号记录,1
技术原理,电极植入颅骨的外板和内板之间,1
技术原理,参考电极,1
技术原理,"模拟神经电压转换为数字信号,反之亦然",1
技术原理,脊髓回路和/或背根的多极时空刺激,1
技术原理,电极阵列和刺激的适当相对定时,1
技术原理,阻断外周神经结构中的传导,1
技术原理,电极装置与目标神经结构偏移,1
技术原理,"通过凹槽和毛刺孔固定导线,避免弯曲",1
技术原理,螺旋线圈形式防止断裂,1
技术原理,经颅骨聚焦,1
技术原理,信号引导和会聚,1
技术原理,"基于确定的电生理状态通过刺激阵列向目标刺激部位递送电刺激,以便影响电生理状态",1
技术原理,刺激诱导的神经调节,1
技术原理,聚焦信号或能量传输,1
技术原理,电极面积在微米范围内,1
技术原理,dc或近dc刺激,1
技术原理,靶向神经刺激治疗,1
技术原理,特异性靶向神经组织,1
技术原理,增加对插入后探针错位或移动的容差,1
技术原理,细胞附着到基质表面,1
技术原理,遗传改变后表达所需的神经产物,1
技术原理,通过电刺激产生预期的神经活动,1
技术原理,电极位点周向围绕载体并轴向沿载体设置,1
技术原理,电刺激信号经不同刺激点交替输出以刺激视皮层神经组织,1
技术原理,刺激场导向,1
技术原理,闭环功能,1
技术原理,比较基线和治疗i/o特性,1
技术原理,电刺激促进干细胞分化,1
技术原理,突发刺激分量对神经状况的选择作用,1
技术原理,噪声结构滤波,1
技术原理,同步重置,1
技术原理,交叉频率耦合,1
技术原理,电荷控制,1
技术原理,无线介质透明,1
技术原理,可交替访问的存储器使可植入脉冲发生器能够存储第二神经调节程序同时根据第一神经调节程序提供神经调节,1
技术原理,局部控制活性位点,1
技术原理,减少剂量而不相应减少或显著减少有效性,1
技术原理,频率与目标脑波匹配,1
技术原理,夹带患者的生物电脑信号,1
技术原理,将生物电脑信号振荡改变到不同于第二频率的第四频率,1
技术原理,电极轴线偏离目标神经结构,1
技术原理,电磁脉冲刺激患者的脑或神经系统,1
技术原理,刺激或波形的复合模式,1
技术原理,双向反馈机制,1
技术原理,经颅磁刺激驱动治疗和非治疗刺激干预,1
技术原理,电场刺激在神经系统共振中激发,1
技术原理,调节正常自发刺突模式,1
技术原理,纤维群募集,1
技术原理,诱发的响应的方向控制,1
技术原理,电刺激调制神经,1
技术原理,诱导作用电位,1
技术原理,治疗关系控制变量到反馈变量,1
技术原理,以预编程方式随时间变化的刺激参数,1
技术原理,神经调节机制,1
技术原理,反馈驱动,1
技术原理,神经定位,1
技术原理,闭环反馈回路中的神经记录刺激大脑,1
技术原理,反应性治疗,1
技术原理,相对于症状的比例发生率粗纱化参数值,1
技术原理,匹配或避免内部活动模式和节律,1
技术原理,部分信号的时间和频谱分布相加以产生期望的矢量场,1
技术原理,模型指示优选刺激参数的范围或体积,1
技术原理,适配信息包括症状、刺激信息和表型信息,1
技术原理,感应耦合,1
技术原理,"通过评估记录的一个或多个选择的特性来分析记录,根据观察到的选择的特性来识别由电刺激募集的一种或多种纤维类型的募集水平",1
技术原理,生物相容性介电基底,1
技术原理,电极位点设置,1
技术原理,导电触点设置,1
技术原理,互连器连接,1
技术原理,诱发的生理反应,1
技术原理,没有诱发的生理反应,1
技术原理,生物相容性介电基板,1
技术原理,电极位点与互连器材料选择,1
技术原理,柔性材料减少对神经组织的损伤,1
技术原理,宏电极位点用于记录局部场电位信息,1
技术原理,微电极位点用于记录单细胞动作电位信息,1
技术原理,神经特征预测模型用于预测神经特征,1
技术原理,预测的神经特征作为反馈控制变量,1
技术原理,反馈该刺激的参数,1
技术原理,定向和聚焦,1
技术原理,"通过神经导体提供电流通过的路径,而不是允许电流扩散到相邻组织",1
技术原理,柔性材料连接器,1
技术原理,电极形成于探针主体,1
技术原理,脊髓神经电刺激,1
技术原理,第一多个电极中的至少一个电极被第二多个电极中的至少两个电极包围,1
技术原理,皮下无线中继,1
技术原理,外部可佩戴通信和电源装置,1
技术原理,改变预定位点的神经元活动,1
技术原理,支架本体一体设置狭窄支撑部与信号采集部,1
技术原理,狭窄支撑部径向尺寸小于信号采集部,1
技术原理,信号采集部支撑电极片接触非狭窄部位血管壁,1
技术原理,通过皮质刺激治疗运动障碍,1
技术原理,闭环神经活动触发,1
技术原理,刺激元件的恒定区和/或按在各个周期的持续时间,1
技术原理,相对高频率的电刺激信号,1
技术原理,脑活动的变化,1
技术原理,诱导神经塑性变化,1
技术原理,电脉冲刺激神经和/或肌肉,1
技术原理,迷走神经调节,1
技术原理,间接刺激,1
技术原理,网络动态和耦合效应,1
技术原理,通过在不同脑区域处的刺激间接调节,1
技术原理,增加、减少或以其他方式调制网络区域活动,1
技术原理,神经过程(计划过程、启动过程和执行过程),1
技术原理,慢波和纺锤体同步性增强记忆巩固,1
技术原理,慢波振荡强度调整增强同步性,1
技术原理,加速theta突发刺激协议,1
技术原理,"电信号持续时间小于患者的心脏周期,并且在患者的心脏周期期间",1
技术原理,去同步神经刺激,1
技术原理,增强细胞因子抗炎能力,1
技术原理,增强神经营养因子抗炎活性,1
技术原理,抑制促炎细胞因子活性,1
技术原理,脑可塑性状态指示,1
技术原理,刺激或治疗响应,1
技术原理,神经过程,1
技术原理,低于后放电阈值的电流刺激,1
技术原理,内嗅区刺激,1
技术原理,内侧颞叶刺激,1
技术原理,神经特征作为反馈控制变量,1
技术原理,作为局部生物电位函数的慢性适应性脑刺激,1
技术原理,确定检测到的副作用是否归因于递送的神经刺激治疗,1
技术原理,迟发性响应在ecap结束之后产生,1
技术原理,迟发性响应作为生物标志物,1
技术原理,时序分离供电以降低刺激伪影,1
技术原理,感测到的神经响应通知刺激治疗,1
技术原理,形态学变化指示刺激环境的变化程度,1
技术原理,补偿传递函数,1
技术原理,刺激传递函数,1
技术原理,测量传递函数,1
技术原理,根据弯曲半径阈值控制弯曲柔性,1
技术原理,神经活动与神经信号关联,1
技术原理,设备数据与神经刺激信号关联,1
技术原理,将刺激从一点移动到相邻点,1
技术原理,电极移动,1
技术原理,实时反馈,1
技术原理,电极组织接触表面积差异导致电流密度分布变化,1
技术原理,立体柔性电极结构,1
技术原理,空间定向刺激记录,1
技术原理,对侧大脑半球对应目标结构,1
技术原理,孔隙便于周围神经的重建并在重建后与周围神经紧密接触,1
技术原理,柔性电路电极阵列,1
技术原理,聚合物材料用作电极阵列体,1
技术原理,电极位点与周围神经接触以采集或施加电信号,1
技术原理,非对称电刺激场,1
技术原理,刺激大体积的神经组织,1
技术原理,固定元件将薄膜远端固定到载体芯,1
技术原理,"通过评估记录的一个或多个选定特征来分析记录,根据观察到的选定特征识别募集水平",1
技术原理,导体和末端衬垫被封装在连续的高分子绝缘膜内,1
技术原理,低阻抗电极阵列平台,1
技术原理,高深宽比纳米柱特征用于表现出显著降低的电阻抗,1
技术原理,调制信号施加至靶向区域,1
技术原理,导电芯材料,1
技术原理,导电区域,1
技术原理,非导电区域,1
技术原理,反馈结果更客观,1
技术原理,闭环反馈回路中的神经记录来刺激大脑,1
技术原理,处理器分析脑电活动确定癫痫事件,1
技术原理,"可变形段比载体侧壁的其余部分更柔韧,以响应于身体组织中的移位力而移动",1
技术原理,接地电位,1
技术原理,通过检测运动障碍的症状发作的特征性生理病症并在检测到所述病症时选择性地启动治疗,1
技术原理,增加或减少脑灌注,1
技术原理,施加到大脑和神经系统外周部分的响应刺激,1
技术原理,"各种频带,例如,高频率和低频率幅度指示脑部活动中的脑活动",1
技术原理,高频率和低频率幅度指示脑部活动中的脑活动,1
技术原理,超声波通信,1
技术原理,深部脑刺激,1
技术原理,基于eca提取相位空间,1
技术原理,hfo频率阈值,1
技术原理,子感知刺激,1
技术原理,能量值作为频率的函数,1
技术原理,低频下最佳子感知刺激,1
技术原理,兴奋性和难治性(抑制周期)参数与异常神经活性的关联,1
技术原理,根据物理状态优化刺激参数,1
技术原理,生理或其它环境驱动治疗递送,1
技术原理,神经刺激脉冲的模式,1
技术原理,调节副交感神经和交感神经系统活动,1
技术原理,自主反馈回路调节,1
技术原理,诱发神经元代谢反应,1
技术原理,频率随时间呈指数变化的信号调制,1
技术原理,电学和光学耦合,1
技术原理,简化了刺激场的特性的调整,1
技术原理,刺激的几何形状和位置,1
技术原理,电流场偏移,1
技术原理,电流场偏移与刺激参数集的对应关系,1
技术原理,基于临床响应指示符评估,1
技术原理,仅当脑电波状态基本上满足预选的响应标准时才施加刺激,1
技术原理,闭环刺激,1
技术原理,功耗分级管理,1
技术原理,传入神经调节,1
技术原理,电磁感应,1
技术原理,电感器受电磁场感应电压,1
技术原理,脑中的信号量化电逻辑刺激的功效,1
技术原理,闭环神经刺激,1
技术原理,功耗模式切换,1
技术原理,基于生物变量的一个或多个平均值和标准差而变化,1
技术原理,跨频耦合,1
技术原理,多频段自适应同步调制,1
技术原理,基于脑电特征的经颅电刺激,1
技术原理,"发生率越高,驱动信号的频率越高,驱动信号的振幅越高",1
技术原理,实时同步,1
技术原理,预测生物标志物的出现,1
技术原理,跨区域锁相刺激,1
技术原理,神经振荡相位同步,1
技术原理,磁场施加到大脑预先选择的突触区域,1
技术原理,ens和mns串联或交替顺序给药,1
技术原理,脊髓侧向刺激,1
技术原理,基于神经活动信号记录设置刺激参数,1
技术原理,通过使用磁场刺激大脑来增强大脑功能,1
技术原理,感应电场研究神经刺激的效果,1
技术原理,相对较高的神经元兴奋状态对应于相对较低的瞬时电压幅度,1
技术原理,上调或下调,1
技术原理,磁场刺激大脑,1
技术原理,感应电场,1
技术原理,改变神经活性,1
技术原理,引起冠状动脉扩张,1
技术原理,电刺激促进和/或控制天然存在的药剂释放,1
技术原理,治疗递送策略基于生理或其它上下文变化,1
技术原理,神经元激活或抑制介导,1
技术原理,通过植入的神经调制电路将能量转换成电波形以激活脑中的目标神经元,1
技术原理,时变电场,1
技术原理,接地电极和参比电极定位在电安静位置以记录持久高保真信号,1
技术原理,微创技术,1
技术原理,时变电场刺激大脑视觉通路,1
技术原理,交流脉冲和/或直流脉冲产生电刺激,1
技术原理,与脑组织相似的弹性模量,1
技术原理,良好的生物相容性,1
技术原理,更低的阻抗和良好的伏安特性,1
技术原理,"刺激组件与采集组件集成,通过定型剂固定位置",1
技术原理,慢性疼痛和疼痛缓解的神经特征辅助刺激编程,1
技术原理,神经特征辅助刺激编程,1
技术原理,检测到与疼痛相关的预设神经活动模式时自动调整刺激器设置,1
技术原理,通过特定设计将接地电极和参比电极定位在电安静位置以记录持久高保真信号,1
技术原理,基于脑区域脑电波估计认知状态,1
技术原理,用户特异性激活的脑区域,1
技术原理,电极感测单元通过导电介质采集信号,1
技术原理,导电迹线传输信号,1
技术原理,本体感觉诱导机制,1
技术原理,肾神经调节,1
技术原理,神经支调节,1
技术原理,通过多路径电总线实现电力与信号分离传输,1
技术原理,模块化单元通过总线互连实现可定制架构,1
技术原理,预期运动相关的神经活动模式,1
技术原理,神经特征辅助dbs编程,1
技术原理,目标大脑状态与特定脑区相关,1
技术原理,诱导目标大脑状态,1
技术原理,基于人体自身意志主动调制神经活动,1
技术原理,通过下行链路和上行链路信道实现电力和数据的双向传输,1
技术原理,高空间集成单元用于感测和/或刺激大脑区域,1
技术原理,多路选择降低能耗与噪声,1
技术原理,神经电生理信号传导机制,1
技术原理,多路选择降低能耗和噪声,1
技术原理,连通性特征与情绪状态之间的关系,1
技术原理,捕捉不同人脑区域的情感交互,1
技术原理,神经信号解码为音素,1
技术原理,顺向传播,1
技术原理,逆行传播,1
技术原理,频率阻挡,1
技术原理,双极性刺激电流,1
技术原理,无线植入式脑机接口,1
技术原理,锁相值,1
技术原理,从神经信号中解码音素,1
技术原理,语言模型约束音素序列,1
技术原理,递归神经网络(rnn)处理时间序列,1
技术原理,加权有限状态换能器语言模型,1
技术原理,神经活动和动作之间的对应关系,1
技术原理,半导体集成电路信号选择,1
技术原理,金属针探针阵列植入通孔,1
技术原理,绝缘膜覆盖,1
技术原理,功率和数据传输机制,1
技术原理,基于脑血流的模拟失重条件下工作记忆能力评价,1
技术原理,基于脑血流,1
技术原理,模拟失重训练,1
技术原理,学习神经活动模式和相应视觉输入之间的复杂映射,1
技术原理,it皮层编码视觉信息,1
技术原理,神经信号与警觉状态的关联,1
技术原理,通信路径中的下行链路和上行链路信道机制,1
技术原理,tdcs阳极刺激背外侧前额叶皮层,1
技术原理,脑功能区内部连通性强弱的相关性分数,1
技术原理,全局脑功能区特征图,1
技术原理,电刺激诱发神经复合动作电位,1
技术原理,通过检测复合动作电位确定电极位置,1
技术原理,迷走神经电刺激,1
技术原理,经皮耳迷走神经电刺激,1
技术原理,皮质脊髓通路兴奋度评估,1
技术原理,脑肌耦合性分析,1
技术原理,无线连接,1
技术原理,基于第一无线连接的激活,1
技术原理,动作意图识别,1
技术原理,从电信号中提取模式并确定意图,1
技术原理,神经破坏对动作电位传播的影响可以有效地用作确定患者神经功能破坏量的反馈机制,1
技术原理,无线传输技术,1
技术原理,低功耗,1
技术原理,长期使用,1
技术原理,体积小,1
技术原理,允许体内植入,1
技术原理,通道间特征相关,1
技术原理,脑功能区内部连通性,1
技术原理,基于多个电极所采集的脑电信号调整贡献程度,1
技术原理,数字电脉冲不受杂波干扰,1
技术原理,电脉冲形状识别匹配,1
技术原理,脑电特征与患者状态关联,1
技术原理,闭环调整机制,1
技术原理,自适应神经调节,1
技术原理,睡眠分期,1
技术原理,相位特征,1
技术原理,摇晃刺激,1
技术原理,直接解读脑信号,1
技术原理,非侵入式神经刺激,1
技术原理,声电互相调控、跟随耦合刺激,1
技术原理,特殊声学信号的旋律和强度自动调节电脉冲的宽度和幅度,1
技术原理,电脉冲的宽度和幅度自动调节特殊声学信号的旋律和强度,1
技术原理,检测-刺激-检测的闭环机制,1
技术原理,多神经生理信号的特征向量分类,1
技术原理,脑结构异常与脑代谢异常区域确定,1
技术原理,正常电极与癫痫致痫区电极分类,1
技术原理,电极组合与频率关联,1
技术原理,用户界面交互选择,1
技术原理,经皮耳迷走神经刺激,1
技术原理,基于大量数据训练后的神经网络模型对脑电信号进行分析,1
技术原理,利用脑电信号导出主观运动意识信息,1
技术原理,自主运动意识驱动下肢步行,1
技术原理,刺激周边运动神经,1
技术原理,经颅刺激引起局部磁场,1
技术原理,感测器官、前庭系统和记忆重新产生反应,1
技术原理,基于大量数据训练的神经网络模型对脑电信号进行分析,1
技术原理,脑电信号反馈,1
技术原理,粉红噪声,1
技术原理,神经兴奋性诱发,1
技术原理,基于脑信号信息确定频率,1
技术原理,只激活采集电极,1
技术原理,只激活刺激电极,1
技术原理,产生接近刺激部位的电场,1
技术原理,静止膜电位亚阈值增加,1
技术原理,电场分布计算,1
技术原理,融合型教师信号,1
技术原理,生理协同模式,1
技术原理,动态目标轨迹,1
技术原理,生理协同模式复现,1
技术原理,前馈指令生成,1
技术原理,反馈校正指令生成,1
技术原理,刺激参数变化,1
技术原理,阈值以下、阈值和/或阈值以上水平施加刺激,1
技术原理,周期性、非周期性和/或伪随机方式,1
技术原理,突发间频率对应于固有脑波频率,1
技术原理,导电空心颅骨螺钉传导电流,1
技术原理,静息膜电位亚阈值增加,1
技术原理,感测来自大脑的电信号,1
技术原理,光信号发射,1
技术原理,光信号检测,1
技术原理,光生物调制,1
技术原理,神经可塑性改变或重组,1
技术原理,刺激诱导神经重构,1
技术原理,持久神经刺激活性,1
技术原理,可拉伸性,1
技术原理,柔性贴合,1
技术原理,导电填料增强导电性,1
技术原理,电极接触脑膜外表面,1
技术原理,闭环自主神经调节,1
技术原理,易化性时域,1
技术原理,减少或增强与神经放电相关联的结果,1
技术原理,破坏癫痫网络建立的过程,1
技术原理,降低神经元超同步化的可能性,1
技术原理,动态优化检测能力,1
技术原理,神经响应感测,1
技术原理,电刺激传导,1
技术原理,激活电流密度分布,1
技术原理,选择性电刺激,1
技术原理,感测来自脑部的电信号,1
技术原理,电刺激脑部,1
技术原理,发射光信号,1
技术原理,检测来自脑部的光信号,1
技术原理,功能近红外光谱,1
技术原理,电极感测电信号,1
技术原理,能量收集,1
技术原理,神经反应,1
技术原理,指示神经或精神状况的特定特征,1
技术原理,内源性脑活动匹配特性,1
技术原理,独特时间模式和低或高频谱内容,1
技术原理,电磁感应供电,1
技术原理,无线通信原理,1
技术原理,非规则刺激模式,1
技术原理,基于生理水平的自适应控制,1
技术原理,状态转换控制,1
技术原理,刺激参数与预期响应关联,1
技术原理,异常生理活动信号的检测与比较,1
技术原理,诱导大脑可塑性,1
技术原理,增强疗效,1
技术原理,刺激脉冲诱导动作电位,1
技术原理,基于检测到的复合动作电位修改刺激脉冲,1
技术原理,自适应电刺激,1
技术原理,引线数量从n²减少到2n,1
技术原理,电刺激场移动,1
技术原理,感觉异常模式产生,1
技术原理,共形电极阵列,1
技术原理,柔性脚手架,1
技术原理,刺激使病理同步和振荡神经活性复位,1
技术原理,时间延迟刺激抑制病理同步和振荡,1
技术原理,弧面贴合颅骨,1
技术原理,颅孔环厚度更薄,1
技术原理,信号相干性分析,1
技术原理,信号相关性分析,1
技术原理,信号关联曲线分析,1
技术原理,聚焦刺激源诱导神经调节,1
技术原理,薄膜皮层表面电极记录,1
技术原理,感应沿第一方向传播的动作电位,1
技术原理,抑制第二方向的动作电位传播,1
技术原理,弯曲半径阈值控制弯曲柔性,1
技术原理,"通过相间间隔(ipi)分开第一相位和第二相位,实现异步激活",1
技术原理,"双作用电极感测神经元电信号并传送,同时接收刺激信号",1
技术原理,平衡关系指示神经元活动之间的选择平衡水平,1
技术原理,定量关系指示存在病理性神经病症,1
技术原理,内部支撑梳的面使得能够对导线进行对准、布线和保持,1
技术原理,振荡和/或共振的诱发神经反应,1
技术原理,生物标记,1
技术原理,梳状结构有利于电极良好接触大脑皮质并保持相对位置固定,1
技术原理,治疗图定义了控制变量与反馈变量的治疗关系,1
技术原理,调节神经系统组件的活性,1
技术原理,控制神经状态,1
技术原理,通过骨螺钉穿过凸缘中的孔固定控制模块,1
技术原理,整流罩在患者头皮下提供平滑轮廓,1
技术原理,间隔垫片调节控制模块的位置,1
技术原理,可再吸收盘洗脱抗生素或抗炎物质,1
技术原理,感觉反馈,1
技术原理,密封集成控制电路,1
技术原理,基于响应和刺激参数调整刺激,1
技术原理,多路复用,1
技术原理,通过评估诱发-记录参数集的序列来确定诱发-记录参数集,1
技术原理,诱导神经元可塑性,1
技术原理,促进新神经通路的创建,1
技术原理,atbs方案,1
技术原理,根据规定的治疗方案联合工作,1
技术原理,ac和/或dc激励,1
技术原理,影响神经回路中的一个或多个点,1
技术原理,三维电极结构提供支撑和锚固,1
技术原理,纤维群体补充,1
技术原理,相对定时,1
技术原理,电极与大脑可操作地相互作用,1
技术原理,盘部分和轴部分提供支撑和锚固,1
技术原理,促进性时域,1
技术原理,突发刺激包括具有100毫秒的最大尖峰间间隔的多组尖峰脉冲,1
技术原理,突发刺激在多组尖峰脉冲之间被基本静止的时间段分开,1
技术原理,组间间隔包括至少5秒,1
技术原理,基于所测量的eeg信号发射辐射,1
技术原理,将电刺激信号施加到相邻的神经组织,1
技术原理,基于电生理状态影响电生理状态,1
技术原理,电刺激电可激发组织,1
技术原理,柔性支架上的电极和集成电子装置,1
技术原理,电极阵列的适形性,1
技术原理,基于测量的eeg信号发射辐射以治疗神经障碍,1
技术原理,响应性脑刺激,1
技术原理,事件触发,1
技术原理,立体脑电图靶向大规模神经网络中的特定脑区域,1
技术原理,刺激电极控制刺激施加,1
技术原理,探针刺激诱发残余神经反应,1
技术原理,计算神经建模,1
技术原理,电连接构件将电极引线连接电连接到to管脚,1
技术原理,神经调制信号递送到神经系统部件以控制神经状态,1
技术原理,低等待时间自动闭环同步,1
技术原理,全差分开关电容电路,1
技术原理,电生理刺激,1
技术原理,"通过调整刺激参数降低或增加刺激脉冲的能量水平,从而在目标组织中诱发具有与参考诱发动作电位基本相同的相应特性的动作电位",1
技术原理,目标频率对应的目标脑状态,1
技术原理,信号具有频率可操作以修改当前频率,1
技术原理,建设性共振概念,1
技术原理,破坏性共振概念,1
技术原理,神经再生诱导,1
技术原理,"主频率500hz至100,000hz",1
技术原理,门控频率0.1hz至200hz,1
技术原理,预定间隔内施加和中断电流,1
技术原理,信号采集部支撑电极片充分接触非狭窄部位血管壁,1
技术原理,电信号传输,1
技术原理,电连通,1
技术原理,增益变化自适应补偿,1
技术原理,治疗参数从神经或生理响应中导出,1
技术原理,限位槽与限位部匹配,1
技术原理,旋转连接件转动连接,1
技术原理,弹性支撑结构缓冲多方向的变形力以保证电极片的位置稳定性,1
技术原理,"通过金属层与第一涂层的组合提供所需的机械强度,适合稳定植入",1
技术原理,"通过弹性聚合层与第二涂层的配置增强柔软性,减少对脑组织的损伤",1
技术原理,神经元活动反映,1
技术原理,刺激引起的脑波夹带,1
技术原理,神经元代谢反应,1
技术原理,实时维持电荷平衡,1
技术原理,广义传出复制信号,1
技术原理,自我调节,1
技术原理,异常同步的脑电活动不同步,1
技术原理,实时保持电荷平衡,1
技术原理,神经活动记录,1
技术原理,刺激信号抑制神经行为,1
技术原理,神经通路刺激引起慢性疼痛反应,1
技术原理,诱发电位活动作为神经通路识别依据,1
技术原理,差动电位检测,1
技术原理,柔性元件接触皮层表面测量信号或传送刺激,1
技术原理,集成电路发射/接收信号,1
技术原理,神经元放电特征确定刺激干预时机,1
技术原理,刺激输出信号直接提供给异常神经元活性区域,1
技术原理,轨道到轨道操作,1
技术原理,内-皮肤通信,1
技术原理,随机可变脉冲间隔的磁刺激,1
技术原理,"信号施加单元与电极单元一体形成,使施加位置近似于测量位置",1
技术原理,闭环,1
技术原理,病理性同步和振荡神经活动的抑制,1
技术原理,跨模式神经接口,1
技术原理,基于所获得的信息确定施加到传入轴突的神经刺激信号,1
技术原理,第一和第二神经刺激信号共同施加到皮层,1
技术原理,刺激反馈检测模式,1
技术原理,脑电采集终端在整个刺激过程都参与到工作,1
技术原理,生物电信号指示电极与目标组织部位的距离,1
技术原理,生理模型指示接近电极的患者组织特性,1
技术原理,治疗场模型表示治疗区域,1
技术原理,持续时间小于患者的心动周期并且在患者的心动周期期间,1
技术原理,颅骨嵌入物具有导电性,1
技术原理,通过颅骨嵌入物传递脑电信号减少干扰,1
技术原理,"信号传递稳定,实现长时程植入",1
技术原理,关闭-环响应,1
技术原理,脑血流量变化与脑刺激的实时反馈机制,1
技术原理,通过感觉刺激调节脑神经元节律活性,1
技术原理,神经网络频率指示功能受损,1
技术原理,电活动的预定调制,1
技术原理,选择性地开始治疗,1
技术原理,导体的柔性允许套囊与神经一起膨胀和收缩,1
技术原理,神经网络频率与功能障碍对应,1
技术原理,第一阻抗,1
技术原理,第二阻抗,1
技术原理,夹带同步振荡,1
技术原理,偏置神经结构上的固有神经信号,1
技术原理,刺激伪影测量用于产生偏移量度,1
技术原理,潜伏期用于产生偏移量度,1
技术原理,模板匹配,1
技术原理,电脉冲电刺激,1
技术原理,脑状态与刺激关联,1
技术原理,脑状态基于功能脑信号数据值范围,1
技术原理,变频磁刺激,1
技术原理,生物电反馈,1
技术原理,诱发生理响应,1
技术原理,参考值对比,1
技术原理,刺激视觉皮层,1
技术原理,可生物再吸收粘合剂层的降解机制,1
技术原理,形状记忆或预成型原理,1
技术原理,相空间分析,1
技术原理,低频刺激诱发化合物活性,1
技术原理,高频振荡作为治疗频率指标,1
技术原理,深部脑电刺激,1
技术原理,浅部脑电刺激,1
技术原理,声信号耦合到电脉冲,1
技术原理,丝涂层在电极插入后熔化并消失,1
技术原理,使用简单电极减少插入损伤,1
技术原理,交流脉冲,1
技术原理,直流脉冲,1
技术原理,光遗传学刺激激活神经元,1
技术原理,多空间尺度神经信号同步监测,1
技术原理,导线传输,1
技术原理,神经网络频率对应受损功能,1
技术原理,空间图比较识别治疗频率,1
技术原理,电压限制机制,1
技术原理,经皮电刺激,1
技术原理,高频刺激,1
技术原理,高强度刺激,1
技术原理,诱导局部脑代谢的变化,1
技术原理,调节皮质兴奋性或反应性,1
技术原理,修饰可塑性改变的机制,1
技术原理,形状记忆合金具有预设的相变温度,1
技术原理,记忆直线形状,1
技术原理,连续聚合物绝缘膜包封,1
技术原理,刺激域调控,1
技术原理,凸缘与椎体协作并由此稳定电极焊盘,1
技术原理,电极焊盘可被分成多个焊盘部分,1
技术原理,位置参数解耦,1
技术原理,生物可再吸收粘合剂层的构造控制阵列形状,1
技术原理,神经刺激协议,1
技术原理,凸缘与椎体协作稳定电极焊盘,1
技术原理,多个焊盘部分包括非对称配置的触点,1
技术原理,"刺激组件与采集组件分别通过电极端子连接,定型剂固定相对位置",1
技术原理,导电材料和层暴露在结构表面以用作电极,1
技术原理,三维布置,1
技术原理,弹簧柔性连接,1
技术原理,神经电刺激诱发复合动作电位,1
技术原理,动作电位传导与感测,1
技术原理,弹簧柔性附接,1
技术原理,将电刺激信号施加到耳蜗中的目标神经组织,1
技术原理,细胞外刺激电流在微通道中的轴突中诱导动作电位,1
技术原理,细胞外信号指示微通道中的轴突中的动作电位,1
技术原理,"不同溶解速率的基质部分在体液中逐步溶解,使电极离解",1
技术原理,电荷平衡,1
技术原理,低阻抗电极平台,1
技术原理,高深宽比纳米柱特征用于降低电阻抗,1
技术原理,神经元生长因子促进再生,1
技术原理,电极与神经胶质层物理分离,1
技术原理,柔性导电间隔件,1
技术原理,通过总线对接的触点到形成电接触,1
技术原理,聚焦电场,1
技术原理,纤维群的募集,1
技术原理,选择性同步或desynchronised,1
技术原理,"刺激皮肤中的机械感受器使其产生神经冲动,进而产生触觉",1
技术原理,"辅助针带动多根柔性探针同时运动,避免多次植入损伤",1
技术原理,生物相容,1
技术原理,基于大脑上的不同区域、不同的通信频段实现电信号在检测、传输、接收等多个环节的多样化配置,1
技术原理,外部电磁场感应,1
技术原理,整流,1
技术原理,电场发射,1
技术原理,双极模式降低噪声,1
技术原理,双极和单极刺激模式,1
技术原理,电刺激耳蜗,1
技术原理,响应于耳蜗的刺激而捕获在电极处感应的ecap信号,1
技术原理,加热或以其他方式电调制有助于肾功能的神经纤维或供给或灌注神经纤维的血管结构,1
技术原理,rf能量传输,1
技术原理,安全信息交换,1
技术原理,低阻抗分流器,1
技术原理,刺激的相对定时,1
技术原理,调节患者大脑中的觉醒水平,1
技术原理,突触刺激类型,1
技术原理,放电活动,1
技术原理,相位同步具有局部最大值,1
技术原理,信号转发绕过非功能神经元,1
技术原理,近端神经支配的几何关系,1
技术原理,感测端位于靠近或与血管相交的神经处,1
技术原理,神经信号转发,1
技术原理,通过导管进入血管采集脑电信号,1
技术原理,光脉冲神经刺激与神经电生理信号采集功能于一体,1
技术原理,光遗传学兴奋和抑制,1
技术原理,改善植入器件对脑组织的机械顺应性,1
技术原理,二次矩阵优化计算原理,1
技术原理,关闭环基上的反应信号,1
技术原理,神经递质信号分析,1
技术原理,感觉刺激,1
技术原理,去同步化,1
技术原理,闭环控制原理,1
技术原理,刺激-响应-调节的闭环控制,1
技术原理,激活神经通路,1
技术原理,释放抑制性神经递质,1
技术原理,神经振荡频率的调节,1
技术原理,感觉γ刺激,1
技术原理,激活神经通路以释放抑制性神经递质,1
技术原理,电磁相互作用,1
技术原理,神经振荡频率的调整,1
技术原理,向大脑的认知状态或认知功能提供有益影响,1
技术原理,通过放大目标振荡产生伽马波活性或其它神经学响应,1
技术原理,利用反馈刺激用户脑以尝试实现目标脑状态,1
技术原理,信号频率可操作以将当前频率向目标频率修改,1
技术原理,将突触连接表示为图,1
技术原理,根据神经元激活模式动态更新颜色,1
技术原理,动态重新着色提供对不断变化的大脑活动的实时适应,1
技术原理,刺激臂之间的相关性,1
技术原理,刺激臂相关指数,1
技术原理,θ波与记忆能力相关,1
技术原理,睡眠时慢波频率脑电刺激,1
技术原理,促进特定神经元(abns)的同步从而增强记忆,1
技术原理,深度半监督学习,1
技术原理,动态调整阈值,1
技术原理,有监督预测值调整无标签数据预测值,1
技术原理,神经启发计算架构,1
技术原理,脉冲神经网络(snn),1
技术原理,生物合理的认知模型,1
技术原理,事件驱动特性,1
技术原理,捕捉人类脑活动潜在模式和变化,1
技术原理,基于生成对抗网络增强数据,1
技术原理,持续监测神经生理状态并调整界面,1
技术原理,shapley加法解释,1
技术原理,主动学习的选择性标注机制,1
技术原理,半监督学习的伪标签训练策略,1
技术原理,通过同时减少正对之间的距离和增加负对之间的距离来学习可判别表征,1
技术原理,挖掘脑电信号的时序信息,1
技术原理,非欧几何编码,1
技术原理,先验生成,1
技术原理,深度模型,1
技术原理,空间特征与时序特征联合建模,1
技术原理,从传统的eeg改进的用于癫痫的应用特异性工具,1
技术原理,基于簇内疾病信息生成分类器,1
技术原理,微创,1
技术原理,永久植入,1
技术原理,差分熵特征,1
技术原理,实例相似度矩阵,1
技术原理,标签相似度矩阵,1
技术原理,对比学习损失,1
技术原理,判别器损失,1
技术原理,胆碱能抗炎通路,1
技术原理,细胞因子通路调节,1
技术原理,"迷走神经将来自心脏和肺的动作电位传导到脑的各种结构,从而引发迷走神经诱发电位",1
技术原理,功能脑区神经网络交互作用,1
技术原理,增强脑电波的γ频段和θ频段,1
技术原理,脑波融合反馈神经可塑性,1
技术原理,脑神经功能及按神经部位匹配的基准形状,1
技术原理,脑神经功能及按神经部位匹配的超声刺激参数组合,1
技术原理,非侵入性且空间精度高的超声刺激,1
技术原理,程序性记忆快速编码,1
技术原理,"根据意图认知对象意图的颅神经(或认知)信息,通过具有高空间精度的非侵入性超声刺激",1
技术原理,心理治疗框架,1
技术原理,诱导产生新的并保存存活的少突胶质细胞,1
技术原理,产生新的髓鞘,1
技术原理,增强脱髓鞘后的再髓鞘化,1
技术原理,神经可塑性窗口识别,1
技术原理,既定心理治疗框架,1
技术原理,慢振荡的产生触发纺锤状刺激,1
技术原理,通过刺激大脑以发育大脑,1
技术原理,慢振荡,1
技术原理,纺锤状刺激,1
技术原理,跨尺度同步植入,1
技术原理,慢振荡的产生,1
技术原理,基于脑地图的eeg测量值,1
技术原理,通过脑电波刺激大脑发育,1
技术原理,提取空间和时间特征,1
技术原理,提高模型的鲁棒性和泛化能力,1
技术原理,增强在不同用户和环境中的适应性,1
技术原理,低延迟和高效性能,1
技术原理,大脑内在神经动力学,1
技术原理,捕捉神经信号复杂时变性质,1
技术原理,实时动态调整以适应用户的神经活动,1
技术原理,混合方法,1
技术原理,序列动态捕获,1
技术原理,迁移学习增强,1
技术原理,边缘计算设计,1
技术原理,云端更新,1
技术原理,通过大脑睡眠的自然过程改善学习,1
技术原理,在睡眠特定阶段向大脑传递特定信息来巩固记忆和技能,1
技术原理,根据大脑反馈实时持续调整信息传递方式,1
技术原理,实时监测注意力水平,1
技术原理,自我调节脑电波,1
技术原理,增强记忆力,1
技术原理,增强大脑认知功能,1
技术原理,记忆重放,1
技术原理,基于神经模型的记忆回放模拟,1
技术原理,预测行为表现以决定干预,1
技术原理,量子并行性,1
技术原理,模拟生物神经架构,1
技术原理,量子密码学,1
技术原理,预测阈值比较,1
技术原理,泛化能力提升,1
技术原理,基学习器分类误差率自动更新,1
技术原理,adaboost算法,1
技术原理,时频分析,1
技术原理,电生理特征,1
技术原理,基于神经网络的ai模块分析数据并生成控制信号,1
技术原理,机器学习模块通过强化学习持续改进控制信号,1
技术原理,基于脑电图(eeg)的脑机接口(bci),1
技术原理,通过观看事件期间所捕捉的图像序列增强认知能力,1
技术原理,通过机器学习痴呆类型与各种类型痴呆患者的脑电波数据之间的关系,1
技术原理,强化学习机制,1
技术原理,时序连续性与空间关联性,1
技术原理,通过适时的生理时段递送刺激来改变记忆和/或认知功能,1
技术原理,调节用户的睡眠阶段、睡眠质量和/或睡眠的特定阶段期间的脑节律的质量或强度,1
技术原理,主动的同频刺激方法,1
技术原理,大脑始终处在a波最佳记忆状态,1
技术原理,神经可塑性增强的生物数字反馈机制,1
技术原理,用户神经参与指数(nei),1
技术原理,交感神经活性评估,1
技术原理,神经紊乱度评估,1
技术原理,双靶点分级调控,1
技术原理,自主神经平衡指数反馈,1
技术原理,机器学习技术被训练用于生成神经数据估计,1
技术原理,机器学习技术被训练用于估计神经刺激信号,1
技术原理,神经细胞偏好方向,1
技术原理,脑刺激改善记忆,1
技术原理,脑反应激活程度,1
技术原理,脑活动变化,1
技术原理,增强学习的神经刺激与声音输出相关联,1
技术原理,增强肠神经系统的功能张力,1
技术原理,阻断近端阻断位点处的神经脉冲,1
技术原理,增强学习,1
技术原理,闭环神经调控,1
技术原理,经皮神经刺激,1
技术原理,神经响应测量评估,1
技术原理,神经响应测量反映受试者对刺激材料的反应,1
技术原理,神经响应数据通过网络传输到数据分析器,1
技术原理,个性化,1
技术原理,可以忽略来自单个触点的信号,1
技术原理,每个电极可以被放置在邻近电极的附近,1
技术原理,刺激属性共振,1
技术原理,神经响应数据反映个体、群体或对象之间的实体和关系形成,1
技术原理,多模态数据结合评估,1
技术原理,中枢神经系统测量,1
技术原理,自主神经系统测量,1
技术原理,效应物数据测量,1
技术原理,弹性接触,1
技术原理,腿弹性弯曲使导电材料接触头皮,1
技术原理,第二端横截面小于第一端便于穿过头发,1
技术原理,腿的横截面小于第一端以便穿过头发,1
技术原理,导电材料接触头皮,1
技术原理,腿对称附接以稳定接触,1
技术原理,信噪比,1
技术原理,导电突起穿过毛发滑动,1
技术原理,脑电图数据的第一频带和第二频带之间的交互,1
技术原理,基于脑电数据计算情绪指标,1
技术原理,基于眼动数据计算视觉关注,1
技术原理,刺穿头皮达到皮肤的生发层,1
技术原理,mems工艺,1
技术原理,机械结构,1
技术原理,注意力集中时神经反应与视觉刺激调制相关性增强,1
技术原理,注意机制,1
技术原理,"弹性装置由导电材料构成或包括导电材料,用于传送电信号",1
技术原理,大脑功能的视觉隐喻,1
技术原理,左右半球之间的脑信号协调,1
技术原理,非接触电极与干电极的互补测量机制,1
技术原理,聚类分析,1
技术原理,基于神经生理事件的识别来识别图像中的目标,1
技术原理,神经生理事件指示观察者检测到目标,1
技术原理,大脑活动最初时刻获得的反应,1
技术原理,基于深度神经网络处理精神行为、情绪、情感、精神状态、心理健康或基于情绪属性识别,1
技术原理,意识控制的注意反应,1
技术原理,干电极结构,1
技术原理,短电极结构,1
技术原理,冲击吸收器,1
技术原理,可透气性,1
技术原理,皮肤弯曲适应性,1
技术原理,神经活动与刺激的关联推断,1
技术原理,神经通路,1
技术原理,神经索引量化,1
技术原理,神经度量动态调节,1
技术原理,干电极测量原理,1
技术原理,弹簧导电接触,1
技术原理,"通过毛发拨动构件将毛发收拢,使得头皮区域暴露",1
技术原理,脑电信号采集构件能够与暴露的头皮形成充分、有效接触,1
技术原理,脑电波与大脑灌注或氧合值的相关性,1
技术原理,视觉刺激的特征性调制与神经反应的相关性,1
技术原理,特征性调制,1
技术原理,测试结果脑状态关系信息,1
技术原理,导电粘合剂层,1
技术原理,弹性导电垫,1
技术原理,粘合表面,1
技术原理,镀有多孔铂的干电极,1
技术原理,刺激呈现后立即选择为目标的事件相关电位脑电波数据可定量表示偏好,1
技术原理,弹性压力将电极头压向皮肤,1
技术原理,"增加干电极与皮肤的接触面积,降低接触阻抗",1
技术原理,交联提高导电性和柔韧性,1
技术原理,光波调制,1
技术原理,光电探测,1
技术原理,电磁屏蔽减少电磁干扰,1
技术原理,可定制贴合,1
技术原理,减少电磁干扰,1
技术原理,正常精神的努力标准,1
技术原理,单次事件诱发的脑电位,1
技术原理,注视属性与诱发电位参数作为神经网络输入,1
技术原理,离线训练人工神经网络表示心理决策,1
技术原理,神经生理学信息用于分类、诊断和治疗,1
技术原理,皮肤表面轮廓一致的所述主体部分的非导电材料的含基体电极结构,1
技术原理,电极和皮肤表面之间牢固地附着形成导电接触,1
技术原理,无铁磁材料的使用,1
技术原理,导电橡胶的导电性,1
技术原理,刷状突出结构增加接触稳定性,1
技术原理,根据输入信号调整三维模型参数,1
技术原理,基于视线追踪技术,1
技术原理,用户个性化兴趣数据库特征模型作为匹配依据,1
技术原理,脑电波读数反映用户精神状态,1
技术原理,预定义替代结果与精神状态关联,1
技术原理,注意力和认识等级,1
技术原理,振幅和/或延迟确定商业理解,1
技术原理,基于eeg信号验证注视点,1
技术原理,α和β频率振幅反映注意力认知,1
技术原理,erp电位幅度和潜伏期决定理解、价值、意图和记忆,1
技术原理,基于脑电图信号生成与用户任务相关的控制信号,1
技术原理,脑电波活动,1
技术原理,左右脑与左右侧肢体交叉对应原理,1
技术原理,基于认知状态度量的情感强度分析,1
技术原理,基于情绪强度度量的媒体操纵,1
技术原理,响应于触发信号,1
技术原理,稳态视觉诱发电位刺激,1
技术原理,快速互补或闪烁模式,1
技术原理,在不改变亮度的情况下改变图像的对比度,1
技术原理,真正的双色和多色模式操作,1
技术原理,不同频率闪烁的图像,1
技术原理,颜色作为反馈提示,1
技术原理,eeg信号的频率或振幅转换,1
技术原理,对信号区段内原始信号点数量进行离散连续序列表征,1
技术原理,基于信号区段内原始信号点数量的离散连续序列表征,1
技术原理,基于颜色的反馈提示,1
技术原理,基于视图参数和片段长度计算信号点数量,1
技术原理,对离散连续序列计算表征值,1
技术原理,乘积检测器检测稳态诱发电位信号的电平,1
技术原理,产生最高输出的产品检测器指示观察者聚焦的显示器,1
技术原理,注视点信息,1
技术原理,脑电地形分布图,1
技术原理,利用最小意识状态患者能够良好反应的刺激,1
技术原理,结合ssvep技术识别刺激并使其能够集中注意力,1
技术原理,通过提供各种刺激的反馈来提高注意力,1
技术原理,视觉刺激频率闪烁,1
技术原理,基于生物特征数据检测注意力,1
技术原理,接触用户的皮肤以获取生物统计数据,1
技术原理,基于生物数据检测注意力,1
技术原理,人机融合智能,1
技术原理,辅助决策,1
技术原理,脑波中的电流变化检测,1
技术原理,脑电图信号反映下肢运动功能,1
技术原理,谐波或组合频率分量检测,1
技术原理,根据想象解码原始意图形状,1
技术原理,双谱分析,1
技术原理,高阶谱分析,1
技术原理,临床预定系数阵列,1
技术原理,持续注意力认知状态,1
技术原理,注意力缺失认知状态,1
技术原理,闪烁视觉刺激,1
技术原理,频率分量与设定频率的对应关系,1
技术原理,伪影识别,1
技术原理,频带划分,1
技术原理,通过成像执行运动动作来训练大脑能力,1
技术原理,视觉闭环反馈,1
技术原理,情绪闭环反馈,1
技术原理,注意力水平直观显示,1
技术原理,模拟阈值形成的过滤作用,1
技术原理,持续注意认知状态和注意力不集中认知状态相关的eeg信号训练,1
技术原理,α和β波段相关的eeg信号特征训练,1
技术原理,不同设定频率闪烁,1
技术原理,频率检测与模式识别,1
技术原理,标准交叉方向线测量,1
技术原理,头部形状类别匹配与缩放,1
技术原理,脑机接口无感交互,1
技术原理,基于脑波特征匹配用户心理状态和兴趣偏好,1
技术原理,刺激产生正电位(p300),1
技术原理,非侵入性eeg的脑机接口,1
技术原理,基于视图参数和脑电测试片段长度计算像素列信号点数,1
技术原理,对信号段内原始信号点数量的离散连续序列进行值集表征,1
技术原理,视觉刺激诱发脑电波信号,1
技术原理,不同闪烁频率对应不同视野位置,1
技术原理,基于用户的eeg信号确定空间和部件特性,1
技术原理,电磁生物反馈,1
技术原理,基于脑电图仪测量的脑波估计情绪,1
技术原理,随机存取存储,1
技术原理,系数存储,1
技术原理,帧时间内确定显示元件,1
技术原理,传感器检测生理信号,1
技术原理,物联网平台实现数据远程传输与存储,1
技术原理,异常检测触发自动报警,1
技术原理,眨眼速率或眨眼持续时间与心理状态相关,1
技术原理,客观测量消费者醉酒后反应无意识表现,1
技术原理,alpha和/或theta频带可用于确定与运动表现相关的精神或情绪状态,1
技术原理,通过非浸湿方法检测微弱的脑波信号,1
技术原理,利用加速度传感器检测头部移动,1
技术原理,通过无线信号传输控制设备,1
技术原理,眨眼事件与心理状态关联,1
技术原理,个体与组内其他成员的眨眼差异反映心理状态,1
技术原理,光电转换,1
技术原理,电信号模拟与检测,1
技术原理,分组封装,1
技术原理,rf信号调制与解调,1
技术原理,模数转换,1
技术原理,多路复用与多路分解,1
技术原理,非线性特性分析,1
技术原理,lzc复杂度,1
技术原理,样本熵,1
技术原理,谱熵,1
技术原理,受控注意和自动注意机制,1
技术原理,显著性注意测量,1
技术原理,共振和启动水平,1
技术原理,光信号转换为电信号,1
技术原理,电信号模拟生物信号,1
技术原理,调制信号由发射元件输出相应电信号,1
技术原理,传感器检测电信号,1
技术原理,神经反应与刺激材料的时间同步性,1
技术原理,神经反应与视觉刺激调制相关,1
技术原理,注意力集中时相关性更强,1
技术原理,环境刺激,1
技术原理,生物敏感性反应评估,1
技术原理,感官形式有意识地体验,1
技术原理,信号与诱发点的配对重组,1
技术原理,感知相似性水平,1
技术原理,基于观察图像的用户的脑波信号来生成评估信息,1
技术原理,脑活动模式与计算机可读标记相关联,1
技术原理,利用用户环境信息呈现刺激,1
技术原理,根据用户意图控制,1
技术原理,基于神经活动水平确定用户身体部位与预期交互之间的关系,1
技术原理,通过心理生理对刺激的反应进行匹配,1
技术原理,将组的特征/响应共性减少为模板,1
技术原理,"当注意力集中在视觉刺激上时,相关性更强",1
技术原理,神经心理流模式识别,1
技术原理,似然性排序,1
技术原理,附加约束,1
技术原理,视觉刺激,1
技术原理,脑活动采集,1
技术原理,事件打标,1
技术原理,人机交互,1
技术原理,视觉刺激诱发eeg信号,1
技术原理,棱镜诱发偏移存在,1
技术原理,高空间频率hsf分量具有高于预定高空间频率阈值的空间频率,1
技术原理,特性调制被应用于基本图像的hsf分量,1
技术原理,神经信号包括与视觉注意力所指向的视觉刺激的特性调制相关联的信息,1
技术原理,匹配强度,1
技术原理,自主神经系统与中枢神经系统之间的同步性,1
技术原理,视觉隐喻,1
技术原理,共同表示空间,1
技术原理,基于内在生物特征的奖励信号,1
技术原理,公共表示空间作为状态表示,1
技术原理,基于内在生物特征奖励信号,1
技术原理,神经相关信号的变化用于触发设备控制,1
技术原理,神经相关信号的变化,1
技术原理,思维刺激的接受标准,1
技术原理,刺激/思维模式的利用,1
技术原理,心理影响,1
技术原理,脑活动定位与识别,1
技术原理,脑电波模式与精神和/或物理状态相关联,1
技术原理,认知处理相关的脑电波数据包括选择目标刺激时的脑电波数据以及由非目标刺激事件引起的脑电波数据,1
技术原理,认知信息与视觉信息之间的相关性分析,1
技术原理,通过识别用户的眼睛来识别用户的意图,1
技术原理,神经多模态监测技术,1
技术原理,意识障碍苏醒预测模型,1
技术原理,电极检测电压,1
技术原理,机器学习模型分析,1
技术原理,认知信息与视觉信息之间的关联分析,1
技术原理,视频情形与伪差的相关性分析,1
技术原理,"玩家在精神上专注于显示器并影响eeg信号幅度的变化,该变化根据幅度变化改变正在显示的视觉图像序列",1
技术原理,l-谷氨酸,1
技术原理,阈值补偿,1
技术原理,事件相关电位包含在脑电图信号中,1
技术原理,偏差平方总和最小化,1
技术原理,预先训练的预测模型,1
技术原理,受孕龄预测模型,1
技术原理,人工神经网络分析脑电图信号,1
技术原理,lp范数对噪声具有鲁棒性,1
技术原理,与传统的csp-l1相比表现出优异的噪声性能,1
技术原理,运动想象信号提取,1
技术原理,eeg模式分类器,1
技术原理,p300电位出现识别响应正确性,1
技术原理,空间-时间表示,1
技术原理,pca投影,1
技术原理,周围视野节律性调控,1
技术原理,神经调控,1
技术原理,时空判别权重增强时空表示,1
技术原理,pca降维,1
技术原理,空间加权分级表示,1
技术原理,二元判决,1
技术原理,优化模型的结构和参数,1
技术原理,将预测结果与诊断标准进行分类和比较,1
技术原理,双模态数据融合,1
技术原理,视觉注意力特征提取,1
技术原理,脑电数据的空间分辨性,1
技术原理,空间-时间区分,1
技术原理,维度还原,1
技术原理,时间域pca,1
技术原理,基于对抗学习,1
技术原理,静息期脑电图信号相似度比较,1
技术原理,基于脑电图的信号分析,1
技术原理,通过优化模型的结构和参数,1
技术原理,相关系数,1
技术原理,多语义驱动扩散模型,1
技术原理,视觉注意权重分配,1
技术原理,微分熵特征,1
技术原理,通过感兴趣区域的设置感知图像的全局信息或局部细节信息,1
技术原理,预定频率或预定频率组合的eeg信号在阈值水平以上持续预定时间段,1
技术原理,集束搜索,1
技术原理,时空频融合,1
技术原理,预定频率或预定频率组合的脑电图信号超过阈值水平并持续预定时间段,1
技术原理,显式建模神经振荡动力学,1
技术原理,双向潜空间扩散,1
技术原理,跨模态语义对齐,1
技术原理,视觉诱发电位(vep)与图像视觉记忆的相关性,1
技术原理,棱镜导致的视觉刺激移位诱发vep变化,1
技术原理,人工智能模型,1
技术原理,人脸图像与预设人脸图像模板匹配,1
技术原理,脑电图与脑电图模板匹配,1
技术原理,根据脑电波状态提供基于虚拟现实的个性化治疗图像内容,1
技术原理,共同空间模式(csp),1
技术原理,言语想象,1
技术原理,耳周电极测量,1
技术原理,头皮周电极测量,1
技术原理,人脸图像匹配,1
技术原理,脑电图模板匹配,1
技术原理,预定频率或预定频率组合的eeg信号超过阈值水平持续预定时间段,1
技术原理,脑电集中度指标与阈值比较,1
技术原理,"通过脑电图设置当前视频中的感兴趣区域,提供灵活的听觉显示分辨率和控制方法",1
技术原理,充分揭示脑电信号与文本特征之间的联系,1
技术原理,脑电波信号与图像生成的相关性,1
技术原理,人工智能模型对eeg信号的解析,1
技术原理,运动想象eeg信号下的用户意图转换为控制命令,1
技术原理,公共空间模式(csp),1
技术原理,语音成像,1
技术原理,视觉诱发电位(vep)对应于移位的存在而生成,1
技术原理,癫痫发作检测模型的特征学习,1
技术原理,p300波形触发与检测,1
技术原理,浓度与p300检测次数关联,1
技术原理,彩色视觉诱发电位控制,1
技术原理,p300检测,1
技术原理,脑电图信号特征反映觉醒度,1
技术原理,机器视觉优势,1
技术原理,多尺度算法减少计算量,1
技术原理,高维信息编码到图像,1
技术原理,结合癫痫发作过程的特点依次出现四个阶段,1
技术原理,结合癫痫发作过程依次出现四个阶段的特点,1
技术原理,电活动生成eeg数据,1
技术原理,eeg数据指示癫痫事件,1
技术原理,电阻抗成像,1
技术原理,脑电图信号分析,1
技术原理,基于情绪反应脑电数据构建数据集,1
技术原理,基于脑电情绪数据构建数据集,1
技术原理,癫痫事件触发,1
技术原理,视觉感知一致性,1
技术原理,语义一致性,1
技术原理,基于视图参数和脑电图测试的片段的长度,1
技术原理,将分级聚类与仿射聚类和自适应仿射聚类有机结合,1
技术原理,对图像进行综合处理,1
技术原理,图像捕获,1
技术原理,红外定位,1
技术原理,视频追踪,1
技术原理,通过控制视频的观察角度来降低唤醒变化对听觉事件相关电位的影响,1
技术原理,"θ-,α-节律的功率变化与三-维感知相关",1
技术原理,立体深度感知与扁平感知的eeg活性对比,1
技术原理,基于实时视场变化跟踪,1
技术原理,利用在大数据集上训练得到的深度神经网络模型提取视觉刺激特征,1
技术原理,将提取的特征通过非线性映射得到对于不同体素的响应,1
技术原理,fmri信号与图像特征向量和文本特征向量的映射,1
技术原理,clip针对复杂场景获取图像特征向量和文本特征向量,1
技术原理,预训练语言模型生成文本描述,1
技术原理,将fmri信号与经clip针对各种复杂场景获取的图像特征向量和文本特征向量形成映射,1
技术原理,利用在大数据集上训练得到的深度神经网络模型提取fmri视觉实验刺激的特征,1
技术原理,将提取的特征通过有效合理的非线性映射得到对于不同体素的响应,1
技术原理,多模态mri融合,1
技术原理,共振水平,1
技术原理,启动水平,1
技术原理,受试者共振,1
技术原理,法拉第笼屏蔽电磁干扰,1
技术原理,弹簧结构接触,1
技术原理,脑神经可塑性,1
技术原理,弹性支撑元件用于传输脑电信号,1
技术原理,导电,1
技术原理,电极间隔约20毫米或更小,1
技术原理,传感器旋转固定并电连接皮肤,1
技术原理,降低阻抗有利于采集高质量脑电信号,1
技术原理,弹性件和安装单元配合起到缓冲作用,1
技术原理,使电极紧随头皮运动,1
技术原理,弹性膜结构保证舒适度,1
技术原理,多根电极柱自适应头皮形状,1
技术原理,电极前端与头皮充分接触获得最佳接触阻抗,1
技术原理,"弹簧贴合在螺母的四周,通过伸缩结构调节电极与头皮接触",1
技术原理,p-300信号,1
技术原理,p-300反应,1
技术原理,特征调制与视觉注意力指向相关联,1
技术原理,高空间频率分量调制诱导神经反应,1
技术原理,前注意脑反应,1
技术原理,高空间频率hsf分量诱导神经反应,1
技术原理,通过气泵使电极伸缩与头皮良好接触,1
技术原理,通过电解液增强导电性能,1
技术原理,通过气味、听觉和体感刺激诱发神经反应,1
技术原理,有源电极,1
技术原理,柔性支撑件贴合头骨局部区域,1
技术原理,控制指令生成控制数据信号,1
技术原理,控制操作与检测到的脑电图信号一致性判断,1
技术原理,弹性紧密贴合,1
技术原理,柔性电极引线延伸穿过头罩并附接到罩内的电极,1
技术原理,电极板适配器用于将电极连接到放大器和读出仪器,1
技术原理,将大脑的多个预定信号集中的每一个与至少一个控制指令相关联,1
技术原理,在训练阶段学习基于生理数据的神经网络的隐藏层与基于神经数据的神经网络的隐藏层之间的变换,1
技术原理,反应时间任务与脑信号关联,1
技术原理,视觉刺激诱发脑电波,1
技术原理,电刺激和记录原理,1
技术原理,电屏蔽原理,1
技术原理,基于个人反应的记录处理获得的数据,1
技术原理,基于哪个因子具有最大值将受访者分组,1
技术原理,观察者大脑对目标的神经响应,1
技术原理,启动效应,1
技术原理,神经网络根据脑电图数据预测运动,1
技术原理,刺激锁定脑电图的生成,1
技术原理,"导电的柔性或可拉伸投影通过金属材料形成,利用弹性构件的弹性激励凸起",1
技术原理,"随着佩戴者的情绪起伏,由显示薄屏做出相应的数据变化",1
技术原理,并行处理能力,1
技术原理,头皮阻抗智能监测与自适应,1
技术原理,"电极部分以导线形式形成,并以从头皮或脑表面直立的方式设置在填充于管内的糊剂中",1
技术原理,高输入阻抗梳状主动干电极,1
技术原理,低噪声低输出阻抗,1
技术原理,"随机共振通过噪声共振增强微弱信号,抑制噪声,提高信噪比",1
技术原理,脑电信号与虚实融合场景双向实时交互,1
技术原理,时域、频域或时频特征分析,1
技术原理,实时头皮阻抗智能监测自适应,1
技术原理,云端并行处理,1
技术原理,机器学习提高数据分析准确性,1
技术原理,直接体验刺激,1
技术原理,间接体验刺激,1
技术原理,非侵入式脑机接口,1
技术原理,脑电信号计算产生意念控制数据,1
技术原理,增强现实显示反馈,1
技术原理,神经响应与消费者体验相关,1
技术原理,神经响应,1
技术原理,导电颗粒与基板接触,1
技术原理,导电基底,1
技术原理,导电支撑层,1
技术原理,神经生理学和神经行为学,1
技术原理,特征调制诱导神经反应,1
技术原理,基于用户生理数据调整场景以控制用户状态,1
技术原理,"具有导电性的投影,柔性和弹性",1
技术原理,反馈模块在vr环境中呈现内容,1
技术原理,"通过保护外壳与电极触头套合,圆滑部位于腔管外,减少电极磨损",1
技术原理,改善的接触表面积,1
技术原理,生物电思维状态或认知特征,1
技术原理,法拉第笼屏蔽原理,1
技术原理,弹簧结构接触原理,1
技术原理,通过降低电极-皮肤接触阻抗提高信号采集质量,1
技术原理,连续导电层降低接触阻抗,1
技术原理,基于相对位置信息和属性信息确定感官信息,1
技术原理,电信号刺激产生感官体验,1
技术原理,电极接触头皮以检测脑电信号,1
技术原理,金属件形状和尺寸设计用于减少对头发的干扰,1
技术原理,脑电信号监测,1
技术原理,电导率,1
技术原理,生理数据反映用户状态,1
技术原理,感官呈现影响用户状态,1
技术原理,注意吸引度基于注视时长与浏览时长比值,1
技术原理,情绪激发度基于α波数据,1
技术原理,信息传递度基于α波、θ波、β波数据,1
技术原理,将预定神经信号集与控制指令相关联,1
技术原理,弹簧偏压使电极针接触皮肤,1
技术原理,通过用户的积极参与增强脑电波,1
技术原理,神经分析,1
技术原理,通过各种感觉、认知、物理和化学测试刺激大脑,1
技术原理,响应于用户引起的相对运动,1
技术原理,基于观察者大脑对视觉刺激的神经生理反应来识别目标检测事件,1
技术原理,中枢神经系统功能评估,1
技术原理,虚拟现实诱发情绪,1
技术原理,脑电信号分析,1
技术原理,基于神经响应数据预测不利神经医学事件,1
技术原理,特征向量,1
技术原理,依赖性或关系数据,1
技术原理,被动接收视觉刺激和/或听觉刺激时产生脑电波信号,1
技术原理,脑电波模式相似性分析,1
技术原理,情绪度量与位置数据相关联,1
技术原理,语义相似的标签簇,1
技术原理,情感度量分数预测,1
技术原理,情感状态和注意力状态作为交互手段,1
技术原理,基于上下文的脑电波信息,1
技术原理,上下文神经反馈,1
技术原理,视觉刺激的特性调制,1
技术原理,注意力与神经响应相关性增强,1
技术原理,视觉注意力,1
技术原理,视觉注意力机制,1
技术原理,脑电信号与认知任务相关,1
技术原理,神经反馈阈值,1
技术原理,自动化,1
技术原理,实时分析,1
技术原理,自适应分析,1
技术原理,利用神经生理信息尽管其与extant弱相关性的诊断方案,1
技术原理,根据该模式的动作的一种或多种治疗实体,1
技术原理,机器学习技术生成神经数据估计值,1
技术原理,机器学习技术估计神经刺激信号,1
技术原理,脑电稳态诱发响应,1
技术原理,虚拟现实环境,1
技术原理,生物电心理状态或认知特征控制,1
技术原理,根据生物特征信息识别情绪变化,1
技术原理,脑电波与用户所想内容相关,1
技术原理,超声波与脑电波数据对应,1
技术原理,全息图像与脑电波数据对应,1
技术原理,基于生物信号反馈调节内容以改变用户状态,1
技术原理,通过测量和分析生物信号来识别用户意图,1
技术原理,通过脑机接口改变脑区域的现实,1
技术原理,可视化手段了解自身脑区的状态,1
技术原理,生成式ai引擎,1
技术原理,全要素数据模型,1
技术原理,模拟实例刺激与数字实例输入的对应,1
技术原理,基于检测到的神经活动确定脑状态,1
技术原理,后扣带回皮层(pcc)激活控制,1
技术原理,大脑电活动响应视觉刺激,1
技术原理,大脑响应于视觉刺激发生电活动,1
技术原理,刺激反应程度分析,1
技术原理,机器学习分类,1
技术原理,惯性测量单元参考信号,1
技术原理,稳态视觉刺激诱发脑电信号,1
技术原理,脑电诱发信号强度与刷新率的相关性,1
技术原理,导联脱落检测,1
技术原理,低噪声前置放大,1
技术原理,Σ-Δ模数转换,1
技术原理,脑电技术,1
技术原理,alpha波段,1
技术原理,alpha波段各个电极的值作为唤醒数据,1
技术原理,接收-发送原理,1
技术原理,特定味觉相关电极采集的脑电数据反映味觉强度,1
技术原理,特定味觉相关电极采集的脑电数据反映味觉强度体验,1
技术原理,个性化共振频率,1
技术原理,最小神经元激活阈值,1
技术原理,ssvep(稳态视觉诱发电位)与心理状态的关系,1
技术原理,fmri高空间分辨率,1
技术原理,eeg高时间分辨率,1
技术原理,解耦附加电极设备,1
技术原理,eeg不一致性评估,1
技术原理,电极间关系模型,1
技术原理,关系模型,1
技术原理,脑信号与用户意图的对应关系,1
技术原理,将患者的实际脑电波响应与正常电生理响应标准进行比较,1
技术原理,当前自范数,1
技术原理,统计显著性差异,1
技术原理,通过附接到头戴式显示器设备来测量佩戴者的生物信号,1
技术原理,通过允许调整生物信号测量部的位置,1
技术原理,通过结合部使得可附接到头戴式显示器设备并从其拆卸,1
技术原理,通过用户的积极参与来增强脑电波,1
技术原理,通过游戏化的娱乐性来鼓励长期使用,1
技术原理,脑电波夹带,1
技术原理,"通过使用刺激序列1和刺激序列2中偏差刺激诱发的脑电反应与刺激序列3中相同刺激诱发的脑电反应相减,得到更为可靠的mmn",1
技术原理,脑电图能量值与评估投影内容的指标之间的对应关系,1
技术原理,立体偏振,1
技术原理,半偏振,1
技术原理,双耳音频,1
技术原理,干式电极,1
技术原理,无线神经监测,1
技术原理,emg与eeg分离,1
技术原理,基于eeg的指数评估意识水平,1
技术原理,基于脑神经模型的时间序列数据,1
技术原理,基于电流元件的时间序列数据,1
技术原理,重要性加权聚合,1
技术原理,重要性评估机制,1
技术原理,模式识别,1
技术原理,利用eeg数据评估注意缺陷,1
技术原理,基于用户端重要性评估的模型聚合,1
技术原理,治疗专用机器学习模型预测,1
技术原理,基于生物电信号确定心理唤醒分数,1
技术原理,响应于心理唤醒得分可控改变刺激,1
技术原理,多模态信息融合,1
技术原理,"神经退行性疾病群体在任务态中eeg数据整体区间出现显著性变化,退行性脑区生理电活动成分改变,代偿脑区成分改变",1
技术原理,通过中断请求信号实现视觉刺激呈现与采样速率同步,1
技术原理,"通过检测意识障碍患者对外界刺激的内源性脑反应,获知其状态",1
技术原理,基于失神脑电图的阶段划分,1
技术原理,正面回答产生一种前额叶皮层伽马波反应,1
技术原理,负面或虚假回答产生不同的伽马波反应,1
技术原理,中性问题产生中性伽马波反应,1
技术原理,神经退行性疾病群体在任务态中eeg数据整体区间会出现显著性变化,1
技术原理,退行性脑区的生理电活动成分出现改变,1
技术原理,对退行性脑区功能进行代偿的脑区同样会出现成分改变,1
技术原理,"单一成分的分析并不能有效评估任务态下ad患者eeg数据,对eeg整体数据的分析可能获得更高的有效性",1
技术原理,一致性值指示脑电图测量数据与心理活动定义的参考值的一致性,1
技术原理,"积极回答提供一种额叶伽马波反应,消极或虚假回答提供不同的伽马反应,中性问题提供中性伽马反应",1
技术原理,脑电能量值与评估指标之间的相关性,1
技术原理,加权计算,1
技术原理,将认知功能评估分数(mmse)具有统计显著相关性的脑电图标记直接引入作为生物反馈训练指标,1
技术原理,训练指标的每个改善水平与认知功能的评估水平相匹配,1
技术原理,脑电图信号频带中的功率指示情绪或认知状态,1
技术原理,θ波最大功率出现的时间方差,1
技术原理,诊断生物标志物评估受试者大脑的状态或功能,1
技术原理,分类、预后、诊断、监测或反应评估,1
技术原理,脑电图能量值与评估指标的对应关系,1
技术原理,多指标加权计算,1
技术原理,基于疲态历史数据集构建疲劳评估模型,1
技术原理,事件相关电位的负向偏移量反映用户置信度,1
技术原理,事件相关电位的负向偏移量反映用户对输入的置信度,1
技术原理,脑电波锁相值反映认知功能,1
技术原理,经颅直流电刺激调节大脑皮层神经元活动,1
技术原理,域间分布对齐,1
技术原理,被试不变特征和特定特征学习,1
技术原理,经颅直流电刺激对大脑皮层神经元活动的调节机制,1
技术原理,基于脑电波的认知功能评估,1
技术原理,eeg信号频带中的功率特征与情绪或认知状态相关,1
技术原理,θ波最大功率的定时方差与等待时间相关,1
技术原理,诱发和诱导的eeg振荡(ero)原理,1
技术原理,光电体积描记术原理,1
技术原理,中央神经系统、自治神经系统和受动器的数据,1
技术原理,通过计算eeg信号带中的功率分析eeg信号,1
技术原理,基于所确定的特性评估心理健康状态,1
技术原理,跨被试特征学习,1
技术原理,中枢神经系统、自主神经系统和执行器响应,1
技术原理,中枢神经系统、自主神经系统和效应器数据反映刺激有效性,1
技术原理,神经生理学,1
技术原理,神经行为学,1
技术原理,神经响应测量评估消费者体验,1
技术原理,用户响应于记录数据的提供而诱发的电神经信号反映生理反应,1
技术原理,基于注意力得分和表现得分的组合调整刺激,1
技术原理,类梳结构更易梳开头发避免头发被压于电极及头皮之间造成电隔离,1
技术原理,根据被试颅骨形状扫描打印的3d固定板使电极与头皮具有更好的贴合性,1
技术原理,通过可伸缩电极引脚同时接触头皮表面,1
技术原理,支撑构件枢转适应头皮曲面,1
技术原理,通过连接线的连接电连接到测量电极,1
技术原理,弹性皮套为柔性件,1
技术原理,通过弹性皮套的第一开口吸附在头部,1
技术原理,导电树脂的导电性,1
技术原理,柔性材料适应性,1
技术原理,可拆卸结构,1
技术原理,用户偏好学习与利用,1
技术原理,穿透表皮微针电极,1
技术原理,软电子器件集成,1
技术原理,统计相关性,1
技术原理,参考或规范数据库,1
技术原理,规则集,1
技术原理,算法,1
技术原理,电极与头皮电接触,1
技术原理,神经元离子电流引起电压变化,1
技术原理,基于信号模型在刺激前后的有效性测试来指示反应性,1
技术原理,静止状态脑电波分析,1
技术原理,图论分析原理,1
技术原理,神经网络检测,1
技术原理,单板电容器的干电极,1
技术原理,共模抑制,1
技术原理,反映头部曲率,1
技术原理,干电极检测eeg信号,1
技术原理,导电织物表面区域0.25-2平方英寸,1
技术原理,神经网络频率选择,1
技术原理,电磁场刺激,1
技术原理,减少因采集电极与参考电极的距离较远而导致的其他生理电信号对脑电信号的检测干扰,1
技术原理,n100反应,1
技术原理,p200反应,1
技术原理,p300反应,1
技术原理,事件相关电位的脑波数据处理,1
技术原理,计算机增强和扩展,1
技术原理,脑图分析,1
技术原理,统计比较,1
技术原理,脑波与认知功能相关,1
技术原理,注意力、信息处理和存储器相关应答,1
技术原理,呈现刺激后大脑活动最初时刻获得的反应,1
技术原理,视觉反馈,1
技术原理,听觉反馈,1
技术原理,振动反馈,1
技术原理,干电极接触皮肤测量信号,1
技术原理,不同刺激的脑电图数据的可区分性度量用作感知能力的度量,1
技术原理,生理响应测量认知状态,1
技术原理,利用神经生理学信息与精神障碍诊断方案的相关性较弱,1
技术原理,值得注意的刺激引发特定脑响应,1
技术原理,响应在频域中的特征变化,1
技术原理,响应与已知刺激的响应比较,1
技术原理,将脑图数据与特定大脑皮层区域的已知功能进行比较,1
技术原理,通过独立测试进行统计分析验证,1
技术原理,视觉特征向量与估计视觉特征向量之间的相关度,1
技术原理,薄膜皮层表面电极记录神经组织而不损伤这些组织,1
技术原理,频率分布,1
技术原理,第一频带内脑电波信号量满足第一标准,1
技术原理,脑电图数据的第一频带和第二频带之间的相互作用,1
技术原理,当第一频带内脑电波信号量满足第一标准时确定奖励,1
技术原理,多个顺序连接的卷积层,1
技术原理,基于脑电图特征和合成特征输出结果,1
技术原理,正脑电图和负脑电图,1
技术原理,处理响应于所显示的视觉刺激的脑电图信号,1
技术原理,卷积人工神经网络识别所显示的视觉刺激,1
技术原理,脑电支路包括多个依次连接的卷积层,1
技术原理,fnirs分支包括多个依次连接的卷积层,1
技术原理,合成分支包括多个依次连接的卷积层和fnirs引导注意力(fga)层,1
技术原理,基于脑电特征和合成特征确定大脑活动类型,1
技术原理,微分事件相关电位,1
技术原理,双模态融合,1
技术原理,对称信道分析,1
技术原理,概率阈值截止,1
技术原理,卷积层,1
技术原理,多模态融合机制,1
技术原理,深度学习机制,1
技术原理,统一时间窗口和滑动步长,1
技术原理,统计量随输入数据变化更新,1
技术原理,独立优化器和参数,1
技术原理,有效性脑网络模型,1
技术原理,fcm模型,1
技术原理,稳态脑网络,1
技术原理,脑电信号与血液动力学信息在时间与空间维度的互补特性,1
技术原理,时域表示,1
技术原理,频域表示,1
技术原理,使用孪生神经网络处理网络输入以生成相应的网络输出,1
技术原理,电导电凝胶促进电通信,1
技术原理,相位锁定指数算法,1
技术原理,图论特征分析,1
技术原理,低频范围振荡与较高频率范围振荡之间的耦合,1
技术原理,基于言语想象生物信号和音素信息恢复学习,1
技术原理,导电基座与头皮电连通检测eeg信号,1
技术原理,导电凝胶促进电连通,1
技术原理,生成对抗网络(gan),1
技术原理,长短期记忆模型(lstm)编码器网络,1
技术原理,倒谱系数与注意力指数之间的相关性,1
技术原理,倒谱系数与集中指数之间的相关性,1
技术原理,静息态同步eeg-fmri,1
技术原理,典型相关分析,1
技术原理,通过考虑eeg特征和面部图像特征的动机进行特征融合,1
技术原理,神经网络嵌入,1
技术原理,相位-幅度耦合,1
技术原理,低频范围振荡与较高频率范围振荡的耦合,1
技术原理,深度神经网络解析,1
技术原理,概率判别,1
技术原理,数据簇,1
技术原理,视觉对象刺激因素诱发的脑电图数据联合递归神经网络学习有识别能力的大脑活动视觉分类流形,1
技术原理,基于人类大脑的特征执行自动化视觉分类,1
技术原理,低频振荡与高频振荡的耦合,1
技术原理,nirs与eeg技术实时获取脑功能信息,1
技术原理,批量归一化,1
技术原理,dropout,1
技术原理,基于模态融合,1
技术原理,默认态脑网络空间信息引导meg时间维度信息提取,1
技术原理,脑区间功能连接度分析,1
技术原理,创建患者的功能脑网络,1
技术原理,映射患者的癫痫/癫痫发作网络,1
技术原理,脑活动时频特征,1
技术原理,微状态特征,1
技术原理,临床特征,1
技术原理,药物效应相互作用,1
技术原理,麻醉剂和止痛药之间的药物相互作用,1
技术原理,densenet特征提取,1
技术原理,svm代替softmax层,1
技术原理,源定位,1
技术原理,脑网络,1
技术原理,锁相值(plv),1
技术原理,t-wmne算法,1
技术原理,逐次超松弛,1
技术原理,基于大脑电极通道的功能连通性,1
技术原理,二维时频图像,1
技术原理,双域深监督特征融合,1
技术原理,深度监督,1
技术原理,线性回归,1
技术原理,perclos值作为注意力水平量化指标,1
技术原理,深度监督增强网络对特征细节的捕捉能力,1
技术原理,互相关函数测量,1
技术原理,神经网络检测数据异常,1
技术原理,模式相关性分析,1
技术原理,基于脑电波测量数据估计脑内网络活动,1
技术原理,通过评估模块特征值与脑内网络图像特征值的相关性确定特定脑内网络活动,1
技术原理,网络活动估计,1
技术原理,基于输出值确定定义模型的参数,1
技术原理,在网络上表示网络模块的多个特定活动,1
技术原理,基于模块特征值与脑网络图像特征值的相关性,1
技术原理,血管收缩与唤醒水平相关,1
技术原理,脑电活动模式涉及认知和情感过程,1
技术原理,面部表情是情感的有力指标,1
技术原理,dnn通过多模态输入分类情感,1
技术原理,全内反射荧光显微镜原理,1
技术原理,微电极阵列检测原理,1
技术原理,脑电波远程控制,1
技术原理,eeg参数与eog参数组合,1
技术原理,成组典型相关分析,1
技术原理,盲源分离,1
技术原理,高阶脑网络,1
技术原理,孪生神经网络,1
技术原理,图卷积神经网络,1
技术原理,脑网络动态重组,1
技术原理,皮层源连接性分析,1
技术原理,连接网络分组,1
技术原理,p300电位,1
技术原理,多模态bci,1
技术原理,皮质-肌肉-皮质网络图用于表征大脑和手臂上的各采集点位之间的功能连通性,1
技术原理,网络特征熵,1
技术原理,功能网络连接程度和强度分析,1
技术原理,频带上的显著差异分析,1
技术原理,通过loss函数重构提升识别精度,1
技术原理,基于稀疏编码的图像特征提取,1
技术原理,通过重新构建loss函数提升神经网络识别精确度,1
技术原理,基于稀疏编码图像相似性分析,1
技术原理,跨模态合成,1
技术原理,多模态数据对齐与组合,1
技术原理,"当用户以指示用户正在观看或以其他方式关注媒体递送设备的方式定位他或她时,检测器从发射器接收信号",1
技术原理,测量和分析中枢神经系统、自主神经系统和效应器数据,1
技术原理,神经-应答的刺激和刺激属性共振,1
技术原理,血流动力学响应,1
技术原理,区域特异性神经活动,1
技术原理,基于头部运动预测视口,1
技术原理,多模态特征在语义空间中对齐,1
技术原理,多模态分析,1
技术原理,模态间密集交互,1
技术原理,面部数据与脑电信号关联,1
技术原理,神经信号包含与视觉注意力指向的视觉刺激的特征调制相关的信息,1
技术原理,"弹性装置由导电材料构成或包括导电材料,用于传输电信号",1
技术原理,锥形通孔与细长元件接合实现旋转和滑动,1
技术原理,毫秒级皮质电位记录,1
技术原理,体素血氧水平依赖性对比,1
技术原理,多分辨率子带分解,1
技术原理,瞬态分量和振荡分量保留,1
技术原理,多模态生理评价,1
技术原理,多模态签名,1
技术原理,深度关联学习,1
技术原理,情感表示的一致性和完整性,1
技术原理,多模态特征谱关联,1
技术原理,脑活动与感观刺激相关的认知处理,1
技术原理,多模态识别,1
技术原理,稀疏交互融合特征,1
技术原理,多模态生理评估,1
技术原理,"二维数据的流(x(t)),y(t))的认知信息",1
技术原理,实时数据分析,1
技术原理,功率谱密度剖面,1
技术原理,面部特征检测,1
技术原理,梅尔频率倒谱系数提取,1
技术原理,情绪分类,1
技术原理,多模态形状因素,1
技术原理,时间特征,1
技术原理,频率特征,1
技术原理,几何特征,1
技术原理,纹理特征,1
技术原理,基于相关性确定偏差和偏好,1
技术原理,基于观看和采样各种视频来评估视频响应,1
技术原理,多模态信息深度关联与理解,1
技术原理,神经网络编码,1
技术原理,多端架构,1
技术原理,捕获复杂空间脑连接,1
技术原理,分析时间脑活动变化,1
技术原理,持续适应个体脑波模式,1
技术原理,脑电波信号等于空间模式的和乘以神经源活动因子,1
技术原理,刺激数据与刺激响应的卷积,1
技术原理,多模态特征的低秩矩阵分解,1
技术原理,神经激活通路对齐,1
技术原理,异构图卷积编码,1
技术原理,情绪eeg脑电信号与情绪之间的关系模型,1
技术原理,跨模态神经信号降维,1
技术原理,多模态特征集配对,1
技术原理,联合降维映射,1
技术原理,多变量模糊熵(mvfe),1
技术原理,多变量经验模式分解(memd),1
技术原理,正/负整数(唤醒)和/或正/负整数(化合价)的二进制分类,1
技术原理,基于运动的反馈,1
技术原理,反馈回路控制应用程序,1
技术原理,图神经网络,1
技术原理,脑电活动带,1
技术原理,心理和身体活动确定意图,1
技术原理,刺激引发特定可测量响应,1
技术原理,感官形式有意识体验,1
技术原理,信号分类,1
技术原理,生理反应低于自我意识和认知意识水平,1
技术原理,多模态协同,1
技术原理,振荡诱发神经调控,1
技术原理,跨模态互补,1
技术原理,安全与耦合约束,1
技术原理,协同增益,1
技术原理,探索图像和音频模态之间的关系,1
技术原理,提取受试者的情绪特征值,1
技术原理,对应性分析,1
技术原理,频带融合注意力机制,1
技术原理,多任务学习,1
技术原理,特征压缩与建模,1
技术原理,外界刺激和自我诱发相结合模式,1
技术原理,冲击吸收,1
技术原理,压缩海绵,1
技术原理,将大脑活动和行为与受试者精神状态相关联,1
技术原理,基于深度神经网络识别心理行为属性,1
技术原理,第一受试者与第二受试者之间具有相匹配的区域文化属性,1
技术原理,弧形支杆和挡板的弧形内侧壁配合作用,1
技术原理,基于面部检测的注意力检测,1
技术原理,社交认知刺激诱发脑反应,1
技术原理,与多种感觉刺激相关的认知处理,1
技术原理,所有模态在时间上同步,1
技术原理,脑信号指示运动规划,1
技术原理,运动信号指示实际运动识别,1
技术原理,共同解码运动命令条件,1
技术原理,输出取决于特征,1
技术原理,特异性脑电映射信号反映情绪相关核心脑区活动,1
技术原理,内感受,1
技术原理,电稳态诱发响应,1
技术原理,系统状态是静态还是正在经历动态变化,1
技术原理,多模态特征相关,1
技术原理,激励和情绪脑电路响应于输入信号,1
技术原理,刺激阈值或更小,1
技术原理,低警觉度指示器,1
技术原理,高警觉度是积极关注的状态,1
技术原理,电极分布在患者头部周围并测量电活动,1
技术原理,大脑区域现实转换,1
技术原理,根据用户环境信息提供适当刺激,1
技术原理,根据用户意图控制显示设备,1
技术原理,情绪识别,1
技术原理,基于眼部相关电位评估共鸣性,1
技术原理,直接建立脑电信号和情绪种类之间的对应关系,1
技术原理,实现对情绪的反馈,1
技术原理,自适应数据结构优化,1
技术原理,多模态闭环控制,1
技术原理,最小环境eeg活动作为刺激频率,1
技术原理,总诱发脑活动测量,1
技术原理,内在可塑性规则动态调整膜参数,1
技术原理,差异化响应能力,1
技术原理,响应于目标eeg特征的实时分析动态调制强度,1
技术原理,多模态特征向量构建,1
技术原理,音乐-情感映射网络,1
技术原理,个性化音乐调控策略,1
技术原理,非稳态脑响应,1
技术原理,大脑响应的演变,1
技术原理,多模态特征关联分析,1
技术原理,脑电波信号所处的频段信息用于反映用户的睡眠状态,1
技术原理,时间对齐,1
技术原理,干预效应值用于表征神经反馈训练的干预效果,1
技术原理,基于视觉刺激的发生时刻的影像触发为起点,1
技术原理,包含视觉和听觉两种模态,1
技术原理,通过视频方法监测受测者的状态,1
技术原理,神经反应与脑活动关联,1
技术原理,心率变异性分析,1
技术原理,功率谱及功率谱熵,1
技术原理,视觉刺激对象具有固定的时滞关系,1
技术原理,统计上独立的短暂测量,1
技术原理,部分交互相关,1
技术原理,动态脑模型,1
技术原理,零滞后相互作用,1
技术原理,情绪与脑电波数据的对应关系,1
技术原理,基于大脑各功能区的连接性相互作用,1
技术原理,利用个体神经活动数据在空间和时间上的变化趋势,1
技术原理,无监督学习,1
技术原理,个体基线阈值分析,1
技术原理,利用输入输出数据量化映射关系,1
技术原理,多模块协同工作,1
技术原理,神经反馈状态机,1
技术原理,任务共享特征提取,1
技术原理,不确定性权重分配,1
技术原理,通过使用分散布置在被检查者身体上的多个惯性测量传感器来推断被检查者的姿势值,1
技术原理,脑机耦合,1
技术原理,多模态表示,1
技术原理,情感识别结果和对话内容设计,1
技术原理,熵分析确定神经功能的变化,1
技术原理,柔性聚合物材料构成帽元件以贴合头皮,1
技术原理,情绪诱发刺激,1
技术原理,多类多标签情绪注释,1
技术原理,人口统计学平衡,1
技术原理,基于用户监测数据对象生成响应指定符,1
技术原理,描述被认为与用户监测数据对象相关的选定预期生理动作,1
技术原理,通过头架结构固定电极定位器位置,1
技术原理,柱塞组件制备头皮,1
技术原理,弹性帽偏压电极定位器,1
技术原理,导电材料传导信号,1
技术原理,弹性帽部分偏压电极,1
技术原理,分析用户大脑的认知信息与用户获取的视觉信息之间的相关性,1
技术原理,通过认知或注意力训练影响心理状态,1
技术原理,基于用户情绪的改善调整刺激,1
技术原理,最优传输理论,1
技术原理,时空频协同特征表示,1
技术原理,模糊集理论,1
技术原理,特征对齐,1
技术原理,跨模态转换,1
技术原理,共享语义空间映射,1
技术原理,对比学习,1
技术原理,目标优化,1
技术原理,通道间脑电图相关性,1
技术原理,旋转,1
技术原理,去同步响应,1
技术原理,"控制信号以预定频率施加,eeg响应中可归因于控制信号的成分减少表示注意力水平",1
技术原理,情感响应脑电数据,1
技术原理,脑电情感数据,1
技术原理,临界闪烁融合阈值,1
技术原理,保持嵌入图像的色彩和色调,1
技术原理,协方差去中心化,1
技术原理,数据白化,1
技术原理,特征脸,1
技术原理,混合型接口,1
技术原理,注意力水平与eeg响应值减小相关,1
技术原理,控制信号引起的eeg成分变化可归因于注意力,1
技术原理,跨模态对齐,1
技术原理,迫使从eeg中提取视觉感知信息,1
技术原理,基于视图参数和脑电图测试的一段长度计算每像素列的原始信号点数量,1
技术原理,表征信号中原始信号点的离散连续序列的值集,1
技术原理,逆问题求解,1
技术原理,分布式线性解决方案,1
技术原理,通道内特征提取,1
技术原理,通道间特征提取,1
技术原理,混合时间维度特征融合,1
技术原理,混合空间维度特征融合,1
技术原理,逆向溯源,1
技术原理,基于脑电图、面部肌电图和眼部图像信号综合判断陈述虚假性,1
技术原理,线圈在可变磁场中的位置可通过感应电压确定,1
技术原理,eeg传感器与线圈配对以关联信号与位置,1
技术原理,基于头皮3d模型和四个解剖定位点(鼻根点、枕骨粗隆点、两侧耳前凹陷点)计算电极安放位置,1
技术原理,反问题的三维、离散、分布、线性解,1
技术原理,基于eeg信号分类评价舒适度,1
技术原理,深度传感器阵列采集深度图像数据,1
技术原理,rgbd传感器阵列采集rgbd图像数据,1
技术原理,逆向溯源建模,1
技术原理,诱发脑电信号,1
技术原理,ar技术,1
技术原理,基于驾驶员的反射动作,1
技术原理,左右脑半球α节律同步,1
技术原理,光声刺激与频率关联,1
技术原理,警觉和瞌睡的二元标记,1
技术原理,特征分析方法,1
技术原理,警觉的生理量度,1
技术原理,电信号从头皮表面测量并定位到大脑皮层,1
技术原理,通过用户集中注意力检测脑波变化,1
技术原理,注意力水平超过指定阈值,1
技术原理,从头皮表面测量的电信号定位到大脑皮层内发生的电活动,1
技术原理,近实时三维成像,1
技术原理,空间/时间分辨率更高,1
技术原理,应答速度比较,1
技术原理,扫描速度提升,1
技术原理,动作识别选择性收集,1
技术原理,动作识别与eeg测量同步控制,1
技术原理,双路径提取元信息和感知语义特征,1
技术原理,独立模态对齐器映射至大语言模型输入空间,1
技术原理,脑部位活动与脑电图分布的相关性,1
技术原理,感兴趣区域信息与正向模型,1
技术原理,"通过减少磁性金属和射频产生设备的量,避免干扰mri成像",1
技术原理,通过参考表示对象的脑和头部结构的图像定位电极,1
技术原理,通过参考关于感兴趣区域的信息和前向模型,1
技术原理,多模态对齐,1
技术原理,双路径特征提取,1
技术原理,大语言模型推理,1
技术原理,通过参考表示对象的脑和头部结构的图像来定位多个eeg电极,1
技术原理,通过参考关于通过功能磁共振成像(fmri)测量的感兴趣区域的信息和前向模型,1
技术原理,基于在每个脑电图电极处测量的分辨率数据的时间变化模式与相邻脑电图电极之间的相关性确定特征图,1
技术原理,基于包含脑电图电极之间相关性的特征图确定位置,1
技术原理,时间-频率平面特征提取,1
技术原理,最大振幅位置,1
技术原理,神经电思维,1
技术原理,卷积层替代最大池化层进行数据降维,1
技术原理,dcnn模型拟合,1
技术原理,图像刺激属性加权,1
技术原理,重建目标坐标估计,1
技术原理,认知特征映射,1
技术原理,驾驶员大脑认知信息与视觉信息关联性分析,1
技术原理,多维视觉表征空间,1
技术原理,视觉特征加权和,1
技术原理,子空间识别,1
技术原理,求和线性组合,1
技术原理,通过eeg信号实现无需用手控制,1
技术原理,电活性分析,1
技术原理,脑皮层内电活性成像,1
技术原理,变换集,1
技术原理,导电油墨与mri扫描仪产生的rf场相互作用弱,1
技术原理,降低sar,1
技术原理,降低温度升高,1
技术原理,差速转向,1
技术原理,预定义安全区域,1
技术原理,根据eeg而不同地设置以感应用户,1
技术原理,导电油墨与mri扫描器产生的rf场弱相互作用,1
技术原理,强磁场中使用,1
技术原理,灰建模,1
技术原理,警戒连续体,1
技术原理,警戒-瞌睡连续体,1
技术原理,梯度伪迹模板,1
技术原理,pca,1
技术原理,qrs峰检测,1
技术原理,k均值聚类,1
技术原理,obs,1
技术原理,共振现象,1
技术原理,神经回路共振激发导致生理效应,1
技术原理,边缘计算,1
技术原理,受控注意力,1
技术原理,自动注意力,1
技术原理,受控注意力机制,1
技术原理,自动注意力机制,1
技术原理,利用脑电及生物体信号的变化导出投入度及情绪方向,1
技术原理,弹性骨架结构设计,1
技术原理,导电材料接触,1
技术原理,导电性物质银粉增加导电性,1
技术原理,石墨烯作为接触媒介加强导电性,1
技术原理,探针阵列增大接触面积,1
技术原理,自动调整接触电阻以调节脑电信号强弱,1
技术原理,柔性复合导电材料兼具柔性和良导电性,1
技术原理,表面为三维弧形曲面可与皮肤充分接触,1
技术原理,柔性干式电极,1
技术原理,阵列式结构探针,1
技术原理,三维弧形曲面,1
技术原理,电磁屏蔽,1
技术原理,矩阵排列,1
技术原理,用户意图与脑电图信号关联,1
技术原理,根据用户意图操作显示设备,1
技术原理,基于视觉刺激诱发的神经生理反应,1
技术原理,利用观察者检测目标的神经生理事件作为训练标签,1
技术原理,心理生理反应,1
技术原理,特征/响应共性缩减为模板,1
技术原理,神经生理事件指示观察者对目标的检测,1
技术原理,脑功能成像,1
技术原理,刺激的每个元素对应于一个外部因素或功能,1
技术原理,护理特定元件的人可以传达其愿望,1
技术原理,网状结构降低头发对界面阻抗和界面稳定性的干扰,1
技术原理,干电极检测,1
技术原理,降低接触阻抗,1
技术原理,缓冲作用,1
技术原理,软电子集成,1
技术原理,弹簧针伸缩接触,1
技术原理,"高强度橡胶状聚合物电极,肖氏a硬度在70-80左右",1
技术原理,第一单元和第二单元执行相对运动改变相对位置,1
技术原理,颅外电极跟随相对移动,1
技术原理,金属电极机械强度高,1
技术原理,阻抗小,1
技术原理,柔性衬底图形化质量高,1
技术原理,生物相容性好,1
技术原理,立体阵列容易固定且屏蔽佳,1
技术原理,外螺纹部分,1
技术原理,刷状形状与销伸出,1
技术原理,导电织物提供电信号,1
技术原理,接地电极提供接地信号,1
技术原理,参考电极提供参考信号,1
技术原理,α相位神经标记表示从至少两个脑电图通道记录的α波之间的相位相干性,1
技术原理,主动或动态地挑战大脑以监测其状态,1
技术原理,"整合脑电图、体感、神经心理学和/或认知刺激以及新颖的信号处理和显示,分析和评估个性化的生物特征脑健康特征",1
技术原理,训练好的脑电信号分布图标记,1
技术原理,脑电图反应特性分析,1
技术原理,基于数字化脑电图数据的频谱、时间和空间特征的组合生成神经或心理症状指示,1
技术原理,预训练的深度学习模型,1
技术原理,基于阻抗信号与阻抗阈值的比较来致动致动器,1
技术原理,血流标志物,1
技术原理,神经变性的分子分析标志物,1
技术原理,神经变性的神经成像标志物,1
技术原理,神经反馈促进监测学习表现,1
技术原理,淋巴流动标记物,1
技术原理,神经变性的分子分析标记物,1
技术原理,神经变性的神经成像标记物,1
技术原理,视觉刺激的发生定时,1
技术原理,基于脑电活动反馈的闭环调节机制,1
技术原理,无线数据传输,1
技术原理,加速度计检测身体运动,1
技术原理,压力传感,1
技术原理,多参数函数表示测量信号的频率和时间数据关系,1
技术原理,主观意义评估基于大脑活动,1
技术原理,视觉诱发电位(vep)与图像视觉记忆相关,1
技术原理,"棱镜引起视觉刺激移位,通过vep变化反映视觉记忆",1
技术原理,基于事件相关的电位的一个定时上呈现所述作为起始点被测量的视觉刺激从一个电极电位的每个之间的差值和至少一个参考电极分别戴在一个面和一个用户在一个耳的周边,1
技术原理,在5hz或更小和包含一个预定的时间部分,1
技术原理,全电磁屏蔽设计,1
技术原理,电流刺激诱导所希望的行为效果,1
技术原理,子图映射到概念,1
技术原理,概念格涉及概念的特征行为效果,1
技术原理,湿电极稳定低阻抗电连接,1
技术原理,干电极使用便利性,1
技术原理,空间树状网络结构稳定输运特性,1
技术原理,脑电波节律信号能量变化,1
技术原理,脑电波节律信号变化与颜色或灰度对应显示,1
技术原理,个人高频带功率与个人α带功率的比值,1
技术原理,结合湿电极和干电极的优点,1
技术原理,降低阻抗并提高信噪比,1
技术原理,导电高分子pedot/pss的导电性,1
技术原理,粘附性和皮肤顺应性,1
技术原理,再生和抗菌性能,1
技术原理,瞳孔水平运动eog信号检测,1
技术原理,瞳孔垂直运动eog信号检测,1
技术原理,通过将面部数据中的情感特征、eeg信号中的认知和情感特征与测试刺激相关联的特征相关联,1
技术原理,神经信号包括与视觉注意力指向的视觉刺激的特征调制相关联的信息,1
技术原理,神经反馈显著性度量,1
技术原理,从感官刺激之后的大脑活动响应导出数据,1
技术原理,脑电波信号等于多个空间模式的和乘以表示相应神经源活动的因子,1
技术原理,因子包括刺激数据与多个水平的卷积以及每个神经源的刺激响应,1
技术原理,深度传感器数据指示用户正面对该设备,1
技术原理,左右大脑半球的独立认知能力,1
技术原理,基于用户认知状态适配环境,1
技术原理,时空特征反映大脑活动状态,1
技术原理,基于刺激相关基础数据和刺激相关响应数据以及传输数据生成数字特征图,1
技术原理,大脑活动与身体状况或未来行为的相关性,1
技术原理,"神经响应与调制相关,当注意力集中于视觉刺激时相关性更强",1
技术原理,电稳定状态引起的响应,1
技术原理,刺激信号频率与脑电信号频率特性的对应关系,1
技术原理,脑同步,1
技术原理,通过比较光刺激期间和之后的局部峰值频率来确定脑同步,1
技术原理,生理反应测量认知状态,1
技术原理,"当注意力集中在视觉刺激上时,相关性变得更强",1
技术原理,精神状态的表现,1
技术原理,基于受试者脑活动模式估计的估计视觉特征向量与参考图像视觉特征向量之间的相关度,1
技术原理,频域特征,1
技术原理,时域特征,1
技术原理,无监督学习聚类,1
技术原理,治疗专用机器学习模型,1
技术原理,效价唤醒模型,1
技术原理,离群值判断,1
技术原理,情感检测,1
技术原理,概率模型,1
技术原理,心理状态的物理检测,1
技术原理,基于观测数据张量和命令数据张量的预测,1
技术原理,大脑区域激活和去激活模式与行为表现关联,1
技术原理,统计独立时域测量,1
技术原理,部分互相关,1
技术原理,零延迟相互作用,1
技术原理,erm依赖于背景自主神经活动,1
技术原理,外部刺激,1
技术原理,醒目响应增强,1
技术原理,通过加速计跟踪头部运动,1
技术原理,通过光学单元跟踪眼睛运动,1
技术原理,通过处理器确定注意力水平和视线方向,1
技术原理,诱导刺激目标脑波频率的增加,1
技术原理,向线粒体提供额外能量,1
技术原理,工作记忆任务,1
技术原理,用户状态包括用户的心情,1
技术原理,刺激触发观看者大脑的某个区域,1
技术原理,脑状态与刺激相关的阈值范围匹配,1
技术原理,潜意识决策相关刺激,1
技术原理,最小化用户的认知负荷,1
技术原理,脑网络方法,1
技术原理,基于图像观察用户的脑电波信号生成图像评估信息,1
技术原理,通过脑电波信号关联图像播放控制信息来识别评估信息,1
技术原理,"从放大通道的信号中推断出特定刺激,从而触发设备中的动作",1
技术原理,通过向线粒体提供额外能量和激活其他光敏大脑过程来刺激靶向大脑活动的增加,1
技术原理,预定神经生理反应,1
技术原理,通过向线粒体提供额外的能量和激活其他光敏大脑过程来刺激目标大脑活动的增加,1
技术原理,奖励机制,1
技术原理,第一频带内的量满足第一标准,1
技术原理,相关性分析,1
技术原理,模拟人的听觉通路对声音信号的信息编码机制,1
技术原理,左右脑皮层对编码后的信息处理机制,1
技术原理,听觉通路信息编码机制,1
技术原理,左右脑皮层信息处理机制,1
技术原理,多模态数据时间同步,1
技术原理,时空关联性分析,1
技术原理,利用参考加权,1
技术原理,将输出与传入的eeg数据组合,1
技术原理,振动传感器检测振动噪声,1
技术原理,过滤单元除去电噪声成分,1
技术原理,脑电图法,1
技术原理,稳态视觉诱发电位(ssvep),1
技术原理,注意力检测机制,1
技术原理,基于脑电信号的注意力状态评估,1
技术原理,脑电信号分类器,1
技术原理,阻抗放大,1
技术原理,运动想象时脑电信号和脑血含氧量信号同步变化,1
技术原理,脑电数据用于表征用户的情绪变化,1
技术原理,情感状态和注意力状态等作为交互手段,1
技术原理,按压状态下探针端部与保护突起端部齐平,1
技术原理,习惯化,1
技术原理,非主观证据,1
技术原理,"神经-响应数据作为中枢神经系统,自主神经系统,和执行器的数据",1
技术原理,诱发电位或事件相关电位的可视化,1
技术原理,脑电活动与脑活动的时间相关性,1
技术原理,响应于刺激信号发射而诱发的电位,1
技术原理,线索反应性,1
技术原理,事件相关电位(erp),1
技术原理,时间域中的重复刺激诱发电位,1
技术原理,时间域中重复呈现的感觉刺激,1
技术原理,刺激-诱发电位,1
技术原理,神经生理学反应,1
技术原理,"视觉刺激的神经反应与调制相关,当注意力集中在视觉刺激上时相关性更强",1
技术原理,"干电极接触头皮,无需导电膏或皮肤准备",1
技术原理,网状结构降低界面阻抗,1
技术原理,隔离层隔离金属电极,1
技术原理,面部数据与脑电图信号关联,1
技术原理,通过触发信号和听觉信号的同步传输来解决定时误差,1
技术原理,基于用户身体数据识别认知状态,1
技术原理,利用环境促进用户认知状态,1
技术原理,神经反应数据反映消费者对产品的神经响应,1
技术原理,基于用户生理数据,1
技术原理,电极可延伸接触用户皮肤,1
技术原理,生物信号传感器嵌入显示隔离器,1
技术原理,电极延伸接触用户皮肤,1
技术原理,反馈模块呈现内容并反馈修改,1
技术原理,脑电波图像对比,1
技术原理,基于虚拟现实,1
技术原理,脑电信号变化情况满足人员状态改善条件,1
技术原理,通过神经接口对神经系统施加刺激引起感知,1
技术原理,基于暴露于传感刺激期间从生理响应信号产生的生理或认知响应状态的识别,1
技术原理,神经反馈自适应网络,1
技术原理,脑电共振,1
技术原理,基于意图操纵,1
技术原理,思想模型,1
技术原理,反馈模块提供反馈,1
技术原理,神经接口装置采集生物信号,1
技术原理,反馈机制,1
技术原理,反馈模块呈现内容并反馈,1
技术原理,精神状态与脑电信号的对应关系,1
技术原理,个体专属脑电分析图谱,1
技术原理,利用周围环境促进用户针对活动的认知状态,1
技术原理,神经学响应与癫痫发作风险的关联,1
技术原理,干电极保持器跟随头部曲率,1
技术原理,弹性变形产生电压使电极朝向头皮按压,1
技术原理,电极弹簧加载,1
技术原理,将受试者的测试分数和生理活动与先前收集的该受试者的标准测量值进行比较,1
技术原理,神经反馈控制信息自动选择有针对性的训练范式,1
技术原理,神经学响应数据与虚拟现实内容部分的相关性分析,1
技术原理,注意前脑反应,1
技术原理,呈现测量信号频率和时间数据之间关系的多参数函数,1
技术原理,"当注意力集中在视觉刺激上时,这种相关性变得更强",1
技术原理,诱发和诱发的eeg振荡(ero)原理,1
技术原理,定时同步接口,1
技术原理,可视化呈现测试刺激时活跃的脑区,1
技术原理,"对视觉刺激的神经响应与调制相关,当注意力集中在视觉刺激上时相关性更强",1
技术原理,频谱分析隔离脑波分量,1
技术原理,ppg推断生理参数,1
技术原理,imu确定空间运动,1
技术原理,视觉刺激引起生物电信号,1
技术原理,分类器改进,1
技术原理,基于虚拟现实刺激多维感官,1
技术原理,"对视觉刺激的神经响应与调制相关,当注意力集中在视觉刺激上时,相关性更强",1
技术原理,神经接口检测电信号,1
技术原理,触觉输出设备输出触觉效果,1
技术原理,生物信号传感器采集信号,1
技术原理,基于相对位置信息和目标对象的属性信息确定感官信息,1
技术原理,基于相对位置信息和目标对象的属性信息,1
技术原理,"通过改变气囊高度调节干电极有效长度,保证与头皮充分接触,减小输入阻抗",1
技术原理,通过调节气囊高度改变干电极的有效长度,1
技术原理,作为特定感觉、认知或运动事件的直接结果的所测量的大脑反应,1
技术原理,注视追踪,1
技术原理,锚定电极或其他设备,1
技术原理,保持电解液涂层,1
技术原理,脑-计算机接口技术,1
技术原理,同步记录和/或显示来自源音视频记录装置的信号和eeg信号的图形表示,1
技术原理,产品诱导的脑状态测量,1
技术原理,神经接口检测神经系统相关的电信号,1
技术原理,基于识别的心情调制提示参数权重,1
技术原理,通过调整色调、饱和度和照明将心情应用于目标场景,1
技术原理,自然主义语音刺激,1
技术原理,语义度量值的时间序列,1
技术原理,时间响应函数,1
技术原理,脑活动与主观心理状态相关,1
技术原理,3d地图可视化呈现测试刺激时活跃的大脑区域,1
技术原理,电极检测神经学活动,1
技术原理,光信号刺激,1
技术原理,射频刺激,1
技术原理,大脑活动最初时刻获得的响应,1
技术原理,导电凝胶传导生物信号,1
技术原理,倒钩构件增强固定,1
技术原理,"当注意力集中在视觉刺激上时,神经反应与调制的相关性更强",1
技术原理,"对视觉刺激的神经反应与调制相关,当注意力集中在视觉刺激上时,调制变得更强",1
技术原理,概念知觉和情绪思维的模型,1
技术原理,脑电图响应转换为心理状态指标,1
技术原理,认知状态与内容项相关联,1
技术原理,刺激前后eeg频带功率变化反映注意力水平,1
技术原理,深度相机数据解析,1
技术原理,位置关联,1
技术原理,触觉反馈机制,1
技术原理,刺激信号诱发脑电图电位,1
技术原理,磁共振信号差异与脑电图信号关联,1
技术原理,通过致动器机械调节电极位置以优化接触,1
技术原理,认知负荷最小化,1
技术原理,自适应策略,1
技术原理,基于传感器信号确定交互,1
技术原理,"根据用户脑电信息判断用户的情感与精神状态,及时做出反馈",1
技术原理,脑电图信号转换为当前精神状态的有意义指标,1
技术原理,认知负荷,1
技术原理,注意力,1
技术原理,焦虑,1
技术原理,动机,1
技术原理,神经接口检测神经系统电信号,1
技术原理,通过调整图像属性(如色调、饱和度和光照)将情绪应用于目标场景,1
技术原理,主动参与增强脑波活动,1
技术原理,游戏化的娱乐性质鼓励长期使用,1
技术原理,心理状态调节,1
技术原理,感觉神经系统将产品配方输入到用户大脑,1
技术原理,基于大脑活动检测精神状态,1
技术原理,限制施加深度,1
技术原理,尺寸和形状限制应用深度,1
技术原理,电解液涂层保持,1
技术原理,通过测量电阻来检查接触状态,1
技术原理,通过识别号检查未接触部分,1
技术原理,行为与生理信号推断,1
技术原理,电极阻抗指示,1
技术原理,导电线程电通信,1
技术原理,国际10/20标准导联系统,1
技术原理,通过外部可渗透膜的微孔和孔传输离子电流,1
技术原理,最共有加权,1
技术原理,经训练的脑电图信号轮廓,1
技术原理,电极协作测量皮肤电极阻抗,1
技术原理,解码分布,1
技术原理,电线被印刷地嵌入头部覆盖物中,1
技术原理,局部皮肤水合作用,1
技术原理,电极/头皮接触点水化剂释放,1
技术原理,压力触发,1
技术原理,幅度值与变化值之间的相关性,1
技术原理,神经信号模型加权和显示对象显示调制都进行自适应,1
技术原理,慢脑波时间模式同步,1
技术原理,将eeg信号转换为心理状态指标,1
技术原理,语音想象诱发脑电信号,1
技术原理,耳-周围电极与头皮-周围电极同步测量,1
技术原理,刺激干扰估计与消除,1
技术原理,神经活动预测,1
技术原理,闭环调节,1
技术原理,训练的神经网络模型,1
技术原理,光生物调节(pbm),1
技术原理,脉冲光刺激目标脑电波频率,1
技术原理,为线粒体提供额外能量,1
技术原理,向线粒体提供附加能量,1
技术原理,皮下植入远程电路接收rf功率,1
技术原理,ir能量数据传输,1
技术原理,脑电响应由刺激物引起,1
技术原理,通过电极与皮肤接触检测脑电信号,1
技术原理,基于刺激-响应机制,1
技术原理,生物信号捕捉和放大部件配置成基于eeg信号提取eog信号并与用户接口通信,1
技术原理,"音乐驱动脑到共振与音乐,提供封闭回路或生理反馈效果",1
技术原理,基于eeg信号提取eog信号,1
技术原理,使用生物信号控制设置,1
技术原理,神经反馈监测,1
技术原理,同步数据指示何时eeg输出和何时辅助输出出现,1
技术原理,模式匹配,1
技术原理,分类标准,1
技术原理,脑电功率差值作为评估指标,1
技术原理,脑电图仪探测和放大脑电波,1
技术原理,eps(诱发电位)评估通过脑干和丘脑的传输,1
技术原理,脑电功率差值,1
技术原理,综合主观评估结果与客观生理数据变化数据结果,1
技术原理,视觉-神经耦合机制,1
技术原理,激活体感系统,1
技术原理,脑电图波处于α(8-12hz)之间,1
技术原理,脑波或语音信号与虚拟现实图像内角色的运动数据映射,1
技术原理,结合使用者观看一系列具有特定情绪诱发效果的虚拟现实内容的反馈效果,1
技术原理,脑电波或语音信号与虚拟现实图像中角色的运动数据映射,1
技术原理,事件相关电位脑-机接口技术,1
技术原理,p300范式,1
技术原理,人工智能机器学习分析,1
技术原理,基于虚拟现实的认知训练和大脑刺激组合,1
技术原理,基于虚拟现实的认知训练与大脑刺激组合,1
技术原理,虚拟现实暴露疗法,1
技术原理,工作记忆训练任务,1
技术原理,调节情感网络,1
技术原理,生物特征信号与阈值范围比较,1
技术原理,菜单的显示取决于比较结果,1
技术原理,通过头带固定脑电图测量装置与虚拟现实设备的相对位置,1
技术原理,基于脑电图数据预测头部运动,1
技术原理,脑电信号的目标频域特征信号的变化特征反映眩晕状态,1
技术原理,基于当前头部位置渲染场景的当前视图,1
技术原理,通过预测头部运动调整流式传输过程,1
技术原理,通过与佩戴人员的头部接触实现脑电信号采集,1
技术原理,脑电信号频域特征变化与眩晕状态相关,1
技术原理,通过监测脑电信号变化实时判断眩晕并调整显示画面,1
技术原理,时频分析技术,1
技术原理,视觉和认知负荷相关特征,1
技术原理,基于人工智能,1
技术原理,反馈式培训方式,1
技术原理,时间域特征提取,1
技术原理,空间域特征提取,1
技术原理,随机失活,1
技术原理,拼接卷积分类,1
技术原理,自适应地根据虚拟场景状态的变化而变化,1
技术原理,脑电波控制,1
技术原理,意念控制,1
技术原理,通过测量和分析生物信号以理解用户的意图,1
技术原理,脑连接计算机,1
技术原理,虚拟现实接口,1
技术原理,基于生物信号确定用户命令,1
技术原理,通过控制化身执行任务,1
技术原理,运动想象意图分析,1
技术原理,多模态反馈机制,1
技术原理,癫痫发作触发可能性预测,1
技术原理,离子导电自粘水凝胶,1
技术原理,高稳定性,1
技术原理,高灵敏度,1
技术原理,无创性,1
技术原理,可重复使用性,1
技术原理,"通过生物电信号采集模块同时采集用户的脑电信号、眼电信号和肌电信号,通过对这三种特征信号的分析计算,实现人机交互功能",1
技术原理,bci作为bci-vr系统的输入设备,1
技术原理,"bci比传统vr系统输入方式更直观,可视为类似触觉传感与ve进行交互与控制",1
技术原理,人脑意念支配,1
技术原理,事件相关电位特征分类,1
技术原理,生物信息与情绪变化的关联,1
技术原理,允差式虚拟点,1
技术原理,脑-机接口(bci),1
技术原理,脑电波测量精度,1
技术原理,神经活动与运动模式关联,1
技术原理,"α波功率变化与晕动症程度相关,通过调整视野缓解晕动症",1
技术原理,神经活动检测原理,1
技术原理,脑电信号反映脑区激活程度,1
技术原理,行为意图模型,1
技术原理,"通过vr设备和信息采集模块采集用户的各项健康指标,用于压力状况的评测",1
技术原理,眼动技术,1
技术原理,运动想象可调节感觉运动节律,1
技术原理,神经反馈实时调整状态,1
技术原理,基于运动阈值和信号强度阈值的联合检测机制,1
技术原理,通过训练强化脑电自主调节能力,1
技术原理,脑电波检测与控制,1
技术原理,脑功能网络检测与调控,1
技术原理,通过执行给予用户的任务的虚拟现实用户的脑电波和眼球运动来诊断用户,1
技术原理,脑波参与控制,1
技术原理,脑电自主调节能力强化,1
技术原理,注意力训练,1
技术原理,脑波诱导,1
技术原理,正念冥想引导用户实时调节注意目标,1
技术原理,基于虚拟现实的多维感官刺激内容,1
技术原理,脑对称性原理,1
技术原理,当通过脑电波传感器和肌电图传感器中的至少一个感测到的信息满足预定条件时,1
技术原理,根据测量的生物信号确定疲劳并实时调整屏幕以缓解疲劳,1
技术原理,脑部对称性,1
技术原理,阿尔法波功率变化量与晕动症症状相关,1
技术原理,个性化呈现,1
技术原理,中枢神经系统、自主神经系统和效应器数据分析,1
技术原理,多模态数据综合分析,1
技术原理,可忽略来自单个触点的信号,1
技术原理,每个电极可放置在邻近电极附近,1
技术原理,共振估计,1
技术原理,自身视角与观察者视角的注意力线索融合,1
技术原理,中枢神经系统和自主神经系统机能障碍分析,1
技术原理,刺激阈值确定润滑效果,1
技术原理,多个左侧头皮电极施加来自多个右侧头皮电极的抵消力以固定耳机,1
技术原理,同步平均,1
技术原理,刺激锁定eeg的时域同步,1
技术原理,神经学情绪跟踪,1
技术原理,高时间分辨率,1
技术原理,周期性刺激具有给定的基频,1
技术原理,从放大通道的信号中推断出特定刺激,1
技术原理,使用生物统计数据训练机器学习模型,1
技术原理,基于生物体感知的示例与伴随生物统计数据配对,1
技术原理,eeg数据与fmri数据在时间上的关联性,1
技术原理,慢振荡频率范围在0.5 hz和1 hz之间,1
技术原理,基于观看者大脑活动预测视口,1
技术原理,观察者检测到目标的神经生理事件与图像目标关联,1
技术原理,由多个受试者共享的响应变量的低维数空间,1
技术原理,国际10-20系统排布,1
技术原理,磁吸接口连接,1
技术原理,无线信号传输,1
技术原理,失神癫痫发作对应特征性棘慢波信号,1
技术原理,基于目标棘慢波的棘波成分生成刺激指令,1
技术原理,基座模型,1
技术原理,波峰时延分析,1
技术原理,大脑功能连接网络构建,1
技术原理,情绪调控节点识别,1
技术原理,稳态运动视觉诱发电位刺激,1
技术原理,人工神经网络模型,1
技术原理,精神状态的表现可被捕捉,1
技术原理,从表演中可以观察到反应和推断出心理状态,1
技术原理,synchrony脑活性,1
技术原理,左和右之间的感测,1
技术原理,减少电磁干扰来提高eeg准确度,1
技术原理,总诱发响应,1
技术原理,偏倚注意力,1
技术原理,基于任务的信息在一段时间内延伸,1
技术原理,eeg数据在时间段上延伸,1
技术原理,fmri数据在一段时间内延伸,1
技术原理,时间精度极高的刺激声音信号可诱发高幅度脑电信号,1
技术原理,指示对刺激的注意,1
技术原理,视觉刺激诱发eeg或erg信号,1
技术原理,语义度量值的时间序列与神经信号的统计比较,1
技术原理,基于观察者观看位置和位置跟踪,1
技术原理,基于观察者所在位置上的信息视图,1
技术原理,抑制信号与情感显著信号对齐,1
技术原理,预测假设观察者相对于特征的眼动终点,1
技术原理,差异指示神经行为障碍,1
技术原理,感觉刺激增强认知域,1
技术原理,深度睡眠检测,1
技术原理,精神状态可通过面部数据表现,1
技术原理,脑电波信号与字符的映射,1
技术原理,字符信号与事件的映射,1
技术原理,贝叶斯网络骨架,1
技术原理,概率评估认知状态,1
技术原理,结构-功能分量分析,1
技术原理,分数与认知表现关系估计,1
技术原理,神经应激水平与频带相关性,1
技术原理,图卷积网络处理eeg信号,1
技术原理,脑间同步性评估,1
技术原理,近红外光成像,1
技术原理,软件锁相解调,1
技术原理,机器学习模型被训练为基于eeg信号预测用户的心理状态,1
技术原理,近红外光成像原理,1
技术原理,锁相解调原理,1
技术原理,ssvep振幅和/或相位差表示心理状态,1
技术原理,"通过控制信号诱发eeg响应,比较有无视觉刺激时的响应分量变化来评估注意水平",1
技术原理,ssvep振幅和/或相位差与心理状态相关,1
技术原理,将肢体感知信号传递给大脑,1
技术原理,触觉刺激与脑电图同步记录,1
技术原理,信号转换与传输,1
技术原理,无线通信,1
技术原理,云服务器处理,1
技术原理,根据生理体征数据识别用户的情绪状态,1
技术原理,根据用户的情绪状态推荐用户感兴趣的商品,1
技术原理,ssvep振幅和/或相位差表示预定心理状态,1
技术原理,脑电-视觉对齐,1
技术原理,基于认知脑扫描数据,1
技术原理,微表情与生理数据间的潜在关联性,1
技术原理,个人高效时机基准值,1
技术原理,操作偏差计算,1
技术原理,神经反应强度值提取,1
技术原理,事件相关电位的p200分量与视觉刺激呈现时序相关,1
技术原理,事件相关电位的n100分量反映用户对视觉刺激的注意,1
技术原理,头皮脑电图,1
技术原理,事件相关电位p200分量与预定阈值比较,1
技术原理,事件相关电位n100分量反映注意,1
技术原理,帧同步嵌套混合脑-机接口,1
技术原理,决策门控机制,1
技术原理,运动想象激活分数与个体化的校准阈值比较,1
技术原理,逆运动学映射,1
技术原理,beta频段的去同步能量值dev反映视觉认知能力,1
技术原理,低强度聚焦超声调节中枢神经系统和外周神经系统,1
技术原理,低强度聚焦超声调节中枢神经系统和周围神经系统,1
技术原理,差异动作的多阶段任务显化了mi中动作因素对脑电产生的影响,1
技术原理,动作因素对脑电产生的影响,1
技术原理,显化mi中动作因素对脑电产生的影响,1
技术原理,慢波平均功率谱和复杂度的变化判断驾驶状态,1
技术原理,聚合感知增强,1
技术原理,位置感知增强,1
技术原理,长程依赖与局部关联精细化,1
技术原理,工作记忆范式,1
技术原理,beta频段去同步能量值dev,1
技术原理,将特性信息值转换成对齐码值,1
技术原理,基于代码对准信息同步数据,1
技术原理,脑电图负成分的参考潜伏期与语音对应,1
技术原理,从语音呈现起始点起50毫秒至350毫秒范围内的脑电图信号负成分的峰值潜伏期,1
技术原理,qreeg信号组合,1
技术原理,同步丢失或偏差检测,1
技术原理,经典eeg-ekg配置的知识和专长,1
技术原理,事件相关电位特征量值与不舒适阈值之间存在预定关系,1
技术原理,事件相关电位的振幅比较,1
技术原理,事件相关电位增强,1
技术原理,时空相似性度量,1
技术原理,正分量,1
技术原理,负分量,1
技术原理,"影像亮度变化影响清醒度,进而影响听觉事件相关电位",1
技术原理,"在亮度变化超过阈值的时间范围内避免听觉刺激,以减少干扰",1
技术原理,事件相关电位的特征量值和不舒适阈值之间的预定关系,1
技术原理,事件相关电位中正成分与负成分的出现与语音理解相关,1
技术原理,特征分量,1
技术原理,"当所输出的影像的亮度变化量超过规定的阈值时,在以超过规定阈值的时刻为起点而被确定的第二时间范围期间不呈现听觉刺激",1
技术原理,多粒度信息作为先验知识融入到神经网络设计中,1
技术原理,p200分量,1
技术原理,n100分量,1
技术原理,不同语义图片产生不同脑电信号,1
技术原理,事件相关电位中的阳性组分出现指示用户是否不费力地听到语音声音,1
技术原理,事件相关电位中的负组分出现指示用户是否感到语音声音被噪声,1
技术原理,左右大脑活动之间的同步性,1
技术原理,脑电波信号代表患者对内容的反应,1
技术原理,事件相关电位阳性成分与阴性成分的判定,1
技术原理,意外信号表示在向用户呈现字符的时间点之后的600ms±100ms处的正分量,1
技术原理,在操作内容呈现后约150ms到600ms的时间点检测事件相关电位的存在或不存在,1
技术原理,事件相关电位反映用户意图,1
技术原理,脑电图负成分的峰值等待时间与烦恼度相关,1
技术原理,基于所确定的心理状态,1
技术原理,脑工作状态影响刺激接收预期,1
技术原理,代理型人工智能,1
技术原理,动态交互,1
技术原理,上下文敏感,1
技术原理,安全策略约束,1
技术原理,交互工作频率为5-40hz,1
技术原理,诱发脑电波,1
技术原理,大脑内生物信号检测到的意志输入控制治疗递送,1
技术原理,意志输入针对执行特定的身体或精神活动,1
技术原理,脑工作状态与刺激接收预期的关联,1
技术原理,大脑内生物信号检测到的意志输入,1
技术原理,意志患者输入可针对执行特定的身体或心理活动,1
技术原理,复杂小波特征,1
技术原理,时频域分析,1
技术原理,深度学习特征分类,1
技术原理,神经认知功能训练,1
技术原理,多模态融合深度学习,1
技术原理,个性化适应机制,1
技术原理,分级预警机制,1
技术原理,协同合作,1
技术原理,捕捉用户在不同状态下的生物电信号和行为信号,1
技术原理,优化任务性能,1
技术原理,意志患者输入可以针对执行特定的身体或心理活动,1
技术原理,稳态视觉诱发磁场,1
技术原理,同步指数,1
技术原理,大脑内的生物信号检测意志输入,1
技术原理,意志输入控制治疗递送,1
技术原理,低频振荡器生成同步信号,1
技术原理,压控振荡器提供可调频率参考,1
技术原理,电生理学数据库,1
技术原理,通过大脑信号检测到的意志输入来调整治疗递送,1
技术原理,意志输入可能不需要与另一设备交互,1
技术原理,运动想象范式,1
技术原理,"梯度噪声以切片扫描时间t为周期,每个周期内形状相似",1
技术原理,心电伪迹的形态特征,1
技术原理,相位同步存在于神经活动通讯中,1
技术原理,利用相位同步信息进行加权有良好的神经生理学可解释性,1
技术原理,可调频率基准,1
技术原理,同步信号控制,1
技术原理,同步筛选,1
技术原理,符号传递熵,1
技术原理,"高密脑电图帽通过开窗设计减少对脑内电极植入区域的干扰,实现同步采集",1
技术原理,稳态脑电响应,1
技术原理,刺激信号频率与特征物理量对应,1
技术原理,降低阻抗,1
技术原理,提高信噪比,1
技术原理,神经-响应数据作为监控依据,1
技术原理,生物力学仿真预测,1
技术原理,激励和情绪脑电路响应于输入信号并产生输出信号,1
技术原理,"当注意力集中在视觉刺激上时,这种相关性更强",1
技术原理,"特性调制被应用于视觉刺激的高空间频率hsf分量,可在用户大脑中诱发响应",1
技术原理,神经信号包括与用户的视觉注意力所指向的视觉刺激的特性调制相关联的信息,1
技术原理,使用大脑特征确定对象属性,1
技术原理,大脑响应的演变提取时间模式,1
技术原理,可伸缩弹性支架和可充气橡皮管实现自动定位固定,1
技术原理,电极吸液体连通使电极片与头皮接触良好,1
技术原理,"通过旋钮驱动螺杆,使伸缩块沿外壳滑动,调节干电极与头皮距离",1
技术原理,基于图神经网络的多模态数据融合,1
技术原理,"视觉刺激的神经反应与调制相关,当注意力集中时相关性更强",1
技术原理,"刺激设备施加一系列任务,多个生物传感器同时测量身体对刺激的反应",1
技术原理,压缩弹簧提供可移动的弹簧加载接触,1
技术原理,透明环氧树脂制成扁平保持板,1
技术原理,增强信号采集质量,1
技术原理,利用脑电波及生物体信号的变化来评价信息,1
技术原理,柔软不可察觉无凝胶的表皮穿透微针电极,1
技术原理,改进的接触表面积,1
技术原理,情感偏向注意,1
技术原理,通过脑电波信号反映用户兴趣,1
技术原理,多模态生理周期性生物标志物评估,1
技术原理,将多模态生理信号与指示自闭症或asd的概况数据进行关联,1
技术原理,增强信号分类准确性,1
技术原理,刺激与脑波信号的相关性分析,1
技术原理,用户画像索引映射,1
技术原理,脑电数据与体验质量关联,1
技术原理,时间戳同步,1
技术原理,神经回路动态模型与实时数据结合,1
技术原理,激活模式与功能关联分析,1
技术原理,脑波特征量与主观评价值之间的相关性,1
技术原理,基于情境的神经反馈,1
技术原理,脑电波与传感器数据的相关性,1
技术原理,神经网络频率与功能受损对应,1
技术原理,离子电流测量,1
技术原理,"弹性材料条适应不同头部大小,使电极组件定位在期望解剖位置",1
技术原理,通过阻抗信号评估电极与皮肤接触质量,1
技术原理,基于阻抗阈值控制电极移动以优化接触,1
技术原理,神经网络从脑电图数据预测身体部位运动,1
技术原理,利用材料特性为电极位置提供有限的操纵性,1
技术原理,10-20电极系统,1
技术原理,低警觉性指标,1
技术原理,高警觉性是主动注意的状态,1
技术原理,视觉感知学习,1
技术原理,脑电波技术,1
技术原理,根据脑电波数据进行娱乐反馈控制,1
技术原理,按照温感分析结果进行温度反馈调节,1
技术原理,模拟针灸,1
技术原理,闭环诊疗,1
技术原理,动作控制网络,1
技术原理,脑电数据处理,1
技术原理,基于生物信号的感官刺激,1
技术原理,在患者移动肢体的意图与其实施之间形成神经生物反馈连接,1
技术原理,基于已知刺激或事件的时间跨度分段,1
技术原理,用户基线识别,1
技术原理,分层速度/频率容差,1
技术原理,机器学习驱动的分类,1
技术原理,生物标志物分离,1
技术原理,时域特征提取,1
技术原理,频域特征提取,1
技术原理,空域特征提取,1
技术原理,基于脑电信号进行个性化数据收集,1
技术原理,通过数据模型对脑电信号对应的分值数据进行优化,1
技术原理,脑机协同,1
技术原理,药物相似效果模拟,1
技术原理,实时记录与刺激,1
技术原理,生成式大模型,1
技术原理,心理指令对应eeg信号,1
技术原理,组合eeg分析揭示心理指令的eeg迹象,1
技术原理,基于不同方法进行eeg分析获得特定决策,1
技术原理,语音命令词典比较识别,1
技术原理,矢量量化,1
技术原理,倒排索引,1
技术原理,神经可塑性评估,1
技术原理,"通过脑-计算机接口(bci)系统将脑电信号转换为可解释数据,识别情绪状态,并生成响应性刺激以影响情绪状态至期望状态",1
技术原理,将分析数据与控制数据进行比较,1
技术原理,三维(3-d)脑源定位,1
技术原理,云端服务器接收信号,1
技术原理,数据预处理,1
技术原理,web可视化分析,1
技术原理,模态间层次化依赖关系,1
技术原理,层次化依赖关系网络,1
技术原理,阈值电压检测,1
技术原理,静态间隔持续时间,1
技术原理,信号分离,1
技术原理,信号合成,1
技术原理,利用非侵入性磁共振成像,1
技术原理,复合电流,1
技术原理,基于ai眼镜的个性化脑电模式识别,1
技术原理,个性化经颅电刺激频率反映个体神经生理特征,1
技术原理,硬件状态数据实时同步至软件侧业务层与算法层,1
技术原理,数据处理过程贴近用户需求,1
技术原理,共振干预窗口,1
技术原理,级联失效节点,1
技术原理,状态恶化速率,1
技术原理,能量迁移轨迹,1
技术原理,级联失效,1
技术原理,风险加速度,1
技术原理,动态延迟容忍度,1
技术原理,已知刺激或事件关联,1
技术原理,实时神经调控,1
技术原理,基于佩戴者注视的运动生成脑电图信号,1
技术原理,基于脑电波和源自用户认知事件的数据的位置评估有效性,1
技术原理,eeg非线性变化,1
技术原理,p300脑电波诱发刺激产生p300脑电波,1
技术原理,无参考学习过程,1
技术原理,自适应学习,1
技术原理,归一化权重,1
技术原理,降低计算复杂性,1
技术原理,闭环反馈机制,1
技术原理,神经反馈调控,1
技术原理,基于方差分析,1
技术原理,认知负荷增强,1
技术原理,靶刺激特征的幅值分布规律,1
技术原理,脑电波分析,1
技术原理,临界闪烁融合频率,1
技术原理,临界闪烁融合频率测量,1
技术原理,有效性级别排序,1
技术原理,数据位置评估,1
技术原理,幂律分布规律,1
技术原理,多窗口方法,1
技术原理,小波算法,1
技术原理,大脑三维模型,1
技术原理,时频分析原理,1
技术原理,连接性分析原理,1
技术原理,大脑三维模型可视化,1
技术原理,浓度指数,1
技术原理,电机控制指标,1
技术原理,警觉性指数,1
技术原理,运动准备,1
技术原理,脑电波信号分析,1
技术原理,脑活动状态分析,1
技术原理,人工智能技术,1
技术原理,个性化服务策略,1
技术原理,实时分析脑电波信号,1
技术原理,评估注意力水平、情绪状态及康复进展,1
技术原理,即时反馈和调整机制,1
技术原理,数字信号处理,1
技术原理,通过听觉系统的声音配准,1
技术原理,患者专注于目标虚拟对象的能力,1
技术原理,从动态变化的生理值确定功能性脑状态,1
技术原理,subelectrode电阻测量公式,1
技术原理,脑电信号的高时间分辨率,1
技术原理,有向动态脑网络分析,1
技术原理,脑活动等生物信号与意图相关,1
技术原理,判别分析,1
技术原理,erp中n200成分的显著性变化,1
技术原理,plv脑网络分析,1
技术原理,多种刺激干预,1
技术原理,视觉诱发稳态电位(ssvep)原理,1
技术原理,振幅-调制状态视觉刺激,1
技术原理,跨模态一般性脑功能连接关键特征,1
技术原理,脑功能连接与行为指标的显著相关性,1
技术原理,中枢神经系统和ans状态患者的抑郁水平相一致,1
技术原理,p300脑电波响应在重复呈现的刺激中散布有非显著性刺激,1
技术原理,脑电分析,1
技术原理,磁悬浮交互,1
技术原理,梦境可视化,1
技术原理,个性化声光干预,1
技术原理,时间依赖分析,1
技术原理,个性化训练,1
技术原理,控制注意,1
技术原理,自动注意,1
技术原理,显著注意属性,1
技术原理,显著注意测量,1
技术原理,神经反应刺激和刺激属性谐振,1
技术原理,刺激和刺激属性共振,1
技术原理,刺激属性谐振刺激响应,1
技术原理,紧密间隔的干电极,1
技术原理,相位同步度分析,1
技术原理,将高维向量与刺激关联形成思维模型,1
技术原理,定量数据研究,1
技术原理,基于观察者大脑对视觉刺激的神经反应来识别目标,1
技术原理,不同脑电波频率与特定情绪相关联,1
技术原理,高空间频率分量调制,1
技术原理,认知反应与神经生理反应的相关性,1
技术原理,刺激的正提示和位置以及时间戳触发系统响应,1
技术原理,脑波信号指示用户的注意力水平,1
技术原理,脑的工作产生脑电图(eeg)电位,1
技术原理,特性调制与视觉注意力相关联,1
技术原理,高空间频率hsf分量调制诱发大脑响应,1
技术原理,视觉诱发电位,1
技术原理,刺激频率与电位信号频率匹配,1
技术原理,柔软的不易察觉的无凝胶表皮穿透微针电极提供改善的接触表面积,1
技术原理,降低电极阻抗密度增强eeg信号和信号分类准确度,1
技术原理,软电子器件局部安装在电极附近减少布线并提高信号采集质量,1
技术原理,可归因于控制信号的eeg响应分量的值增加或减少反映兴趣,1
技术原理,柔软的不易察觉的无凝胶表皮穿透微针电极,1
技术原理,软电子器件局部安装在电极附近,1
技术原理,自然主义语言处理任务,1
技术原理,机器学习技术,1
技术原理,脑电与功能磁共振成像数据的时间同步,1
技术原理,脑电与功能磁共振成像测量值之间的相关性分析,1
技术原理,情绪刺激诱发脑电的情绪反应,1
技术原理,伽马功率值反映情绪调节,1
技术原理,脑电与功能磁共振成像数据同步,1
技术原理,相关性得分表示脑康复活动,1
技术原理,柔性聚合物材料,1
技术原理,时空特征提取,1
技术原理,自动编码器神经网络,1
技术原理,平均向量连续平均值中的模式检测,1
技术原理,认知功能评估,1
技术原理,行为响应与脑功能关联,1
技术原理,基于周期性运动的视觉刺激,1
技术原理,运动针对目标频率进行频率调制或针对目标代码进行代码调制,1
技术原理,基于脑电图监测,1
技术原理,基于分析识别或预测生物事件,1
技术原理,p300-d,1
技术原理,操作性条件反射,1
技术原理,行为强化,1
技术原理,伪影去除算法,1
技术原理,平稳小波变换,1
技术原理,小波包变换,1
技术原理,频带节律波重构,1
技术原理,幅度值和功率谱特征分析,1
技术原理,低血糖发作时eeg信号变化,1
技术原理,胰岛素输送限制机制,1
技术原理,基于时间序列拆分和标签识别,1
技术原理,基于个性化基线卒中分数与第二卒中分数的比较指示卒中状态,1
技术原理,时间维度,1
技术原理,空间维度,1
技术原理,注意模型,1
技术原理,注意力模型,1
技术原理,信号模式匹配,1
技术原理,相关系数计算,1
技术原理,时间空间一致性比较,1
技术原理,国际10-20系统,1
技术原理,通过特定脑电电极通道匹配使待预测个体无需繁琐校准程序也能保持较高预测准确率,1
技术原理,"通过提取与疲劳程度最相关的电极通道降低eeg数据维度,减少无关信息干扰",1
技术原理,"将时域上连续的eeg信号转化为1s的样本时间窗口,以1s时间分辨率进行疲劳程度预测",1
技术原理,eeg微状态能够应用在脑功能网络的构建上,1
技术原理,微状态重构时间序列构建的脑功能网络能够更准确反映人脑网络特性,1
技术原理,基于凝视数据确定感兴趣区域,1
技术原理,基于eeg数据确定偏好,1
技术原理,微状态重构后的时间序列减少冗余信息,1
技术原理,蝙蝠算法优化,1
技术原理,深层边缘区域激活,1
技术原理,形成电阵列,1
技术原理,智能搜索最佳eeg信号通道和参数,1
技术原理,变化开始,1
技术原理,复指数函数调制,1
技术原理,低通滤波,1
技术原理,样本省略,1
技术原理,马氏距离,1
技术原理,时间过滤,1
技术原理,用户变化检测,1
技术原理,基于数据的眼动模型,1
技术原理,循环层(lstm层或gru层或变换器层),1
技术原理,tms伪影分量拟合,1
技术原理,递减有理时间函数,1
技术原理,大脑注意力状态的可能性,1
技术原理,反馈算法,1
技术原理,深层边缘区域激活水平与韧性相关,1
技术原理,眼部伪迹与有意眨眼相关,1
技术原理,自适应阈值检测,1
技术原理,监督机器学习分类,1
技术原理,超声波避碰,1
技术原理,眨眼持续时间映射,1
技术原理,ecg数据和eeg数据之间的关联统计度量,1
技术原理,心理活动模式识别,1
技术原理,用户心理活动知识库匹配,1
技术原理,马氏距离分类,1
技术原理,声音倒谱与脑电图倒谱系数的相关性,1
技术原理,数据交叉,1
技术原理,数据变异,1
技术原理,绕过正常感知系统直接输入到大脑和神经系统,1
技术原理,循环层,1
技术原理,lstm层,1
技术原理,gru层,1
技术原理,transformer层,1
技术原理,声音倒谱与脑电图倒谱的相关性,1
技术原理,脑波频率频谱分析,1
技术原理,阈值比较,1
技术原理,累积频谱超过阈值触发控制,1
技术原理,绕过正常的感知系统,1
技术原理,脑波频率的频谱分析,1
技术原理,施密特触发器阈值划分,1
技术原理,用户偏好学习,1
技术原理,使用特征量和参考数据判断脑电图信号属于哪个典型化分类,1
技术原理,根据分类结果调节识别方法,1
技术原理,可变开始,1
技术原理,通过特征生成和特征集修剪优化分类器模型,1
技术原理,深层边缘区域激活水平与脑电图特征相关,1
技术原理,压力诱发扰动影响深层边缘区域激活,1
技术原理,功能性实时mrj的建模和控制,1
技术原理,独立成分的时间序列识别,1
技术原理,2d特征投影空间,1
技术原理,脑状态分类,1
技术原理,特征工程,1
技术原理,语言想象和运动想象时序编码,1
技术原理,时间窗划分,1
技术原理,多频段滤波,1
技术原理,互信息选择最优特征,1
技术原理,投票决策,1
技术原理,时频域过滤,1
技术原理,平均叠加,1
技术原理,谱图卷积,1
技术原理,递归神经网络,1
技术原理,时空依赖性捕捉,1
技术原理,余弦相似性,1
技术原理,通道特征相关性,1
技术原理,复合物指数函数调制信号,1
技术原理,低通滤波与漏样,1
技术原理,马氏距离比较,1
技术原理,阈值判断,1
技术原理,诱发电位或事件相关电位的波形特征,1
技术原理,时频域滤波,1
技术原理,基于脑电信号的情绪识别,1
技术原理,传感器与患者头部接触以采集信号,1
技术原理,导电凝胶用于提高信号传导,1
技术原理,"如果所选择的参数已经超过预定阈值参考值和时间段,则通知操作者",1
技术原理,多视图特征提取,1
技术原理,多尺度时间信息融合,1
技术原理,全局依赖关系建模,1
技术原理,香料触发特定的嗅觉或三叉神经刺激,1
技术原理,刺激斜率的急剧上升,1
技术原理,在20毫秒内至少达到66%的刺激浓度,1
技术原理,刺激持续时间等于200msec,1
技术原理,刺激被重复引入至少8至10次,1
技术原理,基莫尔莱尔小波,1
技术原理,小波频谱能量平均值,1
技术原理,经验模态振幅,1
技术原理,alpha节律,1
技术原理,delta节律,1
技术原理,熵值差异和变化情况,1
技术原理,电诱导的治疗癫痫发作自动监测,1
技术原理,通过设定阈值比较检测参数,1
技术原理,基于最小化成本函数测量脑电信号与单独声源之间的相关性,1
技术原理,离均差计算,1
技术原理,基于振幅整合脑电图图形对称性判断左右脑对称性,1
技术原理,空间特征保留,1
技术原理,多尺度分析,1
技术原理,熵值差异,1
技术原理,电诱导的治疗性癫痫发作,1
技术原理,积分电压参数超过预定阈值,1
技术原理,动态有限脉冲响应(fir)滤波器,1
技术原理,成本函数,1
技术原理,α节律和β节律分离,1
技术原理,采样率大于等于频带上边界频率乘以二,1
技术原理,频谱功率计算,1
技术原理,磁共振成像(mri)导出的三维脑模型,1
技术原理,皮质脑区域和皮质下脑区域,1
技术原理,半刚性框架支撑电极,1
技术原理,电压传输,1
技术原理,系绳线传输,1
技术原理,零交越表示频率,1
技术原理,累积幅度指示波形特性,1
核心部件,电极,264
核心部件,处理器,126
核心部件,传感器,105
核心部件,显示器,97
核心部件,电极阵列,89
核心部件,控制器,81
核心部件,脑机接口,46
核心部件,控制单元,44
核心部件,存储器,44
核心部件,系统,40
核心部件,控制模块,39
核心部件,刺激单元,37
核心部件,刺激电极,36
核心部件,计算设备,30
核心部件,计算机,28
核心部件,多个电极,26
核心部件,干电极,25
核心部件,可植入脉冲发生器,23
核心部件,导线,23
核心部件,脉冲发生器,22
核心部件,电子设备,21
核心部件,处理单元,20
核心部件,第一电极,19
核心部件,外壳,19
核心部件,eeg电极,19
核心部件,神经控制系统,18
核心部件,特征提取模块,18
核心部件,第二电极,17
核心部件,刺激源,17
核心部件,用户界面,17
核心部件,刺激器,17
核心部件,装置,16
核心部件,摄像头,16
核心部件,头戴式显示器,16
核心部件,数据库,16
核心部件,虚拟现实设备,16
核心部件,设备,15
核心部件,采集模块,15
核心部件,外部设备,15
核心部件,脑电图仪,15
核心部件,eeg传感器,15
核心部件,放大器,15
核心部件,eeg设备,15
核心部件,引线,14
核心部件,测量电路,14
核心部件,反馈模块,14
核心部件,神经信号捕获设备,14
核心部件,耳机,14
核心部件,远程服务器,14
核心部件,壳体,13
核心部件,神经刺激器,13
核心部件,输出设备,13
核心部件,接口,13
核心部件,第一电极阵列,13
核心部件,脑电采集模块,13
核心部件,图形用户界面,13
核心部件,输入单元,13
核心部件,连接器,12
核心部件,刺激模块,12
核心部件,微电极阵列,12
核心部件,神经网络,12
核心部件,机器学习模型,12
核心部件,脑机接口设备,12
核心部件,脑电图传感器,12
核心部件,模数转换器,12
核心部件,电缆,11
核心部件,神经刺激系统,11
核心部件,测量单元,11
核心部件,可植入装置,11
核心部件,探针,11
核心部件,电路,11
核心部件,刺激装置,11
核心部件,信号处理模块,11
核心部件,第一血管内载体,11
核心部件,神经调节单元,11
核心部件,第二血管内载体,11
核心部件,第二电极阵列,11
核心部件,脑电极,11
核心部件,存储介质,11
核心部件,脑电信号采集模块,11
核心部件,微针电极,11
核心部件,生物信号传感器,11
核心部件,处理电路,10
核心部件,控制电路,10
核心部件,神经探针,10
核心部件,控制装置,10
核心部件,刺激发生器,10
核心部件,信号处理器,10
核心部件,电极装置,10
核心部件,导体,10
核心部件,载体,10
核心部件,电极位点,10
核心部件,电极线,10
核心部件,弹簧,10
核心部件,参考电极,10
核心部件,显示设备,10
核心部件,预处理模块,10
核心部件,分类器,10
核心部件,输出部分,10
核心部件,物理对象,10
核心部件,第一引线,9
核心部件,电极触点,9
核心部件,感测装置,9
核心部件,可植入电极阵列,9
核心部件,信号采集模块,9
核心部件,神经事件检测装置,9
核心部件,数据处理单元,9
核心部件,头盔,9
核心部件,数据收集机制,9
核心部件,软电子器件,9
核心部件,脑电图设备,9
核心部件,脑电波传感器,9
核心部件,数据处理模块,9
核心部件,电极组件,8
核心部件,感测单元,8
核心部件,电源,8
核心部件,微电极元件,8
核心部件,柔性电极阵列,8
核心部件,处理设备,8
核心部件,刺激设备,8
核心部件,第二设备,8
核心部件,柔性电极,8
核心部件,显示单元,8
核心部件,光纤,8
核心部件,神经调节剂,8
核心部件,信号调节装置,8
核心部件,接地电极,8
核心部件,视觉刺激提供模块,8
核心部件,脑电图(eeg)传感器,8
核心部件,时钟模块,8
核心部件,vr设备,8
核心部件,显示隔离器,8
核心部件,输出单元,8
核心部件,支撑构件,7
核心部件,电引线,7
核心部件,神经调节器,7
核心部件,颅内(ic)刺激电极,7
核心部件,感测组件,7
核心部件,脉冲系统,7
核心部件,附件,7
核心部件,控制和分析单元,7
核心部件,记录电极,7
核心部件,外部刺激器,7
核心部件,微电极,7
核心部件,触点,7
核心部件,电接口,7
核心部件,刺激系统,7
核心部件,可植入神经刺激器装置,7
核心部件,第一设备,7
核心部件,上位机,7
核心部件,扬声器,7
核心部件,脑电图电极,7
核心部件,反馈元素,7
核心部件,计算机设备,7
核心部件,脑电图测量单元,7
核心部件,处理资源,7
核心部件,电极帽,7
核心部件,处理装置,7
核心部件,视觉显示设备,7
核心部件,声音设备,7
核心部件,触觉设备,7
核心部件,生物信号测量部分,7
核心部件,脑电信号采集设备,7
核心部件,虚拟现实系统,7
核心部件,生物信号检测模块,7
核心部件,头部,6
核心部件,方法,6
核心部件,微电极阵列装置,6
核心部件,主机,6
核心部件,可植入电极,6
核心部件,存储单元,6
核心部件,植入电极阵列,6
核心部件,神经通路,6
核心部件,导电层,6
核心部件,通道,6
核心部件,软件,6
核心部件,多个微电极元件,6
核心部件,第二引线,6
核心部件,电子电路,6
核心部件,第一绝缘层,6
核心部件,第二绝缘层,6
核心部件,颅骨/脑接口,6
核心部件,线圈,6
核心部件,化学接口,6
核心部件,加速度计,6
核心部件,支撑结构,6
核心部件,模数转换模块,6
核心部件,信号处理单元,6
核心部件,测量电极,6
核心部件,经颅电刺激系统,6
核心部件,主体,6
核心部件,eeg头戴设备,6
核心部件,数据采集模块,6
核心部件,照相机,6
核心部件,非暂时性计算机可读介质,6
核心部件,云服务器,6
核心部件,计算机可读存储介质,6
核心部件,神经接口,6
核心部件,可穿戴设备,6
核心部件,eeg耳机,6
核心部件,电极底座,6
核心部件,图形用户界面gui,6
核心部件,虚拟现实(vr)设备,6
核心部件,改进分类器,6
核心部件,服务器,6
核心部件,通信网络,6
核心部件,数据预处理模块,6
核心部件,mri设备,6
核心部件,信号处理装置,6
核心部件,颅内电极,5
核心部件,场电极,5
核心部件,致动器,5
核心部件,可植入医疗装置,5
核心部件,信号处理电路,5
核心部件,刺激控制电路,5
核心部件,感测输入,5
核心部件,选择电路,5
核心部件,刺激组件,5
核心部件,治疗电极,5
核心部件,深度电极,5
核心部件,刺激触点,5
核心部件,信号引线,5
核心部件,记录阵列,5
核心部件,天线,5
核心部件,信号发生器,5
核心部件,通信单元,5
核心部件,计算模块,5
核心部件,接收器,5
核心部件,滤波器,5
核心部件,电极单元,5
核心部件,细长探针轴,5
核心部件,可植入脉冲发生器(ipg),5
核心部件,基板,5
核心部件,柔性电路电极阵列,5
核心部件,光源,5
核心部件,植入装置,5
核心部件,孔,5
核心部件,信号处理设备,5
核心部件,多电极阵列,5
核心部件,颅内神经接口节点,5
核心部件,柔性基板,5
核心部件,传感器系统,5
核心部件,可植入神经刺激器系统,5
核心部件,可植入传感器设备,5
核心部件,外部处理设备,5
核心部件,可植入引线组件,5
核心部件,可植入发射器,5
核心部件,电极体,5
核心部件,特征提取单元,5
核心部件,分类单元,5
核心部件,脑电采集装置,5
核心部件,数据收发单元,5
核心部件,通信接口,5
核心部件,神经活动传感器阵列,5
核心部件,电磁场发生器,5
核心部件,控制部,5
核心部件,预处理单元,5
核心部件,无线设备,5
核心部件,数据清理器机制,5
核心部件,相机,5
核心部件,脑电图(eeg)系统,5
核心部件,客户端计算设备,5
核心部件,脑电采集设备,5
核心部件,位置/运动检测系统,5
核心部件,护目镜,5
核心部件,无线发射器,5
核心部件,脑接口系统,5
核心部件,触觉反馈设备,5
核心部件,数据收集装置,5
核心部件,定制软件,5
核心部件,生物体信号测量部,5
核心部件,eeg数据采集设备,5
核心部件,磁共振成像系统,5
核心部件,计算系统,5
核心部件,柔性支撑构件,4
核心部件,第一电极组件,4
核心部件,第二组触点,4
核心部件,至少一个电极,4
核心部件,医疗系统,4
核心部件,神经刺激装置,4
核心部件,感测电路,4
核心部件,感测电极,4
核心部件,电极引线,4
核心部件,神经刺激设备,4
核心部件,个人计算设备,4
核心部件,可植入多模式神经刺激器,4
核心部件,输出模块,4
核心部件,刺激元件,4
核心部件,刺激输出电路,4
核心部件,放大器电路,4
核心部件,电刺激系统,4
核心部件,无线通信模块,4
核心部件,底板,4
核心部件,控制器模块,4
核心部件,光学传感器,4
核心部件,导电迹线,4
核心部件,电子子系统,4
核心部件,柔性外壳,4
核心部件,端子,4
核心部件,电导体,4
核心部件,电极组合,4
核心部件,支撑背衬层,4
核心部件,神经学探针,4
核心部件,标称刺激电极,4
核心部件,标称记录电极,4
核心部件,电刺激器,4
核心部件,高值电容器,4
核心部件,迷走神经刺激引线,4
核心部件,状态转换控制单元,4
核心部件,模具,4
核心部件,轴部,4
核心部件,神经模型,4
核心部件,封装,4
核心部件,外部控制器,4
核心部件,电触点,4
核心部件,支撑件,4
核心部件,连接装置,4
核心部件,数据处理器,4
核心部件,用户接口,4
核心部件,电池,4
核心部件,电极片,4
核心部件,发射器,4
核心部件,导线层,4
核心部件,电极部分,4
核心部件,固定结构,4
核心部件,脑电图采集模块,4
核心部件,用户终端,4
核心部件,深度学习模型,4
核心部件,分析单元,4
核心部件,夹具,4
核心部件,植入的电信号发生器,4
核心部件,框架,4
核心部件,记忆增强干预系统,4
核心部件,中央处理单元,4
核心部件,脑机接口(bci),4
核心部件,运动传感器,4
核心部件,放大电路,4
核心部件,数据分析器,4
核心部件,导电电极基部,4
核心部件,导电接触构件,4
核心部件,弹性导电分支,4
核心部件,梳状电极,4
核心部件,脑电设备,4
核心部件,神经反应测量模块,4
核心部件,数据分析模块,4
核心部件,人工神经网络,4
核心部件,个人计算机,4
核心部件,电动轮椅,4
核心部件,脑电图系统,4
核心部件,视觉系统,4
核心部件,低通或带通滤波器,4
核心部件,颜色处理器,4
核心部件,眼动仪,4
核心部件,脑电活动感测系统,4
核心部件,平视显示器,4
核心部件,头戴式耳机,4
核心部件,导电织物,4
核心部件,用于呈现视觉刺激的装置,4
核心部件,至少一个棱镜,4
核心部件,神经信号捕获装置,4
核心部件,监视器,4
核心部件,采集装置,4
核心部件,麦克风,4
核心部件,生物信号测量单元,4
核心部件,干电极单元,4
核心部件,弹性支撑元件,4
核心部件,电极单元固定元件,4
核心部件,脑电帽,4
核心部件,可控设备,4
核心部件,个人设备,4
核心部件,计算推理模型,4
核心部件,可穿戴计算设备,4
核心部件,虚拟景观,4
核心部件,生物反馈传感器,4
核心部件,多感官呈现设备,4
核心部件,无线软头皮电子系统,4
核心部件,电生理传感器,4
核心部件,发光设备,4
核心部件,音频产生设备,4
核心部件,软件应用,4
核心部件,神经学数据收集器,4
核心部件,预测器,4
核心部件,内容修改器,4
核心部件,本体,4
核心部件,分析模块,4
核心部件,附加电极设备,4
核心部件,智能数据解释组件,4
核心部件,服务器端,4
核心部件,协议生成单元,4
核心部件,确定部分,4
核心部件,井,4
核心部件,电解液,4
核心部件,包装系统,4
核心部件,多个传感器,4
核心部件,数据处理装置,4
核心部件,头带,4
核心部件,脑电信号预处理模块,4
核心部件,前额垫,4
核心部件,基带组件,4
核心部件,eeg电极定位器,4
核心部件,枕骨定位器装置,4
核心部件,柱塞组件,4
核心部件,脑电图(eeg)放大器,4
核心部件,脑电图测量部分,4
核心部件,隔离层,4
核心部件,套筒,4
核心部件,触觉输出设备,4
核心部件,微控制器,4
核心部件,脑电波处理部,4
核心部件,电脉冲,3
核心部件,刺激部位,3
核心部件,脑,3
核心部件,第一组触点,3
核心部件,轴,3
核心部件,远端接触表面,3
核心部件,螺纹,3
核心部件,可扩张电极,3
核心部件,刺激电路,3
核心部件,检测电路,3
核心部件,分析电路,3
核心部件,可植入刺激器,3
核心部件,桨叶,3
核心部件,板,3
核心部件,细长且不导电的基底材料,3
核心部件,细长的第一中心参考电极,3
核心部件,多个第一电极,3
核心部件,插入器,3
核心部件,自含的可植入装置,3
核心部件,颅骨/脑界面,3
核心部件,检测子系统,3
核心部件,治疗子系统,3
核心部件,神经刺激引线,3
核心部件,迷走神经,3
核心部件,可植入电刺激引线,3
核心部件,无线收发器,3
核心部件,细长构件,3
核心部件,环形刺激电极,3
核心部件,柔性元件,3
核心部件,计算机可操作介质,3
核心部件,脑调制系统(bms),3
核心部件,电刺激控制装置,3
核心部件,电极头,3
核心部件,传感器装置,3
核心部件,电源模块,3
核心部件,微处理器,3
核心部件,电极部件,3
核心部件,神经传感器,3
核心部件,多电极接触电极阵列,3
核心部件,电刺激发生器,3
核心部件,套管,3
核心部件,亲水层,3
核心部件,功率模块,3
核心部件,电附接系统,3
核心部件,机械附接系统,3
核心部件,头戴组件,3
核心部件,接触元件,3
核心部件,凹槽,3
核心部件,第一多个电极,3
核心部件,第二多个电极,3
核心部件,植入电极,3
核心部件,绝缘材料,3
核心部件,监测电路,3
核心部件,多路复用多电极组件,3
核心部件,附属电极结构,3
核心部件,非侵入性刺激单元,3
核心部件,柔性导丝,3
核心部件,金属互连线,3
核心部件,牵引线,3
核心部件,检测部,3
核心部件,电极刺激触点,3
核心部件,绝缘层,3
核心部件,电极连接器,3
核心部件,植入式电极,3
核心部件,刺激引线,3
核心部件,磁体,3
核心部件,可充电电池,3
核心部件,神经调节装置,3
核心部件,衬底,3
核心部件,电极层,3
核心部件,参数优化模块,3
核心部件,计算机系统,3
核心部件,电极硅胶体,3
核心部件,被动释放药物涂层,3
核心部件,多个电极刺激触点,3
核心部件,主动释放药物涂层,3
核心部件,柔性基底,3
核心部件,接收天线,3
核心部件,导电触点,3
核心部件,电接触部分,3
核心部件,螺栓形外壳,3
核心部件,工具接合头,3
核心部件,电装置,3
核心部件,可植入实施例,3
核心部件,非侵入性实施例,3
核心部件,信号输入电路,3
核心部件,外部传感器,3
核心部件,用于施加神经调节的装置,3
核心部件,实时监测组件,3
核心部件,电子电路模块,3
核心部件,能量收集装置,3
核心部件,基站计算机,3
核心部件,刺激阵列,3
核心部件,印刷电路板(pcb),3
核心部件,第二焊盘,3
核心部件,多个连接器,3
核心部件,环氧树脂,3
核心部件,个人控制器设备,3
核心部件,刺激器装置,3
核心部件,可植入刺激器装置,3
核心部件,支架本体,3
核心部件,外部装置,3
核心部件,感觉刺激模块,3
核心部件,电信号发生器,3
核心部件,电极载体,3
核心部件,植入部分,3
核心部件,通孔,3
核心部件,显示屏,3
核心部件,用户输入设备,3
核心部件,电极焊盘,3
核心部件,单元化颅内电极阵列,3
核心部件,参比电极,3
核心部件,采集组件,3
核心部件,脑信号测量单元,3
核心部件,第一通信路径,3
核心部件,第二通信路径,3
核心部件,语音解码应用程序,3
核心部件,便携式脑电采集设备,3
核心部件,脑电信号采集元件,3
核心部件,终端,3
核心部件,信号分析模块,3
核心部件,迷走神经刺激模块,3
核心部件,电刺激模块,3
核心部件,多导联刺激电极,3
核心部件,脑电信号采集装置,3
核心部件,有源电极,3
核心部件,神经设备,3
核心部件,凸缘,3
核心部件,脑刺激单元,3
核心部件,高密度多通道微线电极阵列,3
核心部件,导电电极,3
核心部件,led光源,3
核心部件,脑电波测量单元,3
核心部件,液晶显示器,3
核心部件,电气控制电路,3
核心部件,便携式脑电图(eeg)耳机,3
核心部件,有源干电极,3
核心部件,基部,3
核心部件,基座,3
核心部件,脑活动传感器,3
核心部件,帽,3
核心部件,同步器,3
核心部件,计算器,3
核心部件,输入部分,3
核心部件,电磁屏蔽,3
核心部件,可拉伸的弹性帽,3
核心部件,软橡胶电极夹持器,3
核心部件,导电记录电极,3
核心部件,导电铅导线,3
核心部件,眼动追踪模块,3
核心部件,a/d转换器,3
核心部件,脑电图(eeg)设备,3
核心部件,客户端设备,3
核心部件,squid传感器,3
核心部件,可佩戴计算设备,3
核心部件,脑电图传感器装置,3
核心部件,控制部分,3
核心部件,加速度传感器,3
核心部件,光信号调制器,3
核心部件,第一传感器,3
核心部件,计算处理器,3
核心部件,内容分析单元,3
核心部件,知识库,3
核心部件,多模态数据获取模块,3
核心部件,线性判别分类器,3
核心部件,eeg信号采集模块,3
核心部件,视频片段播放器,3
核心部件,信号采集单元,3
核心部件,头部安装装置,3
核心部件,图像捕获装置,3
核心部件,远程显示和/或计算装置,3
核心部件,分析器,3
核心部件,金属探针,3
核心部件,信号分析处理模块,3
核心部件,脑-计算机接口,3
核心部件,刺激呈现模块,3
核心部件,电发射器,3
核心部件,带,3
核心部件,可控致动器,3
核心部件,皮肤电导传感器,3
核心部件,渲染设备,3
核心部件,生物信号测量部,3
核心部件,输出部,3
核心部件,生成式ai引擎,3
核心部件,主控单元,3
核心部件,眼睛跟踪器,3
核心部件,双核嵌入式处理器,3
核心部件,eeg数据采集系统,3
核心部件,用户端,3
核心部件,命令确定单元,3
核心部件,评估单元,3
核心部件,评估设备,3
核心部件,神经响应测量模块,3
核心部件,电线,3
核心部件,导电海绵,3
核心部件,合成分支,3
核心部件,eeg采集装置,3
核心部件,特征融合模块,3
核心部件,生物传感器,3
核心部件,云端服务器,3
核心部件,控制系统,3
核心部件,脑电活动传感器,3
核心部件,权重调整模块,3
核心部件,数字设备,3
核心部件,脑计算机接口,3
核心部件,一个或多个处理器,3
核心部件,eeg信号采集装置,3
核心部件,移动终端,3
核心部件,脑电图分析单元,3
核心部件,头皮电极,3
核心部件,音频警报,3
核心部件,视频警报,3
核心部件,金属电极,3
核心部件,数据输入工具,3
核心部件,处理器工具,3
核心部件,脑电图(eeg)记录单元,3
核心部件,硬件,3
核心部件,状态组件,3
核心部件,选择组件,3
核心部件,呈现组件,3
核心部件,数据传输模块,3
核心部件,光电体积描记(ppg)传感器,3
核心部件,虚拟现实显示设备,3
核心部件,虚拟现实呈现设备,3
核心部件,中央处理单元(cpu),3
核心部件,电源单元(psu),3
核心部件,随机存取存储器(ram),3
核心部件,硬盘驱动器(hdd),3
核心部件,生理记录电极,3
核心部件,表面特征或穿透器,3
核心部件,电极保持装置,3
核心部件,声换能器,3
核心部件,光电传感器,3
核心部件,神经脑反应监测装置,3
核心部件,abm系统,3
核心部件,生理指标监测设备,3
核心部件,虚拟现实模块,3
核心部件,中控端管理系统,3
核心部件,人工智能主场景控制系统,3
核心部件,生理数据采集管理系统,3
核心部件,大数据管理存储系统,3
核心部件,虚拟现实显示模块,3
核心部件,主控模块,3
核心部件,帽体,3
核心部件,eeg装置,3
核心部件,脑波测量部分,3
核心部件,功能控制部分,3
核心部件,刺激呈现系统,3
核心部件,用户计算设备,3
核心部件,脑电信号采集系统,3
核心部件,视觉刺激测试分析系统,3
核心部件,64导联脑电帽,3
核心部件,无线eeg/erp放大器,3
核心部件,受试笔记本电脑,3
核心部件,智能同步中心,3
核心部件,刺激同步器,3
核心部件,降噪处理模块,3
核心部件,分类识别模块,3
核心部件,相关单元,3
核心部件,导电元件,2
核心部件,刺激接口,2
核心部件,监控接口,2
核心部件,监控装置,2
核心部件,电极组,2
核心部件,迹线,2
核心部件,时序控制器,2
核心部件,关节电极组件,2
核心部件,电极或电触点阵列,2
核心部件,阵列开关,2
核心部件,电极阵列模块,2
核心部件,细长的探头轴,2
核心部件,可植入支撑构件,2
核心部件,计算机程序,2
核心部件,细长引线,2
核心部件,机器学习专家系统,2
核心部件,决策树,2
核心部件,电刺激引线,2
核心部件,音频输出设备,2
核心部件,视频输出设备,2
核心部件,刺激信号发生器,2
核心部件,检测单元,2
核心部件,脉冲产生模块,2
核心部件,电压检测电路,2
核心部件,电压比较电路,2
核心部件,输出控制电路,2
核心部件,电源电路,2
核心部件,记录装置,2
核心部件,电-导管,2
核心部件,可植入电感器,2
核心部件,电子器件,2
核心部件,感测输入电路,2
核心部件,开关电路,2
核心部件,周围神经电极阵列,2
核心部件,第一对电极,2
核心部件,第二对电极,2
核心部件,第三对电极,2
核心部件,多通道脉冲发生器,2
核心部件,平台,2
核心部件,基础设施,2
核心部件,电极元件,2
核心部件,有效电极,2
核心部件,密封外壳,2
核心部件,接口板,2
核心部件,第一列电极,2
核心部件,第二列电极,2
核心部件,接触连接终端,2
核心部件,柔性带状电极,2
核心部件,触点阵列,2
核心部件,链路,2
核心部件,定时控制,2
核心部件,编程器,2
核心部件,外部再充电器,2
核心部件,刺激-接收器装置,2
核心部件,旋钮,2
核心部件,通信模块,2
核心部件,中枢神经系统,2
核心部件,发射机,2
核心部件,记录介质,2
核心部件,提取器,2
核心部件,表面电极,2
核心部件,神经内电极,2
核心部件,基底,2
核心部件,仿颅骨部件,2
核心部件,顶板,2
核心部件,嵌入槽,2
核心部件,顶柱,2
核心部件,电场发生部件,2
核心部件,可植入连接器,2
核心部件,气密馈通,2
核心部件,馈通销,2
核心部件,凸轮致动的夹紧盖,2
核心部件,盖,2
核心部件,响应提取器,2
核心部件,焊盘,2
核心部件,管状侧壁,2
核心部件,可变形段,2
核心部件,闭环系统,2
核心部件,可植入控制单元,2
核心部件,集成电路,2
核心部件,电容器,2
核心部件,反向散射负载,2
核心部件,多个开关,2
核心部件,电极系统,2
核心部件,储存器,2
核心部件,可植入神经刺激器,2
核心部件,压电器件,2
核心部件,整流电路,2
核心部件,sm掺杂pmn-pt压电单晶块材,2
核心部件,脑网络模型,2
核心部件,密封集成电路控制器,2
核心部件,柔性电极体,2
核心部件,突出轴,2
核心部件,绝缘聚对二甲苯-c层,2
核心部件,转向尖端,2
核心部件,医疗设备,2
核心部件,深层刺入电极部分,2
核心部件,表层平面电极部分,2
核心部件,深层记录电极点,2
核心部件,微型led芯片,2
核心部件,皮层记录电极点,2
核心部件,反馈控制器,2
核心部件,第一电极矩阵,2
核心部件,第二电极矩阵,2
核心部件,转换模块,2
核心部件,传输部,2
核心部件,可再充电电池,2
核心部件,可植入刺激引线,2
核心部件,程控器,2
核心部件,脉冲收发器,2
核心部件,路由器,2
核心部件,外部部件,2
核心部件,植入式刺激接收器,2
核心部件,刺激接收器,2
核心部件,刺激控制器,2
核心部件,tms刺激装置,2
核心部件,基底层,2
核心部件,可植入体,2
核心部件,第一细长体,2
核心部件,第一电极触点,2
核心部件,第二电极触点,2
核心部件,收发器,2
核心部件,微刺激器,2
核心部件,组合可植入装置,2
核心部件,拉普拉斯电极,2
核心部件,单点电极,2
核心部件,导电引线,2
核心部件,脑电控制器,2
核心部件,电脑集成器,2
核心部件,生物反馈康复仪,2
核心部件,植入刺激接收器,2
核心部件,滤波电路,2
核心部件,编码模块,2
核心部件,聚合物基层,2
核心部件,金属迹线,2
核心部件,聚合物顶层,2
核心部件,聚合物材料,2
核心部件,脉冲发生电路,2
核心部件,微电极阵列芯片,2
核心部件,微电极阵列管理模块,2
核心部件,多通道信号处理模块,2
核心部件,自校准反馈模块,2
核心部件,控制指令生成模块,2
核心部件,输出调节模块,2
核心部件,柔性低磁化率导电水凝胶层,2
核心部件,柔性微丝电极,2
核心部件,绝缘介质,2
核心部件,凸起,2
核心部件,电容,2
核心部件,信号处理芯片,2
核心部件,基准标记,2
核心部件,电极推进装置,2
核心部件,固定套管,2
核心部件,活动推杆,2
核心部件,电极压头,2
核心部件,电极推头,2
核心部件,多个电极位点,2
核心部件,脑电电极阵列,2
核心部件,微型麦克风阵列,2
核心部件,存储,2
核心部件,生物相容性介电基板,2
核心部件,导电互连器,2
核心部件,接收装置,2
核心部件,发射装置,2
核心部件,生物相容性介电基底,2
核心部件,可植入电极组件,2
核心部件,绝缘导管,2
核心部件,内腔,2
核心部件,微装置,2
核心部件,信号/流体发射器/接收器,2
核心部件,颅骨中的孔,2
核心部件,可植入颅骨中的通道装置,2
核心部件,柔性支撑层,2
核心部件,电极金属层,2
核心部件,封装层,2
核心部件,电极触点阵列区域,2
核心部件,焊盘区域,2
核心部件,导电线,2
核心部件,植入部,2
核心部件,图形呈现模块,2
核心部件,选择模块,2
核心部件,集成电路装置,2
核心部件,脉冲发生模块,2
核心部件,电导管,2
核心部件,内部电路,2
核心部件,调节装置,2
核心部件,信号输出电路,2
核心部件,输入端,2
核心部件,颅骨替代支撑组件,2
核心部件,多模联运的颅上实验室,2
核心部件,中央片上系统,2
核心部件,开口,2
核心部件,经颅通道,2
核心部件,圆柱形传感器设备,2
核心部件,皮下中继器,2
核心部件,外部佩戴设备,2
核心部件,可植入的颅内神经接口节点,2
核心部件,柔性神经探针,2
核心部件,第一焊盘,2
核心部件,插入件,2
核心部件,感测微电极,2
核心部件,处理器组件,2
核心部件,经皮附接装置,2
核心部件,第一层,2
核心部件,第二层,2
核心部件,可植入设备,2
核心部件,临床医生编程器设备,2
核心部件,电刺激设备,2
核心部件,支架,2
核心部件,外部线圈,2
核心部件,互连器,2
核心部件,狭窄支撑部,2
核心部件,信号采集部,2
核心部件,功能刺激组件,2
核心部件,导管,2
核心部件,tms装置,2
核心部件,弯曲控制元件,2
核心部件,微控制器单元,2
核心部件,固定元件,2
核心部件,低阻抗电极阵列,2
核心部件,硬膜外引线,2
核心部件,高级脊髓刺激(scs)电极,2
核心部件,小型化电池组,2
核心部件,训练外设,2
核心部件,神经刺激器装置,2
核心部件,eeg记录仪,2
核心部件,多触点电极,2
核心部件,深脑刺激单元,2
核心部件,脑深部场电位感知单元,2
核心部件,脊髓刺激单元,2
核心部件,诱发电位感知单元,2
核心部件,控制决策单元,2
核心部件,深脑电极,2
核心部件,脊髓电极,2
核心部件,腰骶部电极,2
核心部件,接驳引线,2
核心部件,射频传输单元,2
核心部件,无线充电及电源管理单元,2
核心部件,低轮廓微丝,2
核心部件,多通道神经植入物,2
核心部件,编程装置,2
核心部件,共形电极阵列,2
核心部件,治疗设备,2
核心部件,导体连接点,2
核心部件,载体材料,2
核心部件,电极端子,2
核心部件,刺激丝,2
核心部件,采集丝,2
核心部件,定型剂,2
核心部件,脊髓刺激器,2
核心部件,神经记录装置,2
核心部件,恒流刺激模块,2
核心部件,电极端口,2
核心部件,神经信号电极,2
核心部件,固定增益放大模块,2
核心部件,动作电位增益放大模块,2
核心部件,局部场电位增益放大模块,2
核心部件,多路选择模块,2
核心部件,数字控制模块,2
核心部件,临时探针电极,2
核心部件,多尺度残差网络,2
核心部件,特征节点提取网络,2
核心部件,增强节点提取网络,2
核心部件,预测网络,2
核心部件,感测或刺激单元,2
核心部件,fnirs设备,2
核心部件,传感器阵列,2
核心部件,电刺激仪,2
核心部件,局部特征提取模块,2
核心部件,k阶有向动态升阶学习模块,2
核心部件,图学习模块,2
核心部件,处理组件,2
核心部件,神经肌肉电刺激设备,2
核心部件,迷走神经刺激耳夹,2
核心部件,分类模块,2
核心部件,外部编程器,2
核心部件,脑-机接口控制装置,2
核心部件,功能电刺激信号发生器,2
核心部件,视频组,2
核心部件,脑电匹配模型,2
核心部件,采集电极,2
核心部件,训练子系统,2
核心部件,应用子系统,2
核心部件,颅骨,2
核心部件,神经刺激-肌电图记录部件,2
核心部件,聚偏氟乙烯滤膜,2
核心部件,pdms绝缘层,2
核心部件,pdms基底层,2
核心部件,pdms封装层,2
核心部件,行引线导电层,2
核心部件,列引线导电层,2
核心部件,薄膜皮层表面电极,2
核心部件,内部支撑梳,2
核心部件,微电极膜,2
核心部件,公共导体,2
核心部件,记录接触面,2
核心部件,刺激接触面,2
核心部件,发射器阵列,2
核心部件,植入模块,2
核心部件,颅内刺激电极,2
核心部件,电极位置,2
核心部件,多个颅内电极,2
核心部件,接触部分,2
核心部件,脑电采集终端,2
核心部件,经颅交流电刺激系统,2
核心部件,频率提取模块,2
核心部件,第一分段电极,2
核心部件,第二分段电极,2
核心部件,第一锚定机构,2
核心部件,第二锚定机构,2
核心部件,细长载体,2
核心部件,多点位脑深部刺激电极,2
核心部件,电极桨,2
核心部件,可充电电源,2
核心部件,公共衬底,2
核心部件,电极尖端,2
核心部件,微通道,2
核心部件,尖端管心针,2
核心部件,芯片,2
核心部件,行和列选择线,2
核心部件,开关,2
核心部件,多路复用器,2
核心部件,多通道电极,2
核心部件,神经信号测量单元,2
核心部件,神经递质信号分析部,2
核心部件,神经信号记录部分,2
核心部件,闭环控制模块,2
核心部件,能量源,2
核心部件,经颅直流电刺激设备,2
核心部件,起搏器,2
核心部件,第一采集单元,2
核心部件,第一刺激单元,2
核心部件,第二采集单元,2
核心部件,第二刺激单元,2
核心部件,访问模块,2
核心部件,闭环反馈系统,2
核心部件,测量终端,2
核心部件,管理服务器,2
核心部件,脑波测量单元,2
核心部件,机器学习模块,2
核心部件,虚拟现实或增强现实模块,2
核心部件,对抗生成网络,2
核心部件,cnn模型,2
核心部件,adaboost模块基学习器,2
核心部件,确定单元,2
核心部件,tms设备,2
核心部件,商店监视器,2
核心部件,广告牌,2
核心部件,电极模块,2
核心部件,腿,2
核心部件,导电材料,2
核心部件,视觉刺激显示模块,2
核心部件,神经信号测量模块,2
核心部件,电极本体,2
核心部件,弹性装置,2
核心部件,细长元件,2
核心部件,视觉刺激,2
核心部件,脑信号检测设备,2
核心部件,脑电图模块,2
核心部件,存储部分,2
核心部件,导电垫,2
核心部件,模型训练模块,2
核心部件,可视化模块,2
核心部件,电连接器,2
核心部件,数字计算机工作站,2
核心部件,数字计算机,2
核心部件,计算装置,2
核心部件,头皮脑电极,2
核心部件,电极区,2
核心部件,外部衬底,2
核心部件,硬盘驱动器,2
核心部件,透明显示器,2
核心部件,eeg帽,2
核心部件,可佩戴eeg耳机,2
核心部件,3d抬头显示器,2
核心部件,eeg、fnirs联合同步信号采集头帽,2
核心部件,wifi发射/接收模块,2
核心部件,脑电信号、近红外信号处理模块,2
核心部件,errp检测模块,2
核心部件,控制输出模块,2
核心部件,情绪检测模型,2
核心部件,乘积检测器,2
核心部件,脑电图头戴式设备,2
核心部件,调制器,2
核心部件,眼动追踪设备,2
核心部件,分析平台,2
核心部件,闪烁控制器,2
核心部件,频率检测器,2
核心部件,形状分析单元,2
核心部件,结果输出单元,2
核心部件,显示控制器模块,2
核心部件,信号输入部,2
核心部件,第一显示处理器,2
核心部件,第二显示处理器,2
核心部件,第三显示处理器,2
核心部件,指示符,2
核心部件,脑电图测量装置,2
核心部件,摄像机,2
核心部件,产品,2
核心部件,发射元件组,2
核心部件,传感器组,2
核心部件,接收设备,2
核心部件,第二传感器,2
核心部件,视觉信息取得部,2
核心部件,脑信号取得部,2
核心部件,捕获设备,2
核心部件,数据存储设备,2
核心部件,数据捕获系统,2
核心部件,虚拟现实引擎,2
核心部件,治疗引擎,2
核心部件,计算机可读有形存储设备,2
核心部件,计算机视觉程序,2
核心部件,特征-事件合并模块,2
核心部件,近似器模块,2
核心部件,critic模型,2
核心部件,电脑主机,2
核心部件,显示装置,2
核心部件,单词提示控制部,2
核心部件,监视器屏幕,2
核心部件,诊断模型,2
核心部件,视频采集模块,2
核心部件,音频播放模块,2
核心部件,智能设备,2
核心部件,耳周电极,2
核心部件,集成单元,2
核心部件,反馈装置,2
核心部件,手部康复设备,2
核心部件,运动信号卷积神经网络模型,2
核心部件,脑电图处理单元,2
核心部件,深度卷积神经网络模型,2
核心部件,全连接层响应模型,2
核心部件,fmri-image映射模型,2
核心部件,预训练的语言映射模型,2
核心部件,跨模态特征融合模型,2
核心部件,共振估计器,2
核心部件,双层电路板,2
核心部件,电极探头元件,2
核心部件,电极基底元件,2
核心部件,电极位移限定元件,2
核心部件,安装单元,2
核心部件,旋转连接单元,2
核心部件,弹性件,2
核心部件,弹性支撑体,2
核心部件,导电连接部,2
核心部件,电子器件壳体,2
核心部件,锥形尖端,2
核心部件,至少一个处理器,2
核心部件,信号传输模块,2
核心部件,云平台计算模块,2
核心部件,终端显示模块,2
核心部件,便携式干电极脑电采集模块,2
核心部件,虚实融合显示模块,2
核心部件,半干电极,2
核心部件,显示器隔离器,2
核心部件,基于微处理器的软件,2
核心部件,附接装置,2
核心部件,旋转封闭件,2
核心部件,可佩戴体,2
核心部件,音频输出模块,2
核心部件,传感器模块,2
核心部件,图像传感器,2
核心部件,电子模块,2
核心部件,扩展现实系统,2
核心部件,图像分类神经网络,2
核心部件,监测设备,2
核心部件,受控装置,2
核心部件,用户反应信息收集模块,2
核心部件,集成服务器,2
核心部件,可穿戴生物信号感测设备,2
核心部件,脑-机接口控制器,2
核心部件,脑电信号处理设备,2
核心部件,神经反馈指标获取模块,2
核心部件,沉浸式交互程序,2
核心部件,无线神经监测系统模块,2
核心部件,干式eeg电极,2
核心部件,低噪声前置放大器,2
核心部件,24位Σ-Δ模数转换器,2
核心部件,软件应用程序,2
核心部件,同步盒,2
核心部件,脑传导电极,2
核心部件,光产生装置,2
核心部件,音频产生装置,2
核心部件,触觉反馈装置,2
核心部件,用于监测用户注意力的装置,2
核心部件,脑电仪器,2
核心部件,眼动仪器,2
核心部件,分析主机,2
核心部件,智能终端设备,2
核心部件,动态显示系统,2
核心部件,化身生成单元,2
核心部件,虚拟形象控制单元,2
核心部件,信号预处理模块,2
核心部件,模拟单元,2
核心部件,信号检测部分,2
核心部件,注意力状态评估模型,2
核心部件,神经调控执行模块,2
核心部件,脑电图采集电极,2
核心部件,共享公共特征提取器,2
核心部件,非共享子特征提取器,2
核心部件,认知测试接口,2
核心部件,数据收集机构,2
核心部件,刺激材料,2
核心部件,反馈系统,2
核心部件,神经网络学习单元,2
核心部件,睡眠阶段处理器,2
核心部件,数据处理设备,2
核心部件,便携式设备,2
核心部件,调查表,2
核心部件,脑电图分支,2
核心部件,功能性近红外光谱分支,2
核心部件,中央控制监视器,2
核心部件,心电特征提取网络,2
核心部件,脑电特征提取网络,2
核心部件,下游神经网络,2
核心部件,数据收集电极,2
核心部件,eeg滤波器,2
核心部件,网络服务器,2
核心部件,卷积神经网络,2
核心部件,时间注意模块,2
核心部件,频谱残差模块,2
核心部件,深度监督模块,2
核心部件,用于构造特征估计模型的装置,2
核心部件,用于计算每个模块的特征值的装置,2
核心部件,用于确定定义模型的参数的装置,2
核心部件,用于计算每个模块的特征量的装置,2
核心部件,可穿戴传感器,2
核心部件,拾取设备,2
核心部件,编码器,2
核心部件,多层感知器网络,2
核心部件,数据采集设备,2
核心部件,预测模型,2
核心部件,多粒度音质模板编码的扩散网络,2
核心部件,多模式评估系统,2
核心部件,温度传感器,2
核心部件,语音记录模块,2
核心部件,脑电生物反馈仪,2
核心部件,电脑,2
核心部件,音频图像收集模块,2
核心部件,用户交互模块,2
核心部件,脑电波收集模块,2
核心部件,脑电扫描仪,2
核心部件,多模态特征融合模型,2
核心部件,情绪脑电分类模块,2
核心部件,情绪分类显示模块,2
核心部件,图神经网络解码模型,2
核心部件,感测系统,2
核心部件,视觉刺激系统,2
核心部件,单耳音频搏动组件,2
核心部件,光学led光夹带组件,2
核心部件,nir led光生物调节夹带组件,2
核心部件,执行设备,2
核心部件,刺激信号产生单元,2
核心部件,代理,2
核心部件,便携式eeg设备,2
核心部件,空间分布的传感器,2
核心部件,刺激相关基本数据存储模块,2
核心部件,刺激相关响应数据存储模块,2
核心部件,传输模块,2
核心部件,映射模块,2
核心部件,经颅交流电刺激模块,2
核心部件,脑振荡监测器,2
核心部件,定位带,2
核心部件,帽元件,2
核心部件,定位器带,2
核心部件,弹性可拉伸帽部分,2
核心部件,led阵列,2
核心部件,屏幕,2
核心部件,eeg通道,2
核心部件,信号采集终端,2
核心部件,中枢处理终端,2
核心部件,td-fnirs信号采集装置,2
核心部件,容积传导模型单元,2
核心部件,逆向溯源模型单元,2
核心部件,动态分析单元,2
核心部件,头盔主体,2
核心部件,深度传感器阵列,2
核心部件,rgbd传感器阵列,2
核心部件,主控芯片,2
核心部件,标记装置,2
核心部件,动作识别单元,2
核心部件,eeg测量单元,2
核心部件,多模态编码层,2
核心部件,多模态对齐层,2
核心部件,大语言模型层,2
核心部件,三维模型,2
核心部件,正向模型,2
核心部件,dcnn模型,2
核心部件,多模态数据采集框架,2
核心部件,多模态ai眼镜,2
核心部件,全连接层,2
核心部件,脑电eeg模块,2
核心部件,眼动模块,2
核心部件,fnirs模块,2
核心部件,边缘计算模块,2
核心部件,音频提取部分,2
核心部件,音素识别部分,2
核心部件,增益调整部分,2
核心部件,脑电波测量部,2
核心部件,控制感应部,2
核心部件,主控制部,2
核心部件,电联接件,2
核心部件,柔性基底层,2
核心部件,放大单元,2
核心部件,物理处理器,2
核心部件,计算机可读介质,2
核心部件,多通道脑电干电极装置,2
核心部件,头盔状曲面显示器,2
核心部件,可充电电池部件,2
核心部件,导电凝胶,2
核心部件,数据检测与预处理模块,2
核心部件,时空特征提取模块,2
核心部件,显示与反馈模块,2
核心部件,信号检测单元,2
核心部件,监视设备,2
核心部件,个性化游戏训练系统,2
核心部件,非侵入式脑刺激调制系统,2
核心部件,脑功能动态监控系统,2
核心部件,自适应多任务训练分配系统,2
核心部件,阈下刺激模块,2
核心部件,内容递送单元,2
核心部件,内容分析设备,2
核心部件,放大通道,2
核心部件,整合模块,2
核心部件,注意力检测相关脑区,2
核心部件,稳态视觉诱发相关脑区,2
核心部件,剩余区域,2
核心部件,信号放大器,2
核心部件,无线数据传输模块,2
核心部件,操作界面模块,2
核心部件,数据输入模块,2
核心部件,注意力检测模块,2
核心部件,智能轮椅控制模块,2
核心部件,指令判断模块,2
核心部件,注意状态分类模块,2
核心部件,注意状态反馈模块,2
核心部件,点电极,2
核心部件,时钟源,2
核心部件,时钟发射器,2
核心部件,模块化设备,2
核心部件,探针底座,2
核心部件,气囊,2
核心部件,脑机接口(bci)设备,2
核心部件,数据采集单元,2
核心部件,头戴式可穿戴设备,2
核心部件,脑电图电极帽,2
核心部件,针状电极,2
核心部件,弹性接头,2
核心部件,电导体传感器,2
核心部件,头部覆盖物,2
核心部件,海绵座,2
核心部件,储液器,2
核心部件,耳上支撑臂,2
核心部件,电源开关,2
核心部件,模拟输出,2
核心部件,电源输入,2
核心部件,输入装置,2
核心部件,输出装置,2
核心部件,生物信号捕捉和放大部件,2
核心部件,耳朵eeg电极,2
核心部件,可植入eeg电极,2
核心部件,传声器波束形成器,2
核心部件,脑电监测器,2
核心部件,头盔显示器,2
核心部件,输入部,2
核心部件,运动模拟器,2
核心部件,虚拟现实头显及脑电采集一体机,2
核心部件,认知增强训练与认知能力评估模块,2
核心部件,vr模块,2
核心部件,脑电采集单元,2
核心部件,近红外信号采集单元,2
核心部件,眼动采集单元,2
核心部件,训练评估单元,2
核心部件,温度计,2
核心部件,虚拟现实渲染设备,2
核心部件,操作柄,2
核心部件,微控制终端,2
核心部件,流量传感元件,2
核心部件,压力传感元件,2
核心部件,脑机接口客户端,2
核心部件,多通道通讯模块,2
核心部件,立体摄像机,2
核心部件,全息设备,2
核心部件,红外反射信号采集模块,2
核心部件,脑电波采集模块,2
核心部件,虚拟现实眼镜,2
核心部件,手部力行程采集模块,2
核心部件,脚部力行程采集模块,2
核心部件,力行程数据处理模块,2
核心部件,供电模块,2
核心部件,手部空间位置采集模块,2
核心部件,脚部空间位置采集模块,2
核心部件,空间运动数据处理模块,2
核心部件,虚拟现实头戴模块,2
核心部件,虚拟现实视听觉认知任务呈现模块,2
核心部件,感觉统合测试阶段单元,2
核心部件,感觉统合训练阶段单元,2
核心部件,虚拟现实场景生成模块,2
核心部件,眼动仪数据采集模块,2
核心部件,脑机接口数据采集模块,2
核心部件,数据分析处理模块,2
核心部件,认知障碍筛查模块,2
核心部件,基底元件,2
核心部件,探头元件,2
核心部件,保护层,2
核心部件,第一导电介质,2
核心部件,第二导电介质,2
核心部件,导电界面层,2
核心部件,连接件,2
核心部件,感应电极,2
核心部件,脑电波处理电路,2
核心部件,反馈单元,2
核心部件,插座,2
核心部件,生理传感器,2
核心部件,eeg获取单元,2
核心部件,执行器,2
核心部件,脑磁信号采集装置,2
核心部件,数据采集工作站,2
核心部件,实时分析工作站,2
核心部件,多模态刺激呈现装置,2
核心部件,外部受控设备,2
核心部件,主机平台,2
核心部件,可穿戴式成像终端,2
核心部件,光源驱动单元,2
核心部件,源-探阵列单元,2
核心部件,无线通信单元,2
核心部件,供电单元,2
核心部件,脑波传感器,2
核心部件,第一信号输入电路,2
核心部件,第一信号输出电路,2
核心部件,启动判断部分,2
核心部件,刺激注意判断部分,2
核心部件,超声换能器,2
核心部件,便携式超声控制台装置,2
核心部件,可穿戴引导设备,2
核心部件,测量部分,2
核心部件,提取部分,2
核心部件,估计部分,2
核心部件,中央刺激呈现部分,2
核心部件,周边刺激呈现部分,2
核心部件,阈值设定部分,2
核心部件,注意量确定部分,2
核心部件,负成分确定部分,2
核心部件,评估部分,2
核心部件,影像输出部,2
核心部件,听觉刺激排定部,2
核心部件,听觉刺激输出部,2
核心部件,呈现语音控制部分,2
核心部件,非侵入性脑接口系统,2
核心部件,脑电信号收集器,2
核心部件,低频振荡器,2
核心部件,压控振荡器,2
核心部件,固定带,2
核心部件,遮蔽部件,2
核心部件,脑内脑电测量电极,2
核心部件,低通滤波器,2
核心部件,脑机接口控制器,2
核心部件,呈现设备,2
核心部件,预测模块,2
核心部件,管理时段识别单元,2
核心部件,娱乐反馈控制单元,2
核心部件,音频助眠处理单元,2
核心部件,温度反馈调节单元,2
核心部件,睡眠管理记录单元,2
核心部件,脑波检测模块,2
核心部件,多头注意力融合模块,2
核心部件,时序特征生成模块,2
核心部件,图神经网络模块,2
核心部件,全连接网络模块,2
核心部件,安全帽,2
核心部件,磁屏蔽系统,2
核心部件,头戴式脑电图与脑磁图阵列式传感器系统,2
核心部件,脑电图与脑磁图数据采集系统,2
核心部件,感官刺激系统,2
核心部件,信号处理和数据分析系统,2
核心部件,eeg分析系统,2
核心部件,显示工作站,2
核心部件,刺激呈现装置,2
核心部件,神经响应数据收集机构,2
核心部件,脑电头盔,2
核心部件,脑电图块,2
核心部件,功能磁共振成像组件,2
核心部件,决策装置,2
核心部件,消息选择装置,2
核心部件,eog采集装置,2
核心部件,手指emg采集装置,2
核心部件,源选择处理单元,2
核心部件,知识库集合,2
核心部件,知识库选择模块,2
核心部件,接触电极,2
核心部件,声音处理单元,2
核心部件,语音分类单元,2
核心部件,语音倒谱计算单元,2
核心部件,脑电图倒谱计算单元,2
核心部件,映射单元,2
核心部件,差分放大器,2
核心部件,脑电图频谱部分求和单元,2
核心部件,施密特触发器,2
核心部件,听觉信号装置,2
核心部件,脑-计算机接口(bci),2
核心部件,电刺激,1
核心部件,阳极,1
核心部件,阴极,1
核心部件,电刺激装置,1
核心部件,刺激部位电极,1
核心部件,可植入电极桨叶,1
核心部件,引线组件,1
核心部件,用户输入装置,1
核心部件,薄膜基板,1
核心部件,柔性弹簧状部分,1
核心部件,电端子,1
核心部件,可配置源,1
核心部件,第三不同电极,1
核心部件,多根电极,1
核心部件,丘脑腹侧中间核(vim),1
核心部件,口腹侧核(voa/vop),1
核心部件,耳蜗造口接地触点,1
核心部件,刺激器接地触点,1
核心部件,金属迹线层,1
核心部件,光刻胶层,1
核心部件,绝缘体聚合物基层,1
核心部件,顶部绝缘体聚合物层,1
核心部件,供电电缆,1
核心部件,多个部分,1
核心部件,段,1
核心部件,开关控制信号,1
核心部件,非导电基底,1
核心部件,柔性生物相容性聚合物基底,1
核心部件,灌注通孔,1
核心部件,无菌袋包装,1
核心部件,中介层,1
核心部件,电路板,1
核心部件,输注导管,1
核心部件,第一电极布置,1
核心部件,一个或多个第一电极布置,1
核心部件,植入的深部脑刺激器(dbs),1
核心部件,经颅磁刺激(tms),1
核心部件,经颅直流电刺激(tdcs),1
核心部件,植入的光学刺激,1
核心部件,聚焦超声,1
核心部件,rf刺激,1
核心部件,迷走神经刺激,1
核心部件,其他植入物刺激,1
核心部件,目标结构,1
核心部件,至少一个自动处理器,1
核心部件,脑刺激脉冲,1
核心部件,脑刺激装置,1
核心部件,外骨骼执行器,1
核心部件,计算机屏幕,1
核心部件,电控制电路,1
核心部件,可植入医疗设备,1
核心部件,刺激参数,1
核心部件,深度脑刺激系统,1
核心部件,仪器单元,1
核心部件,电刺激部,1
核心部件,触觉刺激部,1
核心部件,内容提供部,1
核心部件,神经刺激接口,1
核心部件,计算机脑接口设备,1
核心部件,双重作用微型电极,1
核心部件,多组输出电极,1
核心部件,一个或多个刺激器,1
核心部件,第一和第二感测电极,1
核心部件,可植入器件,1
核心部件,dbs系统,1
核心部件,优化算法,1
核心部件,神经刺激治疗,1
核心部件,信号,1
核心部件,多个探针,1
核心部件,机器学习疼痛解码器模型,1
核心部件,治疗电路,1
核心部件,刺激幅度,1
核心部件,刺激频率,1
核心部件,刺激脉冲持续时间,1
核心部件,电极触发模式,1
核心部件,一组电极触发极性条件,1
核心部件,载体构件,1
核心部件,信号传输线,1
核心部件,神经学激励模态脑区域递送装置,1
核心部件,认知训练装置,1
核心部件,自然刺激调制器,1
核心部件,脑电信号采集发送装置,1
核心部件,控制指令发送天线,1
核心部件,刺激参数编程器,1
核心部件,信号接收装置,1
核心部件,水凝胶刺激电极,1
核心部件,治疗递送平台,1
核心部件,经皮附着装置,1
核心部件,第三电极,1
核心部件,第四电极,1
核心部件,第五电极,1
核心部件,第六电极,1
核心部件,可植入螺旋电极组件,1
核心部件,多导体柔性电缆,1
核心部件,植入的信号接收器,1
核心部件,电介质支撑矩阵,1
核心部件,神经束,1
核心部件,螺旋电极结构,1
核心部件,多触点连接端子,1
核心部件,薄膜微电极阵列,1
核心部件,电刺激信号,1
核心部件,传感电极,1
核心部件,神经元,1
核心部件,反馈过程,1
核心部件,电极植入脑中,1
核心部件,血管内引线,1
核心部件,远端尖端,1
核心部件,非血管内引线,1
核心部件,深部脑刺激引线,1
核心部件,感测能力,1
核心部件,耳蜗植入系统,1
核心部件,植入式刺激器模块,1
核心部件,电极刺激信号,1
核心部件,植入式刺激器,1
核心部件,医疗装置系统,1
核心部件,可再充电锂离子或锂离子聚合物电池,1
核心部件,治疗信号,1
核心部件,输出电极,1
核心部件,腔体,1
核心部件,复位弹簧,1
核心部件,脑电模块,1
核心部件,神经训练模块,1
核心部件,rf-dc转换器,1
核心部件,rf收发器,1
核心部件,外部接收器,1
核心部件,外部收发器,1
核心部件,感觉通路,1
核心部件,治疗方案,1
核心部件,偶极天线,1
核心部件,反馈检测器,1
核心部件,神经刺激,1
核心部件,体外便携处理装置,1
核心部件,可穿戴脑电波信号感测设备,1
核心部件,通信电路,1
核心部件,客户端应用,1
核心部件,处理与刺激设备,1
核心部件,可植入电极结构,1
核心部件,可植入的控制器,1
核心部件,可植入的电源,1
核心部件,响应性神经刺激器,1
核心部件,外部程序员,1
核心部件,光疗部,1
核心部件,交流经颅电刺激部,1
核心部件,第一头皮电极对,1
核心部件,第二头皮电极对,1
核心部件,信号传递参数,1
核心部件,电磁刺激,1
核心部件,体外程控仪,1
核心部件,电容检测模块,1
核心部件,通道选择模块,1
核心部件,正向刺激电容,1
核心部件,负向刺激电容,1
核心部件,电磁线圈,1
核心部件,功能磁共振成像图,1
核心部件,可弯曲基板,1
核心部件,第一天线,1
核心部件,第二天线,1
核心部件,可植入的支承构件,1
核心部件,计算机可操作的介质,1
核心部件,管理器,1
核心部件,弹性可压缩触点,1
核心部件,闩锁夹,1
核心部件,植入脉冲发生器(ipg),1
核心部件,遥测单元,1
核心部件,脉冲产生电路,1
核心部件,多导体引线,1
核心部件,馈通壳体,1
核心部件,可压缩触点,1
核心部件,ans治疗递送系统,1
核心部件,ans治疗响应监控器,1
核心部件,电绝缘载体结构,1
核心部件,导电碳纤维层,1
核心部件,导体轨道,1
核心部件,电绝缘覆盖层,1
核心部件,支架骨架,1
核心部件,导线网,1
核心部件,针刺型电极,1
核心部件,鞘管,1
核心部件,球囊,1
核心部件,基材,1
核心部件,流体轴承,1
核心部件,固定壳体,1
核心部件,平衡装置,1
核心部件,可变压力阀,1
核心部件,活塞,1
核心部件,旋转块,1
核心部件,翅片,1
核心部件,绝缘构件,1
核心部件,金属引线,1
核心部件,电极部,1
核心部件,阻抗控制器,1
核心部件,导管治疗装置,1
核心部件,控制算法,1
核心部件,锚固单元,1
核心部件,引线体,1
核心部件,电极表面,1
核心部件,细长护套,1
核心部件,柔性细长翼构件,1
核心部件,电元件,1
核心部件,电引入导体,1
核心部件,螺旋缠绕基底,1
核心部件,膜,1
核心部件,非导电涂层,1
核心部件,接触区域,1
核心部件,代理引线,1
核心部件,共享总线,1
核心部件,刺激导管,1
核心部件,微型刺激器,1
核心部件,外部控制单元,1
核心部件,外部发射线圈,1
核心部件,刺激微电极,1
核心部件,导电材料芯,1
核心部件,金属或金属氧化物纳米结构层,1
核心部件,刺激点电极,1
核心部件,生理模型,1
核心部件,治疗领域模型,1
核心部件,引线引导件,1
核心部件,生物信号放大器,1
核心部件,微电脑控制器,1
核心部件,功能性电刺激器,1
核心部件,微电流直流恒流刺激器,1
核心部件,多道微电极阵列,1
核心部件,模块化平面的微制造电极阵列,1
核心部件,高密度的记录和/或刺激电极位点,1
核心部件,可植入支承构件,1
核心部件,传感装置,1
核心部件,智能导线,1
核心部件,宏电极,1
核心部件,宏电极条,1
核心部件,闭环控制软件,1
核心部件,可植入电极体,1
核心部件,可植入神经刺激引线,1
核心部件,控制器/处理器,1
核心部件,特征发生器,1
核心部件,压电阵列,1
核心部件,癫痫电刺激治疗装置,1
核心部件,闭环电刺激装置,1
核心部件,连接器部分,1
核心部件,印刷电路,1
核心部件,电接触区域,1
核心部件,细长探头轴,1
核心部件,阻挡元件,1
核心部件,感测设备,1
核心部件,针状基底,1
核心部件,可植入控制模块,1
核心部件,可植入闭环神经刺激设备,1
核心部件,转接装置,1
核心部件,第一接口,1
核心部件,第二接口,1
核心部件,电源/存储装置,1
核心部件,第一模块,1
核心部件,第二模块,1
核心部件,第三模块,1
核心部件,第四模块,1
核心部件,刺激电极触点,1
核心部件,感测电极触点,1
核心部件,测量装置,1
核心部件,同心环形电极部件,1
核心部件,碳基导电薄膜层,1
核心部件,电极外部引线,1
核心部件,同心环形电极组件,1
核心部件,脑电波信号测量单元,1
核心部件,类似心轴,1
核心部件,可植入的神经刺激电极接口,1
核心部件,第一刺激信号通道,1
核心部件,多个电极信号通道,1
核心部件,刺激信号产生部件,1
核心部件,电源部件,1
核心部件,ipg,1
核心部件,ekg电极,1
核心部件,刺激器设备,1
核心部件,可植入部件,1
核心部件,可编程ipg,1
核心部件,刺激反馈获取系统,1
核心部件,参考触发器输入模块,1
核心部件,多谐振荡器,1
核心部件,数字混频器,1
核心部件,脉冲变压器,1
核心部件,高通和低通滤波器,1
核心部件,非侵入性脑刺激装置,1
核心部件,类器官,1
核心部件,脑类器官,1
核心部件,疼痛刺激单元,1
核心部件,疼痛刺激驱动单元,1
核心部件,生物信号感测单元,1
核心部件,柔性电路板,1
核心部件,水凝胶贴片,1
核心部件,远程计算设备,1
核心部件,通信组件,1
核心部件,外部组件,1
核心部件,碳纳米管神经电极阵列,1
核心部件,无编程可植入脉冲发生器(ipg),1
核心部件,可编程可植入脉冲发生器,1
核心部件,二维神经硅微电极,1
核心部件,梳状隔板,1
核心部件,监测单元,1
核心部件,用户接口单元,1
核心部件,绑带,1
核心部件,绝缘的柔性衬底,1
核心部件,分立绝缘柱阵列,1
核心部件,金属丝,1
核心部件,模具基片,1
核心部件,微细凹槽,1
核心部件,微细管道,1
核心部件,pdms底座,1
核心部件,皮层电(eeg)电极阵列,1
核心部件,颅内压(icp)传感器,1
核心部件,热传感器(itemp),1
核心部件,cpu,1
核心部件,电极杆,1
核心部件,电脉冲刺激电极,1
核心部件,电化学检测电极,1
核心部件,脑电检测电极,1
核心部件,电极引线接口焊盘,1
核心部件,音频信号处理单元,1
核心部件,可植入耳蜗刺激装置,1
核心部件,电脉冲发生器,1
核心部件,耳蜗内电极,1
核心部件,cmos高密度膜电极阵列,1
核心部件,信号预处理单元,1
核心部件,莫特忆阻器单元,1
核心部件,时序控制电路,1
核心部件,运算放大器,1
核心部件,第一导线束,1
核心部件,信号转换装置,1
核心部件,主控装置,1
核心部件,采样电路,1
核心部件,采样缓冲器,1
核心部件,活动传感器,1
核心部件,控制逻辑,1
核心部件,数据总线,1
核心部件,数据宿,1
核心部件,控制对象,1
核心部件,64通道双向电极阵列,1
核心部件,采集与刺激单元,1
核心部件,人机交互终端,1
核心部件,柔性绝缘衬底,1
核心部件,细胞培养腔室,1
核心部件,柔性电路,1
核心部件,电极图案层,1
核心部件,超微圆盘阵列,1
核心部件,反应池,1
核心部件,生物相容性玻璃套环,1
核心部件,微电极阵列mea系统,1
核心部件,单个电极触点,1
核心部件,阳极电极,1
核心部件,阴极电极,1
核心部件,介电柔性基底,1
核心部件,垂直碳纳米管阵列,1
核心部件,碳层,1
核心部件,水凝胶层,1
核心部件,柔性基底电极阵列,1
核心部件,替代神经组织,1
核心部件,绝缘聚对二甲苯c层,1
核心部件,可植入光学电极,1
核心部件,薄膜电极阵列,1
核心部件,被动生物活性剂递送模块,1
核心部件,操纵尖端,1
核心部件,pedot:pss水凝胶导电纤维,1
核心部件,柔性pedot:pss水凝胶纤维神经电极阵列,1
核心部件,平面柔性神经电极阵列,1
核心部件,封装基板,1
核心部件,无线处理器,1
核心部件,纳米金属涂层,1
核心部件,微针阵列,1
核心部件,硅基底,1
核心部件,预配置模组,1
核心部件,透明石墨烯神经电极,1
核心部件,导电接触点,1
核心部件,听觉脑干植入电极阵列,1
核心部件,人工耳蜗电极阵列,1
核心部件,透明石墨烯中性电极,1
核心部件,支撑体,1
核心部件,电绝缘的主体,1
核心部件,柔性支撑部件,1
核心部件,柔性的支撑部件,1
核心部件,可植入的脉冲发生器,1
核心部件,电绝缘主体,1
核心部件,导电插管颅骨螺钉,1
核心部件,界面,1
核心部件,焊点,1
核心部件,非植入部,1
核心部件,发光单元层,1
核心部件,第一金属层,1
核心部件,电接触,1
核心部件,深部脑刺激系统,1
核心部件,脑可植入设备,1
核心部件,可植入电引线,1
核心部件,可弯曲衬底,1
核心部件,螺纹杆,1
核心部件,片段或板,1
核心部件,孔口,1
核心部件,可调节偏置构件,1
核心部件,双角色微电极,1
核心部件,集成电子电路,1
核心部件,外部处理单元,1
核心部件,电刺激控制设备,1
核心部件,微电极阵列器件,1
核心部件,通信装置,1
核心部件,信息源,1
核心部件,中枢神经系统(cns)刺激模块,1
核心部件,外周神经系统(pns)刺激模块,1
核心部件,神经信号检测单元,1
核心部件,神经刺激参数调整单元,1
核心部件,神经刺激单元,1
核心部件,第一轴,1
核心部件,第一多个深度刻度带,1
核心部件,第二杆,1
核心部件,第二多个深度刻度带,1
核心部件,第一线,1
核心部件,第二线路,1
核心部件,神经刺激探针,1
核心部件,分布计算模块,1
核心部件,刺激电极阵列,1
核心部件,大脑电极,1
核心部件,神经学事件检测装置,1
核心部件,凸出轴,1
核心部件,细长的探针轴,1
核心部件,颅骨开窗,1
核心部件,螺纹电极,1
核心部件,螺纹的第一部分,1
核心部件,第二部分,1
核心部件,插头型导线,1
核心部件,传感能力,1
核心部件,深部脑刺激装置,1
核心部件,脑神经刺激装置,1
核心部件,电磁辐射源,1
核心部件,可植入刺激组件,1
核心部件,光触点,1
核心部件,毛刺,1
核心部件,毛刺孔,1
核心部件,螺旋线圈,1
核心部件,粘合剂,1
核心部件,盖子,1
核心部件,颅骨中形成的孔,1
核心部件,天然存在的颅骨开窗,1
核心部件,柔性电极载体,1
核心部件,近端,1
核心部件,远端,1
核心部件,区域,1
核心部件,聚焦的源,1
核心部件,辅料,1
核心部件,皮层或皮层下神经接口,1
核心部件,表面电极阵列,1
核心部件,穿透电极阵列,1
核心部件,支持衬背层,1
核心部件,支持基质,1
核心部件,玻璃微珠,1
核心部件,塑料微珠,1
核心部件,信号通路控制部分,1
核心部件,刺激信号产生及编码部分,1
核心部件,超微刺激点,1
核心部件,可植入的神经刺激器,1
核心部件,电刺激波形结构,1
核心部件,半导体衬底,1
核心部件,密封罩壳,1
核心部件,可交替访问的存储器,1
核心部件,参数存储器,1
核心部件,公共脚参考电极,1
核心部件,可植入可编程控制器,1
核心部件,主电缆,1
核心部件,数据导体,1
核心部件,医疗装置,1
核心部件,无创脑刺激的装置,1
核心部件,回放系统,1
核心部件,eeg记录模块(erm),1
核心部件,神经动力学评估模块(nam),1
核心部件,经颅磁刺激模块(tms),1
核心部件,刺激模式存储装置,1
核心部件,生物接口,1
核心部件,闭环控制系统,1
核心部件,介入输送控制系统,1
核心部件,神经定位系统,1
核心部件,介入输送控制器,1
核心部件,介入导管,1
核心部件,输送载体,1
核心部件,输送臂,1
核心部件,数据分析处理中心,1
核心部件,脑刺激器,1
核心部件,外部脉冲发生器系统,1
核心部件,可植入脉冲发生器系统,1
核心部件,经颅磁刺激器,1
核心部件,外部系统,1
核心部件,电子封装,1
核心部件,反应提取器,1
核心部件,植入组件,1
核心部件,近端触点部,1
核心部件,辅助植入部,1
核心部件,微电极部,1
核心部件,宏电极部,1
核心部件,引线部,1
核心部件,通道装置,1
核心部件,神经导体,1
核心部件,神经探针阵列,1
核心部件,个人数字助理(pda),1
核心部件,体外控制器,1
核心部件,体内刺激器,1
核心部件,薄膜电极,1
核心部件,导电图,1
核心部件,圆柱形传感器装置,1
核心部件,密封电子装置,1
核心部件,皮下继电器,1
核心部件,外部佩戴的设备,1
核心部件,植入式部件,1
核心部件,可编程植入脉冲发生器(ipg),1
核心部件,遥测装置,1
核心部件,可植入引线,1
核心部件,可植入神经调节刺激器,1
核心部件,临床医师编程器设备,1
核心部件,脉冲发生源,1
核心部件,输注泵,1
核心部件,振动元件,1
核心部件,可编程脉冲发生器模块,1
核心部件,刺激-接收器模块,1
核心部件,植入电源,1
核心部件,外部电源,1
核心部件,电源选择电路,1
核心部件,无创刺激单元,1
核心部件,磁刺激器,1
核心部件,环形绕组,1
核心部件,导电介质,1
核心部件,颅内深度电极,1
核心部件,神经刺激递送系统,1
核心部件,副作用检测器,1
核心部件,咳嗽检测器,1
核心部件,头部服饰组件,1
核心部件,微神经细胞芯片,1
核心部件,放大部,1
核心部件,神经信号处理部,1
核心部件,开关部,1
核心部件,穿植部分,1
核心部件,包裹部分,1
核心部件,覆盖层,1
核心部件,电极接口,1
核心部件,固定部分,1
核心部件,四极深部脑刺激电极,1
核心部件,临时电生理微记录微电极/stilette,1
核心部件,弯曲电极尖端,1
核心部件,分裂电极尖端,1
核心部件,薄膜,1
核心部件,载体芯,1
核心部件,护套管,1
核心部件,植入式电极阵列,1
核心部件,植入式组装部件层,1
核心部件,末端衬垫,1
核心部件,高分子绝缘膜,1
核心部件,微组件电极,1
核心部件,导电芯材料,1
核心部件,导电材料涂层,1
核心部件,非导电生物相容性聚合物涂层,1
核心部件,柔性电极板,1
核心部件,电极部位,1
核心部件,可植入医用导线,1
核心部件,引线电极,1
核心部件,可移动延伸部,1
核心部件,皮层脑波电极,1
核心部件,第一连接器部分,1
核心部件,颞叶下部电极部分,1
核心部件,接地电极部分,1
核心部件,参考电极部分,1
核心部件,颞叶上部电极部分,1
核心部件,植入式神经刺激器,1
核心部件,可佩戴控制器,1
核心部件,算法模型,1
核心部件,自含可植入装置,1
核心部件,植入的神经刺激器,1
核心部件,编程控制电路,1
核心部件,神经刺激程序电路,1
核心部件,导电皮肤界面,1
核心部件,可佩戴装置,1
核心部件,诊断单元,1
核心部件,治疗单元,1
核心部件,电生理学装置,1
核心部件,多个纤维,1
核心部件,读出集成电路,1
核心部件,刺激矩阵缓冲器,1
核心部件,刺激基质垫,1
核心部件,远程控制的治疗滴定装置,1
核心部件,植入脉冲发生器,1
核心部件,药物泵,1
核心部件,多通道脑电信号采集模块,1
核心部件,脑电分析模块,1
核心部件,平台中枢控制模块,1
核心部件,经颅电刺激执行模块,1
核心部件,脑电波检测器,1
核心部件,驱动信号生成装置,1
核心部件,深部脑刺激元件,1
核心部件,闭环神经刺激设备,1
核心部件,脑刺激设备,1
核心部件,经颅磁刺激设备,1
核心部件,轻型脑电帽,1
核心部件,脑电信号采集电极,1
核心部件,控制盒,1
核心部件,多通道刺激模块,1
核心部件,脑电信号处理与反馈调控模块,1
核心部件,超声装置,1
核心部件,植入式神经刺激装置,1
核心部件,主体区域,1
核心部件,头部区域,1
核心部件,偶极或贴片天线,1
核心部件,微电子神经调制电路,1
核心部件,外部或内部植入的rf装置,1
核心部件,可植入接收器,1
核心部件,内部设备,1
核心部件,集成多路复用器,1
核心部件,刺激表面,1
核心部件,切口,1
核心部件,柔性神经电极,1
核心部件,电极外层,1
核心部件,pedot/pss/mwcnt修饰材料,1
核心部件,认知状态估计单元,1
核心部件,学习数据建模单元,1
核心部件,可拉伸覆盖体,1
核心部件,固定座,1
核心部件,中空腔室,1
核心部件,插接端,1
核心部件,电极感测单元,1
核心部件,无线传感单元,1
核心部件,分析器单元,1
核心部件,指示器,1
核心部件,姿势固定单元,1
核心部件,补偿提供单元,1
核心部件,电总线,1
核心部件,多路复用器单元,1
核心部件,电极监测单元,1
核心部件,神经记录设备,1
核心部件,深部脑刺激器,1
核心部件,高清经颅电刺激(hd-tcs)系统,1
核心部件,实时神经影像设备,1
核心部件,动作捕捉装置,1
核心部件,脊髓电刺激装置,1
核心部件,感测和/或刺激单元,1
核心部件,尾部电极,1
核心部件,嘴电极,1
核心部件,无线植入式脑机接口,1
核心部件,基座层,1
核心部件,探针阵列,1
核心部件,金属针,1
核心部件,半导体集成电路,1
核心部件,警报接口,1
核心部件,脑电图(eeg)帽,1
核心部件,非侵入式传感器,1
核心部件,tdcs阳极电极,1
核心部件,tdcs阴极电极,1
核心部件,探头电极,1
核心部件,经皮耳迷走神经电刺激装置,1
核心部件,脑电信号监测模块,1
核心部件,肌电信号监测模块,1
核心部件,康复训练任务设定模块,1
核心部件,康复训练分析模块,1
核心部件,个人控制装置,1
核心部件,临床医师编程设备,1
核心部件,脑电信号辨识模块,1
核心部件,便携式手部肌肉电刺激器,1
核心部件,想象动作提示界面,1
核心部件,处理系统,1
核心部件,5g nr网络,1
核心部件,脑机接口信号采集模块,1
核心部件,电针刺激模块,1
核心部件,电刺激元件,1
核心部件,脑电信号处理元件,1
核心部件,电刺激信号产生元件,1
核心部件,第一无线收发元件,1
核心部件,第二无线收发元件,1
核心部件,电源元件,1
核心部件,经颅电刺激设备,1
核心部件,光子计数模块,1
核心部件,脑电信号数字化处理模块,1
核心部件,符合模块,1
核心部件,阈值设置模块,1
核心部件,电平比较器模块,1
核心部件,时间数字转换器模块,1
核心部件,脉冲甄别模块,1
核心部件,以太网芯片模块,1
核心部件,迷走神经电刺激设备,1
核心部件,处理模块,1
核心部件,脑电意图判别模型,1
核心部件,神经肌肉电刺激参数优化模型,1
核心部件,数据计算处理模块,1
核心部件,电机控制模块,1
核心部件,摇床,1
核心部件,神经刺激模块,1
核心部件,信号处理与解码模块,1
核心部件,语言编码与刺激映射模块,1
核心部件,声学刺激模块,1
核心部件,电脉冲刺激模块,1
核心部件,脑电信号机器学习模型训练模块,1
核心部件,脑电信号实时分析模块,1
核心部件,接收模块,1
核心部件,特征提取和融合模块,1
核心部件,脑影像合成模块,1
核心部件,脑电信号处理模块,1
核心部件,三维立体成像模块,1
核心部件,多导联电极,1
核心部件,脑机接口控制装置,1
核心部件,功能电刺激发生装置,1
核心部件,超声换能器阵列,1
核心部件,磁传感器阵列,1
核心部件,脑电刺激装置,1
核心部件,上位机处理模块,1
核心部件,经颅电刺激模块,1
核心部件,粉红噪声发生器模块,1
核心部件,主机部分,1
核心部件,副机部分,1
核心部件,pcb基板,1
核心部件,终端集成接收器,1
核心部件,反馈计算模块,1
核心部件,经颅电刺激装置,1
核心部件,mcu,1
核心部件,第一无线装置,1
核心部件,第二无线装置,1
核心部件,介入式脑电采集和电刺激装置,1
核心部件,外部控制装置,1
核心部件,密集电极阵列,1
核心部件,导电胶,1
核心部件,头模型,1
核心部件,功能性电刺激,1
核心部件,导电空心颅骨螺钉,1
核心部件,颅窝,1
核心部件,皮下线缆,1
核心部件,可贴合基板,1
核心部件,chemotrode阵列,1
核心部件,螺纹柄,1
核心部件,内电路,1
核心部件,颅内神经元电刺激系统,1
核心部件,检测模块,1
核心部件,通知模块,1
核心部件,基本不导电层,1
核心部件,输出源,1
核心部件,扩展单元,1
核心部件,皮下缆线,1
核心部件,可植入传感装置,1
核心部件,导电图形的电缆,1
核心部件,介电材料,1
核心部件,柔性脚手架,1
核心部件,颅孔环,1
核心部件,颅孔结合部,1
核心部件,电极孔,1
核心部件,颅孔电极锁,1
核心部件,颅孔盖,1
核心部件,硬膜下阵列,1
核心部件,可植入引线装置,1
核心部件,内部导线,1
核心部件,双作用电极,1
核心部件,引线装置,1
核心部件,梳状条/片电极阵列,1
核心部件,智能电极接触状态检测器,1
核心部件,梳状柔性基底,1
核心部件,阵列电极,1
核心部件,电极丝,1
核心部件,导联线套管,1
核心部件,电极输出插头,1
核心部件,可植入神经刺激器控制模块,1
核心部件,骨螺钉,1
核心部件,整流罩,1
核心部件,间隔垫片,1
核心部件,可再吸收盘,1
核心部件,功能刺激部件,1
核心部件,卫星结构,1
核心部件,集成控制电路,1
核心部件,特征生成器,1
核心部件,头部可佩戴的神经刺激设备,1
核心部件,至少两个电极,1
核心部件,电连接系统,1
核心部件,机械连接系统,1
核心部件,偏压构件,1
核心部件,网络式神经刺激器,1
核心部件,盘部,1
核心部件,致动机构,1
核心部件,导线桨,1
核心部件,植入的电极阵列,1
核心部件,盘部分,1
核心部件,轴部分,1
核心部件,激活机构,1
核心部件,电极阵列芯,1
核心部件,细长螺旋部分,1
核心部件,电极刺激接触,1
核心部件,桨叶引线电极,1
核心部件,柔性支架,1
核心部件,集成电子装置,1
核心部件,可植入神经传感器,1
核心部件,闭环控制单元,1
核心部件,神经信号放大器,1
核心部件,电池供电的处理器,1
核心部件,脑岛电极,1
核心部件,顶叶-额叶电极,1
核心部件,海马电极,1
核心部件,侧裂周围电极,1
核心部件,神经感测系统,1
核心部件,计算神经建模系统,1
核心部件,植入式刺激系统,1
核心部件,连接器壳体,1
核心部件,紧固件,1
核心部件,电连接构件,1
核心部件,to管脚,1
核心部件,颅内电极网格,1
核心部件,皮下微电子信号处理单元,1
核心部件,有线连接器,1
核心部件,外部信号处理设备,1
核心部件,处理和刺激装置,1
核心部件,前端块,1
核心部件,读取模态,1
核心部件,写入模态,1
核心部件,基本代码单元,1
核心部件,通路,1
核心部件,前端部,1
核心部件,端子部,1
核心部件,神经再生诱导电极,1
核心部件,电路连接焊盘,1
核心部件,针孔,1
核心部件,局部脑刺激工具,1
核心部件,补偿传递函数模块,1
核心部件,外围刺激电极,1
核心部件,颅骨基座,1
核心部件,旋转连接件,1
核心部件,信号放大组件,1
核心部件,颅骨连接部,1
核心部件,限位连接部,1
核心部件,第一容纳部,1
核心部件,第二容纳部,1
核心部件,限位部,1
核心部件,弹性支撑结构,1
核心部件,弹性聚合层,1
核心部件,第一涂层,1
核心部件,金属层,1
核心部件,第二涂层,1
核心部件,自动处理器,1
核心部件,运动检测器,1
核心部件,模板,1
核心部件,第一处理设备,1
核心部件,第二处理设备,1
核心部件,颅骨螺钉,1
核心部件,发射/接收部分,1
核心部件,连接部分,1
核心部件,检测系统,1
核心部件,分析系统,1
核心部件,刺激干预系统,1
核心部件,螺纹柄部,1
核心部件,信号施加单元,1
核心部件,绝缘单元,1
核心部件,微电极结构,1
核心部件,药物递送机构,1
核心部件,用于获得神经元起搏信号的装置,1
核心部件,用于传送神经刺激信号的装置,1
核心部件,用于获得姿势信息的装置,1
核心部件,用于确定神经刺激信号的装置,1
核心部件,用于发送神经刺激信号的装置,1
核心部件,神经刺激电极,1
核心部件,电刺激终端,1
核心部件,感测电极组合,1
核心部件,颅骨嵌入物,1
核心部件,信号调理装置,1
核心部件,脑刺激控制单元,1
核心部件,用于检测脑活性的装置,1
核心部件,柔性非导电衬底,1
核心部件,柔性导体,1
核心部件,植入式或外部刺激单元,1
核心部件,植入式或外部脉冲发生器,1
核心部件,植入式神经传感器,1
核心部件,针状基座,1
核心部件,刺激部分,1
核心部件,感测部分,1
核心部件,第一电极导线,1
核心部件,第二电极导线,1
核心部件,电极固定座,1
核心部件,绝缘固定部,1
核心部件,电极插接部,1
核心部件,导电接触部,1
核心部件,螺钉,1
核心部件,脑表面电极,1
核心部件,深部脑电极,1
核心部件,亚表面电极,1
核心部件,电流源,1
核心部件,神经电信号采集模块,1
核心部件,磁刺激器主机,1
核心部件,反馈控制模块,1
核心部件,频率预设模块,1
核心部件,刺激强度和脉冲个数设置模块,1
核心部件,密封电子设备封装,1
核心部件,外部层,1
核心部件,可生物再吸收粘合剂层,1
核心部件,声学信号装置,1
核心部件,电脉冲装置,1
核心部件,信号耦合模块,1
核心部件,丝涂层,1
核心部件,组合的颅内电极阵列,1
核心部件,深部颅内电极,1
核心部件,支撑杆,1
核心部件,可植入组件层,1
核心部件,终端垫,1
核心部件,连续聚合物绝缘膜,1
核心部件,传统环形脑深部刺激电极,1
核心部件,焊盘部分,1
核心部件,周向多点位电极,1
核心部件,外层,1
核心部件,生物可再吸收粘合剂层,1
核心部件,电源部,1
核心部件,遥测模块,1
核心部件,接收器模块,1
核心部件,垫片,1
核心部件,第一部件,1
核心部件,第二部件,1
核心部件,基底电极引线,1
核心部件,顶端电极阵列,1
核心部件,弹性阵列突起,1
核心部件,电极耦合微通道,1
核心部件,薄柔性电极,1
核心部件,基质,1
核心部件,电流驱动器,1
核心部件,动态电流分配网络(dcan),1
核心部件,针,1
核心部件,螺旋构造的柔性电绝缘载体,1
核心部件,细长导体,1
核心部件,柔性导电间隔件,1
核心部件,引线固定元件,1
核心部件,共享的总线,1
核心部件,电极细胞,1
核心部件,总线对接的触点,1
核心部件,近端电极,1
核心部件,远端电极,1
核心部件,植入神经刺激的电极阵列,1
核心部件,导电电极层,1
核心部件,互连件,1
核心部件,绝缘体,1
核心部件,锚定件,1
核心部件,电刺激脉冲输出装置,1
核心部件,指令接收器,1
核心部件,辅助针,1
核心部件,固定部,1
核心部件,柔性探针,1
核心部件,环形天线,1
核心部件,整流二极管,1
核心部件,可充电存储元件,1
核心部件,软聚合物基底,1
核心部件,耳蜗植入(ci)装置,1
核心部件,筛选装置,1
核心部件,刺激信号单元,1
核心部件,用于捕获ecap信号的单元,1
核心部件,导管装置,1
核心部件,能量传递元件,1
核心部件,不导电载体,1
核心部件,信号源,1
核心部件,低阻抗分流器,1
核心部件,通信通道,1
核心部件,计算机介质,1
核心部件,脑机接口觉醒调节系统,1
核心部件,信号获取部,1
核心部件,分析部,1
核心部件,人工神经网络模型部,1
核心部件,信号传递部,1
核心部件,第一处理装置,1
核心部件,第二处理装置,1
核心部件,纳米电极,1
核心部件,纳米电极阵列,1
核心部件,连接座,1
核心部件,三通侧支管,1
核心部件,近端管,1
核心部件,远端管,1
核心部件,快速交换腔,1
核心部件,电极对,1
核心部件,显影环,1
核心部件,柔性光纤,1
核心部件,激光器,1
核心部件,柔性深部脑电极,1
核心部件,脑部三维建模模块,1
核心部件,脑部靶区域提取模块,1
核心部件,正交电流方向矩阵提取模块,1
核心部件,有限元和二次矩阵优化计算模块,1
核心部件,设计效果预估模块,1
核心部件,移动站,1
核心部件,电刺激参数控制部分,1
核心部件,电刺激部分,1
核心部件,电刺激参数控制部,1
核心部件,随机脑产生部,1
核心部件,刺激电刺激部,1
核心部件,电极区域配置模块,1
核心部件,基线校正模块,1
核心部件,刺激单元定义模块,1
核心部件,参数导入模块,1
核心部件,探头,1
核心部件,路径,1
核心部件,经颅直流电刺激装置,1
核心部件,记忆能力确定单元,1
核心部件,学习方法提供单元,1
核心部件,eeg脑电刺激仪,1
核心部件,eeg信号分析系统,1
核心部件,睡眠分析算法,1
核心部件,电波刺激方式,1
核心部件,神经形态硬件,1
核心部件,软件仿真模块,1
核心部件,自适应学习模块,1
核心部件,神经生理数据采集模块,1
核心部件,基于gan的数据增强模块,1
核心部件,界面自适应模块,1
核心部件,混合增强模块,1
核心部件,时序对比学习模块,1
核心部件,对比学习模型,1
核心部件,图驱动编码模块,1
核心部件,小样本特征增强模型,1
核心部件,脑电表征学习模型,1
核心部件,gcn,1
核心部件,bilstm,1
核心部件,可永久植入的增强系统,1
核心部件,脑疾病诊断辅助系统,1
核心部件,专用工具,1
核心部件,植入式电信号发生器,1
核心部件,磁场线圈,1
核心部件,线圈支架,1
核心部件,光源支架,1
核心部件,支架轴,1
核心部件,电源和信号二合一线,1
核心部件,总控制器,1
核心部件,磁场线圈驱动器,1
核心部件,led光源驱动器,1
核心部件,脑波感测部,1
核心部件,第一反馈部,1
核心部件,第二反馈部,1
核心部件,近红外led,1
核心部件,多通道神经活动检测单元,1
核心部件,脑电信号分析单元,1
核心部件,电刺激输出单元,1
核心部件,单通道eeg采集设置,1
核心部件,混合深度学习架构,1
核心部件,数据增强模块,1
核心部件,迁移学习模块,1
核心部件,神经自适应bci系统,1
核心部件,32通道干电极头戴设备,1
核心部件,混合机器学习和深度学习框架,1
核心部件,cnn模块,1
核心部件,lstm-注意力模块,1
核心部件,梯度提升模块,1
核心部件,非侵入式传感器阵列,1
核心部件,睡眠面罩或头带,1
核心部件,vr头显,1
核心部件,运动追踪设备,1
核心部件,音频输入输出设备,1
核心部件,交互式内容数据库,1
核心部件,情境模拟模块,1
核心部件,交互式内容生成器,1
核心部件,评估与反馈模块,1
核心部件,情感识别与响应模块,1
核心部件,脑电波反馈学习优化模块,1
核心部件,集体互动与协作学习模块,1
核心部件,安全传输协议,1
核心部件,肌电图(emg)传感器,1
核心部件,力传感器,1
核心部件,触觉传感器,1
核心部件,位置传感器,1
核心部件,brainsense头戴设备,1
核心部件,微控制器(arduino mega),1
核心部件,伺服电机,1
核心部件,弯曲传感器手套,1
核心部件,蓝牙,1
核心部件,数据取得部,1
核心部件,学习模型,1
核心部件,机器,1
核心部件,电器安装板,1
核心部件,抗干扰电路,1
核心部件,a/d转换电路,1
核心部件,中央处理器,1
核心部件,脉冲电路,1
核心部件,混合大脑信号采集模块,1
核心部件,认知意图解码引擎,1
核心部件,自适应外骨骼的控制模块,1
核心部件,神经可塑性反馈机制,1
核心部件,数字孪生模拟引擎,1
核心部件,皮肤电导采集模块,1
核心部件,双模型协同决策模块,1
核心部件,刺激参数优化模块,1
核心部件,脑信号采集单元,1
核心部件,解码模块,1
核心部件,近端阻断部位,1
核心部件,多模态协同定位模块,1
核心部件,运动意图解析模块,1
核心部件,闭环康复交互模块,1
核心部件,vr交互设备,1
核心部件,神经反应数据收集机制,1
核心部件,支撑壳体,1
核心部件,干电极外壳,1
核心部件,带子、弹性帽、弹簧型材料、胶带,1
核心部件,录音机,1
核心部件,录像机,1
核心部件,神经响应数据分析器,1
核心部件,数据清除器机制,1
核心部件,爪柄,1
核心部件,手柄,1
核心部件,导电突起,1
核心部件,眼动设备,1
核心部件,整体框架,1
核心部件,微针电极载体,1
核心部件,异平面微针电极阵列,1
核心部件,模型权重调整模块,1
核心部件,双电极组件,1
核心部件,非接触电极,1
核心部件,接触销,1
核心部件,无线软头皮电子设备,1
核心部件,导电薄膜,1
核心部件,柔性衬底,1
核心部件,短板电极,1
核心部件,多电极结构,1
核心部件,干电极传感器,1
核心部件,eeg测量电极,1
核心部件,突出部分,1
核心部件,中空容器,1
核心部件,活性电极,1
核心部件,电极基座,1
核心部件,毛发拨动构件,1
核心部件,脑电信号采集构件,1
核心部件,功能性磁共振成像模块,1
核心部件,干电极垫,1
核心部件,粘合垫,1
核心部件,导电输入触点,1
核心部件,引线放大器,1
核心部件,电压驱动屏蔽,1
核心部件,脑电图处理电路,1
核心部件,弹性带,1
核心部件,有线电极,1
核心部件,弹性口袋,1
核心部件,带子布置,1
核心部件,第一弹性带,1
核心部件,第二带,1
核心部件,非弹性部分,1
核心部件,弹性部分,1
核心部件,第三弹性带,1
核心部件,光学晶体,1
核心部件,柔性头盔外壳,1
核心部件,柔性干电极阵列,1
核心部件,光耦合器,1
核心部件,光电探测器,1
核心部件,生理检测和扩增装置,1
核心部件,眼动追踪器,1
核心部件,电子生物信号处理器,1
核心部件,主体部分,1
核心部件,数据单元,1
核心部件,有源表面,1
核心部件,神经反馈图形用户界面,1
核心部件,电极件,1
核心部件,导电支撑件,1
核心部件,导电橡胶,1
核心部件,液体硅橡胶室温固化,1
核心部件,团聚银粉,1
核心部件,片状银粉,1
核心部件,多媒体模块,1
核心部件,输入模块,1
核心部件,ar智能眼镜,1
核心部件,脑电波感应模块,1
核心部件,媒体播放器,1
核心部件,计算机脚本文件,1
核心部件,视频显示器,1
核心部件,信号处理计算机,1
核心部件,丝蛋白水凝胶,1
核心部件,pc,1
核心部件,信号处理pc,1
核心部件,反馈/显示pc,1
核心部件,人机界面,1
核心部件,专用pc,1
核心部件,3d vr keeg耳机,1
核心部件,光学头戴式显示器(ohmd)设备,1
核心部件,运动检测传感器,1
核心部件,神经植入物,1
核心部件,光学系统,1
核心部件,监控计算机,1
核心部件,控制处理器,1
核心部件,偏振器,1
核心部件,像散测试狭缝,1
核心部件,柱面透镜,1
核心部件,变焦透镜系统,1
核心部件,可变焦距测试透镜,1
核心部件,脑电图头戴式装置,1
核心部件,解调器,1
核心部件,事件相关电位采集设备,1
核心部件,平面广告评测卷积神经网络模型,1
核心部件,头戴显示器,1
核心部件,可穿戴式显示器,1
核心部件,电子装置,1
核心部件,脑电测量单元,1
核心部件,反馈装置单元,1
核心部件,目标接口,1
核心部件,增强现实显示器,1
核心部件,生物信号电极,1
核心部件,计算机视觉设备,1
核心部件,脑电波测量仪器,1
核心部件,可佩戴显示器,1
核心部件,脑电波检测传感器,1
核心部件,头戴式显示器设备,1
核心部件,可拆卸功能模块,1
核心部件,生物统计数据获取模块,1
核心部件,生物测量数据采集模块,1
核心部件,头戴式显示器(hmd)设备,1
核心部件,智能体,1
核心部件,激光雷达传感器,1
核心部件,图像采集设备,1
核心部件,辅助决策显示器,1
核心部件,脑波监测仪,1
核心部件,患者电缆,1
核心部件,eeg数据采集和分析系统,1
核心部件,主计算机,1
核心部件,图形显示器,1
核心部件,硬拷贝输出设备,1
核心部件,经训练的神经网络,1
核心部件,经训练的多层感知器网络,1
核心部件,听觉或视觉警告指示装置,1
核心部件,运动方向拾取模块,1
核心部件,眼电(eog)信号拾取模块,1
核心部件,脑电(eeg)信号拾取模块,1
核心部件,训练好的神经网络,1
核心部件,训练好的多层感知器(mlp)网络,1
核心部件,db120,1
核心部件,hmd131,1
核心部件,vr130,1
核心部件,脑电测量单元140,1
核心部件,大数据分析单元150,1
核心部件,线阵列,1
核心部件,头部模型,1
核心部件,脑机接口系统,1
核心部件,检测终端,1
核心部件,模拟/数字转换器,1
核心部件,大脑电活动感测系统,1
核心部件,脑电头戴式耳机,1
核心部件,客户计算设备,1
核心部件,显示控制单元,1
核心部件,频率分量检测单元,1
核心部件,非瞬态计算机可读介质,1
核心部件,交互式椅子,1
核心部件,心电图传感器,1
核心部件,脉冲电磁场发生器,1
核心部件,情绪估计部分,1
核心部件,问题消息输出部分,1
核心部件,设置更改部分,1
核心部件,eeg电极矩阵,1
核心部件,随机存取存储器,1
核心部件,系数存储器,1
核心部件,脑电波接收部分,1
核心部件,脑电波分析部分,1
核心部件,产品分析部分,1
核心部件,路径形成部分,1
核心部件,地板上的显示器,1
核心部件,用户界面设备,1
核心部件,双面显示器,1
核心部件,用户侧显示器,1
核心部件,观察者侧显示器,1
核心部件,数字化手套,1
核心部件,串行监视器,1
核心部件,eeg传感器阵列,1
核心部件,传感器元件,1
核心部件,音乐脑机接口器,1
核心部件,脑波检测单元,1
核心部件,无线接收模块,1
核心部件,信号分析部,1
核心部件,控制输出部,1
核心部件,显示器装置,1
核心部件,多路复用电路,1
核心部件,可编程逻辑器件,1
核心部件,模拟发射机,1
核心部件,模拟接收机,1
核心部件,脑-机接口系统,1
核心部件,脑电仪,1
核心部件,发射元件,1
核心部件,识别装置,1
核心部件,内容传递单元,1
核心部件,内容分析装置,1
核心部件,视觉刺激显示,1
核心部件,视觉刺激模块,1
核心部件,脑活动采集模块,1
核心部件,事件打标模块,1
核心部件,人机交互模块,1
核心部件,记录并处理eeg信号的装置,1
核心部件,植入式神经接口探针,1
核心部件,actor递归神经网络,1
核心部件,深度递归神经网络,1
核心部件,生成性序列解码器,1
核心部件,actor循环神经网络策略,1
核心部件,深度循环神经网络,1
核心部件,生成序列解码器,1
核心部件,神经界面,1
核心部件,用户档案,1
核心部件,图片,1
核心部件,可穿戴信号采集设备,1
核心部件,计算机化显示设备,1
核心部件,眼镜,1
核心部件,头戴件,1
核心部件,无线传输系统,1
核心部件,帽或线束,1
核心部件,嵌入电极,1
核心部件,本地或中央数据存储设备,1
核心部件,脑电图分析器,1
核心部件,多模态数据评估模块,1
核心部件,综合评估模块,1
核心部件,分析引擎,1
核心部件,医学图像分析模型,1
核心部件,摄像装置,1
核心部件,操作服务器,1
核心部件,信号发送器,1
核心部件,神经反馈装置,1
核心部件,图像处理装置,1
核心部件,文本提出单元,1
核心部件,提示部,1
核心部件,期望单词识别信号分析部,1
核心部件,信号判定部,1
核心部件,期望词确定单元,1
核心部件,遥控接收单元,1
核心部件,第一预测模型,1
核心部件,第二预测模型,1
核心部件,第三预测模型,1
核心部件,受孕龄预测模型,1
核心部件,密码槽生成模块,1
核心部件,用户密码槽生成模块,1
核心部件,学习数据生成模块,1
核心部件,脑电图测量模块,1
核心部件,认证信息生成模块,1
核心部件,脑电图仪有源电极系统,1
核心部件,eeg模式分类器,1
核心部件,neurochat复合体,1
核心部件,视觉刺激图像生成模块,1
核心部件,eeg信号预处理模块,1
核心部件,特征提取分析模块,1
核心部件,特征解码模块,1
核心部件,空间信道,1
核心部件,图像转换模块,1
核心部件,图像扩充模块,1
核心部件,图像合并模块,1
核心部件,eeg注意力特征初始化框架,1
核心部件,双模态数据融合模块,1
核心部件,方向预测模型,1
核心部件,次要用户选择单元,1
核心部件,共同特征提取单元,1
核心部件,类别估计单元,1
核心部件,模型创建单元,1
核心部件,脑电语义特征提取模块,1
核心部件,视觉语义特征提取模块,1
核心部件,图像重建模块,1
核心部件,64导脑电信号采集设备,1
核心部件,卷积神经网络分类模型,1
核心部件,频域-时空动力学编码器,1
核心部件,双向潜空间扩散生成器,1
核心部件,eeg至图像潜空间扩散模型,1
核心部件,图像至eeg潜空间扩散模型,1
核心部件,预训练生成模型,1
核心部件,移动载具,1
核心部件,标志数据生成部分,1
核心部件,电极支架,1
核心部件,标记探针,1
核心部件,图像处理模块,1
核心部件,位置跟踪模块,1
核心部件,标记体,1
核心部件,区域设置单元,1
核心部件,部分脑电图信号生成单元,1
核心部件,头皮周电极,1
核心部件,极限学习机模型,1
核心部件,脑电图电极单元,1
核心部件,fes单元,1
核心部件,fes驱动单元,1
核心部件,多个通道,1
核心部件,人工智能模型,1
核心部件,计算机服务器,1
核心部件,基于图形用户界面的键盘,1
核心部件,运动想象eeg信号分类模块,1
核心部件,脑电图信号产生部分,1
核心部件,提取单元,1
核心部件,特征计算器,1
核心部件,分类组,1
核心部件,头皮外围电极,1
核心部件,模型选择模块,1
核心部件,癫痫发作报警模块,1
核心部件,交互式协同标注模块,1
核心部件,移动装置,1
核心部件,eeg测量装置,1
核心部件,运动装置,1
核心部件,空中图像生成器,1
核心部件,光激励施加装置,1
核心部件,操作检测装置,1
核心部件,前端图形用户界面(gui),1
核心部件,后端eeg单元,1
核心部件,共享存储器,1
核心部件,空间图像生成器,1
核心部件,光刺激施加器,1
核心部件,操作检测器,1
核心部件,图像芯片,1
核心部件,视觉注意力分散器,1
核心部件,2dcnn模型,1
核心部件,脑电测量模块,1
核心部件,电阻抗成像模块,1
核心部件,双塔掩码自编码器,1
核心部件,视频扩散模型,1
核心部件,多摄像头,1
核心部件,视频脑电图监控设备,1
核心部件,脑电图耳机,1
核心部件,图像离散表征模型,1
核心部件,图像重构模型,1
核心部件,条件自回归模型,1
核心部件,红外(ir)发射器,1
核心部件,ir传感器,1
核心部件,记录单元,1
核心部件,区域大小确定单元,1
核心部件,视频输出单元,1
核心部件,听觉刺激输出单元,1
核心部件,立体图像生成装置,1
核心部件,eeg记录设备,1
核心部件,javascript服务器,1
核心部件,编码模型,1
核心部件,视觉刺激图像数据,1
核心部件,fmri数据集,1
核心部件,法拉第笼,1
核心部件,第一医疗机构,1
核心部件,脑功能信息库,1
核心部件,第二医疗机构,1
核心部件,头带抹额,1
核心部件,分条模块,1
核心部件,干电极组件,1
核心部件,信号采集板,1
核心部件,数据处理终端,1
核心部件,连接迹线,1
核心部件,背衬,1
核心部件,干电极生物传感器,1
核心部件,可伸缩结构,1
核心部件,脑电及头皮肌电传感器,1
核心部件,安装通道,1
核心部件,弹性膜结构,1
核心部件,第一外接接口,1
核心部件,第二外接接口,1
核心部件,第三外接接口,1
核心部件,螺丝,1
核心部件,螺母,1
核心部件,同步输液泵,1
核心部件,气泵,1
核心部件,主动泵,1
核心部件,多通道分流器,1
核心部件,伸缩电极,1
核心部件,被动泵,1
核心部件,通气管,1
核心部件,输液管,1
核心部件,气味发生器,1
核心部件,听觉发生器,1
核心部件,振动触觉刺激器,1
核心部件,柔性支撑件,1
核心部件,电子系统,1
核心部件,柔性头盖,1
核心部件,电极锚接片,1
核心部件,柔性电极引线,1
核心部件,接合突片,1
核心部件,电极板适配器,1
核心部件,非神经生理传感器,1
核心部件,基于生理数据的神经网络,1
核心部件,基于神经数据的神经网络,1
核心部件,编码器-解码器,1
核心部件,刺激生成部,1
核心部件,定位部,1
核心部件,刺激设置部,1
核心部件,刺激输出部,1
核心部件,柔性材料基层,1
核心部件,电极插孔,1
核心部件,电极轮毂,1
核心部件,电屏蔽层,1
核心部件,非侵入式脑接口,1
核心部件,植入神经接口探针,1
核心部件,尖端部分,1
核心部件,信号转移部分,1
核心部件,弹性构件,1
核心部件,导电投影,1
核心部件,穿戴头盔,1
核心部件,帽檐,1
核心部件,调节区间,1
核心部件,显示薄屏,1
核心部件,头皮脑电图采集模块,1
核心部件,实时头皮阻抗智能监测与自适应模块,1
核心部件,物联网设备交互联动模块,1
核心部件,绝缘管,1
核心部件,引出导线,1
核心部件,糊剂,1
核心部件,脑电信号采集单元,1
核心部件,阻抗检测模块,1
核心部件,姿态检测模块,1
核心部件,主控mcu模块,1
核心部件,pc主机,1
核心部件,示警帽帽体,1
核心部件,信号放大模块,1
核心部件,滤波模块,1
核心部件,特征提取与分类模块,1
核心部件,头皮脑电采集模块,1
核心部件,实时头皮阻抗智能监测自适应模块,1
核心部件,物联设备交互联动模块,1
核心部件,导电颗粒,1
核心部件,支撑层,1
核心部件,虚拟现实子系统,1
核心部件,脑电采集及控制子系统,1
核心部件,芯片部,1
核心部件,信号发送部分,1
核心部件,光电体积描记传感器,1
核心部件,计算机视觉模块,1
核心部件,保护外壳,1
核心部件,柔性电极本体,1
核心部件,信号处理组件,1
核心部件,承接部,1
核心部件,电极触头,1
核心部件,腔管,1
核心部件,圆滑部,1
核心部件,神经用户界面,1
核心部件,用于获取用户或受试者大脑信号的装置,1
核心部件,存储设施,1
核心部件,标准输入设备,1
核心部件,采集设备,1
核心部件,2d柔性基底材料,1
核心部件,导电涂料,1
核心部件,连续导电层,1
核心部件,柔性干电极材料,1
核心部件,反向-u-形金属件,1
核心部件,脑波测量电极,1
核心部件,芯片部分,1
核心部件,信号发射部分,1
核心部件,脑波测量装置,1
核心部件,光电容积描记(ppg)传感器,1
核心部件,4导脑电测量设备,1
核心部件,第一壳,1
核心部件,第二壳,1
核心部件,第三壳,1
核心部件,电极针,1
核心部件,主动脑电图传感器,1
核心部件,脉搏血氧测定仪,1
核心部件,诱发模块,1
核心部件,信号同步模块,1
核心部件,信息综合模块,1
核心部件,信息处理模块,1
核心部件,信息获取单元,1
核心部件,内容控制单元,1
核心部件,状态估计单元,1
核心部件,训练模块,1
核心部件,估计模块,1
核心部件,识别模块,1
核心部件,刺激展示装置,1
核心部件,脑电波检测装置,1
核心部件,音频设备,1
核心部件,视频设备,1
核心部件,视觉刺激显示装置,1
核心部件,模型加权模块,1
核心部件,显示调制适配模块,1
核心部件,图像帧获取模块,1
核心部件,对象识别模块,1
核心部件,用户界面生成模块,1
核心部件,脑电信号分析模块,1
核心部件,脑信号检测装置,1
核心部件,计算机装置,1
核心部件,噪声去除模块,1
核心部件,智能分类模块,1
核心部件,数据库-基于工具,1
核心部件,用于获取大脑信号的装置,1
核心部件,鼠标,1
核心部件,键盘,1
核心部件,操纵杆,1
核心部件,脑电波感测传感器,1
核心部件,脑电波数据生成部,1
核心部件,超声波发射部,1
核心部件,全息图像输出部,1
核心部件,分析部分,1
核心部件,用户特征提取部分,1
核心部件,调整部分,1
核心部件,脑电图接口部分,1
核心部件,用户效应器,1
核心部件,无线柔性头皮电子器件,1
核心部件,虚拟形象生成部,1
核心部件,命令确定部,1
核心部件,虚拟形象控制部,1
核心部件,协议生成部,1
核心部件,穿戴式多模态信号采集单元,1
核心部件,便携式脑电帽,1
核心部件,便携式眼动仪,1
核心部件,感测背心,1
核心部件,多模态信号手套,1
核心部件,pc控制模块,1
核心部件,边缘服务平台,1
核心部件,全要素数据模型资源池,1
核心部件,多领域建模分析中台,1
核心部件,多模态融合分析引擎,1
核心部件,非侵入性脑接口组件,1
核心部件,神经系统训练处理器,1
核心部件,脑反应判定单元,1
核心部件,干式脑电图(eeg)系统,1
核心部件,眼电图(eog)系统,1
核心部件,虚拟现实头戴式显示器,1
核心部件,连续小波变换模块,1
核心部件,vr渲染引擎,1
核心部件,干式eog电极,1
核心部件,移动应用程序,1
核心部件,虚拟现实环境系统,1
核心部件,数字认知测评模块,1
核心部件,共注意力融合模型,1
核心部件,用于显示训练任务和/或其执行情况的设备,1
核心部件,用于记录大脑活动的设备,1
核心部件,用于影响训练功能的嗅觉显示器,1
核心部件,用于识别和分离记录的大脑活动信号的计算机,1
核心部件,服务器装置,1
核心部件,fmri控制面板,1
核心部件,刺激显示器,1
核心部件,eeg采集器,1
核心部件,光电转换器,1
核心部件,eeg显示与存储装置,1
核心部件,fmri显示与存储装置,1
核心部件,fmri扫描仪,1
核心部件,扫描室,1
核心部件,带式电缆,1
核心部件,光纤线路,1
核心部件,附加电极装置,1
核心部件,心肺旁路泵,1
核心部件,血流和血液温度传感器,1
核心部件,视觉显示,1
核心部件,结合部,1
核心部件,位置调整部,1
核心部件,机器可读存储介质,1
核心部件,水平显示表面,1
核心部件,垂直显示表面,1
核心部件,立体偏振水平透视显示器,1
核心部件,偏振垂直显示器,1
核心部件,双耳或3d音频系统,1
核心部件,生物反馈装置,1
核心部件,t-goggle,1
核心部件,柔性聚合物基干式eeg电极,1
核心部件,泡沫基干式eog电极,1
核心部件,引线脱落检测功能,1
核心部件,d/a转换器,1
核心部件,脑信号测定装置,1
核心部件,信息处理器,1
核心部件,脑活性的重建部分,1
核心部件,脑活性的模型验证部,1
核心部件,人类接口系统,1
核心部件,状态评估服务器系统,1
核心部件,通信链路,1
核心部件,化身控制单元,1
核心部件,逐行模式显示器,1
核心部件,视频ram,1
核心部件,脑反应确定单元,1
核心部件,至少一个模拟单元,1
核心部件,脑电图生物反馈装置,1
核心部件,校准电缆,1
核心部件,参考信号源,1
核心部件,皮电手环,1
核心部件,用于评估认知功能的工具,1
核心部件,脑电图(eeg)获取单元,1
核心部件,信号提取单元,1
核心部件,认知功能评估单元,1
核心部件,心率监测传感器,1
核心部件,心率变异性(hrv)传感器,1
核心部件,心电图(ekg)传感器,1
核心部件,光电体积描记术(ppg)传感器,1
核心部件,神经-信息学储存库系统,1
核心部件,数据采集装置,1
核心部件,数据净化装置,1
核心部件,内部感觉通道响应合成器,1
核心部件,跨感觉通道响应合成器,1
核心部件,数据清洁剂机构,1
核心部件,头箍,1
核心部件,固定板,1
核心部件,电极结构,1
核心部件,接触部,1
核心部件,轨道结构,1
核心部件,弹簧装配结构,1
核心部件,弹性帽,1
核心部件,可伸缩电极引脚,1
核心部件,公母扣,1
核心部件,内表皮构件,1
核心部件,外皮构件,1
核心部件,外皮调节装置,1
核心部件,远程控制单元,1
核心部件,弹性皮套,1
核心部件,钩部,1
核心部件,导电性树脂的基部,1
核心部件,辅助部件,1
核心部件,表面特征,1
核心部件,穿透器,1
核心部件,圆形织物头带,1
核心部件,导电织物传感材料,1
核心部件,头套,1
核心部件,脑电波测定部,1
核心部件,功能连接矩阵生成器,1
核心部件,图论分析器,1
核心部件,金属盘,1
核心部件,陶瓷层,1
核心部件,小盘印刷电路板,1
核心部件,中心电极,1
核心部件,外围电极,1
核心部件,有源干电极电路,1
核心部件,第一放大器,1
核心部件,第二放大器,1
核心部件,共模脑电图信号抑制滤波器电路,1
核心部件,超短电路,1
核心部件,唤醒装置,1
核心部件,柔性装置,1
核心部件,感应电极组,1
核心部件,薄金属膜,1
核心部件,本地计算机单元,1
核心部件,高级计算机,1
核心部件,计算密集型计算机,1
核心部件,通信信道,1
核心部件,振动反馈马达,1
核心部件,第一干电极,1
核心部件,第二干电极,1
核心部件,生理感测,1
核心部件,数据库工具,1
核心部件,心理测量仪器,1
核心部件,评分系统,1
核心部件,特征向量提取部3016,1
核心部件,特征向量预测部3014,1
核心部件,识别处理部3020,1
核心部件,通用图像数据库4000,1
核心部件,眼动追踪器设备,1
核心部件,云存储,1
核心部件,网络应用程序,1
核心部件,基于神经网络的生成器,1
核心部件,卷积人工神经网络,1
核心部件,脑电支路,1
核心部件,fnirs分支,1
核心部件,影音采集模块,1
核心部件,iot网络模块,1
核心部件,中央处理模块,1
核心部件,灯光控制模块,1
核心部件,识别模型,1
核心部件,脑电信号处理器,1
核心部件,lstm网络,1
核心部件,智能镜子设备,1
核心部件,基于bci的ar镜子信息提供服务器,1
核心部件,bci脑电图(eeg)传感器,1
核心部件,eeg单模态网络,1
核心部件,fnirs单模态网络,1
核心部件,eeg-fnirs多模态分类网络,1
核心部件,孪生神经网络,1
核心部件,加压探针,1
核心部件,电导电基座,1
核心部件,电导电凝胶,1
核心部件,关系数据基管理系统,1
核心部件,第一数据收集部,1
核心部件,第二数据收集部,1
核心部件,第一预处理执行部,1
核心部件,本体感觉数据提取部,1
核心部件,数据学习部,1
核心部件,加压探头,1
核心部件,导电基座,1
核心部件,脑电图识别数据获取模块,1
核心部件,脑电图特征提取模块,1
核心部件,图像特征提取模块,1
核心部件,相关性分析模块,1
核心部件,思维导图生成模块,1
核心部件,eeg倒谱计算单元,1
核心部件,注意力计算单元,1
核心部件,神经网络学习部,1
核心部件,eeg测量部,1
核心部件,eeg倒谱运算部,1
核心部件,集中力计算部,1
核心部件,eeg转换模块,1
核心部件,面部图像获取模块,1
核心部件,cnn网络模块,1
核心部件,lstm模块,1
核心部件,第一神经网络,1
核心部件,深度神经网络,1
核心部件,fmri解析模型,1
核心部件,openvibe脑信号转发装置,1
核心部件,unity范式客户端,1
核心部件,web移动智能终端,1
核心部件,eeg监视器,1
核心部件,nirs-eeg双模态脑功能检测装置,1
核心部件,移动智能终端,1
核心部件,输液装置,1
核心部件,注射器泵,1
核心部件,相互作用模型,1
核心部件,eeg仪器放大器,1
核心部件,模糊逻辑推理器,1
核心部件,svm模型,1
核心部件,densenet,1
核心部件,时空视角特征提取网络,1
核心部件,空间视角特征提取网络,1
核心部件,时频域视角特征提取网络,1
核心部件,任务导向的特征适配网络,1
核心部件,电极条,1
核心部件,前置放大器,1
核心部件,测量分析单元,1
核心部件,用于获取脑电波测量数据和功能磁共振成像测量数据的装置,1
核心部件,用于计算每个脑内网络的图像特征值的装置,1
核心部件,用于确定一个或多个模块的装置,1
核心部件,用于确定脑模块的装置,1
核心部件,用于计算每个特征量的脑的功能磁共振成像的装置,1
核心部件,用于评估相关性的装置,1
核心部件,脑网络活动估计系统,1
核心部件,特征估计模型,1
核心部件,用于获得脑电波测量数据和功能磁共振成像测量数据的装置,1
核心部件,用于计算每个脑网络的图像特征值的装置,1
核心部件,用于确定模块的装置,1
核心部件,脑电图(eeg)头戴设备,1
核心部件,手腕心率传感器,1
核心部件,配备识别算法的摄像头,1
核心部件,拍摄相机,1
核心部件,脉冲信号发生器,1
核心部件,全内反射荧光显微镜,1
核心部件,fhss接收器,1
核心部件,数字信号处理器(dsp),1
核心部件,rc汽车无线控制发射器,1
核心部件,介质,1
核心部件,获取脑电图活动数据的装置,1
核心部件,多模态bci交流系统,1
核心部件,双流特征提取模块,1
核心部件,运动传感器单元,1
核心部件,eeg传感器单元,1
核心部件,目标医疗设备,1
核心部件,脑网络分析单元,1
核心部件,跨模态响应合成器,1
核心部件,检测器电路,1
核心部件,注意力检测器处理器,1
核心部件,密集交互神经网络,1
核心部件,识别情绪神经网络,1
核心部件,电极主体,1
核心部件,eeg脑波数据联合信道,1
核心部件,录音模块,1
核心部件,运动定位和稳定性传感器,1
核心部件,皮肤电传导传感器,1
核心部件,dcca网络模块,1
核心部件,情感识别模块,1
核心部件,响应生成模块,1
核心部件,多模态评估系统,1
核心部件,至少一个通道的eeg脑波数据采集模块,1
核心部件,认知信息采集模块,1
核心部件,运动、位置和稳定性数据采集模块,1
核心部件,皮肤电传导采集模块,1
核心部件,温度采集模块,1
核心部件,脉搏血氧测定模块,1
核心部件,脑血液灌注模块,1
核心部件,血管运动反应性模块,1
核心部件,评价装置,1
核心部件,评价系统,1
核心部件,面部表情图像采集模块,1
核心部件,图像分析模块,1
核心部件,情绪类型判断模块,1
核心部件,多模态的评估系统,1
核心部件,至少一个通道eeg脑波数据,1
核心部件,多个生物传感器,1
核心部件,经线带,1
核心部件,纬线带,1
核心部件,头部固定带,1
核心部件,连接带,1
核心部件,下颌固定带,1
核心部件,导电件,1
核心部件,上固定件,1
核心部件,下固定件,1
核心部件,非导电垫圈,1
核心部件,导电垫片,1
核心部件,神经网络全连接层,1
核心部件,脑电图预处理单元,1
核心部件,面部表情分析模块,1
核心部件,面部检测子模块,1
核心部件,图像预处理单元,1
核心部件,集成数据融合模块,1
核心部件,自适应校准模块,1
核心部件,机器学习分类模块,1
核心部件,输出显示界面,1
核心部件,神经反应分析系统,1
核心部件,刺激响应映射数据库,1
核心部件,情绪分析软件系统,1
核心部件,基于非接触式的生理信号的情绪识别子系统,1
核心部件,刺激生成端,1
核心部件,信号采集端,1
核心部件,数据收发端,1
核心部件,主控端,1
核心部件,算法处理端,1
核心部件,结果展示端,1
核心部件,图神经网络(gnn)模块,1
核心部件,transformer模型模块,1
核心部件,多模态传感器融合模块,1
核心部件,自我进化人工智能模型,1
核心部件,自适应神经反馈机制,1
核心部件,神经网络分类器,1
核心部件,情绪障碍检测装置,1
核心部件,降维模型,1
核心部件,应用程序,1
核心部件,反馈回路,1
核心部件,心理生理信号处理系统,1
核心部件,计算机自适应系统,1
核心部件,观察者大脑,1
核心部件,多模态刺激装置,1
核心部件,反馈调整模块,1
核心部件,多模态特征提取模块,1
核心部件,跨模态注意力模块,1
核心部件,精神状态检测模块,1
核心部件,对应模块,1
核心部件,神经模块,1
核心部件,感测模块,1
核心部件,数据存储模块,1
核心部件,参数化超矩阵全连接层,1
核心部件,共享特征层,1
核心部件,多模态攻击网络,1
核心部件,第一元件,1
核心部件,第二元件,1
核心部件,可移动部分,1
核心部件,海绵,1
核心部件,快速释放机构,1
核心部件,断裂掉的环,1
核心部件,锁定槽,1
核心部件,脑刺激生成模块,1
核心部件,束带,1
核心部件,挡板,1
核心部件,弧形支杆,1
核心部件,采集头,1
核心部件,检测面的装置,1
核心部件,播放媒体内容的装置,1
核心部件,存储播放索引的装置,1
核心部件,产生用户接口的装置,1
核心部件,社交认知刺激呈现模块,1
核心部件,功能性近红外光谱成像采集模块,1
核心部件,数据输入,1
核心部件,辅助设备,1
核心部件,实时处理模块,1
核心部件,视觉反馈模块,1
核心部件,刺激信号产生器,1
核心部件,脑电信号探测器,1
核心部件,eeg脑电图数据通道,1
核心部件,认知信息结合,1
核心部件,脑波数据获取单元,1
核心部件,多个传输线,1
核心部件,多针连接器,1
核心部件,第一发射器,1
核心部件,脑提取部分6,1
核心部件,分割器7,1
核心部件,区域确定部,1
核心部件,相关电位计算部,1
核心部件,评价部,1
核心部件,数据结构优化模块,1
核心部件,多模态刺激模块,1
核心部件,脑电数据传输模块,1
核心部件,输入层,1
核心部件,内在可塑性脉冲神经网络,1
核心部件,智能音乐调控系统,1
核心部件,脑电图脑波数据通道,1
核心部件,运动、位置和稳定性传感器,1
核心部件,脉搏血氧传感器,1
核心部件,脑血流灌注传感器,1
核心部件,血管运动反应性传感器,1
核心部件,媒体播放软件,1
核心部件,反应性装置,1
核心部件,前端监测设备,1
核心部件,显示终端,1
核心部件,输入,1
核心部件,输出,1
核心部件,第二输出,1
核心部件,情绪识别模型,1
核心部件,诱发脑电采集模块,1
核心部件,压力特征提取模块,1
核心部件,压力状态音乐反馈模块,1
核心部件,可编程刺激器,1
核心部件,脑电采集和处理模块,1
核心部件,输入输出数据采集模块,1
核心部件,系统辨识模块,1
核心部件,伪随机序列信号发生器,1
核心部件,可编程刺激通道选择器,1
核心部件,放大滤波电路,1
核心部件,傅里叶变换处理模块,1
核心部件,磁共振成像模块,1
核心部件,低场磁场刺激模块,1
核心部件,经颅磁刺激模块,1
核心部件,多模导航模块,1
核心部件,脑电检测模块,1
核心部件,中央控制模块,1
核心部件,人工智能模块,1
核心部件,人机智能模块,1
核心部件,神经反馈状态机,1
核心部件,神经网络模型,1
核心部件,塔层模块,1
核心部件,头戴式显示设备,1
核心部件,姿势测量装置,1
核心部件,惯性测量传感器,1
核心部件,人机接口装置,1
核心部件,智能体共情响应模型,1
核心部件,多模态共情响应生成框架,1
核心部件,多智能体系统,1
核心部件,脑电图获取模块,1
核心部件,处理和分析模块,1
核心部件,32通道eeg采集设备,1
核心部件,eegsync预处理工具箱,1
核心部件,安全存储系统,1
核心部件,查询助手用户界面,1
核心部件,响应指定机器学习模型,1
核心部件,遮光板,1
核心部件,可伸展指状物,1
核心部件,扩散器部分,1
核心部件,编码器网络,1
核心部件,电子/计算设备,1
核心部件,预训练掩蔽自编码器,1
核心部件,预训练解码器,1
核心部件,脑电自回归编码器,1
核心部件,clip模型,1
核心部件,稳定扩散模型,1
核心部件,去噪u-net网络,1
核心部件,视觉指令库,1
核心部件,视觉语义编码器,1
核心部件,eeg编码器,1
核心部件,指令分类器,1
核心部件,第一提取单元,1
核心部件,第二提取单元,1
核心部件,计算单元,1
核心部件,被照射的护目镜,1
核心部件,生物信息测量装置,1
核心部件,蜂窝电话,1
核心部件,终端装置,1
核心部件,刺激产生装置,1
核心部件,脑电图(eeg)感测装置,1
核心部件,第一光源,1
核心部件,第二光源,1
核心部件,eeg控制器,1
核心部件,板件,1
核心部件,图像采集单元,1
核心部件,脑电图信号分类装置,1
核心部件,脑电图提取装置,1
核心部件,便携式相机,1
核心部件,红外光相机,1
核心部件,变分自编码器,1
核心部件,脑电编码器istanet,1
核心部件,脑电图头戴设备,1
核心部件,小电极组,1
核心部件,特征混合模块,1
核心部件,通道内特征提取器,1
核心部件,通道间特征提取器,1
核心部件,预测头,1
核心部件,面部肌电图传感器,1
核心部件,多个线圈,1
核心部件,可变磁场,1
核心部件,ar设备,1
核心部件,疲劳状态判断模块,1
核心部件,图像捕获单元,1
核心部件,安全测试单元,1
核心部件,安全确定单元,1
核心部件,左和右时间引线,1
核心部件,合成声音发生器,1
核心部件,eeg计算机链接,1
核心部件,运动识别单元,1
核心部件,eeg测量设备(1),1
核心部件,计算机(2),1
核心部件,注意力水平确定和通信界面(4),1
核心部件,vr单元,1
核心部件,eeg放大器,1
核心部件,混合式眼镜的脑-机接口模块,1
核心部件,物联网设备编号模块,1
核心部件,智能卡装置,1
核心部件,非磁性电极,1
核心部件,eeg机器,1
核心部件,mri机,1
核心部件,模态对齐器,1
核心部件,数据获取部分,1
核心部件,特征图确定部分,1
核心部件,位置确定部分,1
核心部件,数据计算部分,1
核心部件,eeg分析装置,1
核心部件,便携式电子装置(peds),1
核心部件,局部无线接口,1
核心部件,"低,成本高-性能电子设备平台",1
核心部件,5通道脑电图头戴设备,1
核心部件,nema软件,1
核心部件,神经网络模块,1
核心部件,脑电图测量设备,1
核心部件,模式分类器,1
核心部件,重力传感器,1
核心部件,陀螺仪传感器,1
核心部件,eeg的电极,1
核心部件,四个卷积模块,1
核心部件,帽子,1
核心部件,嵌入式控制器,1
核心部件,左驱动电机,1
核心部件,右驱动电机,1
核心部件,预设装置,1
核心部件,双头lstm模型,1
核心部件,接收部,1
核心部件,列表部分,1
核心部件,多级分类系统,1
核心部件,双电极平行板电容器,1
核心部件,偶极子,1
核心部件,无源偶极子,1
核心部件,紧凑型电池操作器件,1
核心部件,金属片,1
核心部件,弹性骨架底座,1
核心部件,弹性骨架,1
核心部件,柔性基体,1
核心部件,导电媒介,1
核心部件,动力机构,1
核心部件,可导电柔性干式电极本体,1
核心部件,电极底部,1
核心部件,阵列式结构探针,1
核心部件,全电磁屏蔽总线传输电极帽,1
核心部件,数据总线接口信号放大器,1
核心部件,全电磁屏蔽短矩阵自导引自展开头皮微电极阵列模块,1
核心部件,eeg信号获取模块,1
核心部件,神经生理信号处理模块,1
核心部件,前置放大模块,1
核心部件,pcb板,1
核心部件,弹簧针,1
核心部件,针管,1
核心部件,针头,1
核心部件,公扣,1
核心部件,硅胶帽,1
核心部件,头部装置,1
核心部件,帽主体,1
核心部件,构成块,1
核心部件,第一单元,1
核心部件,第二单元,1
核心部件,颅外电极,1
核心部件,驱动系统,1
核心部件,固定夹具,1
核心部件,脑电图干电极,1
核心部件,金属电极微针,1
核心部件,电路层,1
核心部件,第二金属种子层,1
核心部件,第二聚酰亚胺层,1
核心部件,惰性金属层,1
核心部件,第一聚酰亚胺层,1
核心部件,外接接口,1
核心部件,输出发生器,1
核心部件,脑电图(eeg)采集系统,1
核心部件,显示模块,1
核心部件,脑电波检测单元,1
核心部件,模数转换单元,1
核心部件,编码单元,1
核心部件,计算机接口单元,1
核心部件,快速傅里叶变换单元,1
核心部件,脑电波频带活动分析单元,1
核心部件,经颅电刺激器,1
核心部件,疾病分类模块,1
核心部件,结果显示模块,1
核心部件,反馈组件,1
核心部件,评估组件,1
核心部件,通知组件,1
核心部件,nirs光谱传感器,1
核心部件,数据记录装置,1
核心部件,视觉信息获取单元,1
核心部件,脑信号获取单元,1
核心部件,感官刺激设备,1
核心部件,多通道采集模块,1
核心部件,内置加速度计,1
核心部件,可移动存储器,1
核心部件,压力传感器,1
核心部件,rf扫描模块,1
核心部件,超微头皮电极阵列模块,1
核心部件,超微头皮电极,1
核心部件,超微头皮电极头部,1
核心部件,超微头皮电极体部,1
核心部件,超微头皮电极尾部,1
核心部件,电极仓,1
核心部件,电极滑动孔,1
核心部件,eeg信号采集设备,1
核心部件,数据分析系统,1
核心部件,判断识别系统,1
核心部件,放大装置,1
核心部件,发送装置,1
核心部件,电脑监控子系统,1
核心部件,监测电极,1
核心部件,脑刺激子系统,1
核心部件,球头,1
核心部件,球头杆,1
核心部件,空间树状网络结构,1
核心部件,多通道脑电放大器,1
核心部件,脑电信号处理单元,1
核心部件,多通道脑电放大与处理单元,1
核心部件,eeg记录系统,1
核心部件,可旋转球体,1
核心部件,干电极薄膜,1
核心部件,地面电极,1
核心部件,显示组件,1
核心部件,干电极模块,1
核心部件,传感器集成模块,1
核心部件,控制组件,1
核心部件,测试刺激呈现模块,1
核心部件,面部图像捕获模块,1
核心部件,eeg信号捕获模块,1
核心部件,训练数据集创建模块,1
核心部件,刺激压缩设备,1
核心部件,神经信号模型,1
核心部件,深度传感器,1
核心部件,显示系统控制器,1
核心部件,刺激传递系统,1
核心部件,视觉传递系统,1
核心部件,音频系统,1
核心部件,嗅觉刺激系统,1
核心部件,触觉传递系统,1
核心部件,eeg传感器设备,1
核心部件,脑电检测装置,1
核心部件,生理感知传感器,1
核心部件,问卷系统,1
核心部件,比较模块,1
核心部件,传感系统,1
核心部件,反馈元件,1
核心部件,尺寸确定部分,1
核心部件,视频输出部分,1
核心部件,听觉刺激输出部分,1
核心部件,脑电图处理部分,1
核心部件,特征向量提取部,1
核心部件,特征向量预测部,1
核心部件,识别处理部,1
核心部件,程序,1
核心部件,用户输入采集设备,1
核心部件,脑电图头部传感器,1
核心部件,中央服务器,1
核心部件,数据收集模块,1
核心部件,基于计算机的设备,1
核心部件,域知识数据储存库,1
核心部件,对象模块,1
核心部件,训练器模块,1
核心部件,满意度/错误心理状态解码器,1
核心部件,自动数据标记模块,1
核心部件,效应器,1
核心部件,情感脑机接口组件,1
核心部件,闭环症状响应精神病学深部脑刺激系统,1
核心部件,自主神经刺激剂量递送系统,1
核心部件,响应监测器,1
核心部件,眼镜架,1
核心部件,至少一个第一光学单元,1
核心部件,至少一个第二光学单元,1
核心部件,至少一个加速计,1
核心部件,pbm光产生装置,1
核心部件,神经反馈模块,1
核心部件,功能磁共振成像(fmri)扫描仪,1
核心部件,训练好的脑电信号分布图部分,1
核心部件,改变感知体验模块,1
核心部件,大脑监测模块,1
核心部件,脑电检测评估装置,1
核心部件,脑电检测评估系统,1
核心部件,数据发送/接收单元,1
核心部件,pbm设备,1
核心部件,第一网络设备,1
核心部件,第二网络设备,1
核心部件,目标网络设备,1
核心部件,光生物调节设备,1
核心部件,刺激块,1
核心部件,人脸注意力检测模块,1
核心部件,脑电注意力检测模块,1
核心部件,眼动注意力检测模块,1
核心部件,神经网络计算模块,1
核心部件,近红外光谱采集模块,1
核心部件,中央控制系统,1
核心部件,电生理信号采集器,1
核心部件,双模态同步采集系统,1
核心部件,eeg系统,1
核心部件,第一清理框架,1
核心部件,第二清理框架,1
核心部件,脑电图主机,1
核心部件,导联线,1
核心部件,弹性头套,1
核心部件,标识穿线孔,1
核心部件,检查介质缸,1
核心部件,振动传感器,1
核心部件,过滤单元,1
核心部件,数字转换单元,1
核心部件,算术操作单元,1
核心部件,信号放大和滤波单元,1
核心部件,插槽,1
核心部件,自主电源,1
核心部件,电极引线开关,1
核心部件,软硬结合板,1
核心部件,目标终端,1
核心部件,第一反馈环路,1
核心部件,第二反馈环路,1
核心部件,衰减器,1
核心部件,任务信号提示装置,1
核心部件,eeg信号处理设备,1
核心部件,fnirs信号处理设备,1
核心部件,神经响应数据收集机制,1
核心部件,虚拟现实环境,1
核心部件,神经响应数据收集模块,1
核心部件,脑电图(eeg)装置,1
核心部件,皮肤电反应(gsr)装置,1
核心部件,心电图(ekg)装置,1
核心部件,眼电描记术(eog)装置,1
核心部件,眼跟踪装置,1
核心部件,面部情绪编码装置,1
核心部件,电极保护构件,1
核心部件,自主神经系统,1
核心部件,效应器系统,1
核心部件,神经成像装置,1
核心部件,脑电图(eeg),1
核心部件,电皮肤反应(gsr),1
核心部件,心电图(ekg),1
核心部件,electrooculography(eog),1
核心部件,眼睛跟踪,1
核心部件,面部情绪编码,1
核心部件,磁共振成像(mri)设备,1
核心部件,脑电(eeg)数据获取设备,1
核心部件,数字eeg设备,1
核心部件,便携式eeg头戴式耳机,1
核心部件,便携式eeg耳机,1
核心部件,感官刺激器,1
核心部件,生物电极,1
核心部件,超薄金属基材,1
核心部件,电极介质,1
核心部件,超细金属环,1
核心部件,接触点,1
核心部件,输入/输出适配器,1
核心部件,适配器输入端口,1
核心部件,eeg数据记录器,1
核心部件,音频重放设备,1
核心部件,边缘计算设备,1
核心部件,神经反馈自适应网络,1
核心部件,虚拟环境元素调整模块,1
核心部件,物理环境监测模块,1
核心部件,双向同步调整模块,1
核心部件,脑电共振动态调整模块,1
核心部件,软件程序,1
核心部件,神经接口装置,1
核心部件,图形用户界面(gui),1
核心部件,虚拟现实运算处理终端,1
核心部件,干电极保持器,1
核心部件,数据记录单元,1
核心部件,导电电缆,1
核心部件,自主电源元件,1
核心部件,记录数据放大器,1
核心部件,放大信号发射器,1
核心部件,指示单元,1
核心部件,生理传感和放大装置,1
核心部件,多媒体终端,1
核心部件,特征提取模型知识库,1
核心部件,测评模型知识库,1
核心部件,神经反馈训练范式知识库,1
核心部件,心率传感器,1
核心部件,hrv传感器,1
核心部件,ekg传感器,1
核心部件,ppg传感器,1
核心部件,头戴式设备,1
核心部件,光电传感器(光电二极管),1
核心部件,用户识别单元,1
核心部件,脑波识别单元,1
核心部件,产品顾问,1
核心部件,eeg采集单元,1
核心部件,目的地vcr,1
核心部件,目的地音视频记录设备,1
核心部件,目的地监视器,1
核心部件,源音视频设备,1
核心部件,警告警报装置,1
核心部件,基于计算机的处理系统,1
核心部件,可穿戴eeg耳机,1
核心部件,3d眼镜,1
核心部件,vr视频显示装置,1
核心部件,病人控制装置,1
核心部件,脑电测量和刺激控制系统,1
核心部件,底部,1
核心部件,连接构件,1
核心部件,环形壁,1
核心部件,倒钩构件,1
核心部件,刺激发生器单元,1
核心部件,传感器组件,1
核心部件,有源eeg电极,1
核心部件,换能器,1
核心部件,eeg换能器,1
核心部件,硬件设备,1
核心部件,记录eeg生物电位的单元,1
核心部件,带通滤波器,1
核心部件,积分器,1
核心部件,检测器,1
核心部件,采样-存储装置,1
核心部件,反相器,1
核心部件,三稳态比较器,1
核心部件,时钟加法器,1
核心部件,深度相机,1
核心部件,3-d显示设备,1
核心部件,可穿戴装置,1
核心部件,第一线性致动器,1
核心部件,第二线性致动器,1
核心部件,改变的感知体验模块,1
核心部件,脑监视模块,1
核心部件,个体化虚拟训练场景生成模块,1
核心部件,用户认知状态评估模块,1
核心部件,认知强化干预指令集生成模块,1
核心部件,个体化认知训练报告输出模块,1
核心部件,监测用户注意力的设备,1
核心部件,信号电极,1
核心部件,云平台,1
核心部件,输入设备,1
核心部件,弹性头带,1
核心部件,对接站,1
核心部件,导电线程,1
核心部件,头戴式头环,1
核心部件,可伸缩性弹性塑料体,1
核心部件,eeg信号获取单元,1
核心部件,无线发送模块,1
核心部件,eeg信号采集电极,1
核心部件,外部可渗透膜,1
核心部件,可穿戴主体,1
核心部件,自含式脑电图(eeg)记录贴片,1
核心部件,脑成像设备,1
核心部件,聚合物柔性主体,1
核心部件,节流孔,1
核心部件,导电膜涂层,1
核心部件,支撑元件,1
核心部件,机载调节和控制电子设备,1
核心部件,智能手机,1
核心部件,耳-周围电极,1
核心部件,头皮-周围电极,1
核心部件,极限学习机(elm)模型,1
核心部件,tacs源,1
核心部件,自适应模型,1
核心部件,自回归模型,1
核心部件,光生物调节(pbm)设备,1
核心部件,pbm装置,1
核心部件,主电路,1
核心部件,远程电路,1
核心部件,eeg传感器部,1
核心部件,eeg信号分析仪,1
核心部件,脑电刺激的控制装置,1
核心部件,脑电响应检测装置,1
核心部件,头戴式支架,1
核心部件,多个发光元件,1
核心部件,eeg皮肤电极,1
核心部件,合成仪,1
核心部件,光电二极管,1
核心部件,eeg记录器,1
核心部件,辅助记录器,1
核心部件,视频记录器,1
核心部件,电子数据处理器,1
核心部件,电子处理器,1
核心部件,crt屏幕,1
核心部件,智能眼镜,1
核心部件,指令控制模块,1
核心部件,无线电或蜂窝电话,1
核心部件,本地接收器,1
核心部件,监测预警设备,1
核心部件,交互控制单元,1
核心部件,三维视觉刺激界面的显示平台,1
核心部件,脑电信号采集与在线处理平台,1
核心部件,虚拟现实划船训练系统,1
核心部件,虚拟现实登山训练系统,1
核心部件,虚拟现实骑行训练系统,1
核心部件,转换器,1
核心部件,音效系统,1
核心部件,治疗平台,1
核心部件,多通道生理监测设备,1
核心部件,多模态传感采集模块,1
核心部件,虚拟现实环境生成模块,1
核心部件,认知神经反馈模块,1
核心部件,实时反馈模块,1
核心部件,深度学习分析模块,1
核心部件,个性化训练计划生成模块,1
核心部件,数据存储与管理模块,1
核心部件,远程医疗平台,1
核心部件,虚拟助手与教练模块,1
核心部件,心率监测器,1
核心部件,罩盖,1
核心部件,突出传感器,1
核心部件,传感器孔,1
核心部件,显示画面调整模块,1
核心部件,评估模型,1
核心部件,专家系统,1
核心部件,口语培训模块,1
核心部件,汉字培训模块,1
核心部件,头盔式3d眼镜,1
核心部件,3d显示器,1
核心部件,虚拟电子笔,1
核心部件,脑波感应器,1
核心部件,触摸屏,1
核心部件,时间域特征提取单元,1
核心部件,空间域特征提取单元,1
核心部件,随机失活层,1
核心部件,拼接卷积分类器,1
核心部件,头盔眼罩,1
核心部件,箍带,1
核心部件,脑电波控制装置,1
核心部件,移动通讯装置,1
核心部件,虚拟现实装置,1
核心部件,第一壳体,1
核心部件,脑电波控制器,1
核心部件,无线通讯装置,1
核心部件,手机通讯电路板,1
核心部件,第二壳体,1
核心部件,图像信息识别模块,1
核心部件,图像编码模块,1
核心部件,液晶显示模块,1
核心部件,意念控制器,1
核心部件,vr虚拟游戏软件接口,1
核心部件,大脑意念控制软件接口,1
核心部件,虚拟形象生成单元,1
核心部件,bci,1
核心部件,eeg,1
核心部件,vr,1
核心部件,虚拟现实场景构建模块,1
核心部件,特征重构模块,1
核心部件,多模态情绪识别模型,1
核心部件,生物信号测量仪,1
核心部件,传感器指令确定单元,1
核心部件,化身控制器,1
核心部件,脑电信号采集和处理系统,1
核心部件,虚拟现实多模态反馈训练系统,1
核心部件,视觉动线采集模块,1
核心部件,三维显示空间分割模块,1
核心部件,语音控制指令处理模块,1
核心部件,全息显示空间坐标构建模块,1
核心部件,离子导电自粘水凝胶,1
核心部件,有机溶剂,1
核心部件,生物电传感预凝胶,1
核心部件,生物电信号采集模块,1
核心部件,脑波信号采集处理模块,1
核心部件,虚拟现实交互反馈模块,1
核心部件,脑电耳机,1
核心部件,pc端,1
核心部件,用户客户端,1
核心部件,虚拟现实超市,1
核心部件,自主购物脑机接口,1
核心部件,干电极脑电采集模块,1
核心部件,空间限定体(100),1
核心部件,vr绕组体验的识别标识(200),1
核心部件,摄像单元(300),1
核心部件,消费体验号[e[e]羊毛vr模块(400),1
核心部件,多方向显示模块(500),1
核心部件,混合式眼镜的脑-机接口模块(600),1
核心部件,地电极,1
核心部件,数据采集电极,1
核心部件,注入导管,1
核心部件,屈光度调节装置,1
核心部件,瞳距调节装置,1
核心部件,指令编码设备,1
核心部件,控制指令输出设备,1
核心部件,虚拟现实交互装置,1
核心部件,无线脑电采集模块,1
核心部件,信息采集模块,1
核心部件,智能手环,1
核心部件,脑电波设备,1
核心部件,虚拟现实游戏系统,1
核心部件,边缘设备,1
核心部件,游戏模块,1
核心部件,脑电信号特征提取与分类模块,1
核心部件,头盔壳体,1
核心部件,脑电极帽内衬,1
核心部件,蓝牙装置,1
核心部件,wifi模块,1
核心部件,vr眼镜,1
核心部件,调控原件,1
核心部件,脑电数据采集点,1
核心部件,虚拟现实情境任务模拟系统,1
核心部件,hmd设备,1
核心部件,管理单元,1
核心部件,情境检测模块,1
核心部件,关联脑波分析模块,1
核心部件,相关刺激施加模块,1
核心部件,用户识别部,1
核心部件,脑电波识别部,1
核心部件,光学模块,1
核心部件,肌电图传感器,1
核心部件,属性提取单元,1
核心部件,疲劳预测单元,1
核心部件,屏幕调整单元,1
核心部件,信息提供单元,1
核心部件,unity3d软件,1
核心部件,刺激材料呈现机构,1
核心部件,数据cleanser机构,1
核心部件,支撑外壳,1
核心部件,便携式注意力检测模块,1
核心部件,数据清洁器,1
核心部件,反应合成器,1
核心部件,多个点电极,1
核心部件,左侧头皮电极,1
核心部件,右侧头皮电极,1
核心部件,前电极,1
核心部件,后电极,1
核心部件,面部情绪编码设备,1
核心部件,磁共振成像mri设备,1
核心部件,脑电图eeg数据采集设备,1
核心部件,机器学习特征提取模型,1
核心部件,入耳式传感器,1
核心部件,输出换能器,1
核心部件,针式干电极结构,1
核心部件,可拆卸干电极,1
核心部件,电极母体,1
核心部件,无线数据传输器,1
核心部件,入耳式耳机设备,1
核心部件,外部控制设备,1
核心部件,多电极eeg系统,1
核心部件,cnn,1
核心部件,长短期记忆网络,1
核心部件,可穿戴生物信号传感设备,1
核心部件,移动设备,1
核心部件,多个相机,1
核心部件,数据获取单元,1
核心部件,pliant电极,1
核心部件,刚性结构,1
核心部件,eeg分析工作站,1
核心部件,呈现装置,1
核心部件,dsp处理单元,1
核心部件,音频驱动单元,1
核心部件,透明显示单元,1
核心部件,眼球变化感测装置,1
核心部件,位置检测传感器,1
核心部件,数据存储单元,1
核心部件,声音信号传送装置,1
核心部件,脑波检测传感器,1
核心部件,远程控制器,1
核心部件,神经计算机接口(nci)设备,1
核心部件,计算模型,1
核心部件,眼动记录装置,1
核心部件,感觉刺激器,1
核心部件,硬件处理器,1
核心部件,耳机本体,1
核心部件,音乐终端,1
核心部件,第一信息提取模块,1
核心部件,第二信息提取模块,1
核心部件,事件执行模块,1
核心部件,生理感测器,1
核心部件,用户友好界面,1
核心部件,虚拟封闭孤立环境构建模块,1
核心部件,多人协作任务控制模块,1
核心部件,脑间同步性实时检测模块,1
核心部件,多模态数据同步采集模块,1
核心部件,神经反馈控制模块,1
核心部件,呈现系统,1
核心部件,led阵列(16),1
核心部件,照明护目镜,1
核心部件,屏幕(4),1
核心部件,旋转平台,1
核心部件,耦合孔,1
核心部件,直流伺服电机,1
核心部件,销钉,1
核心部件,缓冲区,1
核心部件,vr交互模块,1
核心部件,数据同步模块,1
核心部件,数据处理与控制模块,1
核心部件,飞机模拟器,1
核心部件,行为传感器,1
核心部件,神经脑传感器,1
核心部件,转录模型,1
核心部件,数据同步系统,1
核心部件,视频刺激材料,1
核心部件,面部视频采集装置,1
核心部件,生理数据采集装置,1
核心部件,标注模块,1
核心部件,固定部件,1
核心部件,光极底座,1
核心部件,光极,1
核心部件,电信号处理设备,1
核心部件,脑电信号接收端,1
核心部件,光信号处理设备,1
核心部件,近红外信号接收端,1
核心部件,编码视觉目标,1
核心部件,决策门控机制,1
核心部件,运动想象处理阶段,1
核心部件,紧凑解决方案,1
核心部件,下位机,1
核心部件,个性化音乐推荐器,1
核心部件,聚合感知增强卷积transformer网络,1
核心部件,位置感知增强模块,1
核心部件,转换单元,1
核心部件,对准单元,1
核心部件,同步单元,1
核心部件,呈现语音确定部,1
核心部件,烦恼判断部,1
核心部件,可控矩阵,1
核心部件,便携式仪器,1
核心部件,脑电图测量部,1
核心部件,中央刺激呈现部,1
核心部件,周边刺激呈现部,1
核心部件,阈值设定部,1
核心部件,注意力程度确定部,1
核心部件,正分量确定部分,1
核心部件,正成分确定部分,1
核心部件,音频输出部分,1
核心部件,特征分量检测部分,1
核心部件,语音清晰度评估部分,1
核心部件,多粒度信息提取网络,1
核心部件,启动单元,1
核心部件,生物统计信号测量单元,1
核心部件,语音测定单元,1
核心部件,语音声音数据库,1
核心部件,阳性组分评估单元,1
核心部件,负成分评估单元,1
核心部件,呈现播放器,1
核心部件,呈现语音控制部,1
核心部件,阳性成分判定部,1
核心部件,阴性成分判定部,1
核心部件,语音清晰度评价部,1
核心部件,音频呈现部分,1
核心部件,字符呈现部分,1
核心部件,意外检测部分,1
核心部件,语音可辨别性确定部分,1
核心部件,生物信号检测单元,1
核心部件,操作显示部,1
核心部件,操作消除部,1
核心部件,电器控制部分,1
核心部件,句子建议单元,1
核心部件,呈现单元,1
核心部件,所需单词识别信号分析单元,1
核心部件,信号确定单元,1
核心部件,期望单词确定单元,1
核心部件,呈现语音确定部分,1
核心部件,烦恼度判断部分,1
核心部件,无创大脑界面系统,1
核心部件,神经信号采集模块,1
核心部件,预处理和特征提取单元,1
核心部件,ai编排模块,1
核心部件,质量代理,1
核心部件,意图解码代理,1
核心部件,适应代理,1
核心部件,安全执行代理,1
核心部件,解释代理,1
核心部件,声道分离电路部分,1
核心部件,播放控制器,1
核心部件,输出端,1
核心部件,fpga硬件ic,1
核心部件,集成传感器,1
核心部件,脉动阵列处理单元,1
核心部件,spartan-6 fpga,1
核心部件,数据采集系统,1
核心部件,多模态融合深度学习模型,1
核心部件,模态特定特征提取层,1
核心部件,时序特征提取层,1
核心部件,注意力机制层,1
核心部件,特征融合层,1
核心部件,预测层,1
核心部件,车辆舒适性控制系统,1
核心部件,三通道eeg传感器电极,1
核心部件,三轴加速度计,1
核心部件,眼电辅助电极,1
核心部件,信号调理与采集电路模块,1
核心部件,本地处理单元,1
核心部件,电源管理模块,1
核心部件,测量部,1
核心部件,便携式神经-脑电同步治疗(nest)系统,1
核心部件,电生理学数据库,1
核心部件,定制的tms治疗系统,1
核心部件,多参数同步器,1
核心部件,树莓派3b+,1
核心部件,气动手,1
核心部件,第一级电路,1
核心部件,脑电图(eeg)机构,1
核心部件,电皮肤反应(gsr)机构,1
核心部件,心电图(ekg)机构,1
核心部件,眼电图(eog)机构,1
核心部件,眼睛跟踪机构,1
核心部件,面部情绪编码机构,1
核心部件,多模态感知模块,1
核心部件,智能处理与仿真模块,1
核心部件,决策与反馈模块,1
核心部件,支腿,1
核心部件,拨发爪,1
核心部件,可升降的电极连杆,1
核心部件,可升降电极连杆锁扣,1
核心部件,拨发爪撑脚,1
核心部件,可伸缩弹性支架,1
核心部件,可充气的橡皮管,1
核心部件,电极罩,1
核心部件,伸缩块,1
核心部件,脑机接口测量模块,1
核心部件,突起部,1
核心部件,涂层部分,1
核心部件,凸部端面,1
核心部件,包覆部,1
核心部件,导电聚硅氧烷,1
核心部件,ag,1
核心部件,agcl,1
核心部件,主动脑电波传感器,1
核心部件,陀螺仪,1
核心部件,脉搏血氧仪传感器,1
核心部件,保持板,1
核心部件,电极-eeg传感器,1
核心部件,金属套筒,1
核心部件,压缩弹簧,1
核心部件,柔性电子器件,1
核心部件,无线柔性头皮电子系统,1
核心部件,eeg测量设备,1
核心部件,听觉测试设备,1
核心部件,脑电图传感装置,1
核心部件,用户画像索引表,1
核心部件,脑电数据库,1
核心部件,量表接口文件,1
核心部件,情绪状态评价窗口,1
核心部件,测试文档,1
核心部件,神经回路动态模型,1
核心部件,刺激呈现单元,1
核心部件,神经反馈系统,1
核心部件,外膜,1
核心部件,弹性材料条,1
核心部件,带子,1
核心部件,媒体播放设备,1
核心部件,确定设备,1
核心部件,动作装置,1
核心部件,辅助外骨骼,1
核心部件,带线电极臂,1
核心部件,支撑电极的板和面板,1
核心部件,系统处理信道,1
核心部件,运动信道,1
核心部件,生理信道,1
核心部件,神经信道,1
核心部件,刺激生成单元,1
核心部件,刺激序列确定单元,1
核心部件,多模态中医大语言模型,1
核心部件,经颅刺激放电模块,1
核心部件,计算机程序产品,1
核心部件,人员信息管理模块,1
核心部件,权限管理模块,1
核心部件,脑电实验数据管理模块,1
核心部件,脑电数据可视化模块,1
核心部件,脑电图/脉搏波/血压测量单元,1
核心部件,数据库单元,1
核心部件,大脑/身体健康分析单元,1
核心部件,动作控制网络,1
核心部件,可穿戴传感器阵列,1
核心部件,动态应用界面,1
核心部件,设备控制输出,1
核心部件,可视化系统,1
核心部件,数据模型,1
核心部件,收集系统,1
核心部件,认知状态评估模块,1
核心部件,知识推荐模块,1
核心部件,学习交互模块,1
核心部件,脑接口,1
核心部件,头戴设备,1
核心部件,输入/输出,1
核心部件,用户交互界面模块,1
核心部件,数据处理分析模块,1
核心部件,大模型端,1
核心部件,设备控制模块,1
核心部件,脑电图信号分析通道,1
核心部件,语音信号分析通道,1
核心部件,受控机器人设备,1
核心部件,信号输入部分,1
核心部件,频带滤波部分,1
核心部件,特征向量提取部分,1
核心部件,量化部分,1
核心部件,查询生成部分,1
核心部件,查询搜索部分,1
核心部件,排名设置部分,1
核心部件,信号搜索部分,1
核心部件,神经分析模块,1
核心部件,报告生成模块,1
核心部件,用户界面模块,1
核心部件,干预建议模块,1
核心部件,数据加密模块,1
核心部件,用户同意模块,1
核心部件,情绪状态评估模块,1
核心部件,反馈生成模块,1
核心部件,用户档案模块,1
核心部件,治疗干预模块,1
核心部件,eeg输入设备,1
核心部件,功能神经成像系统,1
核心部件,服务器端模块,1
核心部件,web可视化分析模块,1
核心部件,多任务学习模块,1
核心部件,分离矩阵,1
核心部件,图像处理单元,1
核心部件,复合视频分析单元,1
核心部件,机器学习算法,1
核心部件,年龄兼容性数据db,1
核心部件,ai眼镜,1
核心部件,业务管理模块,1
核心部件,数据管理模块,1
核心部件,脑机接口穿戴设备,1
核心部件,脑机接口多模块一体化管理平台,1
核心部件,康复进度评估模块,1
核心部件,电位时间计算单元,1
核心部件,智能信号增强单元,1
核心部件,自适应伪迹消除(aac)模块,1
核心部件,emotive epoc头戴设备,1
核心部件,多模态生理-脑功能信号同步采集模块,1
核心部件,多模态信号处理与状态指标计算模块,1
核心部件,vr类自然社会环境沉浸式构建模块,1
核心部件,多感官环境联动调控模块,1
核心部件,闭环神经反馈调控模块,1
核心部件,数据管理与个性化方案生成模块,1
核心部件,舱体环境控制模块,1
核心部件,系统集成与控制模块,1
核心部件,频谱生成单元,1
核心部件,方差分析单元,1
核心部件,eeg读数查找装置,1
核心部件,eeg测量和刺激系统,1
核心部件,可佩戴pc耳机,1
核心部件,大脑三维模型,1
核心部件,电极控制单元,1
核心部件,eeg分析单元,1
核心部件,域控制单元,1
核心部件,ai宠物,1
核心部件,情绪日记记录模块,1
核心部件,vr训练平台,1
核心部件,脑电采集与处理模块,1
核心部件,脑电波分析与反馈模块,1
核心部件,个性化训练内容生成模块,1
核心部件,柔性印刷电路板,1
核心部件,数字信号处理单元,1
核心部件,机器学习处理器,1
核心部件,蓝牙/wi-fi模块,1
核心部件,电池单元,1
核心部件,触觉反馈单元,1
核心部件,脑电图仪(eeg),1
核心部件,虚拟现实眼镜(vr),1
核心部件,多通道模拟-到-数字转换器,1
核心部件,微机,1
核心部件,多通道生物电脑活性信号放大器,1
核心部件,电流和电位电极单元,1
核心部件,多通道rheosignals放大器,1
核心部件,电流rheosignals发生器,1
核心部件,同步rheosignals检测器,1
核心部件,铅开关,1
核心部件,demultiplexerrheosignals,1
核心部件,迷走神经电刺激模块,1
核心部件,粉红噪声刺激模块,1
核心部件,视觉刺激装置,1
核心部件,脑电图产生装置,1
核心部件,行为数据收集装置,1
核心部件,磁共振成像扫描机,1
核心部件,多模态数据采集模块,1
核心部件,云边联邦学习模块,1
核心部件,脑机接口神经功能评估模块,1
核心部件,数字孪生康复规划模块,1
核心部件,数据安全与合规模块,1
核心部件,系统集成与接口模块,1
核心部件,临床验证与迭代模块,1
核心部件,用户交互与可视化模块,1
核心部件,柔性生物电传感,1
核心部件,嵌入式系统,1
核心部件,磁悬浮显示技术,1
核心部件,递归神经网络模块,1
核心部件,深度学习模型模块,1
核心部件,强化学习模块,1
核心部件,估计器,1
核心部件,脑电波检测器/分析器,1
核心部件,脑电波活动监测器,1
核心部件,瞳孔反应监测器,1
核心部件,眼动监测器,1
核心部件,血管反应成像器,1
核心部件,提示处理模块,1
核心部件,媒体设备,1
核心部件,存储设备,1
核心部件,可穿戴接口,1
核心部件,vr-护目镜,1
核心部件,智能设备上的用户应用程序,1
核心部件,可穿戴生物信号感测装置,1
核心部件,功能磁共振成像处理单元,1
核心部件,功能和代谢的磁共振成像处理单元,1
核心部件,环境变化确定部分,1
核心部件,事件相关电位检测部分,1
核心部件,计算部分,1
核心部件,一个或多个电极,1
核心部件,人机接口(hmi),1
核心部件,内容放置管理器,1
核心部件,脑电图监测装置,1
核心部件,eeg监测装置,1
核心部件,消息的选择装置,1
核心部件,eeg监测设备,1
核心部件,测量eeg信号的装置,1
核心部件,决定装置,1
核心部件,声学换能器,1
核心部件,神经反馈训练系统,1
核心部件,计算机游戏或娱乐训练活动模块,1
核心部件,单通道eeg测量设备,1
核心部件,胰岛素输送设备,1
核心部件,eeg监测器,1
核心部件,eeg感测单元,1
核心部件,eeg信号处理器,1
核心部件,无线通信链路,1
核心部件,脑波数据库,1
核心部件,远程云系统,1
核心部件,模式识别单元,1
核心部件,阈值定义单元,1
核心部件,比较单元,1
核心部件,平均单元,1
核心部件,定位单元,1
核心部件,检测定位模块,1
核心部件,位置调整模块,1
核心部件,电极移动装置,1
核心部件,中控模块,1
核心部件,eeg信号通道,1
核心部件,支持向量机,1
核心部件,开关单元,1
核心部件,eeg通道选择系统,1
核心部件,第一模块(用于参数化和预处理eeg信号),1
核心部件,第二模块(用于识别心理活动),1
核心部件,执行构件,1
核心部件,第二参数化和预处理模块,1
核心部件,乘法器,1
核心部件,抽取单元,1
核心部件,分段单元,1
核心部件,自相关分析单元,1
核心部件,用于识别用户的第二模块,1
核心部件,马氏距离计算单元,1
核心部件,最小距离确定单元,1
核心部件,时间过滤单元,1
核心部件,用户变化检测单元,1
核心部件,知识库切换开关,1
核心部件,眼动模型,1
核心部件,循环层,1
核心部件,神经元层,1
核心部件,eeg电极阵列,1
核心部件,仪表放大器,1
核心部件,高通带通滤波器,1
核心部件,固定频带电荷-时间转换器,1
核心部件,可变频带电荷-时间转换器,1
核心部件,单通道eeg信号采集系统,1
核心部件,蓝牙模块,1
核心部件,无线通信接口,1
核心部件,超声波传感器,1
核心部件,第一模块(eeg信号参数化和预处理),1
核心部件,第一模块(心理活动模式识别),1
核心部件,第二模块(eeg信号参数化和预处理),1
核心部件,复数指数信号调制器,1
核心部件,抽取块,1
核心部件,分段块,1
核心部件,自相关分析块,1
核心部件,第二用户识别模块,1
核心部件,马氏距离计算块,1
核心部件,最小距离确定块,1
核心部件,时间滤波块,1
核心部件,用户变化检测块,1
核心部件,知识库切换器,1
核心部件,时间失真手段,1
核心部件,耦合手段,1
核心部件,输入引线对,1
核心部件,眼睛运动模型,1
核心部件,累积总和计算单元,1
核心部件,时间失真装置,1
核心部件,耦合装置,1
核心部件,累积计算单元,1
核心部件,分类判断部,1
核心部件,识别方法调节部,1
核心部件,脑电图接口部,1
核心部件,分类器模型,1
核心部件,zynq soc,1
核心部件,数据服务器,1
核心部件,rtfmri传感器,1
核心部件,cngru层,1
核心部件,最大池化层,1
核心部件,第一模块(2),1
核心部件,第一模块(3),1
核心部件,知识库(5),1
核心部件,作用构件(4),1
核心部件,第二参数化和预处理模块(6),1
核心部件,乘法器(11),1
核心部件,提取部(12),1
核心部件,分割单元(13),1
核心部件,漏样电路,1
核心部件,自相关性分析单元(14),1
核心部件,第二模块(7),1
核心部件,计算单元(16),1
核心部件,组(9)的知识库,1
核心部件,单元(17)确定最小距离,1
核心部件,知识库选择模块(8),1
核心部件,过滤单元(18),1
核心部件,检测部(19),1
核心部件,知识库切换开关(20),1
核心部件,多通道脑电采集设备,1
核心部件,导电凝胶供应源,1
核心部件,细长支撑件,1
核心部件,传感器帽,1
核心部件,肌电图(emg)设备,1
核心部件,心电图(ecg)设备,1
核心部件,预设滤波器,1
核心部件,transformer模块,1
核心部件,第一控制单元(t),1
核心部件,致动器(a1),1
核心部件,加压筒(k1),1
核心部件,电极(e1至e4),1
核心部件,时频分析单元,1
核心部件,自适应滤波单元,1
核心部件,肌电测量仪(emg),1
核心部件,心电图机(ecg),1
核心部件,脑电图系统(eeg),1
核心部件,脑电记录分析系统,1
核心部件,选源处理单元,1
核心部件,时间卷积模块,1
核心部件,空间卷积模块,1
核心部件,专用脑电图(eeg)系统,1
核心部件,移动条形图纸记录,1
核心部件,示波器crt屏幕,1
核心部件,声源选择处理单元,1
核心部件,eeg信号记录装置,1
核心部件,解算器,1
核心部件,eeg处理单元,1
核心部件,半刚性框架,1
核心部件,压敏电极,1
核心部件,膝上型计算机系统,1
核心部件,rnn层,1
核心部件,完全连接层,1
核心部件,softmax层,1
